Running kernel_metric module...
Collecting kernel metrics...
PyTorch CUDA version: 12.1 matches with CUDA version required in environment config.
Configuration Values:
cuda version check: 12.1
world_size: 1
cap_size: 2
epochs: 3
batchsize: 16
debug: Starting mp.spawn...
debug: Rank 0: Running training process
debug: Rank 0: Preparing model and data
debug: Rank 0: Setting up process group
==PROF== Connected to process 465 (/opt/conda/envs/echo_slowdown/bin/python3.10)
debug: Rank 0: Process group setup complete
debug: Rank 0: Starting training for 3 epochs
debug: Rank 0: Actual epoch 1/3 starting
Rank 0, Epoch [1/3], Finished epoch.
debug: Rank 0: Actual epoch 2/3 starting
Rank 0, Epoch [2/3], Finished epoch.
debug: Rank 0: Actual epoch 3/3 starting
debug: Rank 0: Starting backward pass profiling
==PROF== Profiling "layer_norm_grad_input_kernel" - 0: Application replay pass 1
==PROF== Profiling "GammaBetaBackwardCUDAKernel_3..." - 1: Application replay pass 1
==PROF== Profiling "vectorized_elementwise_kernel" - 2: Application replay pass 1
==PROF== Profiling "vectorized_elementwise_kernel" - 3: Application replay pass 1
==PROF== Profiling "vectorized_elementwise_kernel" - 4: Application replay pass 1
==PROF== Profiling "sm80_xmma_gemm_f32f32_f32f32_..." - 5: Application replay pass 1
==PROF== Profiling "Kernel" - 6: Application replay pass 1
==PROF== Profiling "reduce_kernel" - 7: Application replay pass 1
==PROF== Profiling "vectorized_elementwise_kernel" - 8: Application replay pass 1
==PROF== Profiling "vectorized_elementwise_kernel" - 9: Application replay pass 1
==PROF== Profiling "vectorized_elementwise_kernel" - 10: Application replay pass 1
==PROF== Profiling "vectorized_elementwise_kernel" - 11: Application replay pass 1
==PROF== Profiling "vectorized_elementwise_kernel" - 12: Application replay pass 1
==PROF== Profiling "vectorized_elementwise_kernel" - 13: Application replay pass 1
==PROF== Profiling "vectorized_elementwise_kernel" - 14: Application replay pass 1
==PROF== Profiling "vectorized_elementwise_kernel" - 15: Application replay pass 1
==PROF== Profiling "vectorized_elementwise_kernel" - 16: Application replay pass 1
==PROF== Profiling "vectorized_elementwise_kernel" - 17: Application replay pass 1
==PROF== Profiling "vectorized_elementwise_kernel" - 18: Application replay pass 1
==PROF== Profiling "vectorized_elementwise_kernel" - 19: Application replay pass 1
==PROF== Profiling "vectorized_elementwise_kernel" - 20: Application replay pass 1
==PROF== Profiling "sm80_xmma_gemm_f32f32_f32f32_..." - 21: Application replay pass 1
==PROF== Profiling "Kernel" - 22: Application replay pass 1
==PROF== Profiling "reduce_kernel" - 23: Application replay pass 1
==PROF== Profiling "vectorized_elementwise_kernel" - 24: Application replay pass 1
==PROF== Profiling "vectorized_elementwise_kernel" - 25: Application replay pass 1
==PROF== Profiling "layer_norm_grad_input_kernel" - 26: Application replay pass 1
==PROF== Profiling "GammaBetaBackwardCUDAKernel_3..." - 27: Application replay pass 1
==PROF== Profiling "vectorized_elementwise_kernel" - 28: Application replay pass 1
==PROF== Profiling "vectorized_elementwise_kernel" - 29: Application replay pass 1
==PROF== Profiling "vectorized_elementwise_kernel" - 30: Application replay pass 1
==PROF== Profiling "vectorized_elementwise_kernel" - 31: Application replay pass 1
==PROF== Profiling "sm80_xmma_gemm_f32f32_f32f32_..." - 32: Application replay pass 1
==PROF== Profiling "Kernel" - 33: Application replay pass 1
==PROF== Profiling "splitKreduce_kernel" - 34: Application replay pass 1
==PROF== Profiling "reduce_kernel" - 35: Application replay pass 1
==PROF== Profiling "vectorized_elementwise_kernel" - 36: Application replay pass 1
==PROF== Profiling "vectorized_elementwise_kernel" - 37: Application replay pass 1
==PROF== Profiling "elementwise_kernel" - 38: Application replay pass 1
==PROF== Profiling "sm80_xmma_gemm_f32f32_f32f32_..." - 39: Application replay pass 1
==PROF== Profiling "sm80_xmma_gemm_f32f32_f32f32_..." - 40: Application replay pass 1
==PROF== Profiling "vectorized_elementwise_kernel" - 41: Application replay pass 1
==PROF== Profiling "vectorized_elementwise_kernel" - 42: Application replay pass 1
==PROF== Profiling "softmax_warp_backward" - 43: Application replay pass 1
==PROF== Profiling "vectorized_elementwise_kernel" - 44: Application replay pass 1
==PROF== Profiling "elementwise_kernel" - 45: Application replay pass 1
==PROF== Profiling "elementwise_kernel" - 46: Application replay pass 1
==PROF== Profiling "sm80_xmma_gemm_f32f32_f32f32_..." - 47: Application replay pass 1
==PROF== Profiling "sm80_xmma_gemm_f32f32_f32f32_..." - 48: Application replay pass 1
==PROF== Profiling "elementwise_kernel" - 49: Application replay pass 1
==PROF== Profiling "elementwise_kernel" - 50: Application replay pass 1
==PROF== Profiling "CatArrayBatchedCopy" - 51: Application replay pass 1
==PROF== Profiling "sm80_xmma_gemm_f32f32_f32f32_..." - 52: Application replay pass 1
==PROF== Profiling "Kernel" - 53: Application replay pass 1
==PROF== Profiling "reduce_kernel" - 54: Application replay pass 1
==PROF== Profiling "vectorized_elementwise_kernel" - 55: Application replay pass 1
==PROF== Profiling "vectorized_elementwise_kernel" - 56: Application replay pass 1
==PROF== Profiling "layer_norm_grad_input_kernel" - 57: Application replay pass 1
==PROF== Profiling "GammaBetaBackwardCUDAKernel_3..." - 58: Application replay pass 1
==PROF== Profiling "vectorized_elementwise_kernel" - 59: Application replay pass 1
==PROF== Profiling "vectorized_elementwise_kernel" - 60: Application replay pass 1
==PROF== Profiling "vectorized_elementwise_kernel" - 61: Application replay pass 1
==PROF== Profiling "vectorized_elementwise_kernel" - 62: Application replay pass 1
==PROF== Profiling "sm80_xmma_gemm_f32f32_f32f32_..." - 63: Application replay pass 1
==PROF== Profiling "Kernel" - 64: Application replay pass 1
==PROF== Profiling "reduce_kernel" - 65: Application replay pass 1
==PROF== Profiling "vectorized_elementwise_kernel" - 66: Application replay pass 1
==PROF== Profiling "vectorized_elementwise_kernel" - 67: Application replay pass 1
==PROF== Profiling "vectorized_elementwise_kernel" - 68: Application replay pass 1
==PROF== Profiling "vectorized_elementwise_kernel" - 69: Application replay pass 1
==PROF== Profiling "vectorized_elementwise_kernel" - 70: Application replay pass 1
==PROF== Profiling "vectorized_elementwise_kernel" - 71: Application replay pass 1
==PROF== Profiling "vectorized_elementwise_kernel" - 72: Application replay pass 1
==PROF== Profiling "vectorized_elementwise_kernel" - 73: Application replay pass 1
==PROF== Profiling "vectorized_elementwise_kernel" - 74: Application replay pass 1
==PROF== Profiling "vectorized_elementwise_kernel" - 75: Application replay pass 1
==PROF== Profiling "vectorized_elementwise_kernel" - 76: Application replay pass 1
==PROF== Profiling "vectorized_elementwise_kernel" - 77: Application replay pass 1
==PROF== Profiling "vectorized_elementwise_kernel" - 78: Application replay pass 1
==PROF== Profiling "sm80_xmma_gemm_f32f32_f32f32_..." - 79: Application replay pass 1
==PROF== Profiling "Kernel" - 80: Application replay pass 1
==PROF== Profiling "reduce_kernel" - 81: Application replay pass 1
==PROF== Profiling "vectorized_elementwise_kernel" - 82: Application replay pass 1
==PROF== Profiling "vectorized_elementwise_kernel" - 83: Application replay pass 1
==PROF== Profiling "layer_norm_grad_input_kernel" - 84: Application replay pass 1
==PROF== Profiling "GammaBetaBackwardCUDAKernel_3..." - 85: Application replay pass 1
==PROF== Profiling "vectorized_elementwise_kernel" - 86: Application replay pass 1
==PROF== Profiling "vectorized_elementwise_kernel" - 87: Application replay pass 1
==PROF== Profiling "vectorized_elementwise_kernel" - 88: Application replay pass 1
==PROF== Profiling "vectorized_elementwise_kernel" - 89: Application replay pass 1
==PROF== Profiling "sm80_xmma_gemm_f32f32_f32f32_..." - 90: Application replay pass 1
==PROF== Profiling "Kernel" - 91: Application replay pass 1
==PROF== Profiling "splitKreduce_kernel" - 92: Application replay pass 1
==PROF== Profiling "reduce_kernel" - 93: Application replay pass 1
==PROF== Profiling "vectorized_elementwise_kernel" - 94: Application replay pass 1
==PROF== Profiling "vectorized_elementwise_kernel" - 95: Application replay pass 1
==PROF== Profiling "elementwise_kernel" - 96: Application replay pass 1
==PROF== Profiling "sm80_xmma_gemm_f32f32_f32f32_..." - 97: Application replay pass 1
==PROF== Profiling "sm80_xmma_gemm_f32f32_f32f32_..." - 98: Application replay pass 1
==PROF== Profiling "vectorized_elementwise_kernel" - 99: Application replay pass 1
==PROF== Profiling "vectorized_elementwise_kernel" - 100: Application replay pass 1
==PROF== Profiling "softmax_warp_backward" - 101: Application replay pass 1
==PROF== Profiling "vectorized_elementwise_kernel" - 102: Application replay pass 1
==PROF== Profiling "elementwise_kernel" - 103: Application replay pass 1
==PROF== Profiling "elementwise_kernel" - 104: Application replay pass 1
==PROF== Profiling "sm80_xmma_gemm_f32f32_f32f32_..." - 105: Application replay pass 1
==PROF== Profiling "sm80_xmma_gemm_f32f32_f32f32_..." - 106: Application replay pass 1
==PROF== Profiling "elementwise_kernel" - 107: Application replay pass 1
==PROF== Profiling "elementwise_kernel" - 108: Application replay pass 1
==PROF== Profiling "CatArrayBatchedCopy" - 109: Application replay pass 1
==PROF== Profiling "sm80_xmma_gemm_f32f32_f32f32_..." - 110: Application replay pass 1
==PROF== Profiling "Kernel" - 111: Application replay pass 1
==PROF== Profiling "reduce_kernel" - 112: Application replay pass 1
==PROF== Profiling "vectorized_elementwise_kernel" - 113: Application replay pass 1
==PROF== Profiling "vectorized_elementwise_kernel" - 114: Application replay pass 1
==PROF== Profiling "layer_norm_grad_input_kernel" - 115: Application replay pass 1
==PROF== Profiling "GammaBetaBackwardCUDAKernel_3..." - 116: Application replay pass 1
==PROF== Profiling "vectorized_elementwise_kernel" - 117: Application replay pass 1
==PROF== Profiling "vectorized_elementwise_kernel" - 118: Application replay pass 1
==PROF== Profiling "vectorized_elementwise_kernel" - 119: Application replay pass 1
==PROF== Profiling "vectorized_elementwise_kernel" - 120: Application replay pass 1
==PROF== Profiling "sm80_xmma_gemm_f32f32_f32f32_..." - 121: Application replay pass 1
==PROF== Profiling "Kernel" - 122: Application replay pass 1
==PROF== Profiling "reduce_kernel" - 123: Application replay pass 1
==PROF== Profiling "vectorized_elementwise_kernel" - 124: Application replay pass 1
==PROF== Profiling "vectorized_elementwise_kernel" - 125: Application replay pass 1
==PROF== Profiling "vectorized_elementwise_kernel" - 126: Application replay pass 1
==PROF== Profiling "vectorized_elementwise_kernel" - 127: Application replay pass 1
==PROF== Profiling "vectorized_elementwise_kernel" - 128: Application replay pass 1
==PROF== Profiling "vectorized_elementwise_kernel" - 129: Application replay pass 1
==PROF== Profiling "vectorized_elementwise_kernel" - 130: Application replay pass 1
==PROF== Profiling "vectorized_elementwise_kernel" - 131: Application replay pass 1
==PROF== Profiling "vectorized_elementwise_kernel" - 132: Application replay pass 1
==PROF== Profiling "vectorized_elementwise_kernel" - 133: Application replay pass 1
==PROF== Profiling "vectorized_elementwise_kernel" - 134: Application replay pass 1
==PROF== Profiling "vectorized_elementwise_kernel" - 135: Application replay pass 1
==PROF== Profiling "vectorized_elementwise_kernel" - 136: Application replay pass 1
==PROF== Profiling "sm80_xmma_gemm_f32f32_f32f32_..." - 137: Application replay pass 1
==PROF== Profiling "Kernel" - 138: Application replay pass 1
==PROF== Profiling "reduce_kernel" - 139: Application replay pass 1
==PROF== Profiling "vectorized_elementwise_kernel" - 140: Application replay pass 1
==PROF== Profiling "vectorized_elementwise_kernel" - 141: Application replay pass 1
==PROF== Profiling "layer_norm_grad_input_kernel" - 142: Application replay pass 1
==PROF== Profiling "GammaBetaBackwardCUDAKernel_3..." - 143: Application replay pass 1
==PROF== Profiling "vectorized_elementwise_kernel" - 144: Application replay pass 1
==PROF== Profiling "vectorized_elementwise_kernel" - 145: Application replay pass 1
==PROF== Profiling "vectorized_elementwise_kernel" - 146: Application replay pass 1
==PROF== Profiling "vectorized_elementwise_kernel" - 147: Application replay pass 1
==PROF== Profiling "sm80_xmma_gemm_f32f32_f32f32_..." - 148: Application replay pass 1
==PROF== Profiling "Kernel" - 149: Application replay pass 1
==PROF== Profiling "splitKreduce_kernel" - 150: Application replay pass 1
==PROF== Profiling "reduce_kernel" - 151: Application replay pass 1
==PROF== Profiling "vectorized_elementwise_kernel" - 152: Application replay pass 1
==PROF== Profiling "vectorized_elementwise_kernel" - 153: Application replay pass 1
==PROF== Profiling "elementwise_kernel" - 154: Application replay pass 1
==PROF== Profiling "sm80_xmma_gemm_f32f32_f32f32_..." - 155: Application replay pass 1
==PROF== Profiling "sm80_xmma_gemm_f32f32_f32f32_..." - 156: Application replay pass 1
==PROF== Profiling "vectorized_elementwise_kernel" - 157: Application replay pass 1
==PROF== Profiling "vectorized_elementwise_kernel" - 158: Application replay pass 1
==PROF== Profiling "softmax_warp_backward" - 159: Application replay pass 1
==PROF== Profiling "vectorized_elementwise_kernel" - 160: Application replay pass 1
==PROF== Profiling "elementwise_kernel" - 161: Application replay pass 1
==PROF== Profiling "elementwise_kernel" - 162: Application replay pass 1
==PROF== Profiling "sm80_xmma_gemm_f32f32_f32f32_..." - 163: Application replay pass 1
==PROF== Profiling "sm80_xmma_gemm_f32f32_f32f32_..." - 164: Application replay pass 1
==PROF== Profiling "elementwise_kernel" - 165: Application replay pass 1
==PROF== Profiling "elementwise_kernel" - 166: Application replay pass 1
==PROF== Profiling "CatArrayBatchedCopy" - 167: Application replay pass 1
==PROF== Profiling "sm80_xmma_gemm_f32f32_f32f32_..." - 168: Application replay pass 1
==PROF== Profiling "Kernel" - 169: Application replay pass 1
==PROF== Profiling "reduce_kernel" - 170: Application replay pass 1
==PROF== Profiling "vectorized_elementwise_kernel" - 171: Application replay pass 1
==PROF== Profiling "vectorized_elementwise_kernel" - 172: Application replay pass 1
==PROF== Profiling "layer_norm_grad_input_kernel" - 173: Application replay pass 1
==PROF== Profiling "GammaBetaBackwardCUDAKernel_3..." - 174: Application replay pass 1
==PROF== Profiling "vectorized_elementwise_kernel" - 175: Application replay pass 1
==PROF== Profiling "vectorized_elementwise_kernel" - 176: Application replay pass 1
==PROF== Profiling "vectorized_elementwise_kernel" - 177: Application replay pass 1
==PROF== Profiling "vectorized_elementwise_kernel" - 178: Application replay pass 1
==PROF== Profiling "sm80_xmma_gemm_f32f32_f32f32_..." - 179: Application replay pass 1
==PROF== Profiling "Kernel" - 180: Application replay pass 1
==PROF== Profiling "reduce_kernel" - 181: Application replay pass 1
==PROF== Profiling "vectorized_elementwise_kernel" - 182: Application replay pass 1
==PROF== Profiling "vectorized_elementwise_kernel" - 183: Application replay pass 1
==PROF== Profiling "vectorized_elementwise_kernel" - 184: Application replay pass 1
==PROF== Profiling "vectorized_elementwise_kernel" - 185: Application replay pass 1
==PROF== Profiling "vectorized_elementwise_kernel" - 186: Application replay pass 1
==PROF== Profiling "vectorized_elementwise_kernel" - 187: Application replay pass 1
==PROF== Profiling "vectorized_elementwise_kernel" - 188: Application replay pass 1
==PROF== Profiling "vectorized_elementwise_kernel" - 189: Application replay pass 1
==PROF== Profiling "vectorized_elementwise_kernel" - 190: Application replay pass 1
==PROF== Profiling "vectorized_elementwise_kernel" - 191: Application replay pass 1
==PROF== Profiling "vectorized_elementwise_kernel" - 192: Application replay pass 1
==PROF== Profiling "vectorized_elementwise_kernel" - 193: Application replay pass 1
==PROF== Profiling "vectorized_elementwise_kernel" - 194: Application replay pass 1
==PROF== Profiling "sm80_xmma_gemm_f32f32_f32f32_..." - 195: Application replay pass 1
==PROF== Profiling "Kernel" - 196: Application replay pass 1
==PROF== Profiling "reduce_kernel" - 197: Application replay pass 1
==PROF== Profiling "vectorized_elementwise_kernel" - 198: Application replay pass 1
==PROF== Profiling "vectorized_elementwise_kernel" - 199: Application replay pass 1
==PROF== Profiling "layer_norm_grad_input_kernel" - 200: Application replay pass 1
==PROF== Profiling "GammaBetaBackwardCUDAKernel_3..." - 201: Application replay pass 1
==PROF== Profiling "vectorized_elementwise_kernel" - 202: Application replay pass 1
==PROF== Profiling "vectorized_elementwise_kernel" - 203: Application replay pass 1
==PROF== Profiling "vectorized_elementwise_kernel" - 204: Application replay pass 1
==PROF== Profiling "vectorized_elementwise_kernel" - 205: Application replay pass 1
==PROF== Profiling "sm80_xmma_gemm_f32f32_f32f32_..." - 206: Application replay pass 1
==PROF== Profiling "Kernel" - 207: Application replay pass 1
==PROF== Profiling "splitKreduce_kernel" - 208: Application replay pass 1
==PROF== Profiling "reduce_kernel" - 209: Application replay pass 1
==PROF== Profiling "vectorized_elementwise_kernel" - 210: Application replay pass 1
==PROF== Profiling "vectorized_elementwise_kernel" - 211: Application replay pass 1
==PROF== Profiling "elementwise_kernel" - 212: Application replay pass 1
==PROF== Profiling "sm80_xmma_gemm_f32f32_f32f32_..." - 213: Application replay pass 1
==PROF== Profiling "sm80_xmma_gemm_f32f32_f32f32_..." - 214: Application replay pass 1
==PROF== Profiling "vectorized_elementwise_kernel" - 215: Application replay pass 1
==PROF== Profiling "vectorized_elementwise_kernel" - 216: Application replay pass 1
==PROF== Profiling "softmax_warp_backward" - 217: Application replay pass 1
==PROF== Profiling "vectorized_elementwise_kernel" - 218: Application replay pass 1
==PROF== Profiling "elementwise_kernel" - 219: Application replay pass 1
==PROF== Profiling "elementwise_kernel" - 220: Application replay pass 1
==PROF== Profiling "sm80_xmma_gemm_f32f32_f32f32_..." - 221: Application replay pass 1
==PROF== Profiling "sm80_xmma_gemm_f32f32_f32f32_..." - 222: Application replay pass 1
==PROF== Profiling "elementwise_kernel" - 223: Application replay pass 1
==PROF== Profiling "elementwise_kernel" - 224: Application replay pass 1
==PROF== Profiling "CatArrayBatchedCopy" - 225: Application replay pass 1
==PROF== Profiling "sm80_xmma_gemm_f32f32_f32f32_..." - 226: Application replay pass 1
==PROF== Profiling "Kernel" - 227: Application replay pass 1
==PROF== Profiling "reduce_kernel" - 228: Application replay pass 1
==PROF== Profiling "vectorized_elementwise_kernel" - 229: Application replay pass 1
==PROF== Profiling "vectorized_elementwise_kernel" - 230: Application replay pass 1
==PROF== Profiling "layer_norm_grad_input_kernel" - 231: Application replay pass 1
==PROF== Profiling "GammaBetaBackwardCUDAKernel_3..." - 232: Application replay pass 1
==PROF== Profiling "vectorized_elementwise_kernel" - 233: Application replay pass 1
==PROF== Profiling "vectorized_elementwise_kernel" - 234: Application replay pass 1
==PROF== Profiling "vectorized_elementwise_kernel" - 235: Application replay pass 1
==PROF== Profiling "vectorized_elementwise_kernel" - 236: Application replay pass 1
==PROF== Profiling "sm80_xmma_gemm_f32f32_f32f32_..." - 237: Application replay pass 1
==PROF== Profiling "Kernel" - 238: Application replay pass 1
==PROF== Profiling "reduce_kernel" - 239: Application replay pass 1
==PROF== Profiling "vectorized_elementwise_kernel" - 240: Application replay pass 1
==PROF== Profiling "vectorized_elementwise_kernel" - 241: Application replay pass 1
==PROF== Profiling "vectorized_elementwise_kernel" - 242: Application replay pass 1
==PROF== Profiling "vectorized_elementwise_kernel" - 243: Application replay pass 1
==PROF== Profiling "vectorized_elementwise_kernel" - 244: Application replay pass 1
==PROF== Profiling "vectorized_elementwise_kernel" - 245: Application replay pass 1
==PROF== Profiling "vectorized_elementwise_kernel" - 246: Application replay pass 1
==PROF== Profiling "vectorized_elementwise_kernel" - 247: Application replay pass 1
==PROF== Profiling "vectorized_elementwise_kernel" - 248: Application replay pass 1
==PROF== Profiling "vectorized_elementwise_kernel" - 249: Application replay pass 1
==PROF== Profiling "vectorized_elementwise_kernel" - 250: Application replay pass 1
==PROF== Profiling "vectorized_elementwise_kernel" - 251: Application replay pass 1
==PROF== Profiling "vectorized_elementwise_kernel" - 252: Application replay pass 1
==PROF== Profiling "sm80_xmma_gemm_f32f32_f32f32_..." - 253: Application replay pass 1
==PROF== Profiling "Kernel" - 254: Application replay pass 1
==PROF== Profiling "reduce_kernel" - 255: Application replay pass 1
==PROF== Profiling "vectorized_elementwise_kernel" - 256: Application replay pass 1
==PROF== Profiling "vectorized_elementwise_kernel" - 257: Application replay pass 1
==PROF== Profiling "layer_norm_grad_input_kernel" - 258: Application replay pass 1
==PROF== Profiling "GammaBetaBackwardCUDAKernel_3..." - 259: Application replay pass 1
==PROF== Profiling "vectorized_elementwise_kernel" - 260: Application replay pass 1
==PROF== Profiling "vectorized_elementwise_kernel" - 261: Application replay pass 1
==PROF== Profiling "vectorized_elementwise_kernel" - 262: Application replay pass 1
==PROF== Profiling "vectorized_elementwise_kernel" - 263: Application replay pass 1
==PROF== Profiling "sm80_xmma_gemm_f32f32_f32f32_..." - 264: Application replay pass 1
==PROF== Profiling "Kernel" - 265: Application replay pass 1
==PROF== Profiling "splitKreduce_kernel" - 266: Application replay pass 1
==PROF== Profiling "reduce_kernel" - 267: Application replay pass 1
==PROF== Profiling "vectorized_elementwise_kernel" - 268: Application replay pass 1
==PROF== Profiling "vectorized_elementwise_kernel" - 269: Application replay pass 1
==PROF== Profiling "elementwise_kernel" - 270: Application replay pass 1
==PROF== Profiling "sm80_xmma_gemm_f32f32_f32f32_..." - 271: Application replay pass 1
==PROF== Profiling "sm80_xmma_gemm_f32f32_f32f32_..." - 272: Application replay pass 1
==PROF== Profiling "vectorized_elementwise_kernel" - 273: Application replay pass 1
==PROF== Profiling "vectorized_elementwise_kernel" - 274: Application replay pass 1
==PROF== Profiling "softmax_warp_backward" - 275: Application replay pass 1
==PROF== Profiling "vectorized_elementwise_kernel" - 276: Application replay pass 1
==PROF== Profiling "elementwise_kernel" - 277: Application replay pass 1
==PROF== Profiling "elementwise_kernel" - 278: Application replay pass 1
==PROF== Profiling "sm80_xmma_gemm_f32f32_f32f32_..." - 279: Application replay pass 1
==PROF== Profiling "sm80_xmma_gemm_f32f32_f32f32_..." - 280: Application replay pass 1
==PROF== Profiling "elementwise_kernel" - 281: Application replay pass 1
==PROF== Profiling "elementwise_kernel" - 282: Application replay pass 1
==PROF== Profiling "CatArrayBatchedCopy" - 283: Application replay pass 1
==PROF== Profiling "sm80_xmma_gemm_f32f32_f32f32_..." - 284: Application replay pass 1
==PROF== Profiling "Kernel" - 285: Application replay pass 1
==PROF== Profiling "reduce_kernel" - 286: Application replay pass 1
==PROF== Profiling "vectorized_elementwise_kernel" - 287: Application replay pass 1
==PROF== Profiling "vectorized_elementwise_kernel" - 288: Application replay pass 1
==PROF== Profiling "layer_norm_grad_input_kernel" - 289: Application replay pass 1
==PROF== Profiling "GammaBetaBackwardCUDAKernel_3..." - 290: Application replay pass 1
==PROF== Profiling "vectorized_elementwise_kernel" - 291: Application replay pass 1
==PROF== Profiling "vectorized_elementwise_kernel" - 292: Application replay pass 1
==PROF== Profiling "vectorized_elementwise_kernel" - 293: Application replay pass 1
==PROF== Profiling "vectorized_elementwise_kernel" - 294: Application replay pass 1
==PROF== Profiling "sm80_xmma_gemm_f32f32_f32f32_..." - 295: Application replay pass 1
==PROF== Profiling "Kernel" - 296: Application replay pass 1
==PROF== Profiling "reduce_kernel" - 297: Application replay pass 1
==PROF== Profiling "vectorized_elementwise_kernel" - 298: Application replay pass 1
==PROF== Profiling "vectorized_elementwise_kernel" - 299: Application replay pass 1
==PROF== Profiling "vectorized_elementwise_kernel" - 300: Application replay pass 1
==PROF== Profiling "vectorized_elementwise_kernel" - 301: Application replay pass 1
==PROF== Profiling "vectorized_elementwise_kernel" - 302: Application replay pass 1
==PROF== Profiling "vectorized_elementwise_kernel" - 303: Application replay pass 1
==PROF== Profiling "vectorized_elementwise_kernel" - 304: Application replay pass 1
==PROF== Profiling "vectorized_elementwise_kernel" - 305: Application replay pass 1
==PROF== Profiling "vectorized_elementwise_kernel" - 306: Application replay pass 1
==PROF== Profiling "vectorized_elementwise_kernel" - 307: Application replay pass 1
==PROF== Profiling "vectorized_elementwise_kernel" - 308: Application replay pass 1
==PROF== Profiling "vectorized_elementwise_kernel" - 309: Application replay pass 1
==PROF== Profiling "vectorized_elementwise_kernel" - 310: Application replay pass 1
==PROF== Profiling "sm80_xmma_gemm_f32f32_f32f32_..." - 311: Application replay pass 1
==PROF== Profiling "Kernel" - 312: Application replay pass 1
==PROF== Profiling "reduce_kernel" - 313: Application replay pass 1
==PROF== Profiling "vectorized_elementwise_kernel" - 314: Application replay pass 1
==PROF== Profiling "vectorized_elementwise_kernel" - 315: Application replay pass 1
==PROF== Profiling "layer_norm_grad_input_kernel" - 316: Application replay pass 1
==PROF== Profiling "GammaBetaBackwardCUDAKernel_3..." - 317: Application replay pass 1
==PROF== Profiling "vectorized_elementwise_kernel" - 318: Application replay pass 1
==PROF== Profiling "vectorized_elementwise_kernel" - 319: Application replay pass 1
==PROF== Profiling "vectorized_elementwise_kernel" - 320: Application replay pass 1
==PROF== Profiling "vectorized_elementwise_kernel" - 321: Application replay pass 1
==PROF== Profiling "sm80_xmma_gemm_f32f32_f32f32_..." - 322: Application replay pass 1
==PROF== Profiling "Kernel" - 323: Application replay pass 1
==PROF== Profiling "splitKreduce_kernel" - 324: Application replay pass 1
==PROF== Profiling "reduce_kernel" - 325: Application replay pass 1
==PROF== Profiling "vectorized_elementwise_kernel" - 326: Application replay pass 1
==PROF== Profiling "vectorized_elementwise_kernel" - 327: Application replay pass 1
==PROF== Profiling "elementwise_kernel" - 328: Application replay pass 1
==PROF== Profiling "sm80_xmma_gemm_f32f32_f32f32_..." - 329: Application replay pass 1
==PROF== Profiling "sm80_xmma_gemm_f32f32_f32f32_..." - 330: Application replay pass 1
==PROF== Profiling "vectorized_elementwise_kernel" - 331: Application replay pass 1
==PROF== Profiling "vectorized_elementwise_kernel" - 332: Application replay pass 1
==PROF== Profiling "softmax_warp_backward" - 333: Application replay pass 1
==PROF== Profiling "vectorized_elementwise_kernel" - 334: Application replay pass 1
==PROF== Profiling "elementwise_kernel" - 335: Application replay pass 1
==PROF== Profiling "elementwise_kernel" - 336: Application replay pass 1
==PROF== Profiling "sm80_xmma_gemm_f32f32_f32f32_..." - 337: Application replay pass 1
==PROF== Profiling "sm80_xmma_gemm_f32f32_f32f32_..." - 338: Application replay pass 1
==PROF== Profiling "elementwise_kernel" - 339: Application replay pass 1
==PROF== Profiling "elementwise_kernel" - 340: Application replay pass 1
==PROF== Profiling "CatArrayBatchedCopy" - 341: Application replay pass 1
==PROF== Profiling "sm80_xmma_gemm_f32f32_f32f32_..." - 342: Application replay pass 1
==PROF== Profiling "Kernel" - 343: Application replay pass 1
==PROF== Profiling "reduce_kernel" - 344: Application replay pass 1
==PROF== Profiling "vectorized_elementwise_kernel" - 345: Application replay pass 1
==PROF== Profiling "vectorized_elementwise_kernel" - 346: Application replay pass 1
==PROF== Profiling "layer_norm_grad_input_kernel" - 347: Application replay pass 1
==PROF== Profiling "GammaBetaBackwardCUDAKernel_3..." - 348: Application replay pass 1
==PROF== Profiling "vectorized_elementwise_kernel" - 349: Application replay pass 1
==PROF== Profiling "vectorized_elementwise_kernel" - 350: Application replay pass 1
==PROF== Profiling "vectorized_elementwise_kernel" - 351: Application replay pass 1
==PROF== Profiling "vectorized_elementwise_kernel" - 352: Application replay pass 1
==PROF== Profiling "sm80_xmma_gemm_f32f32_f32f32_..." - 353: Application replay pass 1
==PROF== Profiling "Kernel" - 354: Application replay pass 1
==PROF== Profiling "reduce_kernel" - 355: Application replay pass 1
==PROF== Profiling "vectorized_elementwise_kernel" - 356: Application replay pass 1
==PROF== Profiling "vectorized_elementwise_kernel" - 357: Application replay pass 1
==PROF== Profiling "vectorized_elementwise_kernel" - 358: Application replay pass 1
==PROF== Profiling "vectorized_elementwise_kernel" - 359: Application replay pass 1
==PROF== Profiling "vectorized_elementwise_kernel" - 360: Application replay pass 1
==PROF== Profiling "vectorized_elementwise_kernel" - 361: Application replay pass 1
==PROF== Profiling "vectorized_elementwise_kernel" - 362: Application replay pass 1
==PROF== Profiling "vectorized_elementwise_kernel" - 363: Application replay pass 1
==PROF== Profiling "vectorized_elementwise_kernel" - 364: Application replay pass 1
==PROF== Profiling "vectorized_elementwise_kernel" - 365: Application replay pass 1
==PROF== Profiling "vectorized_elementwise_kernel" - 366: Application replay pass 1
==PROF== Profiling "vectorized_elementwise_kernel" - 367: Application replay pass 1
==PROF== Profiling "vectorized_elementwise_kernel" - 368: Application replay pass 1
==PROF== Profiling "sm80_xmma_gemm_f32f32_f32f32_..." - 369: Application replay pass 1
==PROF== Profiling "Kernel" - 370: Application replay pass 1
==PROF== Profiling "reduce_kernel" - 371: Application replay pass 1
==PROF== Profiling "vectorized_elementwise_kernel" - 372: Application replay pass 1
==PROF== Profiling "vectorized_elementwise_kernel" - 373: Application replay pass 1
==PROF== Profiling "layer_norm_grad_input_kernel" - 374: Application replay pass 1
==PROF== Profiling "GammaBetaBackwardCUDAKernel_3..." - 375: Application replay pass 1
==PROF== Profiling "vectorized_elementwise_kernel" - 376: Application replay pass 1
==PROF== Profiling "vectorized_elementwise_kernel" - 377: Application replay pass 1
==PROF== Profiling "vectorized_elementwise_kernel" - 378: Application replay pass 1
==PROF== Profiling "vectorized_elementwise_kernel" - 379: Application replay pass 1
==PROF== Profiling "sm80_xmma_gemm_f32f32_f32f32_..." - 380: Application replay pass 1
==PROF== Profiling "Kernel" - 381: Application replay pass 1
==PROF== Profiling "splitKreduce_kernel" - 382: Application replay pass 1
==PROF== Profiling "reduce_kernel" - 383: Application replay pass 1
==PROF== Profiling "vectorized_elementwise_kernel" - 384: Application replay pass 1
==PROF== Profiling "vectorized_elementwise_kernel" - 385: Application replay pass 1
==PROF== Profiling "elementwise_kernel" - 386: Application replay pass 1
==PROF== Profiling "sm80_xmma_gemm_f32f32_f32f32_..." - 387: Application replay pass 1
==PROF== Profiling "sm80_xmma_gemm_f32f32_f32f32_..." - 388: Application replay pass 1
==PROF== Profiling "vectorized_elementwise_kernel" - 389: Application replay pass 1
==PROF== Profiling "vectorized_elementwise_kernel" - 390: Application replay pass 1
==PROF== Profiling "softmax_warp_backward" - 391: Application replay pass 1
==PROF== Profiling "vectorized_elementwise_kernel" - 392: Application replay pass 1
==PROF== Profiling "elementwise_kernel" - 393: Application replay pass 1
==PROF== Profiling "elementwise_kernel" - 394: Application replay pass 1
==PROF== Profiling "sm80_xmma_gemm_f32f32_f32f32_..." - 395: Application replay pass 1
==PROF== Profiling "sm80_xmma_gemm_f32f32_f32f32_..." - 396: Application replay pass 1
==PROF== Profiling "elementwise_kernel" - 397: Application replay pass 1
==PROF== Profiling "elementwise_kernel" - 398: Application replay pass 1
==PROF== Profiling "CatArrayBatchedCopy" - 399: Application replay pass 1
==PROF== Profiling "sm80_xmma_gemm_f32f32_f32f32_..." - 400: Application replay pass 1
==PROF== Profiling "Kernel" - 401: Application replay pass 1
==PROF== Profiling "reduce_kernel" - 402: Application replay pass 1
==PROF== Profiling "vectorized_elementwise_kernel" - 403: Application replay pass 1
==PROF== Profiling "vectorized_elementwise_kernel" - 404: Application replay pass 1
==PROF== Profiling "layer_norm_grad_input_kernel" - 405: Application replay pass 1
==PROF== Profiling "GammaBetaBackwardCUDAKernel_3..." - 406: Application replay pass 1
==PROF== Profiling "vectorized_elementwise_kernel" - 407: Application replay pass 1
==PROF== Profiling "vectorized_elementwise_kernel" - 408: Application replay pass 1
==PROF== Profiling "vectorized_elementwise_kernel" - 409: Application replay pass 1
==PROF== Profiling "vectorized_elementwise_kernel" - 410: Application replay pass 1
==PROF== Profiling "sm80_xmma_gemm_f32f32_f32f32_..." - 411: Application replay pass 1
==PROF== Profiling "Kernel" - 412: Application replay pass 1
==PROF== Profiling "reduce_kernel" - 413: Application replay pass 1
==PROF== Profiling "vectorized_elementwise_kernel" - 414: Application replay pass 1
==PROF== Profiling "vectorized_elementwise_kernel" - 415: Application replay pass 1
==PROF== Profiling "vectorized_elementwise_kernel" - 416: Application replay pass 1
==PROF== Profiling "vectorized_elementwise_kernel" - 417: Application replay pass 1
==PROF== Profiling "vectorized_elementwise_kernel" - 418: Application replay pass 1
==PROF== Profiling "vectorized_elementwise_kernel" - 419: Application replay pass 1
==PROF== Profiling "vectorized_elementwise_kernel" - 420: Application replay pass 1
==PROF== Profiling "vectorized_elementwise_kernel" - 421: Application replay pass 1
==PROF== Profiling "vectorized_elementwise_kernel" - 422: Application replay pass 1
==PROF== Profiling "vectorized_elementwise_kernel" - 423: Application replay pass 1
==PROF== Profiling "vectorized_elementwise_kernel" - 424: Application replay pass 1
==PROF== Profiling "vectorized_elementwise_kernel" - 425: Application replay pass 1
==PROF== Profiling "vectorized_elementwise_kernel" - 426: Application replay pass 1
==PROF== Profiling "sm80_xmma_gemm_f32f32_f32f32_..." - 427: Application replay pass 1
==PROF== Profiling "Kernel" - 428: Application replay pass 1
==PROF== Profiling "reduce_kernel" - 429: Application replay pass 1
==PROF== Profiling "vectorized_elementwise_kernel" - 430: Application replay pass 1
==PROF== Profiling "vectorized_elementwise_kernel" - 431: Application replay pass 1
==PROF== Profiling "layer_norm_grad_input_kernel" - 432: Application replay pass 1
==PROF== Profiling "GammaBetaBackwardCUDAKernel_3..." - 433: Application replay pass 1
==PROF== Profiling "vectorized_elementwise_kernel" - 434: Application replay pass 1
==PROF== Profiling "vectorized_elementwise_kernel" - 435: Application replay pass 1
==PROF== Profiling "vectorized_elementwise_kernel" - 436: Application replay pass 1
==PROF== Profiling "vectorized_elementwise_kernel" - 437: Application replay pass 1
==PROF== Profiling "sm80_xmma_gemm_f32f32_f32f32_..." - 438: Application replay pass 1
==PROF== Profiling "Kernel" - 439: Application replay pass 1
==PROF== Profiling "splitKreduce_kernel" - 440: Application replay pass 1
==PROF== Profiling "reduce_kernel" - 441: Application replay pass 1
==PROF== Profiling "vectorized_elementwise_kernel" - 442: Application replay pass 1
==PROF== Profiling "vectorized_elementwise_kernel" - 443: Application replay pass 1
==PROF== Profiling "elementwise_kernel" - 444: Application replay pass 1
==PROF== Profiling "sm80_xmma_gemm_f32f32_f32f32_..." - 445: Application replay pass 1
==PROF== Profiling "sm80_xmma_gemm_f32f32_f32f32_..." - 446: Application replay pass 1
==PROF== Profiling "vectorized_elementwise_kernel" - 447: Application replay pass 1
==PROF== Profiling "vectorized_elementwise_kernel" - 448: Application replay pass 1
==PROF== Profiling "softmax_warp_backward" - 449: Application replay pass 1
==PROF== Profiling "vectorized_elementwise_kernel" - 450: Application replay pass 1
==PROF== Profiling "elementwise_kernel" - 451: Application replay pass 1
==PROF== Profiling "elementwise_kernel" - 452: Application replay pass 1
==PROF== Profiling "sm80_xmma_gemm_f32f32_f32f32_..." - 453: Application replay pass 1
==PROF== Profiling "sm80_xmma_gemm_f32f32_f32f32_..." - 454: Application replay pass 1
==PROF== Profiling "elementwise_kernel" - 455: Application replay pass 1
==PROF== Profiling "elementwise_kernel" - 456: Application replay pass 1
==PROF== Profiling "CatArrayBatchedCopy" - 457: Application replay pass 1
==PROF== Profiling "sm80_xmma_gemm_f32f32_f32f32_..." - 458: Application replay pass 1
==PROF== Profiling "Kernel" - 459: Application replay pass 1
==PROF== Profiling "reduce_kernel" - 460: Application replay pass 1
==PROF== Profiling "vectorized_elementwise_kernel" - 461: Application replay pass 1
==PROF== Profiling "vectorized_elementwise_kernel" - 462: Application replay pass 1
==PROF== Profiling "layer_norm_grad_input_kernel" - 463: Application replay pass 1
==PROF== Profiling "GammaBetaBackwardCUDAKernel_3..." - 464: Application replay pass 1
==PROF== Profiling "vectorized_elementwise_kernel" - 465: Application replay pass 1
==PROF== Profiling "vectorized_elementwise_kernel" - 466: Application replay pass 1
==PROF== Profiling "vectorized_elementwise_kernel" - 467: Application replay pass 1
==PROF== Profiling "vectorized_elementwise_kernel" - 468: Application replay pass 1
==PROF== Profiling "sm80_xmma_gemm_f32f32_f32f32_..." - 469: Application replay pass 1
==PROF== Profiling "Kernel" - 470: Application replay pass 1
==PROF== Profiling "reduce_kernel" - 471: Application replay pass 1
==PROF== Profiling "vectorized_elementwise_kernel" - 472: Application replay pass 1
==PROF== Profiling "vectorized_elementwise_kernel" - 473: Application replay pass 1
==PROF== Profiling "vectorized_elementwise_kernel" - 474: Application replay pass 1
==PROF== Profiling "vectorized_elementwise_kernel" - 475: Application replay pass 1
==PROF== Profiling "vectorized_elementwise_kernel" - 476: Application replay pass 1
==PROF== Profiling "vectorized_elementwise_kernel" - 477: Application replay pass 1
==PROF== Profiling "vectorized_elementwise_kernel" - 478: Application replay pass 1
==PROF== Profiling "vectorized_elementwise_kernel" - 479: Application replay pass 1
==PROF== Profiling "vectorized_elementwise_kernel" - 480: Application replay pass 1
==PROF== Profiling "vectorized_elementwise_kernel" - 481: Application replay pass 1
==PROF== Profiling "vectorized_elementwise_kernel" - 482: Application replay pass 1
==PROF== Profiling "vectorized_elementwise_kernel" - 483: Application replay pass 1
==PROF== Profiling "vectorized_elementwise_kernel" - 484: Application replay pass 1
==PROF== Profiling "sm80_xmma_gemm_f32f32_f32f32_..." - 485: Application replay pass 1
==PROF== Profiling "Kernel" - 486: Application replay pass 1
==PROF== Profiling "reduce_kernel" - 487: Application replay pass 1
==PROF== Profiling "vectorized_elementwise_kernel" - 488: Application replay pass 1
==PROF== Profiling "vectorized_elementwise_kernel" - 489: Application replay pass 1
==PROF== Profiling "layer_norm_grad_input_kernel" - 490: Application replay pass 1
==PROF== Profiling "GammaBetaBackwardCUDAKernel_3..." - 491: Application replay pass 1
==PROF== Profiling "vectorized_elementwise_kernel" - 492: Application replay pass 1
==PROF== Profiling "vectorized_elementwise_kernel" - 493: Application replay pass 1
==PROF== Profiling "vectorized_elementwise_kernel" - 494: Application replay pass 1
==PROF== Profiling "vectorized_elementwise_kernel" - 495: Application replay pass 1
==PROF== Profiling "sm80_xmma_gemm_f32f32_f32f32_..." - 496: Application replay pass 1
==PROF== Profiling "Kernel" - 497: Application replay pass 1
==PROF== Profiling "splitKreduce_kernel" - 498: Application replay pass 1
==PROF== Profiling "reduce_kernel" - 499: Application replay pass 1
==PROF== Profiling "vectorized_elementwise_kernel" - 500: Application replay pass 1
==PROF== Profiling "vectorized_elementwise_kernel" - 501: Application replay pass 1
==PROF== Profiling "elementwise_kernel" - 502: Application replay pass 1
==PROF== Profiling "sm80_xmma_gemm_f32f32_f32f32_..." - 503: Application replay pass 1
==PROF== Profiling "sm80_xmma_gemm_f32f32_f32f32_..." - 504: Application replay pass 1
==PROF== Profiling "vectorized_elementwise_kernel" - 505: Application replay pass 1
==PROF== Profiling "vectorized_elementwise_kernel" - 506: Application replay pass 1
==PROF== Profiling "softmax_warp_backward" - 507: Application replay pass 1
==PROF== Profiling "vectorized_elementwise_kernel" - 508: Application replay pass 1
==PROF== Profiling "elementwise_kernel" - 509: Application replay pass 1
==PROF== Profiling "elementwise_kernel" - 510: Application replay pass 1
==PROF== Profiling "sm80_xmma_gemm_f32f32_f32f32_..." - 511: Application replay pass 1
==PROF== Profiling "sm80_xmma_gemm_f32f32_f32f32_..." - 512: Application replay pass 1
==PROF== Profiling "elementwise_kernel" - 513: Application replay pass 1
==PROF== Profiling "elementwise_kernel" - 514: Application replay pass 1
==PROF== Profiling "CatArrayBatchedCopy" - 515: Application replay pass 1
==PROF== Profiling "sm80_xmma_gemm_f32f32_f32f32_..." - 516: Application replay pass 1
==PROF== Profiling "Kernel" - 517: Application replay pass 1
==PROF== Profiling "reduce_kernel" - 518: Application replay pass 1
==PROF== Profiling "vectorized_elementwise_kernel" - 519: Application replay pass 1
==PROF== Profiling "vectorized_elementwise_kernel" - 520: Application replay pass 1
==PROF== Profiling "layer_norm_grad_input_kernel" - 521: Application replay pass 1
==PROF== Profiling "GammaBetaBackwardCUDAKernel_3..." - 522: Application replay pass 1
==PROF== Profiling "vectorized_elementwise_kernel" - 523: Application replay pass 1
==PROF== Profiling "vectorized_elementwise_kernel" - 524: Application replay pass 1
==PROF== Profiling "vectorized_elementwise_kernel" - 525: Application replay pass 1
==PROF== Profiling "vectorized_elementwise_kernel" - 526: Application replay pass 1
==PROF== Profiling "sm80_xmma_gemm_f32f32_f32f32_..." - 527: Application replay pass 1
==PROF== Profiling "Kernel" - 528: Application replay pass 1
==PROF== Profiling "reduce_kernel" - 529: Application replay pass 1
==PROF== Profiling "vectorized_elementwise_kernel" - 530: Application replay pass 1
==PROF== Profiling "vectorized_elementwise_kernel" - 531: Application replay pass 1
==PROF== Profiling "vectorized_elementwise_kernel" - 532: Application replay pass 1
==PROF== Profiling "vectorized_elementwise_kernel" - 533: Application replay pass 1
==PROF== Profiling "vectorized_elementwise_kernel" - 534: Application replay pass 1
==PROF== Profiling "vectorized_elementwise_kernel" - 535: Application replay pass 1
==PROF== Profiling "vectorized_elementwise_kernel" - 536: Application replay pass 1
==PROF== Profiling "vectorized_elementwise_kernel" - 537: Application replay pass 1
==PROF== Profiling "vectorized_elementwise_kernel" - 538: Application replay pass 1
==PROF== Profiling "vectorized_elementwise_kernel" - 539: Application replay pass 1
==PROF== Profiling "vectorized_elementwise_kernel" - 540: Application replay pass 1
==PROF== Profiling "vectorized_elementwise_kernel" - 541: Application replay pass 1
==PROF== Profiling "vectorized_elementwise_kernel" - 542: Application replay pass 1
==PROF== Profiling "sm80_xmma_gemm_f32f32_f32f32_..." - 543: Application replay pass 1
==PROF== Profiling "Kernel" - 544: Application replay pass 1
==PROF== Profiling "reduce_kernel" - 545: Application replay pass 1
==PROF== Profiling "vectorized_elementwise_kernel" - 546: Application replay pass 1
==PROF== Profiling "vectorized_elementwise_kernel" - 547: Application replay pass 1
==PROF== Profiling "layer_norm_grad_input_kernel" - 548: Application replay pass 1
==PROF== Profiling "GammaBetaBackwardCUDAKernel_3..." - 549: Application replay pass 1
==PROF== Profiling "vectorized_elementwise_kernel" - 550: Application replay pass 1
==PROF== Profiling "vectorized_elementwise_kernel" - 551: Application replay pass 1
==PROF== Profiling "vectorized_elementwise_kernel" - 552: Application replay pass 1
==PROF== Profiling "vectorized_elementwise_kernel" - 553: Application replay pass 1
==PROF== Profiling "sm80_xmma_gemm_f32f32_f32f32_..." - 554: Application replay pass 1
==PROF== Profiling "Kernel" - 555: Application replay pass 1
==PROF== Profiling "splitKreduce_kernel" - 556: Application replay pass 1
==PROF== Profiling "reduce_kernel" - 557: Application replay pass 1
==PROF== Profiling "vectorized_elementwise_kernel" - 558: Application replay pass 1
==PROF== Profiling "vectorized_elementwise_kernel" - 559: Application replay pass 1
==PROF== Profiling "elementwise_kernel" - 560: Application replay pass 1
==PROF== Profiling "sm80_xmma_gemm_f32f32_f32f32_..." - 561: Application replay pass 1
==PROF== Profiling "sm80_xmma_gemm_f32f32_f32f32_..." - 562: Application replay pass 1
==PROF== Profiling "vectorized_elementwise_kernel" - 563: Application replay pass 1
==PROF== Profiling "vectorized_elementwise_kernel" - 564: Application replay pass 1
==PROF== Profiling "softmax_warp_backward" - 565: Application replay pass 1
==PROF== Profiling "vectorized_elementwise_kernel" - 566: Application replay pass 1
==PROF== Profiling "elementwise_kernel" - 567: Application replay pass 1
==PROF== Profiling "elementwise_kernel" - 568: Application replay pass 1
==PROF== Profiling "sm80_xmma_gemm_f32f32_f32f32_..." - 569: Application replay pass 1
==PROF== Profiling "sm80_xmma_gemm_f32f32_f32f32_..." - 570: Application replay pass 1
==PROF== Profiling "elementwise_kernel" - 571: Application replay pass 1
==PROF== Profiling "elementwise_kernel" - 572: Application replay pass 1
==PROF== Profiling "CatArrayBatchedCopy" - 573: Application replay pass 1
==PROF== Profiling "sm80_xmma_gemm_f32f32_f32f32_..." - 574: Application replay pass 1
==PROF== Profiling "Kernel" - 575: Application replay pass 1
==PROF== Profiling "reduce_kernel" - 576: Application replay pass 1
==PROF== Profiling "vectorized_elementwise_kernel" - 577: Application replay pass 1
==PROF== Profiling "vectorized_elementwise_kernel" - 578: Application replay pass 1
==PROF== Profiling "layer_norm_grad_input_kernel" - 579: Application replay pass 1
==PROF== Profiling "GammaBetaBackwardCUDAKernel_3..." - 580: Application replay pass 1
==PROF== Profiling "vectorized_elementwise_kernel" - 581: Application replay pass 1
==PROF== Profiling "vectorized_elementwise_kernel" - 582: Application replay pass 1
==PROF== Profiling "vectorized_elementwise_kernel" - 583: Application replay pass 1
==PROF== Profiling "vectorized_elementwise_kernel" - 584: Application replay pass 1
==PROF== Profiling "sm80_xmma_gemm_f32f32_f32f32_..." - 585: Application replay pass 1
==PROF== Profiling "Kernel" - 586: Application replay pass 1
==PROF== Profiling "reduce_kernel" - 587: Application replay pass 1
==PROF== Profiling "vectorized_elementwise_kernel" - 588: Application replay pass 1
==PROF== Profiling "vectorized_elementwise_kernel" - 589: Application replay pass 1
==PROF== Profiling "vectorized_elementwise_kernel" - 590: Application replay pass 1
==PROF== Profiling "vectorized_elementwise_kernel" - 591: Application replay pass 1
==PROF== Profiling "vectorized_elementwise_kernel" - 592: Application replay pass 1
==PROF== Profiling "vectorized_elementwise_kernel" - 593: Application replay pass 1
==PROF== Profiling "vectorized_elementwise_kernel" - 594: Application replay pass 1
==PROF== Profiling "vectorized_elementwise_kernel" - 595: Application replay pass 1
==PROF== Profiling "vectorized_elementwise_kernel" - 596: Application replay pass 1
==PROF== Profiling "vectorized_elementwise_kernel" - 597: Application replay pass 1
==PROF== Profiling "vectorized_elementwise_kernel" - 598: Application replay pass 1
==PROF== Profiling "vectorized_elementwise_kernel" - 599: Application replay pass 1
==PROF== Profiling "vectorized_elementwise_kernel" - 600: Application replay pass 1
==PROF== Profiling "sm80_xmma_gemm_f32f32_f32f32_..." - 601: Application replay pass 1
==PROF== Profiling "Kernel" - 602: Application replay pass 1
==PROF== Profiling "reduce_kernel" - 603: Application replay pass 1
==PROF== Profiling "vectorized_elementwise_kernel" - 604: Application replay pass 1
==PROF== Profiling "vectorized_elementwise_kernel" - 605: Application replay pass 1
==PROF== Profiling "layer_norm_grad_input_kernel" - 606: Application replay pass 1
==PROF== Profiling "GammaBetaBackwardCUDAKernel_3..." - 607: Application replay pass 1
==PROF== Profiling "vectorized_elementwise_kernel" - 608: Application replay pass 1
==PROF== Profiling "vectorized_elementwise_kernel" - 609: Application replay pass 1
==PROF== Profiling "vectorized_elementwise_kernel" - 610: Application replay pass 1
==PROF== Profiling "vectorized_elementwise_kernel" - 611: Application replay pass 1
==PROF== Profiling "sm80_xmma_gemm_f32f32_f32f32_..." - 612: Application replay pass 1
==PROF== Profiling "Kernel" - 613: Application replay pass 1
==PROF== Profiling "splitKreduce_kernel" - 614: Application replay pass 1
==PROF== Profiling "reduce_kernel" - 615: Application replay pass 1
==PROF== Profiling "vectorized_elementwise_kernel" - 616: Application replay pass 1
==PROF== Profiling "vectorized_elementwise_kernel" - 617: Application replay pass 1
==PROF== Profiling "elementwise_kernel" - 618: Application replay pass 1
==PROF== Profiling "sm80_xmma_gemm_f32f32_f32f32_..." - 619: Application replay pass 1
==PROF== Profiling "sm80_xmma_gemm_f32f32_f32f32_..." - 620: Application replay pass 1
==PROF== Profiling "vectorized_elementwise_kernel" - 621: Application replay pass 1
==PROF== Profiling "vectorized_elementwise_kernel" - 622: Application replay pass 1
==PROF== Profiling "softmax_warp_backward" - 623: Application replay pass 1
==PROF== Profiling "vectorized_elementwise_kernel" - 624: Application replay pass 1
==PROF== Profiling "elementwise_kernel" - 625: Application replay pass 1
==PROF== Profiling "elementwise_kernel" - 626: Application replay pass 1
==PROF== Profiling "sm80_xmma_gemm_f32f32_f32f32_..." - 627: Application replay pass 1
==PROF== Profiling "sm80_xmma_gemm_f32f32_f32f32_..." - 628: Application replay pass 1
==PROF== Profiling "elementwise_kernel" - 629: Application replay pass 1
==PROF== Profiling "elementwise_kernel" - 630: Application replay pass 1
==PROF== Profiling "CatArrayBatchedCopy" - 631: Application replay pass 1
==PROF== Profiling "sm80_xmma_gemm_f32f32_f32f32_..." - 632: Application replay pass 1
==PROF== Profiling "Kernel" - 633: Application replay pass 1
==PROF== Profiling "reduce_kernel" - 634: Application replay pass 1
==PROF== Profiling "vectorized_elementwise_kernel" - 635: Application replay pass 1
==PROF== Profiling "vectorized_elementwise_kernel" - 636: Application replay pass 1
==PROF== Profiling "layer_norm_grad_input_kernel" - 637: Application replay pass 1
==PROF== Profiling "GammaBetaBackwardCUDAKernel_3..." - 638: Application replay pass 1
==PROF== Profiling "vectorized_elementwise_kernel" - 639: Application replay pass 1
==PROF== Profiling "vectorized_elementwise_kernel" - 640: Application replay pass 1
==PROF== Profiling "vectorized_elementwise_kernel" - 641: Application replay pass 1
==PROF== Profiling "vectorized_elementwise_kernel" - 642: Application replay pass 1
==PROF== Profiling "sm80_xmma_gemm_f32f32_f32f32_..." - 643: Application replay pass 1
==PROF== Profiling "Kernel" - 644: Application replay pass 1
==PROF== Profiling "reduce_kernel" - 645: Application replay pass 1
==PROF== Profiling "vectorized_elementwise_kernel" - 646: Application replay pass 1
==PROF== Profiling "vectorized_elementwise_kernel" - 647: Application replay pass 1
==PROF== Profiling "vectorized_elementwise_kernel" - 648: Application replay pass 1
==PROF== Profiling "vectorized_elementwise_kernel" - 649: Application replay pass 1
==PROF== Profiling "vectorized_elementwise_kernel" - 650: Application replay pass 1
==PROF== Profiling "vectorized_elementwise_kernel" - 651: Application replay pass 1
==PROF== Profiling "vectorized_elementwise_kernel" - 652: Application replay pass 1
==PROF== Profiling "vectorized_elementwise_kernel" - 653: Application replay pass 1
==PROF== Profiling "vectorized_elementwise_kernel" - 654: Application replay pass 1
==PROF== Profiling "vectorized_elementwise_kernel" - 655: Application replay pass 1
==PROF== Profiling "vectorized_elementwise_kernel" - 656: Application replay pass 1
==PROF== Profiling "vectorized_elementwise_kernel" - 657: Application replay pass 1
==PROF== Profiling "vectorized_elementwise_kernel" - 658: Application replay pass 1
==PROF== Profiling "sm80_xmma_gemm_f32f32_f32f32_..." - 659: Application replay pass 1
==PROF== Profiling "Kernel" - 660: Application replay pass 1
==PROF== Profiling "reduce_kernel" - 661: Application replay pass 1
==PROF== Profiling "vectorized_elementwise_kernel" - 662: Application replay pass 1
==PROF== Profiling "vectorized_elementwise_kernel" - 663: Application replay pass 1
==PROF== Profiling "layer_norm_grad_input_kernel" - 664: Application replay pass 1
==PROF== Profiling "GammaBetaBackwardCUDAKernel_3..." - 665: Application replay pass 1
==PROF== Profiling "vectorized_elementwise_kernel" - 666: Application replay pass 1
==PROF== Profiling "vectorized_elementwise_kernel" - 667: Application replay pass 1
==PROF== Profiling "vectorized_elementwise_kernel" - 668: Application replay pass 1
==PROF== Profiling "vectorized_elementwise_kernel" - 669: Application replay pass 1
==PROF== Profiling "sm80_xmma_gemm_f32f32_f32f32_..." - 670: Application replay pass 1
==PROF== Profiling "Kernel" - 671: Application replay pass 1
==PROF== Profiling "splitKreduce_kernel" - 672: Application replay pass 1
==PROF== Profiling "reduce_kernel" - 673: Application replay pass 1
==PROF== Profiling "vectorized_elementwise_kernel" - 674: Application replay pass 1
==PROF== Profiling "vectorized_elementwise_kernel" - 675: Application replay pass 1
==PROF== Profiling "elementwise_kernel" - 676: Application replay pass 1
==PROF== Profiling "sm80_xmma_gemm_f32f32_f32f32_..." - 677: Application replay pass 1
==PROF== Profiling "sm80_xmma_gemm_f32f32_f32f32_..." - 678: Application replay pass 1
==PROF== Profiling "vectorized_elementwise_kernel" - 679: Application replay pass 1
==PROF== Profiling "vectorized_elementwise_kernel" - 680: Application replay pass 1
==PROF== Profiling "softmax_warp_backward" - 681: Application replay pass 1
==PROF== Profiling "vectorized_elementwise_kernel" - 682: Application replay pass 1
==PROF== Profiling "elementwise_kernel" - 683: Application replay pass 1
==PROF== Profiling "elementwise_kernel" - 684: Application replay pass 1
==PROF== Profiling "sm80_xmma_gemm_f32f32_f32f32_..." - 685: Application replay pass 1
==PROF== Profiling "sm80_xmma_gemm_f32f32_f32f32_..." - 686: Application replay pass 1
==PROF== Profiling "elementwise_kernel" - 687: Application replay pass 1
==PROF== Profiling "elementwise_kernel" - 688: Application replay pass 1
==PROF== Profiling "CatArrayBatchedCopy" - 689: Application replay pass 1
==PROF== Profiling "sm80_xmma_gemm_f32f32_f32f32_..." - 690: Application replay pass 1
==PROF== Profiling "Kernel" - 691: Application replay pass 1
==PROF== Profiling "reduce_kernel" - 692: Application replay pass 1
==PROF== Profiling "vectorized_elementwise_kernel" - 693: Application replay pass 1
==PROF== Profiling "vectorized_elementwise_kernel" - 694: Application replay pass 1
==PROF== Profiling "layer_norm_grad_input_kernel" - 695: Application replay pass 1
==PROF== Profiling "GammaBetaBackwardCUDAKernel_3..." - 696: Application replay pass 1
==PROF== Profiling "vectorized_elementwise_kernel" - 697: Application replay pass 1
==PROF== Profiling "vectorized_elementwise_kernel" - 698: Application replay pass 1
==PROF== Profiling "vectorized_elementwise_kernel" - 699: Application replay pass 1
==PROF== Profiling "vectorized_elementwise_kernel" - 700: Application replay pass 1
==PROF== Profiling "reduce_kernel" - 701: Application replay pass 1
==PROF== Profiling "vectorized_elementwise_kernel" - 702: Application replay pass 1
==PROF== Profiling "embedding_backward_feature_ke..." - 703: Application replay pass 1
==PROF== Profiling "vectorized_elementwise_kernel" - 704: Application replay pass 1
==PROF== Profiling "elementwise_kernel_with_index" - 705: Application replay pass 1
==PROF== Profiling "DeviceRadixSortHistogramKernel" - 706: Application replay pass 1
==PROF== Profiling "DeviceRadixSortExclusiveSumKe..." - 707: Application replay pass 1
==PROF== Profiling "DeviceRadixSortOnesweepKernel" - 708: Application replay pass 1
==PROF== Profiling "DeviceRadixSortOnesweepKernel" - 709: Application replay pass 1
==PROF== Profiling "DeviceRadixSortOnesweepKernel" - 710: Application replay pass 1
==PROF== Profiling "DeviceRadixSortOnesweepKernel" - 711: Application replay pass 1
==PROF== Profiling "DeviceRadixSortOnesweepKernel" - 712: Application replay pass 1
==PROF== Profiling "DeviceRadixSortOnesweepKernel" - 713: Application replay pass 1
==PROF== Profiling "DeviceRadixSortOnesweepKernel" - 714: Application replay pass 1
==PROF== Profiling "DeviceRadixSortOnesweepKernel" - 715: Application replay pass 1
==PROF== Profiling "vectorized_elementwise_kernel" - 716: Application replay pass 1
==PROF== Profiling "DeviceCompactInitKernel" - 717: Application replay pass 1
==PROF== Profiling "DeviceUniqueByKeySweepKernel" - 718: Application replay pass 1
==PROF== Profiling "krn_partials_per_segment" - 719: Application replay pass 1
==PROF== Profiling "DeviceScanInitKernel" - 720: Application replay pass 1
==PROF== Profiling "DeviceScanKernel" - 721: Application replay pass 1
==PROF== Profiling "compute_num_of_partial_segments" - 722: Application replay pass 1
==PROF== Profiling "krn_partial_segment_offset" - 723: Application replay pass 1
==PROF== Profiling "compute_grad_weight" - 724: Application replay pass 1
==PROF== Profiling "sum_and_scatter" - 725: Application replay pass 1
==PROF== Profiling "vectorized_elementwise_kernel" - 726: Application replay pass 1
debug: Rank 0: Stopping profiler
Rank 0, Epoch [3/3], Finished epoch.
debug: Cleaning up process group
debug: Rank 0: Training process completed
==PROF== Disconnected from process 465
debug: mp.spawn completed
PyTorch CUDA version: 12.1 matches with CUDA version required in environment config.
Configuration Values:
cuda version check: 12.1
world_size: 1
cap_size: 2
epochs: 3
batchsize: 16
debug: Starting mp.spawn...
debug: Rank 0: Running training process
debug: Rank 0: Preparing model and data
debug: Rank 0: Setting up process group
==PROF== Connected to process 1248 (/opt/conda/envs/echo_slowdown/bin/python3.10)
debug: Rank 0: Process group setup complete
debug: Rank 0: Starting training for 3 epochs
debug: Rank 0: Actual epoch 1/3 starting
Rank 0, Epoch [1/3], Finished epoch.
debug: Rank 0: Actual epoch 2/3 starting
Rank 0, Epoch [2/3], Finished epoch.
debug: Rank 0: Actual epoch 3/3 starting
debug: Rank 0: Starting backward pass profiling
==PROF== Profiling "layer_norm_grad_input_kernel" - 0: Application replay pass 2
==PROF== Profiling "GammaBetaBackwardCUDAKernel_3..." - 1: Application replay pass 2
==PROF== Profiling "vectorized_elementwise_kernel" - 2: Application replay pass 2
==PROF== Profiling "vectorized_elementwise_kernel" - 3: Application replay pass 2
==PROF== Profiling "vectorized_elementwise_kernel" - 4: Application replay pass 2
==PROF== Profiling "sm80_xmma_gemm_f32f32_f32f32_..." - 5: Application replay pass 2
==PROF== Profiling "Kernel" - 6: Application replay pass 2
==PROF== Profiling "reduce_kernel" - 7: Application replay pass 2
==PROF== Profiling "vectorized_elementwise_kernel" - 8: Application replay pass 2
==PROF== Profiling "vectorized_elementwise_kernel" - 9: Application replay pass 2
==PROF== Profiling "vectorized_elementwise_kernel" - 10: Application replay pass 2
==PROF== Profiling "vectorized_elementwise_kernel" - 11: Application replay pass 2
==PROF== Profiling "vectorized_elementwise_kernel" - 12: Application replay pass 2
==PROF== Profiling "vectorized_elementwise_kernel" - 13: Application replay pass 2
==PROF== Profiling "vectorized_elementwise_kernel" - 14: Application replay pass 2
==PROF== Profiling "vectorized_elementwise_kernel" - 15: Application replay pass 2
==PROF== Profiling "vectorized_elementwise_kernel" - 16: Application replay pass 2
==PROF== Profiling "vectorized_elementwise_kernel" - 17: Application replay pass 2
==PROF== Profiling "vectorized_elementwise_kernel" - 18: Application replay pass 2
==PROF== Profiling "vectorized_elementwise_kernel" - 19: Application replay pass 2
==PROF== Profiling "vectorized_elementwise_kernel" - 20: Application replay pass 2
==PROF== Profiling "sm80_xmma_gemm_f32f32_f32f32_..." - 21: Application replay pass 2
==PROF== Profiling "Kernel" - 22: Application replay pass 2
==PROF== Profiling "reduce_kernel" - 23: Application replay pass 2
==PROF== Profiling "vectorized_elementwise_kernel" - 24: Application replay pass 2
==PROF== Profiling "vectorized_elementwise_kernel" - 25: Application replay pass 2
==PROF== Profiling "layer_norm_grad_input_kernel" - 26: Application replay pass 2
==PROF== Profiling "GammaBetaBackwardCUDAKernel_3..." - 27: Application replay pass 2
==PROF== Profiling "vectorized_elementwise_kernel" - 28: Application replay pass 2
==PROF== Profiling "vectorized_elementwise_kernel" - 29: Application replay pass 2
==PROF== Profiling "vectorized_elementwise_kernel" - 30: Application replay pass 2
==PROF== Profiling "vectorized_elementwise_kernel" - 31: Application replay pass 2
==PROF== Profiling "sm80_xmma_gemm_f32f32_f32f32_..." - 32: Application replay pass 2
==PROF== Profiling "Kernel" - 33: Application replay pass 2
==PROF== Profiling "splitKreduce_kernel" - 34: Application replay pass 2
==PROF== Profiling "reduce_kernel" - 35: Application replay pass 2
==PROF== Profiling "vectorized_elementwise_kernel" - 36: Application replay pass 2
==PROF== Profiling "vectorized_elementwise_kernel" - 37: Application replay pass 2
==PROF== Profiling "elementwise_kernel" - 38: Application replay pass 2
==PROF== Profiling "sm80_xmma_gemm_f32f32_f32f32_..." - 39: Application replay pass 2
==PROF== Profiling "sm80_xmma_gemm_f32f32_f32f32_..." - 40: Application replay pass 2
==PROF== Profiling "vectorized_elementwise_kernel" - 41: Application replay pass 2
==PROF== Profiling "vectorized_elementwise_kernel" - 42: Application replay pass 2
==PROF== Profiling "softmax_warp_backward" - 43: Application replay pass 2
==PROF== Profiling "vectorized_elementwise_kernel" - 44: Application replay pass 2
==PROF== Profiling "elementwise_kernel" - 45: Application replay pass 2
==PROF== Profiling "elementwise_kernel" - 46: Application replay pass 2
==PROF== Profiling "sm80_xmma_gemm_f32f32_f32f32_..." - 47: Application replay pass 2
==PROF== Profiling "sm80_xmma_gemm_f32f32_f32f32_..." - 48: Application replay pass 2
==PROF== Profiling "elementwise_kernel" - 49: Application replay pass 2
==PROF== Profiling "elementwise_kernel" - 50: Application replay pass 2
==PROF== Profiling "CatArrayBatchedCopy" - 51: Application replay pass 2
==PROF== Profiling "sm80_xmma_gemm_f32f32_f32f32_..." - 52: Application replay pass 2
==PROF== Profiling "Kernel" - 53: Application replay pass 2
==PROF== Profiling "reduce_kernel" - 54: Application replay pass 2
==PROF== Profiling "vectorized_elementwise_kernel" - 55: Application replay pass 2
==PROF== Profiling "vectorized_elementwise_kernel" - 56: Application replay pass 2
==PROF== Profiling "layer_norm_grad_input_kernel" - 57: Application replay pass 2
==PROF== Profiling "GammaBetaBackwardCUDAKernel_3..." - 58: Application replay pass 2
==PROF== Profiling "vectorized_elementwise_kernel" - 59: Application replay pass 2
==PROF== Profiling "vectorized_elementwise_kernel" - 60: Application replay pass 2
==PROF== Profiling "vectorized_elementwise_kernel" - 61: Application replay pass 2
==PROF== Profiling "vectorized_elementwise_kernel" - 62: Application replay pass 2
==PROF== Profiling "sm80_xmma_gemm_f32f32_f32f32_..." - 63: Application replay pass 2
==PROF== Profiling "Kernel" - 64: Application replay pass 2
==PROF== Profiling "reduce_kernel" - 65: Application replay pass 2
==PROF== Profiling "vectorized_elementwise_kernel" - 66: Application replay pass 2
==PROF== Profiling "vectorized_elementwise_kernel" - 67: Application replay pass 2
==PROF== Profiling "vectorized_elementwise_kernel" - 68: Application replay pass 2
==PROF== Profiling "vectorized_elementwise_kernel" - 69: Application replay pass 2
==PROF== Profiling "vectorized_elementwise_kernel" - 70: Application replay pass 2
==PROF== Profiling "vectorized_elementwise_kernel" - 71: Application replay pass 2
==PROF== Profiling "vectorized_elementwise_kernel" - 72: Application replay pass 2
==PROF== Profiling "vectorized_elementwise_kernel" - 73: Application replay pass 2
==PROF== Profiling "vectorized_elementwise_kernel" - 74: Application replay pass 2
==PROF== Profiling "vectorized_elementwise_kernel" - 75: Application replay pass 2
==PROF== Profiling "vectorized_elementwise_kernel" - 76: Application replay pass 2
==PROF== Profiling "vectorized_elementwise_kernel" - 77: Application replay pass 2
==PROF== Profiling "vectorized_elementwise_kernel" - 78: Application replay pass 2
==PROF== Profiling "sm80_xmma_gemm_f32f32_f32f32_..." - 79: Application replay pass 2
==PROF== Profiling "Kernel" - 80: Application replay pass 2
==PROF== Profiling "reduce_kernel" - 81: Application replay pass 2
==PROF== Profiling "vectorized_elementwise_kernel" - 82: Application replay pass 2
==PROF== Profiling "vectorized_elementwise_kernel" - 83: Application replay pass 2
==PROF== Profiling "layer_norm_grad_input_kernel" - 84: Application replay pass 2
==PROF== Profiling "GammaBetaBackwardCUDAKernel_3..." - 85: Application replay pass 2
==PROF== Profiling "vectorized_elementwise_kernel" - 86: Application replay pass 2
==PROF== Profiling "vectorized_elementwise_kernel" - 87: Application replay pass 2
==PROF== Profiling "vectorized_elementwise_kernel" - 88: Application replay pass 2
==PROF== Profiling "vectorized_elementwise_kernel" - 89: Application replay pass 2
==PROF== Profiling "sm80_xmma_gemm_f32f32_f32f32_..." - 90: Application replay pass 2
==PROF== Profiling "Kernel" - 91: Application replay pass 2
==PROF== Profiling "splitKreduce_kernel" - 92: Application replay pass 2
==PROF== Profiling "reduce_kernel" - 93: Application replay pass 2
==PROF== Profiling "vectorized_elementwise_kernel" - 94: Application replay pass 2
==PROF== Profiling "vectorized_elementwise_kernel" - 95: Application replay pass 2
==PROF== Profiling "elementwise_kernel" - 96: Application replay pass 2
==PROF== Profiling "sm80_xmma_gemm_f32f32_f32f32_..." - 97: Application replay pass 2
==PROF== Profiling "sm80_xmma_gemm_f32f32_f32f32_..." - 98: Application replay pass 2
==PROF== Profiling "vectorized_elementwise_kernel" - 99: Application replay pass 2
==PROF== Profiling "vectorized_elementwise_kernel" - 100: Application replay pass 2
==PROF== Profiling "softmax_warp_backward" - 101: Application replay pass 2
==PROF== Profiling "vectorized_elementwise_kernel" - 102: Application replay pass 2
==PROF== Profiling "elementwise_kernel" - 103: Application replay pass 2
==PROF== Profiling "elementwise_kernel" - 104: Application replay pass 2
==PROF== Profiling "sm80_xmma_gemm_f32f32_f32f32_..." - 105: Application replay pass 2
==PROF== Profiling "sm80_xmma_gemm_f32f32_f32f32_..." - 106: Application replay pass 2
==PROF== Profiling "elementwise_kernel" - 107: Application replay pass 2
==PROF== Profiling "elementwise_kernel" - 108: Application replay pass 2
==PROF== Profiling "CatArrayBatchedCopy" - 109: Application replay pass 2
==PROF== Profiling "sm80_xmma_gemm_f32f32_f32f32_..." - 110: Application replay pass 2
==PROF== Profiling "Kernel" - 111: Application replay pass 2
==PROF== Profiling "reduce_kernel" - 112: Application replay pass 2
==PROF== Profiling "vectorized_elementwise_kernel" - 113: Application replay pass 2
==PROF== Profiling "vectorized_elementwise_kernel" - 114: Application replay pass 2
==PROF== Profiling "layer_norm_grad_input_kernel" - 115: Application replay pass 2
==PROF== Profiling "GammaBetaBackwardCUDAKernel_3..." - 116: Application replay pass 2
==PROF== Profiling "vectorized_elementwise_kernel" - 117: Application replay pass 2
==PROF== Profiling "vectorized_elementwise_kernel" - 118: Application replay pass 2
==PROF== Profiling "vectorized_elementwise_kernel" - 119: Application replay pass 2
==PROF== Profiling "vectorized_elementwise_kernel" - 120: Application replay pass 2
==PROF== Profiling "sm80_xmma_gemm_f32f32_f32f32_..." - 121: Application replay pass 2
==PROF== Profiling "Kernel" - 122: Application replay pass 2
==PROF== Profiling "reduce_kernel" - 123: Application replay pass 2
==PROF== Profiling "vectorized_elementwise_kernel" - 124: Application replay pass 2
==PROF== Profiling "vectorized_elementwise_kernel" - 125: Application replay pass 2
==PROF== Profiling "vectorized_elementwise_kernel" - 126: Application replay pass 2
==PROF== Profiling "vectorized_elementwise_kernel" - 127: Application replay pass 2
==PROF== Profiling "vectorized_elementwise_kernel" - 128: Application replay pass 2
==PROF== Profiling "vectorized_elementwise_kernel" - 129: Application replay pass 2
==PROF== Profiling "vectorized_elementwise_kernel" - 130: Application replay pass 2
==PROF== Profiling "vectorized_elementwise_kernel" - 131: Application replay pass 2
==PROF== Profiling "vectorized_elementwise_kernel" - 132: Application replay pass 2
==PROF== Profiling "vectorized_elementwise_kernel" - 133: Application replay pass 2
==PROF== Profiling "vectorized_elementwise_kernel" - 134: Application replay pass 2
==PROF== Profiling "vectorized_elementwise_kernel" - 135: Application replay pass 2
==PROF== Profiling "vectorized_elementwise_kernel" - 136: Application replay pass 2
==PROF== Profiling "sm80_xmma_gemm_f32f32_f32f32_..." - 137: Application replay pass 2
==PROF== Profiling "Kernel" - 138: Application replay pass 2
==PROF== Profiling "reduce_kernel" - 139: Application replay pass 2
==PROF== Profiling "vectorized_elementwise_kernel" - 140: Application replay pass 2
==PROF== Profiling "vectorized_elementwise_kernel" - 141: Application replay pass 2
==PROF== Profiling "layer_norm_grad_input_kernel" - 142: Application replay pass 2
==PROF== Profiling "GammaBetaBackwardCUDAKernel_3..." - 143: Application replay pass 2
==PROF== Profiling "vectorized_elementwise_kernel" - 144: Application replay pass 2
==PROF== Profiling "vectorized_elementwise_kernel" - 145: Application replay pass 2
==PROF== Profiling "vectorized_elementwise_kernel" - 146: Application replay pass 2
==PROF== Profiling "vectorized_elementwise_kernel" - 147: Application replay pass 2
==PROF== Profiling "sm80_xmma_gemm_f32f32_f32f32_..." - 148: Application replay pass 2
==PROF== Profiling "Kernel" - 149: Application replay pass 2
==PROF== Profiling "splitKreduce_kernel" - 150: Application replay pass 2
==PROF== Profiling "reduce_kernel" - 151: Application replay pass 2
==PROF== Profiling "vectorized_elementwise_kernel" - 152: Application replay pass 2
==PROF== Profiling "vectorized_elementwise_kernel" - 153: Application replay pass 2
==PROF== Profiling "elementwise_kernel" - 154: Application replay pass 2
==PROF== Profiling "sm80_xmma_gemm_f32f32_f32f32_..." - 155: Application replay pass 2
==PROF== Profiling "sm80_xmma_gemm_f32f32_f32f32_..." - 156: Application replay pass 2
==PROF== Profiling "vectorized_elementwise_kernel" - 157: Application replay pass 2
==PROF== Profiling "vectorized_elementwise_kernel" - 158: Application replay pass 2
==PROF== Profiling "softmax_warp_backward" - 159: Application replay pass 2
==PROF== Profiling "vectorized_elementwise_kernel" - 160: Application replay pass 2
==PROF== Profiling "elementwise_kernel" - 161: Application replay pass 2
==PROF== Profiling "elementwise_kernel" - 162: Application replay pass 2
==PROF== Profiling "sm80_xmma_gemm_f32f32_f32f32_..." - 163: Application replay pass 2
==PROF== Profiling "sm80_xmma_gemm_f32f32_f32f32_..." - 164: Application replay pass 2
==PROF== Profiling "elementwise_kernel" - 165: Application replay pass 2
==PROF== Profiling "elementwise_kernel" - 166: Application replay pass 2
==PROF== Profiling "CatArrayBatchedCopy" - 167: Application replay pass 2
==PROF== Profiling "sm80_xmma_gemm_f32f32_f32f32_..." - 168: Application replay pass 2
==PROF== Profiling "Kernel" - 169: Application replay pass 2
==PROF== Profiling "reduce_kernel" - 170: Application replay pass 2
==PROF== Profiling "vectorized_elementwise_kernel" - 171: Application replay pass 2
==PROF== Profiling "vectorized_elementwise_kernel" - 172: Application replay pass 2
==PROF== Profiling "layer_norm_grad_input_kernel" - 173: Application replay pass 2
==PROF== Profiling "GammaBetaBackwardCUDAKernel_3..." - 174: Application replay pass 2
==PROF== Profiling "vectorized_elementwise_kernel" - 175: Application replay pass 2
==PROF== Profiling "vectorized_elementwise_kernel" - 176: Application replay pass 2
==PROF== Profiling "vectorized_elementwise_kernel" - 177: Application replay pass 2
==PROF== Profiling "vectorized_elementwise_kernel" - 178: Application replay pass 2
==PROF== Profiling "sm80_xmma_gemm_f32f32_f32f32_..." - 179: Application replay pass 2
==PROF== Profiling "Kernel" - 180: Application replay pass 2
==PROF== Profiling "reduce_kernel" - 181: Application replay pass 2
==PROF== Profiling "vectorized_elementwise_kernel" - 182: Application replay pass 2
==PROF== Profiling "vectorized_elementwise_kernel" - 183: Application replay pass 2
==PROF== Profiling "vectorized_elementwise_kernel" - 184: Application replay pass 2
==PROF== Profiling "vectorized_elementwise_kernel" - 185: Application replay pass 2
==PROF== Profiling "vectorized_elementwise_kernel" - 186: Application replay pass 2
==PROF== Profiling "vectorized_elementwise_kernel" - 187: Application replay pass 2
==PROF== Profiling "vectorized_elementwise_kernel" - 188: Application replay pass 2
==PROF== Profiling "vectorized_elementwise_kernel" - 189: Application replay pass 2
==PROF== Profiling "vectorized_elementwise_kernel" - 190: Application replay pass 2
==PROF== Profiling "vectorized_elementwise_kernel" - 191: Application replay pass 2
==PROF== Profiling "vectorized_elementwise_kernel" - 192: Application replay pass 2
==PROF== Profiling "vectorized_elementwise_kernel" - 193: Application replay pass 2
==PROF== Profiling "vectorized_elementwise_kernel" - 194: Application replay pass 2
==PROF== Profiling "sm80_xmma_gemm_f32f32_f32f32_..." - 195: Application replay pass 2
==PROF== Profiling "Kernel" - 196: Application replay pass 2
==PROF== Profiling "reduce_kernel" - 197: Application replay pass 2
==PROF== Profiling "vectorized_elementwise_kernel" - 198: Application replay pass 2
==PROF== Profiling "vectorized_elementwise_kernel" - 199: Application replay pass 2
==PROF== Profiling "layer_norm_grad_input_kernel" - 200: Application replay pass 2
==PROF== Profiling "GammaBetaBackwardCUDAKernel_3..." - 201: Application replay pass 2
==PROF== Profiling "vectorized_elementwise_kernel" - 202: Application replay pass 2
==PROF== Profiling "vectorized_elementwise_kernel" - 203: Application replay pass 2
==PROF== Profiling "vectorized_elementwise_kernel" - 204: Application replay pass 2
==PROF== Profiling "vectorized_elementwise_kernel" - 205: Application replay pass 2
==PROF== Profiling "sm80_xmma_gemm_f32f32_f32f32_..." - 206: Application replay pass 2
==PROF== Profiling "Kernel" - 207: Application replay pass 2
==PROF== Profiling "splitKreduce_kernel" - 208: Application replay pass 2
==PROF== Profiling "reduce_kernel" - 209: Application replay pass 2
==PROF== Profiling "vectorized_elementwise_kernel" - 210: Application replay pass 2
==PROF== Profiling "vectorized_elementwise_kernel" - 211: Application replay pass 2
==PROF== Profiling "elementwise_kernel" - 212: Application replay pass 2
==PROF== Profiling "sm80_xmma_gemm_f32f32_f32f32_..." - 213: Application replay pass 2
==PROF== Profiling "sm80_xmma_gemm_f32f32_f32f32_..." - 214: Application replay pass 2
==PROF== Profiling "vectorized_elementwise_kernel" - 215: Application replay pass 2
==PROF== Profiling "vectorized_elementwise_kernel" - 216: Application replay pass 2
==PROF== Profiling "softmax_warp_backward" - 217: Application replay pass 2
==PROF== Profiling "vectorized_elementwise_kernel" - 218: Application replay pass 2
==PROF== Profiling "elementwise_kernel" - 219: Application replay pass 2
==PROF== Profiling "elementwise_kernel" - 220: Application replay pass 2
==PROF== Profiling "sm80_xmma_gemm_f32f32_f32f32_..." - 221: Application replay pass 2
==PROF== Profiling "sm80_xmma_gemm_f32f32_f32f32_..." - 222: Application replay pass 2
==PROF== Profiling "elementwise_kernel" - 223: Application replay pass 2
==PROF== Profiling "elementwise_kernel" - 224: Application replay pass 2
==PROF== Profiling "CatArrayBatchedCopy" - 225: Application replay pass 2
==PROF== Profiling "sm80_xmma_gemm_f32f32_f32f32_..." - 226: Application replay pass 2
==PROF== Profiling "Kernel" - 227: Application replay pass 2
==PROF== Profiling "reduce_kernel" - 228: Application replay pass 2
==PROF== Profiling "vectorized_elementwise_kernel" - 229: Application replay pass 2
==PROF== Profiling "vectorized_elementwise_kernel" - 230: Application replay pass 2
==PROF== Profiling "layer_norm_grad_input_kernel" - 231: Application replay pass 2
==PROF== Profiling "GammaBetaBackwardCUDAKernel_3..." - 232: Application replay pass 2
==PROF== Profiling "vectorized_elementwise_kernel" - 233: Application replay pass 2
==PROF== Profiling "vectorized_elementwise_kernel" - 234: Application replay pass 2
==PROF== Profiling "vectorized_elementwise_kernel" - 235: Application replay pass 2
==PROF== Profiling "vectorized_elementwise_kernel" - 236: Application replay pass 2
==PROF== Profiling "sm80_xmma_gemm_f32f32_f32f32_..." - 237: Application replay pass 2
==PROF== Profiling "Kernel" - 238: Application replay pass 2
==PROF== Profiling "reduce_kernel" - 239: Application replay pass 2
==PROF== Profiling "vectorized_elementwise_kernel" - 240: Application replay pass 2
==PROF== Profiling "vectorized_elementwise_kernel" - 241: Application replay pass 2
==PROF== Profiling "vectorized_elementwise_kernel" - 242: Application replay pass 2
==PROF== Profiling "vectorized_elementwise_kernel" - 243: Application replay pass 2
==PROF== Profiling "vectorized_elementwise_kernel" - 244: Application replay pass 2
==PROF== Profiling "vectorized_elementwise_kernel" - 245: Application replay pass 2
==PROF== Profiling "vectorized_elementwise_kernel" - 246: Application replay pass 2
==PROF== Profiling "vectorized_elementwise_kernel" - 247: Application replay pass 2
==PROF== Profiling "vectorized_elementwise_kernel" - 248: Application replay pass 2
==PROF== Profiling "vectorized_elementwise_kernel" - 249: Application replay pass 2
==PROF== Profiling "vectorized_elementwise_kernel" - 250: Application replay pass 2
==PROF== Profiling "vectorized_elementwise_kernel" - 251: Application replay pass 2
==PROF== Profiling "vectorized_elementwise_kernel" - 252: Application replay pass 2
==PROF== Profiling "sm80_xmma_gemm_f32f32_f32f32_..." - 253: Application replay pass 2
==PROF== Profiling "Kernel" - 254: Application replay pass 2
==PROF== Profiling "reduce_kernel" - 255: Application replay pass 2
==PROF== Profiling "vectorized_elementwise_kernel" - 256: Application replay pass 2
==PROF== Profiling "vectorized_elementwise_kernel" - 257: Application replay pass 2
==PROF== Profiling "layer_norm_grad_input_kernel" - 258: Application replay pass 2
==PROF== Profiling "GammaBetaBackwardCUDAKernel_3..." - 259: Application replay pass 2
==PROF== Profiling "vectorized_elementwise_kernel" - 260: Application replay pass 2
==PROF== Profiling "vectorized_elementwise_kernel" - 261: Application replay pass 2
==PROF== Profiling "vectorized_elementwise_kernel" - 262: Application replay pass 2
==PROF== Profiling "vectorized_elementwise_kernel" - 263: Application replay pass 2
==PROF== Profiling "sm80_xmma_gemm_f32f32_f32f32_..." - 264: Application replay pass 2
==PROF== Profiling "Kernel" - 265: Application replay pass 2
==PROF== Profiling "splitKreduce_kernel" - 266: Application replay pass 2
==PROF== Profiling "reduce_kernel" - 267: Application replay pass 2
==PROF== Profiling "vectorized_elementwise_kernel" - 268: Application replay pass 2
==PROF== Profiling "vectorized_elementwise_kernel" - 269: Application replay pass 2
==PROF== Profiling "elementwise_kernel" - 270: Application replay pass 2
==PROF== Profiling "sm80_xmma_gemm_f32f32_f32f32_..." - 271: Application replay pass 2
==PROF== Profiling "sm80_xmma_gemm_f32f32_f32f32_..." - 272: Application replay pass 2
==PROF== Profiling "vectorized_elementwise_kernel" - 273: Application replay pass 2
==PROF== Profiling "vectorized_elementwise_kernel" - 274: Application replay pass 2
==PROF== Profiling "softmax_warp_backward" - 275: Application replay pass 2
==PROF== Profiling "vectorized_elementwise_kernel" - 276: Application replay pass 2
==PROF== Profiling "elementwise_kernel" - 277: Application replay pass 2
==PROF== Profiling "elementwise_kernel" - 278: Application replay pass 2
==PROF== Profiling "sm80_xmma_gemm_f32f32_f32f32_..." - 279: Application replay pass 2
==PROF== Profiling "sm80_xmma_gemm_f32f32_f32f32_..." - 280: Application replay pass 2
==PROF== Profiling "elementwise_kernel" - 281: Application replay pass 2
==PROF== Profiling "elementwise_kernel" - 282: Application replay pass 2
==PROF== Profiling "CatArrayBatchedCopy" - 283: Application replay pass 2
==PROF== Profiling "sm80_xmma_gemm_f32f32_f32f32_..." - 284: Application replay pass 2
==PROF== Profiling "Kernel" - 285: Application replay pass 2
==PROF== Profiling "reduce_kernel" - 286: Application replay pass 2
==PROF== Profiling "vectorized_elementwise_kernel" - 287: Application replay pass 2
==PROF== Profiling "vectorized_elementwise_kernel" - 288: Application replay pass 2
==PROF== Profiling "layer_norm_grad_input_kernel" - 289: Application replay pass 2
==PROF== Profiling "GammaBetaBackwardCUDAKernel_3..." - 290: Application replay pass 2
==PROF== Profiling "vectorized_elementwise_kernel" - 291: Application replay pass 2
==PROF== Profiling "vectorized_elementwise_kernel" - 292: Application replay pass 2
==PROF== Profiling "vectorized_elementwise_kernel" - 293: Application replay pass 2
==PROF== Profiling "vectorized_elementwise_kernel" - 294: Application replay pass 2
==PROF== Profiling "sm80_xmma_gemm_f32f32_f32f32_..." - 295: Application replay pass 2
==PROF== Profiling "Kernel" - 296: Application replay pass 2
==PROF== Profiling "reduce_kernel" - 297: Application replay pass 2
==PROF== Profiling "vectorized_elementwise_kernel" - 298: Application replay pass 2
==PROF== Profiling "vectorized_elementwise_kernel" - 299: Application replay pass 2
==PROF== Profiling "vectorized_elementwise_kernel" - 300: Application replay pass 2
==PROF== Profiling "vectorized_elementwise_kernel" - 301: Application replay pass 2
==PROF== Profiling "vectorized_elementwise_kernel" - 302: Application replay pass 2
==PROF== Profiling "vectorized_elementwise_kernel" - 303: Application replay pass 2
==PROF== Profiling "vectorized_elementwise_kernel" - 304: Application replay pass 2
==PROF== Profiling "vectorized_elementwise_kernel" - 305: Application replay pass 2
==PROF== Profiling "vectorized_elementwise_kernel" - 306: Application replay pass 2
==PROF== Profiling "vectorized_elementwise_kernel" - 307: Application replay pass 2
==PROF== Profiling "vectorized_elementwise_kernel" - 308: Application replay pass 2
==PROF== Profiling "vectorized_elementwise_kernel" - 309: Application replay pass 2
==PROF== Profiling "vectorized_elementwise_kernel" - 310: Application replay pass 2
==PROF== Profiling "sm80_xmma_gemm_f32f32_f32f32_..." - 311: Application replay pass 2
==PROF== Profiling "Kernel" - 312: Application replay pass 2
==PROF== Profiling "reduce_kernel" - 313: Application replay pass 2
==PROF== Profiling "vectorized_elementwise_kernel" - 314: Application replay pass 2
==PROF== Profiling "vectorized_elementwise_kernel" - 315: Application replay pass 2
==PROF== Profiling "layer_norm_grad_input_kernel" - 316: Application replay pass 2
==PROF== Profiling "GammaBetaBackwardCUDAKernel_3..." - 317: Application replay pass 2
==PROF== Profiling "vectorized_elementwise_kernel" - 318: Application replay pass 2
==PROF== Profiling "vectorized_elementwise_kernel" - 319: Application replay pass 2
==PROF== Profiling "vectorized_elementwise_kernel" - 320: Application replay pass 2
==PROF== Profiling "vectorized_elementwise_kernel" - 321: Application replay pass 2
==PROF== Profiling "sm80_xmma_gemm_f32f32_f32f32_..." - 322: Application replay pass 2
==PROF== Profiling "Kernel" - 323: Application replay pass 2
==PROF== Profiling "splitKreduce_kernel" - 324: Application replay pass 2
==PROF== Profiling "reduce_kernel" - 325: Application replay pass 2
==PROF== Profiling "vectorized_elementwise_kernel" - 326: Application replay pass 2
==PROF== Profiling "vectorized_elementwise_kernel" - 327: Application replay pass 2
==PROF== Profiling "elementwise_kernel" - 328: Application replay pass 2
==PROF== Profiling "sm80_xmma_gemm_f32f32_f32f32_..." - 329: Application replay pass 2
==PROF== Profiling "sm80_xmma_gemm_f32f32_f32f32_..." - 330: Application replay pass 2
==PROF== Profiling "vectorized_elementwise_kernel" - 331: Application replay pass 2
==PROF== Profiling "vectorized_elementwise_kernel" - 332: Application replay pass 2
==PROF== Profiling "softmax_warp_backward" - 333: Application replay pass 2
==PROF== Profiling "vectorized_elementwise_kernel" - 334: Application replay pass 2
==PROF== Profiling "elementwise_kernel" - 335: Application replay pass 2
==PROF== Profiling "elementwise_kernel" - 336: Application replay pass 2
==PROF== Profiling "sm80_xmma_gemm_f32f32_f32f32_..." - 337: Application replay pass 2
==PROF== Profiling "sm80_xmma_gemm_f32f32_f32f32_..." - 338: Application replay pass 2
==PROF== Profiling "elementwise_kernel" - 339: Application replay pass 2
==PROF== Profiling "elementwise_kernel" - 340: Application replay pass 2
==PROF== Profiling "CatArrayBatchedCopy" - 341: Application replay pass 2
==PROF== Profiling "sm80_xmma_gemm_f32f32_f32f32_..." - 342: Application replay pass 2
==PROF== Profiling "Kernel" - 343: Application replay pass 2
==PROF== Profiling "reduce_kernel" - 344: Application replay pass 2
==PROF== Profiling "vectorized_elementwise_kernel" - 345: Application replay pass 2
==PROF== Profiling "vectorized_elementwise_kernel" - 346: Application replay pass 2
==PROF== Profiling "layer_norm_grad_input_kernel" - 347: Application replay pass 2
==PROF== Profiling "GammaBetaBackwardCUDAKernel_3..." - 348: Application replay pass 2
==PROF== Profiling "vectorized_elementwise_kernel" - 349: Application replay pass 2
==PROF== Profiling "vectorized_elementwise_kernel" - 350: Application replay pass 2
==PROF== Profiling "vectorized_elementwise_kernel" - 351: Application replay pass 2
==PROF== Profiling "vectorized_elementwise_kernel" - 352: Application replay pass 2
==PROF== Profiling "sm80_xmma_gemm_f32f32_f32f32_..." - 353: Application replay pass 2
==PROF== Profiling "Kernel" - 354: Application replay pass 2
==PROF== Profiling "reduce_kernel" - 355: Application replay pass 2
==PROF== Profiling "vectorized_elementwise_kernel" - 356: Application replay pass 2
==PROF== Profiling "vectorized_elementwise_kernel" - 357: Application replay pass 2
==PROF== Profiling "vectorized_elementwise_kernel" - 358: Application replay pass 2
==PROF== Profiling "vectorized_elementwise_kernel" - 359: Application replay pass 2
==PROF== Profiling "vectorized_elementwise_kernel" - 360: Application replay pass 2
==PROF== Profiling "vectorized_elementwise_kernel" - 361: Application replay pass 2
==PROF== Profiling "vectorized_elementwise_kernel" - 362: Application replay pass 2
==PROF== Profiling "vectorized_elementwise_kernel" - 363: Application replay pass 2
==PROF== Profiling "vectorized_elementwise_kernel" - 364: Application replay pass 2
==PROF== Profiling "vectorized_elementwise_kernel" - 365: Application replay pass 2
==PROF== Profiling "vectorized_elementwise_kernel" - 366: Application replay pass 2
==PROF== Profiling "vectorized_elementwise_kernel" - 367: Application replay pass 2
==PROF== Profiling "vectorized_elementwise_kernel" - 368: Application replay pass 2
==PROF== Profiling "sm80_xmma_gemm_f32f32_f32f32_..." - 369: Application replay pass 2
==PROF== Profiling "Kernel" - 370: Application replay pass 2
==PROF== Profiling "reduce_kernel" - 371: Application replay pass 2
==PROF== Profiling "vectorized_elementwise_kernel" - 372: Application replay pass 2
==PROF== Profiling "vectorized_elementwise_kernel" - 373: Application replay pass 2
==PROF== Profiling "layer_norm_grad_input_kernel" - 374: Application replay pass 2
==PROF== Profiling "GammaBetaBackwardCUDAKernel_3..." - 375: Application replay pass 2
==PROF== Profiling "vectorized_elementwise_kernel" - 376: Application replay pass 2
==PROF== Profiling "vectorized_elementwise_kernel" - 377: Application replay pass 2
==PROF== Profiling "vectorized_elementwise_kernel" - 378: Application replay pass 2
==PROF== Profiling "vectorized_elementwise_kernel" - 379: Application replay pass 2
==PROF== Profiling "sm80_xmma_gemm_f32f32_f32f32_..." - 380: Application replay pass 2
==PROF== Profiling "Kernel" - 381: Application replay pass 2
==PROF== Profiling "splitKreduce_kernel" - 382: Application replay pass 2
==PROF== Profiling "reduce_kernel" - 383: Application replay pass 2
==PROF== Profiling "vectorized_elementwise_kernel" - 384: Application replay pass 2
==PROF== Profiling "vectorized_elementwise_kernel" - 385: Application replay pass 2
==PROF== Profiling "elementwise_kernel" - 386: Application replay pass 2
==PROF== Profiling "sm80_xmma_gemm_f32f32_f32f32_..." - 387: Application replay pass 2
==PROF== Profiling "sm80_xmma_gemm_f32f32_f32f32_..." - 388: Application replay pass 2
==PROF== Profiling "vectorized_elementwise_kernel" - 389: Application replay pass 2
==PROF== Profiling "vectorized_elementwise_kernel" - 390: Application replay pass 2
==PROF== Profiling "softmax_warp_backward" - 391: Application replay pass 2
==PROF== Profiling "vectorized_elementwise_kernel" - 392: Application replay pass 2
==PROF== Profiling "elementwise_kernel" - 393: Application replay pass 2
==PROF== Profiling "elementwise_kernel" - 394: Application replay pass 2
==PROF== Profiling "sm80_xmma_gemm_f32f32_f32f32_..." - 395: Application replay pass 2
==PROF== Profiling "sm80_xmma_gemm_f32f32_f32f32_..." - 396: Application replay pass 2
==PROF== Profiling "elementwise_kernel" - 397: Application replay pass 2
==PROF== Profiling "elementwise_kernel" - 398: Application replay pass 2
==PROF== Profiling "CatArrayBatchedCopy" - 399: Application replay pass 2
==PROF== Profiling "sm80_xmma_gemm_f32f32_f32f32_..." - 400: Application replay pass 2
==PROF== Profiling "Kernel" - 401: Application replay pass 2
==PROF== Profiling "reduce_kernel" - 402: Application replay pass 2
==PROF== Profiling "vectorized_elementwise_kernel" - 403: Application replay pass 2
==PROF== Profiling "vectorized_elementwise_kernel" - 404: Application replay pass 2
==PROF== Profiling "layer_norm_grad_input_kernel" - 405: Application replay pass 2
==PROF== Profiling "GammaBetaBackwardCUDAKernel_3..." - 406: Application replay pass 2
==PROF== Profiling "vectorized_elementwise_kernel" - 407: Application replay pass 2
==PROF== Profiling "vectorized_elementwise_kernel" - 408: Application replay pass 2
==PROF== Profiling "vectorized_elementwise_kernel" - 409: Application replay pass 2
==PROF== Profiling "vectorized_elementwise_kernel" - 410: Application replay pass 2
==PROF== Profiling "sm80_xmma_gemm_f32f32_f32f32_..." - 411: Application replay pass 2
==PROF== Profiling "Kernel" - 412: Application replay pass 2
==PROF== Profiling "reduce_kernel" - 413: Application replay pass 2
==PROF== Profiling "vectorized_elementwise_kernel" - 414: Application replay pass 2
==PROF== Profiling "vectorized_elementwise_kernel" - 415: Application replay pass 2
==PROF== Profiling "vectorized_elementwise_kernel" - 416: Application replay pass 2
==PROF== Profiling "vectorized_elementwise_kernel" - 417: Application replay pass 2
==PROF== Profiling "vectorized_elementwise_kernel" - 418: Application replay pass 2
==PROF== Profiling "vectorized_elementwise_kernel" - 419: Application replay pass 2
==PROF== Profiling "vectorized_elementwise_kernel" - 420: Application replay pass 2
==PROF== Profiling "vectorized_elementwise_kernel" - 421: Application replay pass 2
==PROF== Profiling "vectorized_elementwise_kernel" - 422: Application replay pass 2
==PROF== Profiling "vectorized_elementwise_kernel" - 423: Application replay pass 2
==PROF== Profiling "vectorized_elementwise_kernel" - 424: Application replay pass 2
==PROF== Profiling "vectorized_elementwise_kernel" - 425: Application replay pass 2
==PROF== Profiling "vectorized_elementwise_kernel" - 426: Application replay pass 2
==PROF== Profiling "sm80_xmma_gemm_f32f32_f32f32_..." - 427: Application replay pass 2
==PROF== Profiling "Kernel" - 428: Application replay pass 2
==PROF== Profiling "reduce_kernel" - 429: Application replay pass 2
==PROF== Profiling "vectorized_elementwise_kernel" - 430: Application replay pass 2
==PROF== Profiling "vectorized_elementwise_kernel" - 431: Application replay pass 2
==PROF== Profiling "layer_norm_grad_input_kernel" - 432: Application replay pass 2
==PROF== Profiling "GammaBetaBackwardCUDAKernel_3..." - 433: Application replay pass 2
==PROF== Profiling "vectorized_elementwise_kernel" - 434: Application replay pass 2
==PROF== Profiling "vectorized_elementwise_kernel" - 435: Application replay pass 2
==PROF== Profiling "vectorized_elementwise_kernel" - 436: Application replay pass 2
==PROF== Profiling "vectorized_elementwise_kernel" - 437: Application replay pass 2
==PROF== Profiling "sm80_xmma_gemm_f32f32_f32f32_..." - 438: Application replay pass 2
==PROF== Profiling "Kernel" - 439: Application replay pass 2
==PROF== Profiling "splitKreduce_kernel" - 440: Application replay pass 2
==PROF== Profiling "reduce_kernel" - 441: Application replay pass 2
==PROF== Profiling "vectorized_elementwise_kernel" - 442: Application replay pass 2
==PROF== Profiling "vectorized_elementwise_kernel" - 443: Application replay pass 2
==PROF== Profiling "elementwise_kernel" - 444: Application replay pass 2
==PROF== Profiling "sm80_xmma_gemm_f32f32_f32f32_..." - 445: Application replay pass 2
==PROF== Profiling "sm80_xmma_gemm_f32f32_f32f32_..." - 446: Application replay pass 2
==PROF== Profiling "vectorized_elementwise_kernel" - 447: Application replay pass 2
==PROF== Profiling "vectorized_elementwise_kernel" - 448: Application replay pass 2
==PROF== Profiling "softmax_warp_backward" - 449: Application replay pass 2
==PROF== Profiling "vectorized_elementwise_kernel" - 450: Application replay pass 2
==PROF== Profiling "elementwise_kernel" - 451: Application replay pass 2
==PROF== Profiling "elementwise_kernel" - 452: Application replay pass 2
==PROF== Profiling "sm80_xmma_gemm_f32f32_f32f32_..." - 453: Application replay pass 2
==PROF== Profiling "sm80_xmma_gemm_f32f32_f32f32_..." - 454: Application replay pass 2
==PROF== Profiling "elementwise_kernel" - 455: Application replay pass 2
==PROF== Profiling "elementwise_kernel" - 456: Application replay pass 2
==PROF== Profiling "CatArrayBatchedCopy" - 457: Application replay pass 2
==PROF== Profiling "sm80_xmma_gemm_f32f32_f32f32_..." - 458: Application replay pass 2
==PROF== Profiling "Kernel" - 459: Application replay pass 2
==PROF== Profiling "reduce_kernel" - 460: Application replay pass 2
==PROF== Profiling "vectorized_elementwise_kernel" - 461: Application replay pass 2
==PROF== Profiling "vectorized_elementwise_kernel" - 462: Application replay pass 2
==PROF== Profiling "layer_norm_grad_input_kernel" - 463: Application replay pass 2
==PROF== Profiling "GammaBetaBackwardCUDAKernel_3..." - 464: Application replay pass 2
==PROF== Profiling "vectorized_elementwise_kernel" - 465: Application replay pass 2
==PROF== Profiling "vectorized_elementwise_kernel" - 466: Application replay pass 2
==PROF== Profiling "vectorized_elementwise_kernel" - 467: Application replay pass 2
==PROF== Profiling "vectorized_elementwise_kernel" - 468: Application replay pass 2
==PROF== Profiling "sm80_xmma_gemm_f32f32_f32f32_..." - 469: Application replay pass 2
==PROF== Profiling "Kernel" - 470: Application replay pass 2
==PROF== Profiling "reduce_kernel" - 471: Application replay pass 2
==PROF== Profiling "vectorized_elementwise_kernel" - 472: Application replay pass 2
==PROF== Profiling "vectorized_elementwise_kernel" - 473: Application replay pass 2
==PROF== Profiling "vectorized_elementwise_kernel" - 474: Application replay pass 2
==PROF== Profiling "vectorized_elementwise_kernel" - 475: Application replay pass 2
==PROF== Profiling "vectorized_elementwise_kernel" - 476: Application replay pass 2
==PROF== Profiling "vectorized_elementwise_kernel" - 477: Application replay pass 2
==PROF== Profiling "vectorized_elementwise_kernel" - 478: Application replay pass 2
==PROF== Profiling "vectorized_elementwise_kernel" - 479: Application replay pass 2
==PROF== Profiling "vectorized_elementwise_kernel" - 480: Application replay pass 2
==PROF== Profiling "vectorized_elementwise_kernel" - 481: Application replay pass 2
==PROF== Profiling "vectorized_elementwise_kernel" - 482: Application replay pass 2
==PROF== Profiling "vectorized_elementwise_kernel" - 483: Application replay pass 2
==PROF== Profiling "vectorized_elementwise_kernel" - 484: Application replay pass 2
==PROF== Profiling "sm80_xmma_gemm_f32f32_f32f32_..." - 485: Application replay pass 2
==PROF== Profiling "Kernel" - 486: Application replay pass 2
==PROF== Profiling "reduce_kernel" - 487: Application replay pass 2
==PROF== Profiling "vectorized_elementwise_kernel" - 488: Application replay pass 2
==PROF== Profiling "vectorized_elementwise_kernel" - 489: Application replay pass 2
==PROF== Profiling "layer_norm_grad_input_kernel" - 490: Application replay pass 2
==PROF== Profiling "GammaBetaBackwardCUDAKernel_3..." - 491: Application replay pass 2
==PROF== Profiling "vectorized_elementwise_kernel" - 492: Application replay pass 2
==PROF== Profiling "vectorized_elementwise_kernel" - 493: Application replay pass 2
==PROF== Profiling "vectorized_elementwise_kernel" - 494: Application replay pass 2
==PROF== Profiling "vectorized_elementwise_kernel" - 495: Application replay pass 2
==PROF== Profiling "sm80_xmma_gemm_f32f32_f32f32_..." - 496: Application replay pass 2
==PROF== Profiling "Kernel" - 497: Application replay pass 2
==PROF== Profiling "splitKreduce_kernel" - 498: Application replay pass 2
==PROF== Profiling "reduce_kernel" - 499: Application replay pass 2
==PROF== Profiling "vectorized_elementwise_kernel" - 500: Application replay pass 2
==PROF== Profiling "vectorized_elementwise_kernel" - 501: Application replay pass 2
==PROF== Profiling "elementwise_kernel" - 502: Application replay pass 2
==PROF== Profiling "sm80_xmma_gemm_f32f32_f32f32_..." - 503: Application replay pass 2
==PROF== Profiling "sm80_xmma_gemm_f32f32_f32f32_..." - 504: Application replay pass 2
==PROF== Profiling "vectorized_elementwise_kernel" - 505: Application replay pass 2
==PROF== Profiling "vectorized_elementwise_kernel" - 506: Application replay pass 2
==PROF== Profiling "softmax_warp_backward" - 507: Application replay pass 2
==PROF== Profiling "vectorized_elementwise_kernel" - 508: Application replay pass 2
==PROF== Profiling "elementwise_kernel" - 509: Application replay pass 2
==PROF== Profiling "elementwise_kernel" - 510: Application replay pass 2
==PROF== Profiling "sm80_xmma_gemm_f32f32_f32f32_..." - 511: Application replay pass 2
==PROF== Profiling "sm80_xmma_gemm_f32f32_f32f32_..." - 512: Application replay pass 2
==PROF== Profiling "elementwise_kernel" - 513: Application replay pass 2
==PROF== Profiling "elementwise_kernel" - 514: Application replay pass 2
==PROF== Profiling "CatArrayBatchedCopy" - 515: Application replay pass 2
==PROF== Profiling "sm80_xmma_gemm_f32f32_f32f32_..." - 516: Application replay pass 2
==PROF== Profiling "Kernel" - 517: Application replay pass 2
==PROF== Profiling "reduce_kernel" - 518: Application replay pass 2
==PROF== Profiling "vectorized_elementwise_kernel" - 519: Application replay pass 2
==PROF== Profiling "vectorized_elementwise_kernel" - 520: Application replay pass 2
==PROF== Profiling "layer_norm_grad_input_kernel" - 521: Application replay pass 2
==PROF== Profiling "GammaBetaBackwardCUDAKernel_3..." - 522: Application replay pass 2
==PROF== Profiling "vectorized_elementwise_kernel" - 523: Application replay pass 2
==PROF== Profiling "vectorized_elementwise_kernel" - 524: Application replay pass 2
==PROF== Profiling "vectorized_elementwise_kernel" - 525: Application replay pass 2
==PROF== Profiling "vectorized_elementwise_kernel" - 526: Application replay pass 2
==PROF== Profiling "sm80_xmma_gemm_f32f32_f32f32_..." - 527: Application replay pass 2
==PROF== Profiling "Kernel" - 528: Application replay pass 2
==PROF== Profiling "reduce_kernel" - 529: Application replay pass 2
==PROF== Profiling "vectorized_elementwise_kernel" - 530: Application replay pass 2
==PROF== Profiling "vectorized_elementwise_kernel" - 531: Application replay pass 2
==PROF== Profiling "vectorized_elementwise_kernel" - 532: Application replay pass 2
==PROF== Profiling "vectorized_elementwise_kernel" - 533: Application replay pass 2
==PROF== Profiling "vectorized_elementwise_kernel" - 534: Application replay pass 2
==PROF== Profiling "vectorized_elementwise_kernel" - 535: Application replay pass 2
==PROF== Profiling "vectorized_elementwise_kernel" - 536: Application replay pass 2
==PROF== Profiling "vectorized_elementwise_kernel" - 537: Application replay pass 2
==PROF== Profiling "vectorized_elementwise_kernel" - 538: Application replay pass 2
==PROF== Profiling "vectorized_elementwise_kernel" - 539: Application replay pass 2
==PROF== Profiling "vectorized_elementwise_kernel" - 540: Application replay pass 2
==PROF== Profiling "vectorized_elementwise_kernel" - 541: Application replay pass 2
==PROF== Profiling "vectorized_elementwise_kernel" - 542: Application replay pass 2
==PROF== Profiling "sm80_xmma_gemm_f32f32_f32f32_..." - 543: Application replay pass 2
==PROF== Profiling "Kernel" - 544: Application replay pass 2
==PROF== Profiling "reduce_kernel" - 545: Application replay pass 2
==PROF== Profiling "vectorized_elementwise_kernel" - 546: Application replay pass 2
==PROF== Profiling "vectorized_elementwise_kernel" - 547: Application replay pass 2
==PROF== Profiling "layer_norm_grad_input_kernel" - 548: Application replay pass 2
==PROF== Profiling "GammaBetaBackwardCUDAKernel_3..." - 549: Application replay pass 2
==PROF== Profiling "vectorized_elementwise_kernel" - 550: Application replay pass 2
==PROF== Profiling "vectorized_elementwise_kernel" - 551: Application replay pass 2
==PROF== Profiling "vectorized_elementwise_kernel" - 552: Application replay pass 2
==PROF== Profiling "vectorized_elementwise_kernel" - 553: Application replay pass 2
==PROF== Profiling "sm80_xmma_gemm_f32f32_f32f32_..." - 554: Application replay pass 2
==PROF== Profiling "Kernel" - 555: Application replay pass 2
==PROF== Profiling "splitKreduce_kernel" - 556: Application replay pass 2
==PROF== Profiling "reduce_kernel" - 557: Application replay pass 2
==PROF== Profiling "vectorized_elementwise_kernel" - 558: Application replay pass 2
==PROF== Profiling "vectorized_elementwise_kernel" - 559: Application replay pass 2
==PROF== Profiling "elementwise_kernel" - 560: Application replay pass 2
==PROF== Profiling "sm80_xmma_gemm_f32f32_f32f32_..." - 561: Application replay pass 2
==PROF== Profiling "sm80_xmma_gemm_f32f32_f32f32_..." - 562: Application replay pass 2
==PROF== Profiling "vectorized_elementwise_kernel" - 563: Application replay pass 2
==PROF== Profiling "vectorized_elementwise_kernel" - 564: Application replay pass 2
==PROF== Profiling "softmax_warp_backward" - 565: Application replay pass 2
==PROF== Profiling "vectorized_elementwise_kernel" - 566: Application replay pass 2
==PROF== Profiling "elementwise_kernel" - 567: Application replay pass 2
==PROF== Profiling "elementwise_kernel" - 568: Application replay pass 2
==PROF== Profiling "sm80_xmma_gemm_f32f32_f32f32_..." - 569: Application replay pass 2
==PROF== Profiling "sm80_xmma_gemm_f32f32_f32f32_..." - 570: Application replay pass 2
==PROF== Profiling "elementwise_kernel" - 571: Application replay pass 2
==PROF== Profiling "elementwise_kernel" - 572: Application replay pass 2
==PROF== Profiling "CatArrayBatchedCopy" - 573: Application replay pass 2
==PROF== Profiling "sm80_xmma_gemm_f32f32_f32f32_..." - 574: Application replay pass 2
==PROF== Profiling "Kernel" - 575: Application replay pass 2
==PROF== Profiling "reduce_kernel" - 576: Application replay pass 2
==PROF== Profiling "vectorized_elementwise_kernel" - 577: Application replay pass 2
==PROF== Profiling "vectorized_elementwise_kernel" - 578: Application replay pass 2
==PROF== Profiling "layer_norm_grad_input_kernel" - 579: Application replay pass 2
==PROF== Profiling "GammaBetaBackwardCUDAKernel_3..." - 580: Application replay pass 2
==PROF== Profiling "vectorized_elementwise_kernel" - 581: Application replay pass 2
==PROF== Profiling "vectorized_elementwise_kernel" - 582: Application replay pass 2
==PROF== Profiling "vectorized_elementwise_kernel" - 583: Application replay pass 2
==PROF== Profiling "vectorized_elementwise_kernel" - 584: Application replay pass 2
==PROF== Profiling "sm80_xmma_gemm_f32f32_f32f32_..." - 585: Application replay pass 2
==PROF== Profiling "Kernel" - 586: Application replay pass 2
==PROF== Profiling "reduce_kernel" - 587: Application replay pass 2
==PROF== Profiling "vectorized_elementwise_kernel" - 588: Application replay pass 2
==PROF== Profiling "vectorized_elementwise_kernel" - 589: Application replay pass 2
==PROF== Profiling "vectorized_elementwise_kernel" - 590: Application replay pass 2
==PROF== Profiling "vectorized_elementwise_kernel" - 591: Application replay pass 2
==PROF== Profiling "vectorized_elementwise_kernel" - 592: Application replay pass 2
==PROF== Profiling "vectorized_elementwise_kernel" - 593: Application replay pass 2
==PROF== Profiling "vectorized_elementwise_kernel" - 594: Application replay pass 2
==PROF== Profiling "vectorized_elementwise_kernel" - 595: Application replay pass 2
==PROF== Profiling "vectorized_elementwise_kernel" - 596: Application replay pass 2
==PROF== Profiling "vectorized_elementwise_kernel" - 597: Application replay pass 2
==PROF== Profiling "vectorized_elementwise_kernel" - 598: Application replay pass 2
==PROF== Profiling "vectorized_elementwise_kernel" - 599: Application replay pass 2
==PROF== Profiling "vectorized_elementwise_kernel" - 600: Application replay pass 2
==PROF== Profiling "sm80_xmma_gemm_f32f32_f32f32_..." - 601: Application replay pass 2
==PROF== Profiling "Kernel" - 602: Application replay pass 2
==PROF== Profiling "reduce_kernel" - 603: Application replay pass 2
==PROF== Profiling "vectorized_elementwise_kernel" - 604: Application replay pass 2
==PROF== Profiling "vectorized_elementwise_kernel" - 605: Application replay pass 2
==PROF== Profiling "layer_norm_grad_input_kernel" - 606: Application replay pass 2
==PROF== Profiling "GammaBetaBackwardCUDAKernel_3..." - 607: Application replay pass 2
==PROF== Profiling "vectorized_elementwise_kernel" - 608: Application replay pass 2
==PROF== Profiling "vectorized_elementwise_kernel" - 609: Application replay pass 2
==PROF== Profiling "vectorized_elementwise_kernel" - 610: Application replay pass 2
==PROF== Profiling "vectorized_elementwise_kernel" - 611: Application replay pass 2
==PROF== Profiling "sm80_xmma_gemm_f32f32_f32f32_..." - 612: Application replay pass 2
==PROF== Profiling "Kernel" - 613: Application replay pass 2
==PROF== Profiling "splitKreduce_kernel" - 614: Application replay pass 2
==PROF== Profiling "reduce_kernel" - 615: Application replay pass 2
==PROF== Profiling "vectorized_elementwise_kernel" - 616: Application replay pass 2
==PROF== Profiling "vectorized_elementwise_kernel" - 617: Application replay pass 2
==PROF== Profiling "elementwise_kernel" - 618: Application replay pass 2
==PROF== Profiling "sm80_xmma_gemm_f32f32_f32f32_..." - 619: Application replay pass 2
==PROF== Profiling "sm80_xmma_gemm_f32f32_f32f32_..." - 620: Application replay pass 2
==PROF== Profiling "vectorized_elementwise_kernel" - 621: Application replay pass 2
==PROF== Profiling "vectorized_elementwise_kernel" - 622: Application replay pass 2
==PROF== Profiling "softmax_warp_backward" - 623: Application replay pass 2
==PROF== Profiling "vectorized_elementwise_kernel" - 624: Application replay pass 2
==PROF== Profiling "elementwise_kernel" - 625: Application replay pass 2
==PROF== Profiling "elementwise_kernel" - 626: Application replay pass 2
==PROF== Profiling "sm80_xmma_gemm_f32f32_f32f32_..." - 627: Application replay pass 2
==PROF== Profiling "sm80_xmma_gemm_f32f32_f32f32_..." - 628: Application replay pass 2
==PROF== Profiling "elementwise_kernel" - 629: Application replay pass 2
==PROF== Profiling "elementwise_kernel" - 630: Application replay pass 2
==PROF== Profiling "CatArrayBatchedCopy" - 631: Application replay pass 2
==PROF== Profiling "sm80_xmma_gemm_f32f32_f32f32_..." - 632: Application replay pass 2
==PROF== Profiling "Kernel" - 633: Application replay pass 2
==PROF== Profiling "reduce_kernel" - 634: Application replay pass 2
==PROF== Profiling "vectorized_elementwise_kernel" - 635: Application replay pass 2
==PROF== Profiling "vectorized_elementwise_kernel" - 636: Application replay pass 2
==PROF== Profiling "layer_norm_grad_input_kernel" - 637: Application replay pass 2
==PROF== Profiling "GammaBetaBackwardCUDAKernel_3..." - 638: Application replay pass 2
==PROF== Profiling "vectorized_elementwise_kernel" - 639: Application replay pass 2
==PROF== Profiling "vectorized_elementwise_kernel" - 640: Application replay pass 2
==PROF== Profiling "vectorized_elementwise_kernel" - 641: Application replay pass 2
==PROF== Profiling "vectorized_elementwise_kernel" - 642: Application replay pass 2
==PROF== Profiling "sm80_xmma_gemm_f32f32_f32f32_..." - 643: Application replay pass 2
==PROF== Profiling "Kernel" - 644: Application replay pass 2
==PROF== Profiling "reduce_kernel" - 645: Application replay pass 2
==PROF== Profiling "vectorized_elementwise_kernel" - 646: Application replay pass 2
==PROF== Profiling "vectorized_elementwise_kernel" - 647: Application replay pass 2
==PROF== Profiling "vectorized_elementwise_kernel" - 648: Application replay pass 2
==PROF== Profiling "vectorized_elementwise_kernel" - 649: Application replay pass 2
==PROF== Profiling "vectorized_elementwise_kernel" - 650: Application replay pass 2
==PROF== Profiling "vectorized_elementwise_kernel" - 651: Application replay pass 2
==PROF== Profiling "vectorized_elementwise_kernel" - 652: Application replay pass 2
==PROF== Profiling "vectorized_elementwise_kernel" - 653: Application replay pass 2
==PROF== Profiling "vectorized_elementwise_kernel" - 654: Application replay pass 2
==PROF== Profiling "vectorized_elementwise_kernel" - 655: Application replay pass 2
==PROF== Profiling "vectorized_elementwise_kernel" - 656: Application replay pass 2
==PROF== Profiling "vectorized_elementwise_kernel" - 657: Application replay pass 2
==PROF== Profiling "vectorized_elementwise_kernel" - 658: Application replay pass 2
==PROF== Profiling "sm80_xmma_gemm_f32f32_f32f32_..." - 659: Application replay pass 2
==PROF== Profiling "Kernel" - 660: Application replay pass 2
==PROF== Profiling "reduce_kernel" - 661: Application replay pass 2
==PROF== Profiling "vectorized_elementwise_kernel" - 662: Application replay pass 2
==PROF== Profiling "vectorized_elementwise_kernel" - 663: Application replay pass 2
==PROF== Profiling "layer_norm_grad_input_kernel" - 664: Application replay pass 2
==PROF== Profiling "GammaBetaBackwardCUDAKernel_3..." - 665: Application replay pass 2
==PROF== Profiling "vectorized_elementwise_kernel" - 666: Application replay pass 2
==PROF== Profiling "vectorized_elementwise_kernel" - 667: Application replay pass 2
==PROF== Profiling "vectorized_elementwise_kernel" - 668: Application replay pass 2
==PROF== Profiling "vectorized_elementwise_kernel" - 669: Application replay pass 2
==PROF== Profiling "sm80_xmma_gemm_f32f32_f32f32_..." - 670: Application replay pass 2
==PROF== Profiling "Kernel" - 671: Application replay pass 2
==PROF== Profiling "splitKreduce_kernel" - 672: Application replay pass 2
==PROF== Profiling "reduce_kernel" - 673: Application replay pass 2
==PROF== Profiling "vectorized_elementwise_kernel" - 674: Application replay pass 2
==PROF== Profiling "vectorized_elementwise_kernel" - 675: Application replay pass 2
==PROF== Profiling "elementwise_kernel" - 676: Application replay pass 2
==PROF== Profiling "sm80_xmma_gemm_f32f32_f32f32_..." - 677: Application replay pass 2
==PROF== Profiling "sm80_xmma_gemm_f32f32_f32f32_..." - 678: Application replay pass 2
==PROF== Profiling "vectorized_elementwise_kernel" - 679: Application replay pass 2
==PROF== Profiling "vectorized_elementwise_kernel" - 680: Application replay pass 2
==PROF== Profiling "softmax_warp_backward" - 681: Application replay pass 2
==PROF== Profiling "vectorized_elementwise_kernel" - 682: Application replay pass 2
==PROF== Profiling "elementwise_kernel" - 683: Application replay pass 2
==PROF== Profiling "elementwise_kernel" - 684: Application replay pass 2
==PROF== Profiling "sm80_xmma_gemm_f32f32_f32f32_..." - 685: Application replay pass 2
==PROF== Profiling "sm80_xmma_gemm_f32f32_f32f32_..." - 686: Application replay pass 2
==PROF== Profiling "elementwise_kernel" - 687: Application replay pass 2
==PROF== Profiling "elementwise_kernel" - 688: Application replay pass 2
==PROF== Profiling "CatArrayBatchedCopy" - 689: Application replay pass 2
==PROF== Profiling "sm80_xmma_gemm_f32f32_f32f32_..." - 690: Application replay pass 2
==PROF== Profiling "Kernel" - 691: Application replay pass 2
==PROF== Profiling "reduce_kernel" - 692: Application replay pass 2
==PROF== Profiling "vectorized_elementwise_kernel" - 693: Application replay pass 2
==PROF== Profiling "vectorized_elementwise_kernel" - 694: Application replay pass 2
==PROF== Profiling "layer_norm_grad_input_kernel" - 695: Application replay pass 2
==PROF== Profiling "GammaBetaBackwardCUDAKernel_3..." - 696: Application replay pass 2
==PROF== Profiling "vectorized_elementwise_kernel" - 697: Application replay pass 2
==PROF== Profiling "vectorized_elementwise_kernel" - 698: Application replay pass 2
==PROF== Profiling "vectorized_elementwise_kernel" - 699: Application replay pass 2
==PROF== Profiling "vectorized_elementwise_kernel" - 700: Application replay pass 2
==PROF== Profiling "reduce_kernel" - 701: Application replay pass 2
==PROF== Profiling "vectorized_elementwise_kernel" - 702: Application replay pass 2
==PROF== Profiling "embedding_backward_feature_ke..." - 703: Application replay pass 2
==PROF== Profiling "vectorized_elementwise_kernel" - 704: Application replay pass 2
==PROF== Profiling "elementwise_kernel_with_index" - 705: Application replay pass 2
==PROF== Profiling "DeviceRadixSortHistogramKernel" - 706: Application replay pass 2
==PROF== Profiling "DeviceRadixSortExclusiveSumKe..." - 707: Application replay pass 2
==PROF== Profiling "DeviceRadixSortOnesweepKernel" - 708: Application replay pass 2
==PROF== Profiling "DeviceRadixSortOnesweepKernel" - 709: Application replay pass 2
==PROF== Profiling "DeviceRadixSortOnesweepKernel" - 710: Application replay pass 2
==PROF== Profiling "DeviceRadixSortOnesweepKernel" - 711: Application replay pass 2
==PROF== Profiling "DeviceRadixSortOnesweepKernel" - 712: Application replay pass 2
==PROF== Profiling "DeviceRadixSortOnesweepKernel" - 713: Application replay pass 2
==PROF== Profiling "DeviceRadixSortOnesweepKernel" - 714: Application replay pass 2
==PROF== Profiling "DeviceRadixSortOnesweepKernel" - 715: Application replay pass 2
==PROF== Profiling "vectorized_elementwise_kernel" - 716: Application replay pass 2
==PROF== Profiling "DeviceCompactInitKernel" - 717: Application replay pass 2
==PROF== Profiling "DeviceUniqueByKeySweepKernel" - 718: Application replay pass 2
==PROF== Profiling "krn_partials_per_segment" - 719: Application replay pass 2
==PROF== Profiling "DeviceScanInitKernel" - 720: Application replay pass 2
==PROF== Profiling "DeviceScanKernel" - 721: Application replay pass 2
==PROF== Profiling "compute_num_of_partial_segments" - 722: Application replay pass 2
==PROF== Profiling "krn_partial_segment_offset" - 723: Application replay pass 2
==PROF== Profiling "compute_grad_weight" - 724: Application replay pass 2
==PROF== Profiling "sum_and_scatter" - 725: Application replay pass 2
==PROF== Profiling "vectorized_elementwise_kernel" - 726: Application replay pass 2
debug: Rank 0: Stopping profiler
Rank 0, Epoch [3/3], Finished epoch.
debug: Cleaning up process group
debug: Rank 0: Training process completed
==PROF== Disconnected from process 1248
debug: mp.spawn completed
PyTorch CUDA version: 12.1 matches with CUDA version required in environment config.
Configuration Values:
cuda version check: 12.1
world_size: 1
cap_size: 2
epochs: 3
batchsize: 16
debug: Starting mp.spawn...
debug: Rank 0: Running training process
debug: Rank 0: Preparing model and data
debug: Rank 0: Setting up process group
==PROF== Connected to process 2031 (/opt/conda/envs/echo_slowdown/bin/python3.10)
debug: Rank 0: Process group setup complete
debug: Rank 0: Starting training for 3 epochs
debug: Rank 0: Actual epoch 1/3 starting
Rank 0, Epoch [1/3], Finished epoch.
debug: Rank 0: Actual epoch 2/3 starting
Rank 0, Epoch [2/3], Finished epoch.
debug: Rank 0: Actual epoch 3/3 starting
debug: Rank 0: Starting backward pass profiling
==PROF== Profiling "layer_norm_grad_input_kernel" - 0: Application replay pass 3
==PROF== Profiling "GammaBetaBackwardCUDAKernel_3..." - 1: Application replay pass 3
==PROF== Profiling "vectorized_elementwise_kernel" - 2: Application replay pass 3
==PROF== Profiling "vectorized_elementwise_kernel" - 3: Application replay pass 3
==PROF== Profiling "vectorized_elementwise_kernel" - 4: Application replay pass 3
==PROF== Profiling "sm80_xmma_gemm_f32f32_f32f32_..." - 5: Application replay pass 3
==PROF== Profiling "Kernel" - 6: Application replay pass 3
==PROF== Profiling "reduce_kernel" - 7: Application replay pass 3
==PROF== Profiling "vectorized_elementwise_kernel" - 8: Application replay pass 3
==PROF== Profiling "vectorized_elementwise_kernel" - 9: Application replay pass 3
==PROF== Profiling "vectorized_elementwise_kernel" - 10: Application replay pass 3
==PROF== Profiling "vectorized_elementwise_kernel" - 11: Application replay pass 3
==PROF== Profiling "vectorized_elementwise_kernel" - 12: Application replay pass 3
==PROF== Profiling "vectorized_elementwise_kernel" - 13: Application replay pass 3
==PROF== Profiling "vectorized_elementwise_kernel" - 14: Application replay pass 3
==PROF== Profiling "vectorized_elementwise_kernel" - 15: Application replay pass 3
==PROF== Profiling "vectorized_elementwise_kernel" - 16: Application replay pass 3
==PROF== Profiling "vectorized_elementwise_kernel" - 17: Application replay pass 3
==PROF== Profiling "vectorized_elementwise_kernel" - 18: Application replay pass 3
==PROF== Profiling "vectorized_elementwise_kernel" - 19: Application replay pass 3
==PROF== Profiling "vectorized_elementwise_kernel" - 20: Application replay pass 3
==PROF== Profiling "sm80_xmma_gemm_f32f32_f32f32_..." - 21: Application replay pass 3
==PROF== Profiling "Kernel" - 22: Application replay pass 3
==PROF== Profiling "reduce_kernel" - 23: Application replay pass 3
==PROF== Profiling "vectorized_elementwise_kernel" - 24: Application replay pass 3
==PROF== Profiling "vectorized_elementwise_kernel" - 25: Application replay pass 3
==PROF== Profiling "layer_norm_grad_input_kernel" - 26: Application replay pass 3
==PROF== Profiling "GammaBetaBackwardCUDAKernel_3..." - 27: Application replay pass 3
==PROF== Profiling "vectorized_elementwise_kernel" - 28: Application replay pass 3
==PROF== Profiling "vectorized_elementwise_kernel" - 29: Application replay pass 3
==PROF== Profiling "vectorized_elementwise_kernel" - 30: Application replay pass 3
==PROF== Profiling "vectorized_elementwise_kernel" - 31: Application replay pass 3
==PROF== Profiling "sm80_xmma_gemm_f32f32_f32f32_..." - 32: Application replay pass 3
==PROF== Profiling "Kernel" - 33: Application replay pass 3
==PROF== Profiling "splitKreduce_kernel" - 34: Application replay pass 3
==PROF== Profiling "reduce_kernel" - 35: Application replay pass 3
==PROF== Profiling "vectorized_elementwise_kernel" - 36: Application replay pass 3
==PROF== Profiling "vectorized_elementwise_kernel" - 37: Application replay pass 3
==PROF== Profiling "elementwise_kernel" - 38: Application replay pass 3
==PROF== Profiling "sm80_xmma_gemm_f32f32_f32f32_..." - 39: Application replay pass 3
==PROF== Profiling "sm80_xmma_gemm_f32f32_f32f32_..." - 40: Application replay pass 3
==PROF== Profiling "vectorized_elementwise_kernel" - 41: Application replay pass 3
==PROF== Profiling "vectorized_elementwise_kernel" - 42: Application replay pass 3
==PROF== Profiling "softmax_warp_backward" - 43: Application replay pass 3
==PROF== Profiling "vectorized_elementwise_kernel" - 44: Application replay pass 3
==PROF== Profiling "elementwise_kernel" - 45: Application replay pass 3
==PROF== Profiling "elementwise_kernel" - 46: Application replay pass 3
==PROF== Profiling "sm80_xmma_gemm_f32f32_f32f32_..." - 47: Application replay pass 3
==PROF== Profiling "sm80_xmma_gemm_f32f32_f32f32_..." - 48: Application replay pass 3
==PROF== Profiling "elementwise_kernel" - 49: Application replay pass 3
==PROF== Profiling "elementwise_kernel" - 50: Application replay pass 3
==PROF== Profiling "CatArrayBatchedCopy" - 51: Application replay pass 3
==PROF== Profiling "sm80_xmma_gemm_f32f32_f32f32_..." - 52: Application replay pass 3
==PROF== Profiling "Kernel" - 53: Application replay pass 3
==PROF== Profiling "reduce_kernel" - 54: Application replay pass 3
==PROF== Profiling "vectorized_elementwise_kernel" - 55: Application replay pass 3
==PROF== Profiling "vectorized_elementwise_kernel" - 56: Application replay pass 3
==PROF== Profiling "layer_norm_grad_input_kernel" - 57: Application replay pass 3
==PROF== Profiling "GammaBetaBackwardCUDAKernel_3..." - 58: Application replay pass 3
==PROF== Profiling "vectorized_elementwise_kernel" - 59: Application replay pass 3
==PROF== Profiling "vectorized_elementwise_kernel" - 60: Application replay pass 3
==PROF== Profiling "vectorized_elementwise_kernel" - 61: Application replay pass 3
==PROF== Profiling "vectorized_elementwise_kernel" - 62: Application replay pass 3
==PROF== Profiling "sm80_xmma_gemm_f32f32_f32f32_..." - 63: Application replay pass 3
==PROF== Profiling "Kernel" - 64: Application replay pass 3
==PROF== Profiling "reduce_kernel" - 65: Application replay pass 3
==PROF== Profiling "vectorized_elementwise_kernel" - 66: Application replay pass 3
==PROF== Profiling "vectorized_elementwise_kernel" - 67: Application replay pass 3
==PROF== Profiling "vectorized_elementwise_kernel" - 68: Application replay pass 3
==PROF== Profiling "vectorized_elementwise_kernel" - 69: Application replay pass 3
==PROF== Profiling "vectorized_elementwise_kernel" - 70: Application replay pass 3
==PROF== Profiling "vectorized_elementwise_kernel" - 71: Application replay pass 3
==PROF== Profiling "vectorized_elementwise_kernel" - 72: Application replay pass 3
==PROF== Profiling "vectorized_elementwise_kernel" - 73: Application replay pass 3
==PROF== Profiling "vectorized_elementwise_kernel" - 74: Application replay pass 3
==PROF== Profiling "vectorized_elementwise_kernel" - 75: Application replay pass 3
==PROF== Profiling "vectorized_elementwise_kernel" - 76: Application replay pass 3
==PROF== Profiling "vectorized_elementwise_kernel" - 77: Application replay pass 3
==PROF== Profiling "vectorized_elementwise_kernel" - 78: Application replay pass 3
==PROF== Profiling "sm80_xmma_gemm_f32f32_f32f32_..." - 79: Application replay pass 3
==PROF== Profiling "Kernel" - 80: Application replay pass 3
==PROF== Profiling "reduce_kernel" - 81: Application replay pass 3
==PROF== Profiling "vectorized_elementwise_kernel" - 82: Application replay pass 3
==PROF== Profiling "vectorized_elementwise_kernel" - 83: Application replay pass 3
==PROF== Profiling "layer_norm_grad_input_kernel" - 84: Application replay pass 3
==PROF== Profiling "GammaBetaBackwardCUDAKernel_3..." - 85: Application replay pass 3
==PROF== Profiling "vectorized_elementwise_kernel" - 86: Application replay pass 3
==PROF== Profiling "vectorized_elementwise_kernel" - 87: Application replay pass 3
==PROF== Profiling "vectorized_elementwise_kernel" - 88: Application replay pass 3
==PROF== Profiling "vectorized_elementwise_kernel" - 89: Application replay pass 3
==PROF== Profiling "sm80_xmma_gemm_f32f32_f32f32_..." - 90: Application replay pass 3
==PROF== Profiling "Kernel" - 91: Application replay pass 3
==PROF== Profiling "splitKreduce_kernel" - 92: Application replay pass 3
==PROF== Profiling "reduce_kernel" - 93: Application replay pass 3
==PROF== Profiling "vectorized_elementwise_kernel" - 94: Application replay pass 3
==PROF== Profiling "vectorized_elementwise_kernel" - 95: Application replay pass 3
==PROF== Profiling "elementwise_kernel" - 96: Application replay pass 3
==PROF== Profiling "sm80_xmma_gemm_f32f32_f32f32_..." - 97: Application replay pass 3
==PROF== Profiling "sm80_xmma_gemm_f32f32_f32f32_..." - 98: Application replay pass 3
==PROF== Profiling "vectorized_elementwise_kernel" - 99: Application replay pass 3
==PROF== Profiling "vectorized_elementwise_kernel" - 100: Application replay pass 3
==PROF== Profiling "softmax_warp_backward" - 101: Application replay pass 3
==PROF== Profiling "vectorized_elementwise_kernel" - 102: Application replay pass 3
==PROF== Profiling "elementwise_kernel" - 103: Application replay pass 3
==PROF== Profiling "elementwise_kernel" - 104: Application replay pass 3
==PROF== Profiling "sm80_xmma_gemm_f32f32_f32f32_..." - 105: Application replay pass 3
==PROF== Profiling "sm80_xmma_gemm_f32f32_f32f32_..." - 106: Application replay pass 3
==PROF== Profiling "elementwise_kernel" - 107: Application replay pass 3
==PROF== Profiling "elementwise_kernel" - 108: Application replay pass 3
==PROF== Profiling "CatArrayBatchedCopy" - 109: Application replay pass 3
==PROF== Profiling "sm80_xmma_gemm_f32f32_f32f32_..." - 110: Application replay pass 3
==PROF== Profiling "Kernel" - 111: Application replay pass 3
==PROF== Profiling "reduce_kernel" - 112: Application replay pass 3
==PROF== Profiling "vectorized_elementwise_kernel" - 113: Application replay pass 3
==PROF== Profiling "vectorized_elementwise_kernel" - 114: Application replay pass 3
==PROF== Profiling "layer_norm_grad_input_kernel" - 115: Application replay pass 3
==PROF== Profiling "GammaBetaBackwardCUDAKernel_3..." - 116: Application replay pass 3
==PROF== Profiling "vectorized_elementwise_kernel" - 117: Application replay pass 3
==PROF== Profiling "vectorized_elementwise_kernel" - 118: Application replay pass 3
==PROF== Profiling "vectorized_elementwise_kernel" - 119: Application replay pass 3
==PROF== Profiling "vectorized_elementwise_kernel" - 120: Application replay pass 3
==PROF== Profiling "sm80_xmma_gemm_f32f32_f32f32_..." - 121: Application replay pass 3
==PROF== Profiling "Kernel" - 122: Application replay pass 3
==PROF== Profiling "reduce_kernel" - 123: Application replay pass 3
==PROF== Profiling "vectorized_elementwise_kernel" - 124: Application replay pass 3
==PROF== Profiling "vectorized_elementwise_kernel" - 125: Application replay pass 3
==PROF== Profiling "vectorized_elementwise_kernel" - 126: Application replay pass 3
==PROF== Profiling "vectorized_elementwise_kernel" - 127: Application replay pass 3
==PROF== Profiling "vectorized_elementwise_kernel" - 128: Application replay pass 3
==PROF== Profiling "vectorized_elementwise_kernel" - 129: Application replay pass 3
==PROF== Profiling "vectorized_elementwise_kernel" - 130: Application replay pass 3
==PROF== Profiling "vectorized_elementwise_kernel" - 131: Application replay pass 3
==PROF== Profiling "vectorized_elementwise_kernel" - 132: Application replay pass 3
==PROF== Profiling "vectorized_elementwise_kernel" - 133: Application replay pass 3
==PROF== Profiling "vectorized_elementwise_kernel" - 134: Application replay pass 3
==PROF== Profiling "vectorized_elementwise_kernel" - 135: Application replay pass 3
==PROF== Profiling "vectorized_elementwise_kernel" - 136: Application replay pass 3
==PROF== Profiling "sm80_xmma_gemm_f32f32_f32f32_..." - 137: Application replay pass 3
==PROF== Profiling "Kernel" - 138: Application replay pass 3
==PROF== Profiling "reduce_kernel" - 139: Application replay pass 3
==PROF== Profiling "vectorized_elementwise_kernel" - 140: Application replay pass 3
==PROF== Profiling "vectorized_elementwise_kernel" - 141: Application replay pass 3
==PROF== Profiling "layer_norm_grad_input_kernel" - 142: Application replay pass 3
==PROF== Profiling "GammaBetaBackwardCUDAKernel_3..." - 143: Application replay pass 3
==PROF== Profiling "vectorized_elementwise_kernel" - 144: Application replay pass 3
==PROF== Profiling "vectorized_elementwise_kernel" - 145: Application replay pass 3
==PROF== Profiling "vectorized_elementwise_kernel" - 146: Application replay pass 3
==PROF== Profiling "vectorized_elementwise_kernel" - 147: Application replay pass 3
==PROF== Profiling "sm80_xmma_gemm_f32f32_f32f32_..." - 148: Application replay pass 3
==PROF== Profiling "Kernel" - 149: Application replay pass 3
==PROF== Profiling "splitKreduce_kernel" - 150: Application replay pass 3
==PROF== Profiling "reduce_kernel" - 151: Application replay pass 3
==PROF== Profiling "vectorized_elementwise_kernel" - 152: Application replay pass 3
==PROF== Profiling "vectorized_elementwise_kernel" - 153: Application replay pass 3
==PROF== Profiling "elementwise_kernel" - 154: Application replay pass 3
==PROF== Profiling "sm80_xmma_gemm_f32f32_f32f32_..." - 155: Application replay pass 3
==PROF== Profiling "sm80_xmma_gemm_f32f32_f32f32_..." - 156: Application replay pass 3
==PROF== Profiling "vectorized_elementwise_kernel" - 157: Application replay pass 3
==PROF== Profiling "vectorized_elementwise_kernel" - 158: Application replay pass 3
==PROF== Profiling "softmax_warp_backward" - 159: Application replay pass 3
==PROF== Profiling "vectorized_elementwise_kernel" - 160: Application replay pass 3
==PROF== Profiling "elementwise_kernel" - 161: Application replay pass 3
==PROF== Profiling "elementwise_kernel" - 162: Application replay pass 3
==PROF== Profiling "sm80_xmma_gemm_f32f32_f32f32_..." - 163: Application replay pass 3
==PROF== Profiling "sm80_xmma_gemm_f32f32_f32f32_..." - 164: Application replay pass 3
==PROF== Profiling "elementwise_kernel" - 165: Application replay pass 3
==PROF== Profiling "elementwise_kernel" - 166: Application replay pass 3
==PROF== Profiling "CatArrayBatchedCopy" - 167: Application replay pass 3
==PROF== Profiling "sm80_xmma_gemm_f32f32_f32f32_..." - 168: Application replay pass 3
==PROF== Profiling "Kernel" - 169: Application replay pass 3
==PROF== Profiling "reduce_kernel" - 170: Application replay pass 3
==PROF== Profiling "vectorized_elementwise_kernel" - 171: Application replay pass 3
==PROF== Profiling "vectorized_elementwise_kernel" - 172: Application replay pass 3
==PROF== Profiling "layer_norm_grad_input_kernel" - 173: Application replay pass 3
==PROF== Profiling "GammaBetaBackwardCUDAKernel_3..." - 174: Application replay pass 3
==PROF== Profiling "vectorized_elementwise_kernel" - 175: Application replay pass 3
==PROF== Profiling "vectorized_elementwise_kernel" - 176: Application replay pass 3
==PROF== Profiling "vectorized_elementwise_kernel" - 177: Application replay pass 3
==PROF== Profiling "vectorized_elementwise_kernel" - 178: Application replay pass 3
==PROF== Profiling "sm80_xmma_gemm_f32f32_f32f32_..." - 179: Application replay pass 3
==PROF== Profiling "Kernel" - 180: Application replay pass 3
==PROF== Profiling "reduce_kernel" - 181: Application replay pass 3
==PROF== Profiling "vectorized_elementwise_kernel" - 182: Application replay pass 3
==PROF== Profiling "vectorized_elementwise_kernel" - 183: Application replay pass 3
==PROF== Profiling "vectorized_elementwise_kernel" - 184: Application replay pass 3
==PROF== Profiling "vectorized_elementwise_kernel" - 185: Application replay pass 3
==PROF== Profiling "vectorized_elementwise_kernel" - 186: Application replay pass 3
==PROF== Profiling "vectorized_elementwise_kernel" - 187: Application replay pass 3
==PROF== Profiling "vectorized_elementwise_kernel" - 188: Application replay pass 3
==PROF== Profiling "vectorized_elementwise_kernel" - 189: Application replay pass 3
==PROF== Profiling "vectorized_elementwise_kernel" - 190: Application replay pass 3
==PROF== Profiling "vectorized_elementwise_kernel" - 191: Application replay pass 3
==PROF== Profiling "vectorized_elementwise_kernel" - 192: Application replay pass 3
==PROF== Profiling "vectorized_elementwise_kernel" - 193: Application replay pass 3
==PROF== Profiling "vectorized_elementwise_kernel" - 194: Application replay pass 3
==PROF== Profiling "sm80_xmma_gemm_f32f32_f32f32_..." - 195: Application replay pass 3
==PROF== Profiling "Kernel" - 196: Application replay pass 3
==PROF== Profiling "reduce_kernel" - 197: Application replay pass 3
==PROF== Profiling "vectorized_elementwise_kernel" - 198: Application replay pass 3
==PROF== Profiling "vectorized_elementwise_kernel" - 199: Application replay pass 3
==PROF== Profiling "layer_norm_grad_input_kernel" - 200: Application replay pass 3
==PROF== Profiling "GammaBetaBackwardCUDAKernel_3..." - 201: Application replay pass 3
==PROF== Profiling "vectorized_elementwise_kernel" - 202: Application replay pass 3
==PROF== Profiling "vectorized_elementwise_kernel" - 203: Application replay pass 3
==PROF== Profiling "vectorized_elementwise_kernel" - 204: Application replay pass 3
==PROF== Profiling "vectorized_elementwise_kernel" - 205: Application replay pass 3
==PROF== Profiling "sm80_xmma_gemm_f32f32_f32f32_..." - 206: Application replay pass 3
==PROF== Profiling "Kernel" - 207: Application replay pass 3
==PROF== Profiling "splitKreduce_kernel" - 208: Application replay pass 3
==PROF== Profiling "reduce_kernel" - 209: Application replay pass 3
==PROF== Profiling "vectorized_elementwise_kernel" - 210: Application replay pass 3
==PROF== Profiling "vectorized_elementwise_kernel" - 211: Application replay pass 3
==PROF== Profiling "elementwise_kernel" - 212: Application replay pass 3
==PROF== Profiling "sm80_xmma_gemm_f32f32_f32f32_..." - 213: Application replay pass 3
==PROF== Profiling "sm80_xmma_gemm_f32f32_f32f32_..." - 214: Application replay pass 3
==PROF== Profiling "vectorized_elementwise_kernel" - 215: Application replay pass 3
==PROF== Profiling "vectorized_elementwise_kernel" - 216: Application replay pass 3
==PROF== Profiling "softmax_warp_backward" - 217: Application replay pass 3
==PROF== Profiling "vectorized_elementwise_kernel" - 218: Application replay pass 3
==PROF== Profiling "elementwise_kernel" - 219: Application replay pass 3
==PROF== Profiling "elementwise_kernel" - 220: Application replay pass 3
==PROF== Profiling "sm80_xmma_gemm_f32f32_f32f32_..." - 221: Application replay pass 3
==PROF== Profiling "sm80_xmma_gemm_f32f32_f32f32_..." - 222: Application replay pass 3
==PROF== Profiling "elementwise_kernel" - 223: Application replay pass 3
==PROF== Profiling "elementwise_kernel" - 224: Application replay pass 3
==PROF== Profiling "CatArrayBatchedCopy" - 225: Application replay pass 3
==PROF== Profiling "sm80_xmma_gemm_f32f32_f32f32_..." - 226: Application replay pass 3
==PROF== Profiling "Kernel" - 227: Application replay pass 3
==PROF== Profiling "reduce_kernel" - 228: Application replay pass 3
==PROF== Profiling "vectorized_elementwise_kernel" - 229: Application replay pass 3
==PROF== Profiling "vectorized_elementwise_kernel" - 230: Application replay pass 3
==PROF== Profiling "layer_norm_grad_input_kernel" - 231: Application replay pass 3
==PROF== Profiling "GammaBetaBackwardCUDAKernel_3..." - 232: Application replay pass 3
==PROF== Profiling "vectorized_elementwise_kernel" - 233: Application replay pass 3
==PROF== Profiling "vectorized_elementwise_kernel" - 234: Application replay pass 3
==PROF== Profiling "vectorized_elementwise_kernel" - 235: Application replay pass 3
==PROF== Profiling "vectorized_elementwise_kernel" - 236: Application replay pass 3
==PROF== Profiling "sm80_xmma_gemm_f32f32_f32f32_..." - 237: Application replay pass 3
==PROF== Profiling "Kernel" - 238: Application replay pass 3
==PROF== Profiling "reduce_kernel" - 239: Application replay pass 3
==PROF== Profiling "vectorized_elementwise_kernel" - 240: Application replay pass 3
==PROF== Profiling "vectorized_elementwise_kernel" - 241: Application replay pass 3
==PROF== Profiling "vectorized_elementwise_kernel" - 242: Application replay pass 3
==PROF== Profiling "vectorized_elementwise_kernel" - 243: Application replay pass 3
==PROF== Profiling "vectorized_elementwise_kernel" - 244: Application replay pass 3
==PROF== Profiling "vectorized_elementwise_kernel" - 245: Application replay pass 3
==PROF== Profiling "vectorized_elementwise_kernel" - 246: Application replay pass 3
==PROF== Profiling "vectorized_elementwise_kernel" - 247: Application replay pass 3
==PROF== Profiling "vectorized_elementwise_kernel" - 248: Application replay pass 3
==PROF== Profiling "vectorized_elementwise_kernel" - 249: Application replay pass 3
==PROF== Profiling "vectorized_elementwise_kernel" - 250: Application replay pass 3
==PROF== Profiling "vectorized_elementwise_kernel" - 251: Application replay pass 3
==PROF== Profiling "vectorized_elementwise_kernel" - 252: Application replay pass 3
==PROF== Profiling "sm80_xmma_gemm_f32f32_f32f32_..." - 253: Application replay pass 3
==PROF== Profiling "Kernel" - 254: Application replay pass 3
==PROF== Profiling "reduce_kernel" - 255: Application replay pass 3
==PROF== Profiling "vectorized_elementwise_kernel" - 256: Application replay pass 3
==PROF== Profiling "vectorized_elementwise_kernel" - 257: Application replay pass 3
==PROF== Profiling "layer_norm_grad_input_kernel" - 258: Application replay pass 3
==PROF== Profiling "GammaBetaBackwardCUDAKernel_3..." - 259: Application replay pass 3
==PROF== Profiling "vectorized_elementwise_kernel" - 260: Application replay pass 3
==PROF== Profiling "vectorized_elementwise_kernel" - 261: Application replay pass 3
==PROF== Profiling "vectorized_elementwise_kernel" - 262: Application replay pass 3
==PROF== Profiling "vectorized_elementwise_kernel" - 263: Application replay pass 3
==PROF== Profiling "sm80_xmma_gemm_f32f32_f32f32_..." - 264: Application replay pass 3
==PROF== Profiling "Kernel" - 265: Application replay pass 3
==PROF== Profiling "splitKreduce_kernel" - 266: Application replay pass 3
==PROF== Profiling "reduce_kernel" - 267: Application replay pass 3
==PROF== Profiling "vectorized_elementwise_kernel" - 268: Application replay pass 3
==PROF== Profiling "vectorized_elementwise_kernel" - 269: Application replay pass 3
==PROF== Profiling "elementwise_kernel" - 270: Application replay pass 3
==PROF== Profiling "sm80_xmma_gemm_f32f32_f32f32_..." - 271: Application replay pass 3
==PROF== Profiling "sm80_xmma_gemm_f32f32_f32f32_..." - 272: Application replay pass 3
==PROF== Profiling "vectorized_elementwise_kernel" - 273: Application replay pass 3
==PROF== Profiling "vectorized_elementwise_kernel" - 274: Application replay pass 3
==PROF== Profiling "softmax_warp_backward" - 275: Application replay pass 3
==PROF== Profiling "vectorized_elementwise_kernel" - 276: Application replay pass 3
==PROF== Profiling "elementwise_kernel" - 277: Application replay pass 3
==PROF== Profiling "elementwise_kernel" - 278: Application replay pass 3
==PROF== Profiling "sm80_xmma_gemm_f32f32_f32f32_..." - 279: Application replay pass 3
==PROF== Profiling "sm80_xmma_gemm_f32f32_f32f32_..." - 280: Application replay pass 3
==PROF== Profiling "elementwise_kernel" - 281: Application replay pass 3
==PROF== Profiling "elementwise_kernel" - 282: Application replay pass 3
==PROF== Profiling "CatArrayBatchedCopy" - 283: Application replay pass 3
==PROF== Profiling "sm80_xmma_gemm_f32f32_f32f32_..." - 284: Application replay pass 3
==PROF== Profiling "Kernel" - 285: Application replay pass 3
==PROF== Profiling "reduce_kernel" - 286: Application replay pass 3
==PROF== Profiling "vectorized_elementwise_kernel" - 287: Application replay pass 3
==PROF== Profiling "vectorized_elementwise_kernel" - 288: Application replay pass 3
==PROF== Profiling "layer_norm_grad_input_kernel" - 289: Application replay pass 3
==PROF== Profiling "GammaBetaBackwardCUDAKernel_3..." - 290: Application replay pass 3
==PROF== Profiling "vectorized_elementwise_kernel" - 291: Application replay pass 3
==PROF== Profiling "vectorized_elementwise_kernel" - 292: Application replay pass 3
==PROF== Profiling "vectorized_elementwise_kernel" - 293: Application replay pass 3
==PROF== Profiling "vectorized_elementwise_kernel" - 294: Application replay pass 3
==PROF== Profiling "sm80_xmma_gemm_f32f32_f32f32_..." - 295: Application replay pass 3
==PROF== Profiling "Kernel" - 296: Application replay pass 3
==PROF== Profiling "reduce_kernel" - 297: Application replay pass 3
==PROF== Profiling "vectorized_elementwise_kernel" - 298: Application replay pass 3
==PROF== Profiling "vectorized_elementwise_kernel" - 299: Application replay pass 3
==PROF== Profiling "vectorized_elementwise_kernel" - 300: Application replay pass 3
==PROF== Profiling "vectorized_elementwise_kernel" - 301: Application replay pass 3
==PROF== Profiling "vectorized_elementwise_kernel" - 302: Application replay pass 3
==PROF== Profiling "vectorized_elementwise_kernel" - 303: Application replay pass 3
==PROF== Profiling "vectorized_elementwise_kernel" - 304: Application replay pass 3
==PROF== Profiling "vectorized_elementwise_kernel" - 305: Application replay pass 3
==PROF== Profiling "vectorized_elementwise_kernel" - 306: Application replay pass 3
==PROF== Profiling "vectorized_elementwise_kernel" - 307: Application replay pass 3
==PROF== Profiling "vectorized_elementwise_kernel" - 308: Application replay pass 3
==PROF== Profiling "vectorized_elementwise_kernel" - 309: Application replay pass 3
==PROF== Profiling "vectorized_elementwise_kernel" - 310: Application replay pass 3
==PROF== Profiling "sm80_xmma_gemm_f32f32_f32f32_..." - 311: Application replay pass 3
==PROF== Profiling "Kernel" - 312: Application replay pass 3
==PROF== Profiling "reduce_kernel" - 313: Application replay pass 3
==PROF== Profiling "vectorized_elementwise_kernel" - 314: Application replay pass 3
==PROF== Profiling "vectorized_elementwise_kernel" - 315: Application replay pass 3
==PROF== Profiling "layer_norm_grad_input_kernel" - 316: Application replay pass 3
==PROF== Profiling "GammaBetaBackwardCUDAKernel_3..." - 317: Application replay pass 3
==PROF== Profiling "vectorized_elementwise_kernel" - 318: Application replay pass 3
==PROF== Profiling "vectorized_elementwise_kernel" - 319: Application replay pass 3
==PROF== Profiling "vectorized_elementwise_kernel" - 320: Application replay pass 3
==PROF== Profiling "vectorized_elementwise_kernel" - 321: Application replay pass 3
==PROF== Profiling "sm80_xmma_gemm_f32f32_f32f32_..." - 322: Application replay pass 3
==PROF== Profiling "Kernel" - 323: Application replay pass 3
==PROF== Profiling "splitKreduce_kernel" - 324: Application replay pass 3
==PROF== Profiling "reduce_kernel" - 325: Application replay pass 3
==PROF== Profiling "vectorized_elementwise_kernel" - 326: Application replay pass 3
==PROF== Profiling "vectorized_elementwise_kernel" - 327: Application replay pass 3
==PROF== Profiling "elementwise_kernel" - 328: Application replay pass 3
==PROF== Profiling "sm80_xmma_gemm_f32f32_f32f32_..." - 329: Application replay pass 3
==PROF== Profiling "sm80_xmma_gemm_f32f32_f32f32_..." - 330: Application replay pass 3
==PROF== Profiling "vectorized_elementwise_kernel" - 331: Application replay pass 3
==PROF== Profiling "vectorized_elementwise_kernel" - 332: Application replay pass 3
==PROF== Profiling "softmax_warp_backward" - 333: Application replay pass 3
==PROF== Profiling "vectorized_elementwise_kernel" - 334: Application replay pass 3
==PROF== Profiling "elementwise_kernel" - 335: Application replay pass 3
==PROF== Profiling "elementwise_kernel" - 336: Application replay pass 3
==PROF== Profiling "sm80_xmma_gemm_f32f32_f32f32_..." - 337: Application replay pass 3
==PROF== Profiling "sm80_xmma_gemm_f32f32_f32f32_..." - 338: Application replay pass 3
==PROF== Profiling "elementwise_kernel" - 339: Application replay pass 3
==PROF== Profiling "elementwise_kernel" - 340: Application replay pass 3
==PROF== Profiling "CatArrayBatchedCopy" - 341: Application replay pass 3
==PROF== Profiling "sm80_xmma_gemm_f32f32_f32f32_..." - 342: Application replay pass 3
==PROF== Profiling "Kernel" - 343: Application replay pass 3
==PROF== Profiling "reduce_kernel" - 344: Application replay pass 3
==PROF== Profiling "vectorized_elementwise_kernel" - 345: Application replay pass 3
==PROF== Profiling "vectorized_elementwise_kernel" - 346: Application replay pass 3
==PROF== Profiling "layer_norm_grad_input_kernel" - 347: Application replay pass 3
==PROF== Profiling "GammaBetaBackwardCUDAKernel_3..." - 348: Application replay pass 3
==PROF== Profiling "vectorized_elementwise_kernel" - 349: Application replay pass 3
==PROF== Profiling "vectorized_elementwise_kernel" - 350: Application replay pass 3
==PROF== Profiling "vectorized_elementwise_kernel" - 351: Application replay pass 3
==PROF== Profiling "vectorized_elementwise_kernel" - 352: Application replay pass 3
==PROF== Profiling "sm80_xmma_gemm_f32f32_f32f32_..." - 353: Application replay pass 3
==PROF== Profiling "Kernel" - 354: Application replay pass 3
==PROF== Profiling "reduce_kernel" - 355: Application replay pass 3
==PROF== Profiling "vectorized_elementwise_kernel" - 356: Application replay pass 3
==PROF== Profiling "vectorized_elementwise_kernel" - 357: Application replay pass 3
==PROF== Profiling "vectorized_elementwise_kernel" - 358: Application replay pass 3
==PROF== Profiling "vectorized_elementwise_kernel" - 359: Application replay pass 3
==PROF== Profiling "vectorized_elementwise_kernel" - 360: Application replay pass 3
==PROF== Profiling "vectorized_elementwise_kernel" - 361: Application replay pass 3
==PROF== Profiling "vectorized_elementwise_kernel" - 362: Application replay pass 3
==PROF== Profiling "vectorized_elementwise_kernel" - 363: Application replay pass 3
==PROF== Profiling "vectorized_elementwise_kernel" - 364: Application replay pass 3
==PROF== Profiling "vectorized_elementwise_kernel" - 365: Application replay pass 3
==PROF== Profiling "vectorized_elementwise_kernel" - 366: Application replay pass 3
==PROF== Profiling "vectorized_elementwise_kernel" - 367: Application replay pass 3
==PROF== Profiling "vectorized_elementwise_kernel" - 368: Application replay pass 3
==PROF== Profiling "sm80_xmma_gemm_f32f32_f32f32_..." - 369: Application replay pass 3
==PROF== Profiling "Kernel" - 370: Application replay pass 3
==PROF== Profiling "reduce_kernel" - 371: Application replay pass 3
==PROF== Profiling "vectorized_elementwise_kernel" - 372: Application replay pass 3
==PROF== Profiling "vectorized_elementwise_kernel" - 373: Application replay pass 3
==PROF== Profiling "layer_norm_grad_input_kernel" - 374: Application replay pass 3
==PROF== Profiling "GammaBetaBackwardCUDAKernel_3..." - 375: Application replay pass 3
==PROF== Profiling "vectorized_elementwise_kernel" - 376: Application replay pass 3
==PROF== Profiling "vectorized_elementwise_kernel" - 377: Application replay pass 3
==PROF== Profiling "vectorized_elementwise_kernel" - 378: Application replay pass 3
==PROF== Profiling "vectorized_elementwise_kernel" - 379: Application replay pass 3
==PROF== Profiling "sm80_xmma_gemm_f32f32_f32f32_..." - 380: Application replay pass 3
==PROF== Profiling "Kernel" - 381: Application replay pass 3
==PROF== Profiling "splitKreduce_kernel" - 382: Application replay pass 3
==PROF== Profiling "reduce_kernel" - 383: Application replay pass 3
==PROF== Profiling "vectorized_elementwise_kernel" - 384: Application replay pass 3
==PROF== Profiling "vectorized_elementwise_kernel" - 385: Application replay pass 3
==PROF== Profiling "elementwise_kernel" - 386: Application replay pass 3
==PROF== Profiling "sm80_xmma_gemm_f32f32_f32f32_..." - 387: Application replay pass 3
==PROF== Profiling "sm80_xmma_gemm_f32f32_f32f32_..." - 388: Application replay pass 3
==PROF== Profiling "vectorized_elementwise_kernel" - 389: Application replay pass 3
==PROF== Profiling "vectorized_elementwise_kernel" - 390: Application replay pass 3
==PROF== Profiling "softmax_warp_backward" - 391: Application replay pass 3
==PROF== Profiling "vectorized_elementwise_kernel" - 392: Application replay pass 3
==PROF== Profiling "elementwise_kernel" - 393: Application replay pass 3
==PROF== Profiling "elementwise_kernel" - 394: Application replay pass 3
==PROF== Profiling "sm80_xmma_gemm_f32f32_f32f32_..." - 395: Application replay pass 3
==PROF== Profiling "sm80_xmma_gemm_f32f32_f32f32_..." - 396: Application replay pass 3
==PROF== Profiling "elementwise_kernel" - 397: Application replay pass 3
==PROF== Profiling "elementwise_kernel" - 398: Application replay pass 3
==PROF== Profiling "CatArrayBatchedCopy" - 399: Application replay pass 3
==PROF== Profiling "sm80_xmma_gemm_f32f32_f32f32_..." - 400: Application replay pass 3
==PROF== Profiling "Kernel" - 401: Application replay pass 3
==PROF== Profiling "reduce_kernel" - 402: Application replay pass 3
==PROF== Profiling "vectorized_elementwise_kernel" - 403: Application replay pass 3
==PROF== Profiling "vectorized_elementwise_kernel" - 404: Application replay pass 3
==PROF== Profiling "layer_norm_grad_input_kernel" - 405: Application replay pass 3
==PROF== Profiling "GammaBetaBackwardCUDAKernel_3..." - 406: Application replay pass 3
==PROF== Profiling "vectorized_elementwise_kernel" - 407: Application replay pass 3
==PROF== Profiling "vectorized_elementwise_kernel" - 408: Application replay pass 3
==PROF== Profiling "vectorized_elementwise_kernel" - 409: Application replay pass 3
==PROF== Profiling "vectorized_elementwise_kernel" - 410: Application replay pass 3
==PROF== Profiling "sm80_xmma_gemm_f32f32_f32f32_..." - 411: Application replay pass 3
==PROF== Profiling "Kernel" - 412: Application replay pass 3
==PROF== Profiling "reduce_kernel" - 413: Application replay pass 3
==PROF== Profiling "vectorized_elementwise_kernel" - 414: Application replay pass 3
==PROF== Profiling "vectorized_elementwise_kernel" - 415: Application replay pass 3
==PROF== Profiling "vectorized_elementwise_kernel" - 416: Application replay pass 3
==PROF== Profiling "vectorized_elementwise_kernel" - 417: Application replay pass 3
==PROF== Profiling "vectorized_elementwise_kernel" - 418: Application replay pass 3
==PROF== Profiling "vectorized_elementwise_kernel" - 419: Application replay pass 3
==PROF== Profiling "vectorized_elementwise_kernel" - 420: Application replay pass 3
==PROF== Profiling "vectorized_elementwise_kernel" - 421: Application replay pass 3
==PROF== Profiling "vectorized_elementwise_kernel" - 422: Application replay pass 3
==PROF== Profiling "vectorized_elementwise_kernel" - 423: Application replay pass 3
==PROF== Profiling "vectorized_elementwise_kernel" - 424: Application replay pass 3
==PROF== Profiling "vectorized_elementwise_kernel" - 425: Application replay pass 3
==PROF== Profiling "vectorized_elementwise_kernel" - 426: Application replay pass 3
==PROF== Profiling "sm80_xmma_gemm_f32f32_f32f32_..." - 427: Application replay pass 3
==PROF== Profiling "Kernel" - 428: Application replay pass 3
==PROF== Profiling "reduce_kernel" - 429: Application replay pass 3
==PROF== Profiling "vectorized_elementwise_kernel" - 430: Application replay pass 3
==PROF== Profiling "vectorized_elementwise_kernel" - 431: Application replay pass 3
==PROF== Profiling "layer_norm_grad_input_kernel" - 432: Application replay pass 3
==PROF== Profiling "GammaBetaBackwardCUDAKernel_3..." - 433: Application replay pass 3
==PROF== Profiling "vectorized_elementwise_kernel" - 434: Application replay pass 3
==PROF== Profiling "vectorized_elementwise_kernel" - 435: Application replay pass 3
==PROF== Profiling "vectorized_elementwise_kernel" - 436: Application replay pass 3
==PROF== Profiling "vectorized_elementwise_kernel" - 437: Application replay pass 3
==PROF== Profiling "sm80_xmma_gemm_f32f32_f32f32_..." - 438: Application replay pass 3
==PROF== Profiling "Kernel" - 439: Application replay pass 3
==PROF== Profiling "splitKreduce_kernel" - 440: Application replay pass 3
==PROF== Profiling "reduce_kernel" - 441: Application replay pass 3
==PROF== Profiling "vectorized_elementwise_kernel" - 442: Application replay pass 3
==PROF== Profiling "vectorized_elementwise_kernel" - 443: Application replay pass 3
==PROF== Profiling "elementwise_kernel" - 444: Application replay pass 3
==PROF== Profiling "sm80_xmma_gemm_f32f32_f32f32_..." - 445: Application replay pass 3
==PROF== Profiling "sm80_xmma_gemm_f32f32_f32f32_..." - 446: Application replay pass 3
==PROF== Profiling "vectorized_elementwise_kernel" - 447: Application replay pass 3
==PROF== Profiling "vectorized_elementwise_kernel" - 448: Application replay pass 3
==PROF== Profiling "softmax_warp_backward" - 449: Application replay pass 3
==PROF== Profiling "vectorized_elementwise_kernel" - 450: Application replay pass 3
==PROF== Profiling "elementwise_kernel" - 451: Application replay pass 3
==PROF== Profiling "elementwise_kernel" - 452: Application replay pass 3
==PROF== Profiling "sm80_xmma_gemm_f32f32_f32f32_..." - 453: Application replay pass 3
==PROF== Profiling "sm80_xmma_gemm_f32f32_f32f32_..." - 454: Application replay pass 3
==PROF== Profiling "elementwise_kernel" - 455: Application replay pass 3
==PROF== Profiling "elementwise_kernel" - 456: Application replay pass 3
==PROF== Profiling "CatArrayBatchedCopy" - 457: Application replay pass 3
==PROF== Profiling "sm80_xmma_gemm_f32f32_f32f32_..." - 458: Application replay pass 3
==PROF== Profiling "Kernel" - 459: Application replay pass 3
==PROF== Profiling "reduce_kernel" - 460: Application replay pass 3
==PROF== Profiling "vectorized_elementwise_kernel" - 461: Application replay pass 3
==PROF== Profiling "vectorized_elementwise_kernel" - 462: Application replay pass 3
==PROF== Profiling "layer_norm_grad_input_kernel" - 463: Application replay pass 3
==PROF== Profiling "GammaBetaBackwardCUDAKernel_3..." - 464: Application replay pass 3
==PROF== Profiling "vectorized_elementwise_kernel" - 465: Application replay pass 3
==PROF== Profiling "vectorized_elementwise_kernel" - 466: Application replay pass 3
==PROF== Profiling "vectorized_elementwise_kernel" - 467: Application replay pass 3
==PROF== Profiling "vectorized_elementwise_kernel" - 468: Application replay pass 3
==PROF== Profiling "sm80_xmma_gemm_f32f32_f32f32_..." - 469: Application replay pass 3
==PROF== Profiling "Kernel" - 470: Application replay pass 3
==PROF== Profiling "reduce_kernel" - 471: Application replay pass 3
==PROF== Profiling "vectorized_elementwise_kernel" - 472: Application replay pass 3
==PROF== Profiling "vectorized_elementwise_kernel" - 473: Application replay pass 3
==PROF== Profiling "vectorized_elementwise_kernel" - 474: Application replay pass 3
==PROF== Profiling "vectorized_elementwise_kernel" - 475: Application replay pass 3
==PROF== Profiling "vectorized_elementwise_kernel" - 476: Application replay pass 3
==PROF== Profiling "vectorized_elementwise_kernel" - 477: Application replay pass 3
==PROF== Profiling "vectorized_elementwise_kernel" - 478: Application replay pass 3
==PROF== Profiling "vectorized_elementwise_kernel" - 479: Application replay pass 3
==PROF== Profiling "vectorized_elementwise_kernel" - 480: Application replay pass 3
==PROF== Profiling "vectorized_elementwise_kernel" - 481: Application replay pass 3
==PROF== Profiling "vectorized_elementwise_kernel" - 482: Application replay pass 3
==PROF== Profiling "vectorized_elementwise_kernel" - 483: Application replay pass 3
==PROF== Profiling "vectorized_elementwise_kernel" - 484: Application replay pass 3
==PROF== Profiling "sm80_xmma_gemm_f32f32_f32f32_..." - 485: Application replay pass 3
==PROF== Profiling "Kernel" - 486: Application replay pass 3
==PROF== Profiling "reduce_kernel" - 487: Application replay pass 3
==PROF== Profiling "vectorized_elementwise_kernel" - 488: Application replay pass 3
==PROF== Profiling "vectorized_elementwise_kernel" - 489: Application replay pass 3
==PROF== Profiling "layer_norm_grad_input_kernel" - 490: Application replay pass 3
==PROF== Profiling "GammaBetaBackwardCUDAKernel_3..." - 491: Application replay pass 3
==PROF== Profiling "vectorized_elementwise_kernel" - 492: Application replay pass 3
==PROF== Profiling "vectorized_elementwise_kernel" - 493: Application replay pass 3
==PROF== Profiling "vectorized_elementwise_kernel" - 494: Application replay pass 3
==PROF== Profiling "vectorized_elementwise_kernel" - 495: Application replay pass 3
==PROF== Profiling "sm80_xmma_gemm_f32f32_f32f32_..." - 496: Application replay pass 3
==PROF== Profiling "Kernel" - 497: Application replay pass 3
==PROF== Profiling "splitKreduce_kernel" - 498: Application replay pass 3
==PROF== Profiling "reduce_kernel" - 499: Application replay pass 3
==PROF== Profiling "vectorized_elementwise_kernel" - 500: Application replay pass 3
==PROF== Profiling "vectorized_elementwise_kernel" - 501: Application replay pass 3
==PROF== Profiling "elementwise_kernel" - 502: Application replay pass 3
==PROF== Profiling "sm80_xmma_gemm_f32f32_f32f32_..." - 503: Application replay pass 3
==PROF== Profiling "sm80_xmma_gemm_f32f32_f32f32_..." - 504: Application replay pass 3
==PROF== Profiling "vectorized_elementwise_kernel" - 505: Application replay pass 3
==PROF== Profiling "vectorized_elementwise_kernel" - 506: Application replay pass 3
==PROF== Profiling "softmax_warp_backward" - 507: Application replay pass 3
==PROF== Profiling "vectorized_elementwise_kernel" - 508: Application replay pass 3
==PROF== Profiling "elementwise_kernel" - 509: Application replay pass 3
==PROF== Profiling "elementwise_kernel" - 510: Application replay pass 3
==PROF== Profiling "sm80_xmma_gemm_f32f32_f32f32_..." - 511: Application replay pass 3
==PROF== Profiling "sm80_xmma_gemm_f32f32_f32f32_..." - 512: Application replay pass 3
==PROF== Profiling "elementwise_kernel" - 513: Application replay pass 3
==PROF== Profiling "elementwise_kernel" - 514: Application replay pass 3
==PROF== Profiling "CatArrayBatchedCopy" - 515: Application replay pass 3
==PROF== Profiling "sm80_xmma_gemm_f32f32_f32f32_..." - 516: Application replay pass 3
==PROF== Profiling "Kernel" - 517: Application replay pass 3
==PROF== Profiling "reduce_kernel" - 518: Application replay pass 3
==PROF== Profiling "vectorized_elementwise_kernel" - 519: Application replay pass 3
==PROF== Profiling "vectorized_elementwise_kernel" - 520: Application replay pass 3
==PROF== Profiling "layer_norm_grad_input_kernel" - 521: Application replay pass 3
==PROF== Profiling "GammaBetaBackwardCUDAKernel_3..." - 522: Application replay pass 3
==PROF== Profiling "vectorized_elementwise_kernel" - 523: Application replay pass 3
==PROF== Profiling "vectorized_elementwise_kernel" - 524: Application replay pass 3
==PROF== Profiling "vectorized_elementwise_kernel" - 525: Application replay pass 3
==PROF== Profiling "vectorized_elementwise_kernel" - 526: Application replay pass 3
==PROF== Profiling "sm80_xmma_gemm_f32f32_f32f32_..." - 527: Application replay pass 3
==PROF== Profiling "Kernel" - 528: Application replay pass 3
==PROF== Profiling "reduce_kernel" - 529: Application replay pass 3
==PROF== Profiling "vectorized_elementwise_kernel" - 530: Application replay pass 3
==PROF== Profiling "vectorized_elementwise_kernel" - 531: Application replay pass 3
==PROF== Profiling "vectorized_elementwise_kernel" - 532: Application replay pass 3
==PROF== Profiling "vectorized_elementwise_kernel" - 533: Application replay pass 3
==PROF== Profiling "vectorized_elementwise_kernel" - 534: Application replay pass 3
==PROF== Profiling "vectorized_elementwise_kernel" - 535: Application replay pass 3
==PROF== Profiling "vectorized_elementwise_kernel" - 536: Application replay pass 3
==PROF== Profiling "vectorized_elementwise_kernel" - 537: Application replay pass 3
==PROF== Profiling "vectorized_elementwise_kernel" - 538: Application replay pass 3
==PROF== Profiling "vectorized_elementwise_kernel" - 539: Application replay pass 3
==PROF== Profiling "vectorized_elementwise_kernel" - 540: Application replay pass 3
==PROF== Profiling "vectorized_elementwise_kernel" - 541: Application replay pass 3
==PROF== Profiling "vectorized_elementwise_kernel" - 542: Application replay pass 3
==PROF== Profiling "sm80_xmma_gemm_f32f32_f32f32_..." - 543: Application replay pass 3
==PROF== Profiling "Kernel" - 544: Application replay pass 3
==PROF== Profiling "reduce_kernel" - 545: Application replay pass 3
==PROF== Profiling "vectorized_elementwise_kernel" - 546: Application replay pass 3
==PROF== Profiling "vectorized_elementwise_kernel" - 547: Application replay pass 3
==PROF== Profiling "layer_norm_grad_input_kernel" - 548: Application replay pass 3
==PROF== Profiling "GammaBetaBackwardCUDAKernel_3..." - 549: Application replay pass 3
==PROF== Profiling "vectorized_elementwise_kernel" - 550: Application replay pass 3
==PROF== Profiling "vectorized_elementwise_kernel" - 551: Application replay pass 3
==PROF== Profiling "vectorized_elementwise_kernel" - 552: Application replay pass 3
==PROF== Profiling "vectorized_elementwise_kernel" - 553: Application replay pass 3
==PROF== Profiling "sm80_xmma_gemm_f32f32_f32f32_..." - 554: Application replay pass 3
==PROF== Profiling "Kernel" - 555: Application replay pass 3
==PROF== Profiling "splitKreduce_kernel" - 556: Application replay pass 3
==PROF== Profiling "reduce_kernel" - 557: Application replay pass 3
==PROF== Profiling "vectorized_elementwise_kernel" - 558: Application replay pass 3
==PROF== Profiling "vectorized_elementwise_kernel" - 559: Application replay pass 3
==PROF== Profiling "elementwise_kernel" - 560: Application replay pass 3
==PROF== Profiling "sm80_xmma_gemm_f32f32_f32f32_..." - 561: Application replay pass 3
==PROF== Profiling "sm80_xmma_gemm_f32f32_f32f32_..." - 562: Application replay pass 3
==PROF== Profiling "vectorized_elementwise_kernel" - 563: Application replay pass 3
==PROF== Profiling "vectorized_elementwise_kernel" - 564: Application replay pass 3
==PROF== Profiling "softmax_warp_backward" - 565: Application replay pass 3
==PROF== Profiling "vectorized_elementwise_kernel" - 566: Application replay pass 3
==PROF== Profiling "elementwise_kernel" - 567: Application replay pass 3
==PROF== Profiling "elementwise_kernel" - 568: Application replay pass 3
==PROF== Profiling "sm80_xmma_gemm_f32f32_f32f32_..." - 569: Application replay pass 3
==PROF== Profiling "sm80_xmma_gemm_f32f32_f32f32_..." - 570: Application replay pass 3
==PROF== Profiling "elementwise_kernel" - 571: Application replay pass 3
==PROF== Profiling "elementwise_kernel" - 572: Application replay pass 3
==PROF== Profiling "CatArrayBatchedCopy" - 573: Application replay pass 3
==PROF== Profiling "sm80_xmma_gemm_f32f32_f32f32_..." - 574: Application replay pass 3
==PROF== Profiling "Kernel" - 575: Application replay pass 3
==PROF== Profiling "reduce_kernel" - 576: Application replay pass 3
==PROF== Profiling "vectorized_elementwise_kernel" - 577: Application replay pass 3
==PROF== Profiling "vectorized_elementwise_kernel" - 578: Application replay pass 3
==PROF== Profiling "layer_norm_grad_input_kernel" - 579: Application replay pass 3
==PROF== Profiling "GammaBetaBackwardCUDAKernel_3..." - 580: Application replay pass 3
==PROF== Profiling "vectorized_elementwise_kernel" - 581: Application replay pass 3
==PROF== Profiling "vectorized_elementwise_kernel" - 582: Application replay pass 3
==PROF== Profiling "vectorized_elementwise_kernel" - 583: Application replay pass 3
==PROF== Profiling "vectorized_elementwise_kernel" - 584: Application replay pass 3
==PROF== Profiling "sm80_xmma_gemm_f32f32_f32f32_..." - 585: Application replay pass 3
==PROF== Profiling "Kernel" - 586: Application replay pass 3
==PROF== Profiling "reduce_kernel" - 587: Application replay pass 3
==PROF== Profiling "vectorized_elementwise_kernel" - 588: Application replay pass 3
==PROF== Profiling "vectorized_elementwise_kernel" - 589: Application replay pass 3
==PROF== Profiling "vectorized_elementwise_kernel" - 590: Application replay pass 3
==PROF== Profiling "vectorized_elementwise_kernel" - 591: Application replay pass 3
==PROF== Profiling "vectorized_elementwise_kernel" - 592: Application replay pass 3
==PROF== Profiling "vectorized_elementwise_kernel" - 593: Application replay pass 3
==PROF== Profiling "vectorized_elementwise_kernel" - 594: Application replay pass 3
==PROF== Profiling "vectorized_elementwise_kernel" - 595: Application replay pass 3
==PROF== Profiling "vectorized_elementwise_kernel" - 596: Application replay pass 3
==PROF== Profiling "vectorized_elementwise_kernel" - 597: Application replay pass 3
==PROF== Profiling "vectorized_elementwise_kernel" - 598: Application replay pass 3
==PROF== Profiling "vectorized_elementwise_kernel" - 599: Application replay pass 3
==PROF== Profiling "vectorized_elementwise_kernel" - 600: Application replay pass 3
==PROF== Profiling "sm80_xmma_gemm_f32f32_f32f32_..." - 601: Application replay pass 3
==PROF== Profiling "Kernel" - 602: Application replay pass 3
==PROF== Profiling "reduce_kernel" - 603: Application replay pass 3
==PROF== Profiling "vectorized_elementwise_kernel" - 604: Application replay pass 3
==PROF== Profiling "vectorized_elementwise_kernel" - 605: Application replay pass 3
==PROF== Profiling "layer_norm_grad_input_kernel" - 606: Application replay pass 3
==PROF== Profiling "GammaBetaBackwardCUDAKernel_3..." - 607: Application replay pass 3
==PROF== Profiling "vectorized_elementwise_kernel" - 608: Application replay pass 3
==PROF== Profiling "vectorized_elementwise_kernel" - 609: Application replay pass 3
==PROF== Profiling "vectorized_elementwise_kernel" - 610: Application replay pass 3
==PROF== Profiling "vectorized_elementwise_kernel" - 611: Application replay pass 3
==PROF== Profiling "sm80_xmma_gemm_f32f32_f32f32_..." - 612: Application replay pass 3
==PROF== Profiling "Kernel" - 613: Application replay pass 3
==PROF== Profiling "splitKreduce_kernel" - 614: Application replay pass 3
==PROF== Profiling "reduce_kernel" - 615: Application replay pass 3
==PROF== Profiling "vectorized_elementwise_kernel" - 616: Application replay pass 3
==PROF== Profiling "vectorized_elementwise_kernel" - 617: Application replay pass 3
==PROF== Profiling "elementwise_kernel" - 618: Application replay pass 3
==PROF== Profiling "sm80_xmma_gemm_f32f32_f32f32_..." - 619: Application replay pass 3
==PROF== Profiling "sm80_xmma_gemm_f32f32_f32f32_..." - 620: Application replay pass 3
==PROF== Profiling "vectorized_elementwise_kernel" - 621: Application replay pass 3
==PROF== Profiling "vectorized_elementwise_kernel" - 622: Application replay pass 3
==PROF== Profiling "softmax_warp_backward" - 623: Application replay pass 3
==PROF== Profiling "vectorized_elementwise_kernel" - 624: Application replay pass 3
==PROF== Profiling "elementwise_kernel" - 625: Application replay pass 3
==PROF== Profiling "elementwise_kernel" - 626: Application replay pass 3
==PROF== Profiling "sm80_xmma_gemm_f32f32_f32f32_..." - 627: Application replay pass 3
==PROF== Profiling "sm80_xmma_gemm_f32f32_f32f32_..." - 628: Application replay pass 3
==PROF== Profiling "elementwise_kernel" - 629: Application replay pass 3
==PROF== Profiling "elementwise_kernel" - 630: Application replay pass 3
==PROF== Profiling "CatArrayBatchedCopy" - 631: Application replay pass 3
==PROF== Profiling "sm80_xmma_gemm_f32f32_f32f32_..." - 632: Application replay pass 3
==PROF== Profiling "Kernel" - 633: Application replay pass 3
==PROF== Profiling "reduce_kernel" - 634: Application replay pass 3
==PROF== Profiling "vectorized_elementwise_kernel" - 635: Application replay pass 3
==PROF== Profiling "vectorized_elementwise_kernel" - 636: Application replay pass 3
==PROF== Profiling "layer_norm_grad_input_kernel" - 637: Application replay pass 3
==PROF== Profiling "GammaBetaBackwardCUDAKernel_3..." - 638: Application replay pass 3
==PROF== Profiling "vectorized_elementwise_kernel" - 639: Application replay pass 3
==PROF== Profiling "vectorized_elementwise_kernel" - 640: Application replay pass 3
==PROF== Profiling "vectorized_elementwise_kernel" - 641: Application replay pass 3
==PROF== Profiling "vectorized_elementwise_kernel" - 642: Application replay pass 3
==PROF== Profiling "sm80_xmma_gemm_f32f32_f32f32_..." - 643: Application replay pass 3
==PROF== Profiling "Kernel" - 644: Application replay pass 3
==PROF== Profiling "reduce_kernel" - 645: Application replay pass 3
==PROF== Profiling "vectorized_elementwise_kernel" - 646: Application replay pass 3
==PROF== Profiling "vectorized_elementwise_kernel" - 647: Application replay pass 3
==PROF== Profiling "vectorized_elementwise_kernel" - 648: Application replay pass 3
==PROF== Profiling "vectorized_elementwise_kernel" - 649: Application replay pass 3
==PROF== Profiling "vectorized_elementwise_kernel" - 650: Application replay pass 3
==PROF== Profiling "vectorized_elementwise_kernel" - 651: Application replay pass 3
==PROF== Profiling "vectorized_elementwise_kernel" - 652: Application replay pass 3
==PROF== Profiling "vectorized_elementwise_kernel" - 653: Application replay pass 3
==PROF== Profiling "vectorized_elementwise_kernel" - 654: Application replay pass 3
==PROF== Profiling "vectorized_elementwise_kernel" - 655: Application replay pass 3
==PROF== Profiling "vectorized_elementwise_kernel" - 656: Application replay pass 3
==PROF== Profiling "vectorized_elementwise_kernel" - 657: Application replay pass 3
==PROF== Profiling "vectorized_elementwise_kernel" - 658: Application replay pass 3
==PROF== Profiling "sm80_xmma_gemm_f32f32_f32f32_..." - 659: Application replay pass 3
==PROF== Profiling "Kernel" - 660: Application replay pass 3
==PROF== Profiling "reduce_kernel" - 661: Application replay pass 3
==PROF== Profiling "vectorized_elementwise_kernel" - 662: Application replay pass 3
==PROF== Profiling "vectorized_elementwise_kernel" - 663: Application replay pass 3
==PROF== Profiling "layer_norm_grad_input_kernel" - 664: Application replay pass 3
==PROF== Profiling "GammaBetaBackwardCUDAKernel_3..." - 665: Application replay pass 3
==PROF== Profiling "vectorized_elementwise_kernel" - 666: Application replay pass 3
==PROF== Profiling "vectorized_elementwise_kernel" - 667: Application replay pass 3
==PROF== Profiling "vectorized_elementwise_kernel" - 668: Application replay pass 3
==PROF== Profiling "vectorized_elementwise_kernel" - 669: Application replay pass 3
==PROF== Profiling "sm80_xmma_gemm_f32f32_f32f32_..." - 670: Application replay pass 3
==PROF== Profiling "Kernel" - 671: Application replay pass 3
==PROF== Profiling "splitKreduce_kernel" - 672: Application replay pass 3
==PROF== Profiling "reduce_kernel" - 673: Application replay pass 3
==PROF== Profiling "vectorized_elementwise_kernel" - 674: Application replay pass 3
==PROF== Profiling "vectorized_elementwise_kernel" - 675: Application replay pass 3
==PROF== Profiling "elementwise_kernel" - 676: Application replay pass 3
==PROF== Profiling "sm80_xmma_gemm_f32f32_f32f32_..." - 677: Application replay pass 3
==PROF== Profiling "sm80_xmma_gemm_f32f32_f32f32_..." - 678: Application replay pass 3
==PROF== Profiling "vectorized_elementwise_kernel" - 679: Application replay pass 3
==PROF== Profiling "vectorized_elementwise_kernel" - 680: Application replay pass 3
==PROF== Profiling "softmax_warp_backward" - 681: Application replay pass 3
==PROF== Profiling "vectorized_elementwise_kernel" - 682: Application replay pass 3
==PROF== Profiling "elementwise_kernel" - 683: Application replay pass 3
==PROF== Profiling "elementwise_kernel" - 684: Application replay pass 3
==PROF== Profiling "sm80_xmma_gemm_f32f32_f32f32_..." - 685: Application replay pass 3
==PROF== Profiling "sm80_xmma_gemm_f32f32_f32f32_..." - 686: Application replay pass 3
==PROF== Profiling "elementwise_kernel" - 687: Application replay pass 3
==PROF== Profiling "elementwise_kernel" - 688: Application replay pass 3
==PROF== Profiling "CatArrayBatchedCopy" - 689: Application replay pass 3
==PROF== Profiling "sm80_xmma_gemm_f32f32_f32f32_..." - 690: Application replay pass 3
==PROF== Profiling "Kernel" - 691: Application replay pass 3
==PROF== Profiling "reduce_kernel" - 692: Application replay pass 3
==PROF== Profiling "vectorized_elementwise_kernel" - 693: Application replay pass 3
==PROF== Profiling "vectorized_elementwise_kernel" - 694: Application replay pass 3
==PROF== Profiling "layer_norm_grad_input_kernel" - 695: Application replay pass 3
==PROF== Profiling "GammaBetaBackwardCUDAKernel_3..." - 696: Application replay pass 3
==PROF== Profiling "vectorized_elementwise_kernel" - 697: Application replay pass 3
==PROF== Profiling "vectorized_elementwise_kernel" - 698: Application replay pass 3
==PROF== Profiling "vectorized_elementwise_kernel" - 699: Application replay pass 3
==PROF== Profiling "vectorized_elementwise_kernel" - 700: Application replay pass 3
==PROF== Profiling "reduce_kernel" - 701: Application replay pass 3
==PROF== Profiling "vectorized_elementwise_kernel" - 702: Application replay pass 3
==PROF== Profiling "embedding_backward_feature_ke..." - 703: Application replay pass 3
==PROF== Profiling "vectorized_elementwise_kernel" - 704: Application replay pass 3
==PROF== Profiling "elementwise_kernel_with_index" - 705: Application replay pass 3
==PROF== Profiling "DeviceRadixSortHistogramKernel" - 706: Application replay pass 3
==PROF== Profiling "DeviceRadixSortExclusiveSumKe..." - 707: Application replay pass 3
==PROF== Profiling "DeviceRadixSortOnesweepKernel" - 708: Application replay pass 3
==PROF== Profiling "DeviceRadixSortOnesweepKernel" - 709: Application replay pass 3
==PROF== Profiling "DeviceRadixSortOnesweepKernel" - 710: Application replay pass 3
==PROF== Profiling "DeviceRadixSortOnesweepKernel" - 711: Application replay pass 3
==PROF== Profiling "DeviceRadixSortOnesweepKernel" - 712: Application replay pass 3
==PROF== Profiling "DeviceRadixSortOnesweepKernel" - 713: Application replay pass 3
==PROF== Profiling "DeviceRadixSortOnesweepKernel" - 714: Application replay pass 3
==PROF== Profiling "DeviceRadixSortOnesweepKernel" - 715: Application replay pass 3
==PROF== Profiling "vectorized_elementwise_kernel" - 716: Application replay pass 3
==PROF== Profiling "DeviceCompactInitKernel" - 717: Application replay pass 3
==PROF== Profiling "DeviceUniqueByKeySweepKernel" - 718: Application replay pass 3
==PROF== Profiling "krn_partials_per_segment" - 719: Application replay pass 3
==PROF== Profiling "DeviceScanInitKernel" - 720: Application replay pass 3
==PROF== Profiling "DeviceScanKernel" - 721: Application replay pass 3
==PROF== Profiling "compute_num_of_partial_segments" - 722: Application replay pass 3
==PROF== Profiling "krn_partial_segment_offset" - 723: Application replay pass 3
==PROF== Profiling "compute_grad_weight" - 724: Application replay pass 3
==PROF== Profiling "sum_and_scatter" - 725: Application replay pass 3
==PROF== Profiling "vectorized_elementwise_kernel" - 726: Application replay pass 3
debug: Rank 0: Stopping profiler
Rank 0, Epoch [3/3], Finished epoch.
debug: Cleaning up process group
debug: Rank 0: Training process completed
==PROF== Disconnected from process 2031
debug: mp.spawn completed
PyTorch CUDA version: 12.1 matches with CUDA version required in environment config.
Configuration Values:
cuda version check: 12.1
world_size: 1
cap_size: 2
epochs: 3
batchsize: 16
debug: Starting mp.spawn...
debug: Rank 0: Running training process
debug: Rank 0: Preparing model and data
debug: Rank 0: Setting up process group
==PROF== Connected to process 2814 (/opt/conda/envs/echo_slowdown/bin/python3.10)
debug: Rank 0: Process group setup complete
debug: Rank 0: Starting training for 3 epochs
debug: Rank 0: Actual epoch 1/3 starting
Rank 0, Epoch [1/3], Finished epoch.
debug: Rank 0: Actual epoch 2/3 starting
Rank 0, Epoch [2/3], Finished epoch.
debug: Rank 0: Actual epoch 3/3 starting
debug: Rank 0: Starting backward pass profiling
==PROF== Profiling "layer_norm_grad_input_kernel" - 0: Application replay pass 4
==PROF== Profiling "GammaBetaBackwardCUDAKernel_3..." - 1: Application replay pass 4
==PROF== Profiling "vectorized_elementwise_kernel" - 2: Application replay pass 4
==PROF== Profiling "vectorized_elementwise_kernel" - 3: Application replay pass 4
==PROF== Profiling "vectorized_elementwise_kernel" - 4: Application replay pass 4
==PROF== Profiling "sm80_xmma_gemm_f32f32_f32f32_..." - 5: Application replay pass 4
==PROF== Profiling "Kernel" - 6: Application replay pass 4
==PROF== Profiling "reduce_kernel" - 7: Application replay pass 4
==PROF== Profiling "vectorized_elementwise_kernel" - 8: Application replay pass 4
==PROF== Profiling "vectorized_elementwise_kernel" - 9: Application replay pass 4
==PROF== Profiling "vectorized_elementwise_kernel" - 10: Application replay pass 4
==PROF== Profiling "vectorized_elementwise_kernel" - 11: Application replay pass 4
==PROF== Profiling "vectorized_elementwise_kernel" - 12: Application replay pass 4
==PROF== Profiling "vectorized_elementwise_kernel" - 13: Application replay pass 4
==PROF== Profiling "vectorized_elementwise_kernel" - 14: Application replay pass 4
==PROF== Profiling "vectorized_elementwise_kernel" - 15: Application replay pass 4
==PROF== Profiling "vectorized_elementwise_kernel" - 16: Application replay pass 4
==PROF== Profiling "vectorized_elementwise_kernel" - 17: Application replay pass 4
==PROF== Profiling "vectorized_elementwise_kernel" - 18: Application replay pass 4
==PROF== Profiling "vectorized_elementwise_kernel" - 19: Application replay pass 4
==PROF== Profiling "vectorized_elementwise_kernel" - 20: Application replay pass 4
==PROF== Profiling "sm80_xmma_gemm_f32f32_f32f32_..." - 21: Application replay pass 4
==PROF== Profiling "Kernel" - 22: Application replay pass 4
==PROF== Profiling "reduce_kernel" - 23: Application replay pass 4
==PROF== Profiling "vectorized_elementwise_kernel" - 24: Application replay pass 4
==PROF== Profiling "vectorized_elementwise_kernel" - 25: Application replay pass 4
==PROF== Profiling "layer_norm_grad_input_kernel" - 26: Application replay pass 4
==PROF== Profiling "GammaBetaBackwardCUDAKernel_3..." - 27: Application replay pass 4
==PROF== Profiling "vectorized_elementwise_kernel" - 28: Application replay pass 4
==PROF== Profiling "vectorized_elementwise_kernel" - 29: Application replay pass 4
==PROF== Profiling "vectorized_elementwise_kernel" - 30: Application replay pass 4
==PROF== Profiling "vectorized_elementwise_kernel" - 31: Application replay pass 4
==PROF== Profiling "sm80_xmma_gemm_f32f32_f32f32_..." - 32: Application replay pass 4
==PROF== Profiling "Kernel" - 33: Application replay pass 4
==PROF== Profiling "splitKreduce_kernel" - 34: Application replay pass 4
==PROF== Profiling "reduce_kernel" - 35: Application replay pass 4
==PROF== Profiling "vectorized_elementwise_kernel" - 36: Application replay pass 4
==PROF== Profiling "vectorized_elementwise_kernel" - 37: Application replay pass 4
==PROF== Profiling "elementwise_kernel" - 38: Application replay pass 4
==PROF== Profiling "sm80_xmma_gemm_f32f32_f32f32_..." - 39: Application replay pass 4
==PROF== Profiling "sm80_xmma_gemm_f32f32_f32f32_..." - 40: Application replay pass 4
==PROF== Profiling "vectorized_elementwise_kernel" - 41: Application replay pass 4
==PROF== Profiling "vectorized_elementwise_kernel" - 42: Application replay pass 4
==PROF== Profiling "softmax_warp_backward" - 43: Application replay pass 4
==PROF== Profiling "vectorized_elementwise_kernel" - 44: Application replay pass 4
==PROF== Profiling "elementwise_kernel" - 45: Application replay pass 4
==PROF== Profiling "elementwise_kernel" - 46: Application replay pass 4
==PROF== Profiling "sm80_xmma_gemm_f32f32_f32f32_..." - 47: Application replay pass 4
==PROF== Profiling "sm80_xmma_gemm_f32f32_f32f32_..." - 48: Application replay pass 4
==PROF== Profiling "elementwise_kernel" - 49: Application replay pass 4
==PROF== Profiling "elementwise_kernel" - 50: Application replay pass 4
==PROF== Profiling "CatArrayBatchedCopy" - 51: Application replay pass 4
==PROF== Profiling "sm80_xmma_gemm_f32f32_f32f32_..." - 52: Application replay pass 4
==PROF== Profiling "Kernel" - 53: Application replay pass 4
==PROF== Profiling "reduce_kernel" - 54: Application replay pass 4
==PROF== Profiling "vectorized_elementwise_kernel" - 55: Application replay pass 4
==PROF== Profiling "vectorized_elementwise_kernel" - 56: Application replay pass 4
==PROF== Profiling "layer_norm_grad_input_kernel" - 57: Application replay pass 4
==PROF== Profiling "GammaBetaBackwardCUDAKernel_3..." - 58: Application replay pass 4
==PROF== Profiling "vectorized_elementwise_kernel" - 59: Application replay pass 4
==PROF== Profiling "vectorized_elementwise_kernel" - 60: Application replay pass 4
==PROF== Profiling "vectorized_elementwise_kernel" - 61: Application replay pass 4
==PROF== Profiling "vectorized_elementwise_kernel" - 62: Application replay pass 4
==PROF== Profiling "sm80_xmma_gemm_f32f32_f32f32_..." - 63: Application replay pass 4
==PROF== Profiling "Kernel" - 64: Application replay pass 4
==PROF== Profiling "reduce_kernel" - 65: Application replay pass 4
==PROF== Profiling "vectorized_elementwise_kernel" - 66: Application replay pass 4
==PROF== Profiling "vectorized_elementwise_kernel" - 67: Application replay pass 4
==PROF== Profiling "vectorized_elementwise_kernel" - 68: Application replay pass 4
==PROF== Profiling "vectorized_elementwise_kernel" - 69: Application replay pass 4
==PROF== Profiling "vectorized_elementwise_kernel" - 70: Application replay pass 4
==PROF== Profiling "vectorized_elementwise_kernel" - 71: Application replay pass 4
==PROF== Profiling "vectorized_elementwise_kernel" - 72: Application replay pass 4
==PROF== Profiling "vectorized_elementwise_kernel" - 73: Application replay pass 4
==PROF== Profiling "vectorized_elementwise_kernel" - 74: Application replay pass 4
==PROF== Profiling "vectorized_elementwise_kernel" - 75: Application replay pass 4
==PROF== Profiling "vectorized_elementwise_kernel" - 76: Application replay pass 4
==PROF== Profiling "vectorized_elementwise_kernel" - 77: Application replay pass 4
==PROF== Profiling "vectorized_elementwise_kernel" - 78: Application replay pass 4
==PROF== Profiling "sm80_xmma_gemm_f32f32_f32f32_..." - 79: Application replay pass 4
==PROF== Profiling "Kernel" - 80: Application replay pass 4
==PROF== Profiling "reduce_kernel" - 81: Application replay pass 4
==PROF== Profiling "vectorized_elementwise_kernel" - 82: Application replay pass 4
==PROF== Profiling "vectorized_elementwise_kernel" - 83: Application replay pass 4
==PROF== Profiling "layer_norm_grad_input_kernel" - 84: Application replay pass 4
==PROF== Profiling "GammaBetaBackwardCUDAKernel_3..." - 85: Application replay pass 4
==PROF== Profiling "vectorized_elementwise_kernel" - 86: Application replay pass 4
==PROF== Profiling "vectorized_elementwise_kernel" - 87: Application replay pass 4
==PROF== Profiling "vectorized_elementwise_kernel" - 88: Application replay pass 4
==PROF== Profiling "vectorized_elementwise_kernel" - 89: Application replay pass 4
==PROF== Profiling "sm80_xmma_gemm_f32f32_f32f32_..." - 90: Application replay pass 4
==PROF== Profiling "Kernel" - 91: Application replay pass 4
==PROF== Profiling "splitKreduce_kernel" - 92: Application replay pass 4
==PROF== Profiling "reduce_kernel" - 93: Application replay pass 4
==PROF== Profiling "vectorized_elementwise_kernel" - 94: Application replay pass 4
==PROF== Profiling "vectorized_elementwise_kernel" - 95: Application replay pass 4
==PROF== Profiling "elementwise_kernel" - 96: Application replay pass 4
==PROF== Profiling "sm80_xmma_gemm_f32f32_f32f32_..." - 97: Application replay pass 4
==PROF== Profiling "sm80_xmma_gemm_f32f32_f32f32_..." - 98: Application replay pass 4
==PROF== Profiling "vectorized_elementwise_kernel" - 99: Application replay pass 4
==PROF== Profiling "vectorized_elementwise_kernel" - 100: Application replay pass 4
==PROF== Profiling "softmax_warp_backward" - 101: Application replay pass 4
==PROF== Profiling "vectorized_elementwise_kernel" - 102: Application replay pass 4
==PROF== Profiling "elementwise_kernel" - 103: Application replay pass 4
==PROF== Profiling "elementwise_kernel" - 104: Application replay pass 4
==PROF== Profiling "sm80_xmma_gemm_f32f32_f32f32_..." - 105: Application replay pass 4
==PROF== Profiling "sm80_xmma_gemm_f32f32_f32f32_..." - 106: Application replay pass 4
==PROF== Profiling "elementwise_kernel" - 107: Application replay pass 4
==PROF== Profiling "elementwise_kernel" - 108: Application replay pass 4
==PROF== Profiling "CatArrayBatchedCopy" - 109: Application replay pass 4
==PROF== Profiling "sm80_xmma_gemm_f32f32_f32f32_..." - 110: Application replay pass 4
==PROF== Profiling "Kernel" - 111: Application replay pass 4
==PROF== Profiling "reduce_kernel" - 112: Application replay pass 4
==PROF== Profiling "vectorized_elementwise_kernel" - 113: Application replay pass 4
==PROF== Profiling "vectorized_elementwise_kernel" - 114: Application replay pass 4
==PROF== Profiling "layer_norm_grad_input_kernel" - 115: Application replay pass 4
==PROF== Profiling "GammaBetaBackwardCUDAKernel_3..." - 116: Application replay pass 4
==PROF== Profiling "vectorized_elementwise_kernel" - 117: Application replay pass 4
==PROF== Profiling "vectorized_elementwise_kernel" - 118: Application replay pass 4
==PROF== Profiling "vectorized_elementwise_kernel" - 119: Application replay pass 4
==PROF== Profiling "vectorized_elementwise_kernel" - 120: Application replay pass 4
==PROF== Profiling "sm80_xmma_gemm_f32f32_f32f32_..." - 121: Application replay pass 4
==PROF== Profiling "Kernel" - 122: Application replay pass 4
==PROF== Profiling "reduce_kernel" - 123: Application replay pass 4
==PROF== Profiling "vectorized_elementwise_kernel" - 124: Application replay pass 4
==PROF== Profiling "vectorized_elementwise_kernel" - 125: Application replay pass 4
==PROF== Profiling "vectorized_elementwise_kernel" - 126: Application replay pass 4
==PROF== Profiling "vectorized_elementwise_kernel" - 127: Application replay pass 4
==PROF== Profiling "vectorized_elementwise_kernel" - 128: Application replay pass 4
==PROF== Profiling "vectorized_elementwise_kernel" - 129: Application replay pass 4
==PROF== Profiling "vectorized_elementwise_kernel" - 130: Application replay pass 4
==PROF== Profiling "vectorized_elementwise_kernel" - 131: Application replay pass 4
==PROF== Profiling "vectorized_elementwise_kernel" - 132: Application replay pass 4
==PROF== Profiling "vectorized_elementwise_kernel" - 133: Application replay pass 4
==PROF== Profiling "vectorized_elementwise_kernel" - 134: Application replay pass 4
==PROF== Profiling "vectorized_elementwise_kernel" - 135: Application replay pass 4
==PROF== Profiling "vectorized_elementwise_kernel" - 136: Application replay pass 4
==PROF== Profiling "sm80_xmma_gemm_f32f32_f32f32_..." - 137: Application replay pass 4
==PROF== Profiling "Kernel" - 138: Application replay pass 4
==PROF== Profiling "reduce_kernel" - 139: Application replay pass 4
==PROF== Profiling "vectorized_elementwise_kernel" - 140: Application replay pass 4
==PROF== Profiling "vectorized_elementwise_kernel" - 141: Application replay pass 4
==PROF== Profiling "layer_norm_grad_input_kernel" - 142: Application replay pass 4
==PROF== Profiling "GammaBetaBackwardCUDAKernel_3..." - 143: Application replay pass 4
==PROF== Profiling "vectorized_elementwise_kernel" - 144: Application replay pass 4
==PROF== Profiling "vectorized_elementwise_kernel" - 145: Application replay pass 4
==PROF== Profiling "vectorized_elementwise_kernel" - 146: Application replay pass 4
==PROF== Profiling "vectorized_elementwise_kernel" - 147: Application replay pass 4
==PROF== Profiling "sm80_xmma_gemm_f32f32_f32f32_..." - 148: Application replay pass 4
==PROF== Profiling "Kernel" - 149: Application replay pass 4
==PROF== Profiling "splitKreduce_kernel" - 150: Application replay pass 4
==PROF== Profiling "reduce_kernel" - 151: Application replay pass 4
==PROF== Profiling "vectorized_elementwise_kernel" - 152: Application replay pass 4
==PROF== Profiling "vectorized_elementwise_kernel" - 153: Application replay pass 4
==PROF== Profiling "elementwise_kernel" - 154: Application replay pass 4
==PROF== Profiling "sm80_xmma_gemm_f32f32_f32f32_..." - 155: Application replay pass 4
==PROF== Profiling "sm80_xmma_gemm_f32f32_f32f32_..." - 156: Application replay pass 4
==PROF== Profiling "vectorized_elementwise_kernel" - 157: Application replay pass 4
==PROF== Profiling "vectorized_elementwise_kernel" - 158: Application replay pass 4
==PROF== Profiling "softmax_warp_backward" - 159: Application replay pass 4
==PROF== Profiling "vectorized_elementwise_kernel" - 160: Application replay pass 4
==PROF== Profiling "elementwise_kernel" - 161: Application replay pass 4
==PROF== Profiling "elementwise_kernel" - 162: Application replay pass 4
==PROF== Profiling "sm80_xmma_gemm_f32f32_f32f32_..." - 163: Application replay pass 4
==PROF== Profiling "sm80_xmma_gemm_f32f32_f32f32_..." - 164: Application replay pass 4
==PROF== Profiling "elementwise_kernel" - 165: Application replay pass 4
==PROF== Profiling "elementwise_kernel" - 166: Application replay pass 4
==PROF== Profiling "CatArrayBatchedCopy" - 167: Application replay pass 4
==PROF== Profiling "sm80_xmma_gemm_f32f32_f32f32_..." - 168: Application replay pass 4
==PROF== Profiling "Kernel" - 169: Application replay pass 4
==PROF== Profiling "reduce_kernel" - 170: Application replay pass 4
==PROF== Profiling "vectorized_elementwise_kernel" - 171: Application replay pass 4
==PROF== Profiling "vectorized_elementwise_kernel" - 172: Application replay pass 4
==PROF== Profiling "layer_norm_grad_input_kernel" - 173: Application replay pass 4
==PROF== Profiling "GammaBetaBackwardCUDAKernel_3..." - 174: Application replay pass 4
==PROF== Profiling "vectorized_elementwise_kernel" - 175: Application replay pass 4
==PROF== Profiling "vectorized_elementwise_kernel" - 176: Application replay pass 4
==PROF== Profiling "vectorized_elementwise_kernel" - 177: Application replay pass 4
==PROF== Profiling "vectorized_elementwise_kernel" - 178: Application replay pass 4
==PROF== Profiling "sm80_xmma_gemm_f32f32_f32f32_..." - 179: Application replay pass 4
==PROF== Profiling "Kernel" - 180: Application replay pass 4
==PROF== Profiling "reduce_kernel" - 181: Application replay pass 4
==PROF== Profiling "vectorized_elementwise_kernel" - 182: Application replay pass 4
==PROF== Profiling "vectorized_elementwise_kernel" - 183: Application replay pass 4
==PROF== Profiling "vectorized_elementwise_kernel" - 184: Application replay pass 4
==PROF== Profiling "vectorized_elementwise_kernel" - 185: Application replay pass 4
==PROF== Profiling "vectorized_elementwise_kernel" - 186: Application replay pass 4
==PROF== Profiling "vectorized_elementwise_kernel" - 187: Application replay pass 4
==PROF== Profiling "vectorized_elementwise_kernel" - 188: Application replay pass 4
==PROF== Profiling "vectorized_elementwise_kernel" - 189: Application replay pass 4
==PROF== Profiling "vectorized_elementwise_kernel" - 190: Application replay pass 4
==PROF== Profiling "vectorized_elementwise_kernel" - 191: Application replay pass 4
==PROF== Profiling "vectorized_elementwise_kernel" - 192: Application replay pass 4
==PROF== Profiling "vectorized_elementwise_kernel" - 193: Application replay pass 4
==PROF== Profiling "vectorized_elementwise_kernel" - 194: Application replay pass 4
==PROF== Profiling "sm80_xmma_gemm_f32f32_f32f32_..." - 195: Application replay pass 4
==PROF== Profiling "Kernel" - 196: Application replay pass 4
==PROF== Profiling "reduce_kernel" - 197: Application replay pass 4
==PROF== Profiling "vectorized_elementwise_kernel" - 198: Application replay pass 4
==PROF== Profiling "vectorized_elementwise_kernel" - 199: Application replay pass 4
==PROF== Profiling "layer_norm_grad_input_kernel" - 200: Application replay pass 4
==PROF== Profiling "GammaBetaBackwardCUDAKernel_3..." - 201: Application replay pass 4
==PROF== Profiling "vectorized_elementwise_kernel" - 202: Application replay pass 4
==PROF== Profiling "vectorized_elementwise_kernel" - 203: Application replay pass 4
==PROF== Profiling "vectorized_elementwise_kernel" - 204: Application replay pass 4
==PROF== Profiling "vectorized_elementwise_kernel" - 205: Application replay pass 4
==PROF== Profiling "sm80_xmma_gemm_f32f32_f32f32_..." - 206: Application replay pass 4
==PROF== Profiling "Kernel" - 207: Application replay pass 4
==PROF== Profiling "splitKreduce_kernel" - 208: Application replay pass 4
==PROF== Profiling "reduce_kernel" - 209: Application replay pass 4
==PROF== Profiling "vectorized_elementwise_kernel" - 210: Application replay pass 4
==PROF== Profiling "vectorized_elementwise_kernel" - 211: Application replay pass 4
==PROF== Profiling "elementwise_kernel" - 212: Application replay pass 4
==PROF== Profiling "sm80_xmma_gemm_f32f32_f32f32_..." - 213: Application replay pass 4
==PROF== Profiling "sm80_xmma_gemm_f32f32_f32f32_..." - 214: Application replay pass 4
==PROF== Profiling "vectorized_elementwise_kernel" - 215: Application replay pass 4
==PROF== Profiling "vectorized_elementwise_kernel" - 216: Application replay pass 4
==PROF== Profiling "softmax_warp_backward" - 217: Application replay pass 4
==PROF== Profiling "vectorized_elementwise_kernel" - 218: Application replay pass 4
==PROF== Profiling "elementwise_kernel" - 219: Application replay pass 4
==PROF== Profiling "elementwise_kernel" - 220: Application replay pass 4
==PROF== Profiling "sm80_xmma_gemm_f32f32_f32f32_..." - 221: Application replay pass 4
==PROF== Profiling "sm80_xmma_gemm_f32f32_f32f32_..." - 222: Application replay pass 4
==PROF== Profiling "elementwise_kernel" - 223: Application replay pass 4
==PROF== Profiling "elementwise_kernel" - 224: Application replay pass 4
==PROF== Profiling "CatArrayBatchedCopy" - 225: Application replay pass 4
==PROF== Profiling "sm80_xmma_gemm_f32f32_f32f32_..." - 226: Application replay pass 4
==PROF== Profiling "Kernel" - 227: Application replay pass 4
==PROF== Profiling "reduce_kernel" - 228: Application replay pass 4
==PROF== Profiling "vectorized_elementwise_kernel" - 229: Application replay pass 4
==PROF== Profiling "vectorized_elementwise_kernel" - 230: Application replay pass 4
==PROF== Profiling "layer_norm_grad_input_kernel" - 231: Application replay pass 4
==PROF== Profiling "GammaBetaBackwardCUDAKernel_3..." - 232: Application replay pass 4
==PROF== Profiling "vectorized_elementwise_kernel" - 233: Application replay pass 4
==PROF== Profiling "vectorized_elementwise_kernel" - 234: Application replay pass 4
==PROF== Profiling "vectorized_elementwise_kernel" - 235: Application replay pass 4
==PROF== Profiling "vectorized_elementwise_kernel" - 236: Application replay pass 4
==PROF== Profiling "sm80_xmma_gemm_f32f32_f32f32_..." - 237: Application replay pass 4
==PROF== Profiling "Kernel" - 238: Application replay pass 4
==PROF== Profiling "reduce_kernel" - 239: Application replay pass 4
==PROF== Profiling "vectorized_elementwise_kernel" - 240: Application replay pass 4
==PROF== Profiling "vectorized_elementwise_kernel" - 241: Application replay pass 4
==PROF== Profiling "vectorized_elementwise_kernel" - 242: Application replay pass 4
==PROF== Profiling "vectorized_elementwise_kernel" - 243: Application replay pass 4
==PROF== Profiling "vectorized_elementwise_kernel" - 244: Application replay pass 4
==PROF== Profiling "vectorized_elementwise_kernel" - 245: Application replay pass 4
==PROF== Profiling "vectorized_elementwise_kernel" - 246: Application replay pass 4
==PROF== Profiling "vectorized_elementwise_kernel" - 247: Application replay pass 4
==PROF== Profiling "vectorized_elementwise_kernel" - 248: Application replay pass 4
==PROF== Profiling "vectorized_elementwise_kernel" - 249: Application replay pass 4
==PROF== Profiling "vectorized_elementwise_kernel" - 250: Application replay pass 4
==PROF== Profiling "vectorized_elementwise_kernel" - 251: Application replay pass 4
==PROF== Profiling "vectorized_elementwise_kernel" - 252: Application replay pass 4
==PROF== Profiling "sm80_xmma_gemm_f32f32_f32f32_..." - 253: Application replay pass 4
==PROF== Profiling "Kernel" - 254: Application replay pass 4
==PROF== Profiling "reduce_kernel" - 255: Application replay pass 4
==PROF== Profiling "vectorized_elementwise_kernel" - 256: Application replay pass 4
==PROF== Profiling "vectorized_elementwise_kernel" - 257: Application replay pass 4
==PROF== Profiling "layer_norm_grad_input_kernel" - 258: Application replay pass 4
==PROF== Profiling "GammaBetaBackwardCUDAKernel_3..." - 259: Application replay pass 4
==PROF== Profiling "vectorized_elementwise_kernel" - 260: Application replay pass 4
==PROF== Profiling "vectorized_elementwise_kernel" - 261: Application replay pass 4
==PROF== Profiling "vectorized_elementwise_kernel" - 262: Application replay pass 4
==PROF== Profiling "vectorized_elementwise_kernel" - 263: Application replay pass 4
==PROF== Profiling "sm80_xmma_gemm_f32f32_f32f32_..." - 264: Application replay pass 4
==PROF== Profiling "Kernel" - 265: Application replay pass 4
==PROF== Profiling "splitKreduce_kernel" - 266: Application replay pass 4
==PROF== Profiling "reduce_kernel" - 267: Application replay pass 4
==PROF== Profiling "vectorized_elementwise_kernel" - 268: Application replay pass 4
==PROF== Profiling "vectorized_elementwise_kernel" - 269: Application replay pass 4
==PROF== Profiling "elementwise_kernel" - 270: Application replay pass 4
==PROF== Profiling "sm80_xmma_gemm_f32f32_f32f32_..." - 271: Application replay pass 4
==PROF== Profiling "sm80_xmma_gemm_f32f32_f32f32_..." - 272: Application replay pass 4
==PROF== Profiling "vectorized_elementwise_kernel" - 273: Application replay pass 4
==PROF== Profiling "vectorized_elementwise_kernel" - 274: Application replay pass 4
==PROF== Profiling "softmax_warp_backward" - 275: Application replay pass 4
==PROF== Profiling "vectorized_elementwise_kernel" - 276: Application replay pass 4
==PROF== Profiling "elementwise_kernel" - 277: Application replay pass 4
==PROF== Profiling "elementwise_kernel" - 278: Application replay pass 4
==PROF== Profiling "sm80_xmma_gemm_f32f32_f32f32_..." - 279: Application replay pass 4
==PROF== Profiling "sm80_xmma_gemm_f32f32_f32f32_..." - 280: Application replay pass 4
==PROF== Profiling "elementwise_kernel" - 281: Application replay pass 4
==PROF== Profiling "elementwise_kernel" - 282: Application replay pass 4
==PROF== Profiling "CatArrayBatchedCopy" - 283: Application replay pass 4
==PROF== Profiling "sm80_xmma_gemm_f32f32_f32f32_..." - 284: Application replay pass 4
==PROF== Profiling "Kernel" - 285: Application replay pass 4
==PROF== Profiling "reduce_kernel" - 286: Application replay pass 4
==PROF== Profiling "vectorized_elementwise_kernel" - 287: Application replay pass 4
==PROF== Profiling "vectorized_elementwise_kernel" - 288: Application replay pass 4
==PROF== Profiling "layer_norm_grad_input_kernel" - 289: Application replay pass 4
==PROF== Profiling "GammaBetaBackwardCUDAKernel_3..." - 290: Application replay pass 4
==PROF== Profiling "vectorized_elementwise_kernel" - 291: Application replay pass 4
==PROF== Profiling "vectorized_elementwise_kernel" - 292: Application replay pass 4
==PROF== Profiling "vectorized_elementwise_kernel" - 293: Application replay pass 4
==PROF== Profiling "vectorized_elementwise_kernel" - 294: Application replay pass 4
==PROF== Profiling "sm80_xmma_gemm_f32f32_f32f32_..." - 295: Application replay pass 4
==PROF== Profiling "Kernel" - 296: Application replay pass 4
==PROF== Profiling "reduce_kernel" - 297: Application replay pass 4
==PROF== Profiling "vectorized_elementwise_kernel" - 298: Application replay pass 4
==PROF== Profiling "vectorized_elementwise_kernel" - 299: Application replay pass 4
==PROF== Profiling "vectorized_elementwise_kernel" - 300: Application replay pass 4
==PROF== Profiling "vectorized_elementwise_kernel" - 301: Application replay pass 4
==PROF== Profiling "vectorized_elementwise_kernel" - 302: Application replay pass 4
==PROF== Profiling "vectorized_elementwise_kernel" - 303: Application replay pass 4
==PROF== Profiling "vectorized_elementwise_kernel" - 304: Application replay pass 4
==PROF== Profiling "vectorized_elementwise_kernel" - 305: Application replay pass 4
==PROF== Profiling "vectorized_elementwise_kernel" - 306: Application replay pass 4
==PROF== Profiling "vectorized_elementwise_kernel" - 307: Application replay pass 4
==PROF== Profiling "vectorized_elementwise_kernel" - 308: Application replay pass 4
==PROF== Profiling "vectorized_elementwise_kernel" - 309: Application replay pass 4
==PROF== Profiling "vectorized_elementwise_kernel" - 310: Application replay pass 4
==PROF== Profiling "sm80_xmma_gemm_f32f32_f32f32_..." - 311: Application replay pass 4
==PROF== Profiling "Kernel" - 312: Application replay pass 4
==PROF== Profiling "reduce_kernel" - 313: Application replay pass 4
==PROF== Profiling "vectorized_elementwise_kernel" - 314: Application replay pass 4
==PROF== Profiling "vectorized_elementwise_kernel" - 315: Application replay pass 4
==PROF== Profiling "layer_norm_grad_input_kernel" - 316: Application replay pass 4
==PROF== Profiling "GammaBetaBackwardCUDAKernel_3..." - 317: Application replay pass 4
==PROF== Profiling "vectorized_elementwise_kernel" - 318: Application replay pass 4
==PROF== Profiling "vectorized_elementwise_kernel" - 319: Application replay pass 4
==PROF== Profiling "vectorized_elementwise_kernel" - 320: Application replay pass 4
==PROF== Profiling "vectorized_elementwise_kernel" - 321: Application replay pass 4
==PROF== Profiling "sm80_xmma_gemm_f32f32_f32f32_..." - 322: Application replay pass 4
==PROF== Profiling "Kernel" - 323: Application replay pass 4
==PROF== Profiling "splitKreduce_kernel" - 324: Application replay pass 4
==PROF== Profiling "reduce_kernel" - 325: Application replay pass 4
==PROF== Profiling "vectorized_elementwise_kernel" - 326: Application replay pass 4
==PROF== Profiling "vectorized_elementwise_kernel" - 327: Application replay pass 4
==PROF== Profiling "elementwise_kernel" - 328: Application replay pass 4
==PROF== Profiling "sm80_xmma_gemm_f32f32_f32f32_..." - 329: Application replay pass 4
==PROF== Profiling "sm80_xmma_gemm_f32f32_f32f32_..." - 330: Application replay pass 4
==PROF== Profiling "vectorized_elementwise_kernel" - 331: Application replay pass 4
==PROF== Profiling "vectorized_elementwise_kernel" - 332: Application replay pass 4
==PROF== Profiling "softmax_warp_backward" - 333: Application replay pass 4
==PROF== Profiling "vectorized_elementwise_kernel" - 334: Application replay pass 4
==PROF== Profiling "elementwise_kernel" - 335: Application replay pass 4
==PROF== Profiling "elementwise_kernel" - 336: Application replay pass 4
==PROF== Profiling "sm80_xmma_gemm_f32f32_f32f32_..." - 337: Application replay pass 4
==PROF== Profiling "sm80_xmma_gemm_f32f32_f32f32_..." - 338: Application replay pass 4
==PROF== Profiling "elementwise_kernel" - 339: Application replay pass 4
==PROF== Profiling "elementwise_kernel" - 340: Application replay pass 4
==PROF== Profiling "CatArrayBatchedCopy" - 341: Application replay pass 4
==PROF== Profiling "sm80_xmma_gemm_f32f32_f32f32_..." - 342: Application replay pass 4
==PROF== Profiling "Kernel" - 343: Application replay pass 4
==PROF== Profiling "reduce_kernel" - 344: Application replay pass 4
==PROF== Profiling "vectorized_elementwise_kernel" - 345: Application replay pass 4
==PROF== Profiling "vectorized_elementwise_kernel" - 346: Application replay pass 4
==PROF== Profiling "layer_norm_grad_input_kernel" - 347: Application replay pass 4
==PROF== Profiling "GammaBetaBackwardCUDAKernel_3..." - 348: Application replay pass 4
==PROF== Profiling "vectorized_elementwise_kernel" - 349: Application replay pass 4
==PROF== Profiling "vectorized_elementwise_kernel" - 350: Application replay pass 4
==PROF== Profiling "vectorized_elementwise_kernel" - 351: Application replay pass 4
==PROF== Profiling "vectorized_elementwise_kernel" - 352: Application replay pass 4
==PROF== Profiling "sm80_xmma_gemm_f32f32_f32f32_..." - 353: Application replay pass 4
==PROF== Profiling "Kernel" - 354: Application replay pass 4
==PROF== Profiling "reduce_kernel" - 355: Application replay pass 4
==PROF== Profiling "vectorized_elementwise_kernel" - 356: Application replay pass 4
==PROF== Profiling "vectorized_elementwise_kernel" - 357: Application replay pass 4
==PROF== Profiling "vectorized_elementwise_kernel" - 358: Application replay pass 4
==PROF== Profiling "vectorized_elementwise_kernel" - 359: Application replay pass 4
==PROF== Profiling "vectorized_elementwise_kernel" - 360: Application replay pass 4
==PROF== Profiling "vectorized_elementwise_kernel" - 361: Application replay pass 4
==PROF== Profiling "vectorized_elementwise_kernel" - 362: Application replay pass 4
==PROF== Profiling "vectorized_elementwise_kernel" - 363: Application replay pass 4
==PROF== Profiling "vectorized_elementwise_kernel" - 364: Application replay pass 4
==PROF== Profiling "vectorized_elementwise_kernel" - 365: Application replay pass 4
==PROF== Profiling "vectorized_elementwise_kernel" - 366: Application replay pass 4
==PROF== Profiling "vectorized_elementwise_kernel" - 367: Application replay pass 4
==PROF== Profiling "vectorized_elementwise_kernel" - 368: Application replay pass 4
==PROF== Profiling "sm80_xmma_gemm_f32f32_f32f32_..." - 369: Application replay pass 4
==PROF== Profiling "Kernel" - 370: Application replay pass 4
==PROF== Profiling "reduce_kernel" - 371: Application replay pass 4
==PROF== Profiling "vectorized_elementwise_kernel" - 372: Application replay pass 4
==PROF== Profiling "vectorized_elementwise_kernel" - 373: Application replay pass 4
==PROF== Profiling "layer_norm_grad_input_kernel" - 374: Application replay pass 4
==PROF== Profiling "GammaBetaBackwardCUDAKernel_3..." - 375: Application replay pass 4
==PROF== Profiling "vectorized_elementwise_kernel" - 376: Application replay pass 4
==PROF== Profiling "vectorized_elementwise_kernel" - 377: Application replay pass 4
==PROF== Profiling "vectorized_elementwise_kernel" - 378: Application replay pass 4
==PROF== Profiling "vectorized_elementwise_kernel" - 379: Application replay pass 4
==PROF== Profiling "sm80_xmma_gemm_f32f32_f32f32_..." - 380: Application replay pass 4
==PROF== Profiling "Kernel" - 381: Application replay pass 4
==PROF== Profiling "splitKreduce_kernel" - 382: Application replay pass 4
==PROF== Profiling "reduce_kernel" - 383: Application replay pass 4
==PROF== Profiling "vectorized_elementwise_kernel" - 384: Application replay pass 4
==PROF== Profiling "vectorized_elementwise_kernel" - 385: Application replay pass 4
==PROF== Profiling "elementwise_kernel" - 386: Application replay pass 4
==PROF== Profiling "sm80_xmma_gemm_f32f32_f32f32_..." - 387: Application replay pass 4
==PROF== Profiling "sm80_xmma_gemm_f32f32_f32f32_..." - 388: Application replay pass 4
==PROF== Profiling "vectorized_elementwise_kernel" - 389: Application replay pass 4
==PROF== Profiling "vectorized_elementwise_kernel" - 390: Application replay pass 4
==PROF== Profiling "softmax_warp_backward" - 391: Application replay pass 4
==PROF== Profiling "vectorized_elementwise_kernel" - 392: Application replay pass 4
==PROF== Profiling "elementwise_kernel" - 393: Application replay pass 4
==PROF== Profiling "elementwise_kernel" - 394: Application replay pass 4
==PROF== Profiling "sm80_xmma_gemm_f32f32_f32f32_..." - 395: Application replay pass 4
==PROF== Profiling "sm80_xmma_gemm_f32f32_f32f32_..." - 396: Application replay pass 4
==PROF== Profiling "elementwise_kernel" - 397: Application replay pass 4
==PROF== Profiling "elementwise_kernel" - 398: Application replay pass 4
==PROF== Profiling "CatArrayBatchedCopy" - 399: Application replay pass 4
==PROF== Profiling "sm80_xmma_gemm_f32f32_f32f32_..." - 400: Application replay pass 4
==PROF== Profiling "Kernel" - 401: Application replay pass 4
==PROF== Profiling "reduce_kernel" - 402: Application replay pass 4
==PROF== Profiling "vectorized_elementwise_kernel" - 403: Application replay pass 4
==PROF== Profiling "vectorized_elementwise_kernel" - 404: Application replay pass 4
==PROF== Profiling "layer_norm_grad_input_kernel" - 405: Application replay pass 4
==PROF== Profiling "GammaBetaBackwardCUDAKernel_3..." - 406: Application replay pass 4
==PROF== Profiling "vectorized_elementwise_kernel" - 407: Application replay pass 4
==PROF== Profiling "vectorized_elementwise_kernel" - 408: Application replay pass 4
==PROF== Profiling "vectorized_elementwise_kernel" - 409: Application replay pass 4
==PROF== Profiling "vectorized_elementwise_kernel" - 410: Application replay pass 4
==PROF== Profiling "sm80_xmma_gemm_f32f32_f32f32_..." - 411: Application replay pass 4
==PROF== Profiling "Kernel" - 412: Application replay pass 4
==PROF== Profiling "reduce_kernel" - 413: Application replay pass 4
==PROF== Profiling "vectorized_elementwise_kernel" - 414: Application replay pass 4
==PROF== Profiling "vectorized_elementwise_kernel" - 415: Application replay pass 4
==PROF== Profiling "vectorized_elementwise_kernel" - 416: Application replay pass 4
==PROF== Profiling "vectorized_elementwise_kernel" - 417: Application replay pass 4
==PROF== Profiling "vectorized_elementwise_kernel" - 418: Application replay pass 4
==PROF== Profiling "vectorized_elementwise_kernel" - 419: Application replay pass 4
==PROF== Profiling "vectorized_elementwise_kernel" - 420: Application replay pass 4
==PROF== Profiling "vectorized_elementwise_kernel" - 421: Application replay pass 4
==PROF== Profiling "vectorized_elementwise_kernel" - 422: Application replay pass 4
==PROF== Profiling "vectorized_elementwise_kernel" - 423: Application replay pass 4
==PROF== Profiling "vectorized_elementwise_kernel" - 424: Application replay pass 4
==PROF== Profiling "vectorized_elementwise_kernel" - 425: Application replay pass 4
==PROF== Profiling "vectorized_elementwise_kernel" - 426: Application replay pass 4
==PROF== Profiling "sm80_xmma_gemm_f32f32_f32f32_..." - 427: Application replay pass 4
==PROF== Profiling "Kernel" - 428: Application replay pass 4
==PROF== Profiling "reduce_kernel" - 429: Application replay pass 4
==PROF== Profiling "vectorized_elementwise_kernel" - 430: Application replay pass 4
==PROF== Profiling "vectorized_elementwise_kernel" - 431: Application replay pass 4
==PROF== Profiling "layer_norm_grad_input_kernel" - 432: Application replay pass 4
==PROF== Profiling "GammaBetaBackwardCUDAKernel_3..." - 433: Application replay pass 4
==PROF== Profiling "vectorized_elementwise_kernel" - 434: Application replay pass 4
==PROF== Profiling "vectorized_elementwise_kernel" - 435: Application replay pass 4
==PROF== Profiling "vectorized_elementwise_kernel" - 436: Application replay pass 4
==PROF== Profiling "vectorized_elementwise_kernel" - 437: Application replay pass 4
==PROF== Profiling "sm80_xmma_gemm_f32f32_f32f32_..." - 438: Application replay pass 4
==PROF== Profiling "Kernel" - 439: Application replay pass 4
==PROF== Profiling "splitKreduce_kernel" - 440: Application replay pass 4
==PROF== Profiling "reduce_kernel" - 441: Application replay pass 4
==PROF== Profiling "vectorized_elementwise_kernel" - 442: Application replay pass 4
==PROF== Profiling "vectorized_elementwise_kernel" - 443: Application replay pass 4
==PROF== Profiling "elementwise_kernel" - 444: Application replay pass 4
==PROF== Profiling "sm80_xmma_gemm_f32f32_f32f32_..." - 445: Application replay pass 4
==PROF== Profiling "sm80_xmma_gemm_f32f32_f32f32_..." - 446: Application replay pass 4
==PROF== Profiling "vectorized_elementwise_kernel" - 447: Application replay pass 4
==PROF== Profiling "vectorized_elementwise_kernel" - 448: Application replay pass 4
==PROF== Profiling "softmax_warp_backward" - 449: Application replay pass 4
==PROF== Profiling "vectorized_elementwise_kernel" - 450: Application replay pass 4
==PROF== Profiling "elementwise_kernel" - 451: Application replay pass 4
==PROF== Profiling "elementwise_kernel" - 452: Application replay pass 4
==PROF== Profiling "sm80_xmma_gemm_f32f32_f32f32_..." - 453: Application replay pass 4
==PROF== Profiling "sm80_xmma_gemm_f32f32_f32f32_..." - 454: Application replay pass 4
==PROF== Profiling "elementwise_kernel" - 455: Application replay pass 4
==PROF== Profiling "elementwise_kernel" - 456: Application replay pass 4
==PROF== Profiling "CatArrayBatchedCopy" - 457: Application replay pass 4
==PROF== Profiling "sm80_xmma_gemm_f32f32_f32f32_..." - 458: Application replay pass 4
==PROF== Profiling "Kernel" - 459: Application replay pass 4
==PROF== Profiling "reduce_kernel" - 460: Application replay pass 4
==PROF== Profiling "vectorized_elementwise_kernel" - 461: Application replay pass 4
==PROF== Profiling "vectorized_elementwise_kernel" - 462: Application replay pass 4
==PROF== Profiling "layer_norm_grad_input_kernel" - 463: Application replay pass 4
==PROF== Profiling "GammaBetaBackwardCUDAKernel_3..." - 464: Application replay pass 4
==PROF== Profiling "vectorized_elementwise_kernel" - 465: Application replay pass 4
==PROF== Profiling "vectorized_elementwise_kernel" - 466: Application replay pass 4
==PROF== Profiling "vectorized_elementwise_kernel" - 467: Application replay pass 4
==PROF== Profiling "vectorized_elementwise_kernel" - 468: Application replay pass 4
==PROF== Profiling "sm80_xmma_gemm_f32f32_f32f32_..." - 469: Application replay pass 4
==PROF== Profiling "Kernel" - 470: Application replay pass 4
==PROF== Profiling "reduce_kernel" - 471: Application replay pass 4
==PROF== Profiling "vectorized_elementwise_kernel" - 472: Application replay pass 4
==PROF== Profiling "vectorized_elementwise_kernel" - 473: Application replay pass 4
==PROF== Profiling "vectorized_elementwise_kernel" - 474: Application replay pass 4
==PROF== Profiling "vectorized_elementwise_kernel" - 475: Application replay pass 4
==PROF== Profiling "vectorized_elementwise_kernel" - 476: Application replay pass 4
==PROF== Profiling "vectorized_elementwise_kernel" - 477: Application replay pass 4
==PROF== Profiling "vectorized_elementwise_kernel" - 478: Application replay pass 4
==PROF== Profiling "vectorized_elementwise_kernel" - 479: Application replay pass 4
==PROF== Profiling "vectorized_elementwise_kernel" - 480: Application replay pass 4
==PROF== Profiling "vectorized_elementwise_kernel" - 481: Application replay pass 4
==PROF== Profiling "vectorized_elementwise_kernel" - 482: Application replay pass 4
==PROF== Profiling "vectorized_elementwise_kernel" - 483: Application replay pass 4
==PROF== Profiling "vectorized_elementwise_kernel" - 484: Application replay pass 4
==PROF== Profiling "sm80_xmma_gemm_f32f32_f32f32_..." - 485: Application replay pass 4
==PROF== Profiling "Kernel" - 486: Application replay pass 4
==PROF== Profiling "reduce_kernel" - 487: Application replay pass 4
==PROF== Profiling "vectorized_elementwise_kernel" - 488: Application replay pass 4
==PROF== Profiling "vectorized_elementwise_kernel" - 489: Application replay pass 4
==PROF== Profiling "layer_norm_grad_input_kernel" - 490: Application replay pass 4
==PROF== Profiling "GammaBetaBackwardCUDAKernel_3..." - 491: Application replay pass 4
==PROF== Profiling "vectorized_elementwise_kernel" - 492: Application replay pass 4
==PROF== Profiling "vectorized_elementwise_kernel" - 493: Application replay pass 4
==PROF== Profiling "vectorized_elementwise_kernel" - 494: Application replay pass 4
==PROF== Profiling "vectorized_elementwise_kernel" - 495: Application replay pass 4
==PROF== Profiling "sm80_xmma_gemm_f32f32_f32f32_..." - 496: Application replay pass 4
==PROF== Profiling "Kernel" - 497: Application replay pass 4
==PROF== Profiling "splitKreduce_kernel" - 498: Application replay pass 4
==PROF== Profiling "reduce_kernel" - 499: Application replay pass 4
==PROF== Profiling "vectorized_elementwise_kernel" - 500: Application replay pass 4
==PROF== Profiling "vectorized_elementwise_kernel" - 501: Application replay pass 4
==PROF== Profiling "elementwise_kernel" - 502: Application replay pass 4
==PROF== Profiling "sm80_xmma_gemm_f32f32_f32f32_..." - 503: Application replay pass 4
==PROF== Profiling "sm80_xmma_gemm_f32f32_f32f32_..." - 504: Application replay pass 4
==PROF== Profiling "vectorized_elementwise_kernel" - 505: Application replay pass 4
==PROF== Profiling "vectorized_elementwise_kernel" - 506: Application replay pass 4
==PROF== Profiling "softmax_warp_backward" - 507: Application replay pass 4
==PROF== Profiling "vectorized_elementwise_kernel" - 508: Application replay pass 4
==PROF== Profiling "elementwise_kernel" - 509: Application replay pass 4
==PROF== Profiling "elementwise_kernel" - 510: Application replay pass 4
==PROF== Profiling "sm80_xmma_gemm_f32f32_f32f32_..." - 511: Application replay pass 4
==PROF== Profiling "sm80_xmma_gemm_f32f32_f32f32_..." - 512: Application replay pass 4
==PROF== Profiling "elementwise_kernel" - 513: Application replay pass 4
==PROF== Profiling "elementwise_kernel" - 514: Application replay pass 4
==PROF== Profiling "CatArrayBatchedCopy" - 515: Application replay pass 4
==PROF== Profiling "sm80_xmma_gemm_f32f32_f32f32_..." - 516: Application replay pass 4
==PROF== Profiling "Kernel" - 517: Application replay pass 4
==PROF== Profiling "reduce_kernel" - 518: Application replay pass 4
==PROF== Profiling "vectorized_elementwise_kernel" - 519: Application replay pass 4
==PROF== Profiling "vectorized_elementwise_kernel" - 520: Application replay pass 4
==PROF== Profiling "layer_norm_grad_input_kernel" - 521: Application replay pass 4
==PROF== Profiling "GammaBetaBackwardCUDAKernel_3..." - 522: Application replay pass 4
==PROF== Profiling "vectorized_elementwise_kernel" - 523: Application replay pass 4
==PROF== Profiling "vectorized_elementwise_kernel" - 524: Application replay pass 4
==PROF== Profiling "vectorized_elementwise_kernel" - 525: Application replay pass 4
==PROF== Profiling "vectorized_elementwise_kernel" - 526: Application replay pass 4
==PROF== Profiling "sm80_xmma_gemm_f32f32_f32f32_..." - 527: Application replay pass 4
==PROF== Profiling "Kernel" - 528: Application replay pass 4
==PROF== Profiling "reduce_kernel" - 529: Application replay pass 4
==PROF== Profiling "vectorized_elementwise_kernel" - 530: Application replay pass 4
==PROF== Profiling "vectorized_elementwise_kernel" - 531: Application replay pass 4
==PROF== Profiling "vectorized_elementwise_kernel" - 532: Application replay pass 4
==PROF== Profiling "vectorized_elementwise_kernel" - 533: Application replay pass 4
==PROF== Profiling "vectorized_elementwise_kernel" - 534: Application replay pass 4
==PROF== Profiling "vectorized_elementwise_kernel" - 535: Application replay pass 4
==PROF== Profiling "vectorized_elementwise_kernel" - 536: Application replay pass 4
==PROF== Profiling "vectorized_elementwise_kernel" - 537: Application replay pass 4
==PROF== Profiling "vectorized_elementwise_kernel" - 538: Application replay pass 4
==PROF== Profiling "vectorized_elementwise_kernel" - 539: Application replay pass 4
==PROF== Profiling "vectorized_elementwise_kernel" - 540: Application replay pass 4
==PROF== Profiling "vectorized_elementwise_kernel" - 541: Application replay pass 4
==PROF== Profiling "vectorized_elementwise_kernel" - 542: Application replay pass 4
==PROF== Profiling "sm80_xmma_gemm_f32f32_f32f32_..." - 543: Application replay pass 4
==PROF== Profiling "Kernel" - 544: Application replay pass 4
==PROF== Profiling "reduce_kernel" - 545: Application replay pass 4
==PROF== Profiling "vectorized_elementwise_kernel" - 546: Application replay pass 4
==PROF== Profiling "vectorized_elementwise_kernel" - 547: Application replay pass 4
==PROF== Profiling "layer_norm_grad_input_kernel" - 548: Application replay pass 4
==PROF== Profiling "GammaBetaBackwardCUDAKernel_3..." - 549: Application replay pass 4
==PROF== Profiling "vectorized_elementwise_kernel" - 550: Application replay pass 4
==PROF== Profiling "vectorized_elementwise_kernel" - 551: Application replay pass 4
==PROF== Profiling "vectorized_elementwise_kernel" - 552: Application replay pass 4
==PROF== Profiling "vectorized_elementwise_kernel" - 553: Application replay pass 4
==PROF== Profiling "sm80_xmma_gemm_f32f32_f32f32_..." - 554: Application replay pass 4
==PROF== Profiling "Kernel" - 555: Application replay pass 4
==PROF== Profiling "splitKreduce_kernel" - 556: Application replay pass 4
==PROF== Profiling "reduce_kernel" - 557: Application replay pass 4
==PROF== Profiling "vectorized_elementwise_kernel" - 558: Application replay pass 4
==PROF== Profiling "vectorized_elementwise_kernel" - 559: Application replay pass 4
==PROF== Profiling "elementwise_kernel" - 560: Application replay pass 4
==PROF== Profiling "sm80_xmma_gemm_f32f32_f32f32_..." - 561: Application replay pass 4
==PROF== Profiling "sm80_xmma_gemm_f32f32_f32f32_..." - 562: Application replay pass 4
==PROF== Profiling "vectorized_elementwise_kernel" - 563: Application replay pass 4
==PROF== Profiling "vectorized_elementwise_kernel" - 564: Application replay pass 4
==PROF== Profiling "softmax_warp_backward" - 565: Application replay pass 4
==PROF== Profiling "vectorized_elementwise_kernel" - 566: Application replay pass 4
==PROF== Profiling "elementwise_kernel" - 567: Application replay pass 4
==PROF== Profiling "elementwise_kernel" - 568: Application replay pass 4
==PROF== Profiling "sm80_xmma_gemm_f32f32_f32f32_..." - 569: Application replay pass 4
==PROF== Profiling "sm80_xmma_gemm_f32f32_f32f32_..." - 570: Application replay pass 4
==PROF== Profiling "elementwise_kernel" - 571: Application replay pass 4
==PROF== Profiling "elementwise_kernel" - 572: Application replay pass 4
==PROF== Profiling "CatArrayBatchedCopy" - 573: Application replay pass 4
==PROF== Profiling "sm80_xmma_gemm_f32f32_f32f32_..." - 574: Application replay pass 4
==PROF== Profiling "Kernel" - 575: Application replay pass 4
==PROF== Profiling "reduce_kernel" - 576: Application replay pass 4
==PROF== Profiling "vectorized_elementwise_kernel" - 577: Application replay pass 4
==PROF== Profiling "vectorized_elementwise_kernel" - 578: Application replay pass 4
==PROF== Profiling "layer_norm_grad_input_kernel" - 579: Application replay pass 4
==PROF== Profiling "GammaBetaBackwardCUDAKernel_3..." - 580: Application replay pass 4
==PROF== Profiling "vectorized_elementwise_kernel" - 581: Application replay pass 4
==PROF== Profiling "vectorized_elementwise_kernel" - 582: Application replay pass 4
==PROF== Profiling "vectorized_elementwise_kernel" - 583: Application replay pass 4
==PROF== Profiling "vectorized_elementwise_kernel" - 584: Application replay pass 4
==PROF== Profiling "sm80_xmma_gemm_f32f32_f32f32_..." - 585: Application replay pass 4
==PROF== Profiling "Kernel" - 586: Application replay pass 4
==PROF== Profiling "reduce_kernel" - 587: Application replay pass 4
==PROF== Profiling "vectorized_elementwise_kernel" - 588: Application replay pass 4
==PROF== Profiling "vectorized_elementwise_kernel" - 589: Application replay pass 4
==PROF== Profiling "vectorized_elementwise_kernel" - 590: Application replay pass 4
==PROF== Profiling "vectorized_elementwise_kernel" - 591: Application replay pass 4
==PROF== Profiling "vectorized_elementwise_kernel" - 592: Application replay pass 4
==PROF== Profiling "vectorized_elementwise_kernel" - 593: Application replay pass 4
==PROF== Profiling "vectorized_elementwise_kernel" - 594: Application replay pass 4
==PROF== Profiling "vectorized_elementwise_kernel" - 595: Application replay pass 4
==PROF== Profiling "vectorized_elementwise_kernel" - 596: Application replay pass 4
==PROF== Profiling "vectorized_elementwise_kernel" - 597: Application replay pass 4
==PROF== Profiling "vectorized_elementwise_kernel" - 598: Application replay pass 4
==PROF== Profiling "vectorized_elementwise_kernel" - 599: Application replay pass 4
==PROF== Profiling "vectorized_elementwise_kernel" - 600: Application replay pass 4
==PROF== Profiling "sm80_xmma_gemm_f32f32_f32f32_..." - 601: Application replay pass 4
==PROF== Profiling "Kernel" - 602: Application replay pass 4
==PROF== Profiling "reduce_kernel" - 603: Application replay pass 4
==PROF== Profiling "vectorized_elementwise_kernel" - 604: Application replay pass 4
==PROF== Profiling "vectorized_elementwise_kernel" - 605: Application replay pass 4
==PROF== Profiling "layer_norm_grad_input_kernel" - 606: Application replay pass 4
==PROF== Profiling "GammaBetaBackwardCUDAKernel_3..." - 607: Application replay pass 4
==PROF== Profiling "vectorized_elementwise_kernel" - 608: Application replay pass 4
==PROF== Profiling "vectorized_elementwise_kernel" - 609: Application replay pass 4
==PROF== Profiling "vectorized_elementwise_kernel" - 610: Application replay pass 4
==PROF== Profiling "vectorized_elementwise_kernel" - 611: Application replay pass 4
==PROF== Profiling "sm80_xmma_gemm_f32f32_f32f32_..." - 612: Application replay pass 4
==PROF== Profiling "Kernel" - 613: Application replay pass 4
==PROF== Profiling "splitKreduce_kernel" - 614: Application replay pass 4
==PROF== Profiling "reduce_kernel" - 615: Application replay pass 4
==PROF== Profiling "vectorized_elementwise_kernel" - 616: Application replay pass 4
==PROF== Profiling "vectorized_elementwise_kernel" - 617: Application replay pass 4
==PROF== Profiling "elementwise_kernel" - 618: Application replay pass 4
==PROF== Profiling "sm80_xmma_gemm_f32f32_f32f32_..." - 619: Application replay pass 4
==PROF== Profiling "sm80_xmma_gemm_f32f32_f32f32_..." - 620: Application replay pass 4
==PROF== Profiling "vectorized_elementwise_kernel" - 621: Application replay pass 4
==PROF== Profiling "vectorized_elementwise_kernel" - 622: Application replay pass 4
==PROF== Profiling "softmax_warp_backward" - 623: Application replay pass 4
==PROF== Profiling "vectorized_elementwise_kernel" - 624: Application replay pass 4
==PROF== Profiling "elementwise_kernel" - 625: Application replay pass 4
==PROF== Profiling "elementwise_kernel" - 626: Application replay pass 4
==PROF== Profiling "sm80_xmma_gemm_f32f32_f32f32_..." - 627: Application replay pass 4
==PROF== Profiling "sm80_xmma_gemm_f32f32_f32f32_..." - 628: Application replay pass 4
==PROF== Profiling "elementwise_kernel" - 629: Application replay pass 4
==PROF== Profiling "elementwise_kernel" - 630: Application replay pass 4
==PROF== Profiling "CatArrayBatchedCopy" - 631: Application replay pass 4
==PROF== Profiling "sm80_xmma_gemm_f32f32_f32f32_..." - 632: Application replay pass 4
==PROF== Profiling "Kernel" - 633: Application replay pass 4
==PROF== Profiling "reduce_kernel" - 634: Application replay pass 4
==PROF== Profiling "vectorized_elementwise_kernel" - 635: Application replay pass 4
==PROF== Profiling "vectorized_elementwise_kernel" - 636: Application replay pass 4
==PROF== Profiling "layer_norm_grad_input_kernel" - 637: Application replay pass 4
==PROF== Profiling "GammaBetaBackwardCUDAKernel_3..." - 638: Application replay pass 4
==PROF== Profiling "vectorized_elementwise_kernel" - 639: Application replay pass 4
==PROF== Profiling "vectorized_elementwise_kernel" - 640: Application replay pass 4
==PROF== Profiling "vectorized_elementwise_kernel" - 641: Application replay pass 4
==PROF== Profiling "vectorized_elementwise_kernel" - 642: Application replay pass 4
==PROF== Profiling "sm80_xmma_gemm_f32f32_f32f32_..." - 643: Application replay pass 4
==PROF== Profiling "Kernel" - 644: Application replay pass 4
==PROF== Profiling "reduce_kernel" - 645: Application replay pass 4
==PROF== Profiling "vectorized_elementwise_kernel" - 646: Application replay pass 4
==PROF== Profiling "vectorized_elementwise_kernel" - 647: Application replay pass 4
==PROF== Profiling "vectorized_elementwise_kernel" - 648: Application replay pass 4
==PROF== Profiling "vectorized_elementwise_kernel" - 649: Application replay pass 4
==PROF== Profiling "vectorized_elementwise_kernel" - 650: Application replay pass 4
==PROF== Profiling "vectorized_elementwise_kernel" - 651: Application replay pass 4
==PROF== Profiling "vectorized_elementwise_kernel" - 652: Application replay pass 4
==PROF== Profiling "vectorized_elementwise_kernel" - 653: Application replay pass 4
==PROF== Profiling "vectorized_elementwise_kernel" - 654: Application replay pass 4
==PROF== Profiling "vectorized_elementwise_kernel" - 655: Application replay pass 4
==PROF== Profiling "vectorized_elementwise_kernel" - 656: Application replay pass 4
==PROF== Profiling "vectorized_elementwise_kernel" - 657: Application replay pass 4
==PROF== Profiling "vectorized_elementwise_kernel" - 658: Application replay pass 4
==PROF== Profiling "sm80_xmma_gemm_f32f32_f32f32_..." - 659: Application replay pass 4
==PROF== Profiling "Kernel" - 660: Application replay pass 4
==PROF== Profiling "reduce_kernel" - 661: Application replay pass 4
==PROF== Profiling "vectorized_elementwise_kernel" - 662: Application replay pass 4
==PROF== Profiling "vectorized_elementwise_kernel" - 663: Application replay pass 4
==PROF== Profiling "layer_norm_grad_input_kernel" - 664: Application replay pass 4
==PROF== Profiling "GammaBetaBackwardCUDAKernel_3..." - 665: Application replay pass 4
==PROF== Profiling "vectorized_elementwise_kernel" - 666: Application replay pass 4
==PROF== Profiling "vectorized_elementwise_kernel" - 667: Application replay pass 4
==PROF== Profiling "vectorized_elementwise_kernel" - 668: Application replay pass 4
==PROF== Profiling "vectorized_elementwise_kernel" - 669: Application replay pass 4
==PROF== Profiling "sm80_xmma_gemm_f32f32_f32f32_..." - 670: Application replay pass 4
==PROF== Profiling "Kernel" - 671: Application replay pass 4
==PROF== Profiling "splitKreduce_kernel" - 672: Application replay pass 4
==PROF== Profiling "reduce_kernel" - 673: Application replay pass 4
==PROF== Profiling "vectorized_elementwise_kernel" - 674: Application replay pass 4
==PROF== Profiling "vectorized_elementwise_kernel" - 675: Application replay pass 4
==PROF== Profiling "elementwise_kernel" - 676: Application replay pass 4
==PROF== Profiling "sm80_xmma_gemm_f32f32_f32f32_..." - 677: Application replay pass 4
==PROF== Profiling "sm80_xmma_gemm_f32f32_f32f32_..." - 678: Application replay pass 4
==PROF== Profiling "vectorized_elementwise_kernel" - 679: Application replay pass 4
==PROF== Profiling "vectorized_elementwise_kernel" - 680: Application replay pass 4
==PROF== Profiling "softmax_warp_backward" - 681: Application replay pass 4
==PROF== Profiling "vectorized_elementwise_kernel" - 682: Application replay pass 4
==PROF== Profiling "elementwise_kernel" - 683: Application replay pass 4
==PROF== Profiling "elementwise_kernel" - 684: Application replay pass 4
==PROF== Profiling "sm80_xmma_gemm_f32f32_f32f32_..." - 685: Application replay pass 4
==PROF== Profiling "sm80_xmma_gemm_f32f32_f32f32_..." - 686: Application replay pass 4
==PROF== Profiling "elementwise_kernel" - 687: Application replay pass 4
==PROF== Profiling "elementwise_kernel" - 688: Application replay pass 4
==PROF== Profiling "CatArrayBatchedCopy" - 689: Application replay pass 4
==PROF== Profiling "sm80_xmma_gemm_f32f32_f32f32_..." - 690: Application replay pass 4
==PROF== Profiling "Kernel" - 691: Application replay pass 4
==PROF== Profiling "reduce_kernel" - 692: Application replay pass 4
==PROF== Profiling "vectorized_elementwise_kernel" - 693: Application replay pass 4
==PROF== Profiling "vectorized_elementwise_kernel" - 694: Application replay pass 4
==PROF== Profiling "layer_norm_grad_input_kernel" - 695: Application replay pass 4
==PROF== Profiling "GammaBetaBackwardCUDAKernel_3..." - 696: Application replay pass 4
==PROF== Profiling "vectorized_elementwise_kernel" - 697: Application replay pass 4
==PROF== Profiling "vectorized_elementwise_kernel" - 698: Application replay pass 4
==PROF== Profiling "vectorized_elementwise_kernel" - 699: Application replay pass 4
==PROF== Profiling "vectorized_elementwise_kernel" - 700: Application replay pass 4
==PROF== Profiling "reduce_kernel" - 701: Application replay pass 4
==PROF== Profiling "vectorized_elementwise_kernel" - 702: Application replay pass 4
==PROF== Profiling "embedding_backward_feature_ke..." - 703: Application replay pass 4
==PROF== Profiling "vectorized_elementwise_kernel" - 704: Application replay pass 4
==PROF== Profiling "elementwise_kernel_with_index" - 705: Application replay pass 4
==PROF== Profiling "DeviceRadixSortHistogramKernel" - 706: Application replay pass 4
==PROF== Profiling "DeviceRadixSortExclusiveSumKe..." - 707: Application replay pass 4
==PROF== Profiling "DeviceRadixSortOnesweepKernel" - 708: Application replay pass 4
==PROF== Profiling "DeviceRadixSortOnesweepKernel" - 709: Application replay pass 4
==PROF== Profiling "DeviceRadixSortOnesweepKernel" - 710: Application replay pass 4
==PROF== Profiling "DeviceRadixSortOnesweepKernel" - 711: Application replay pass 4
==PROF== Profiling "DeviceRadixSortOnesweepKernel" - 712: Application replay pass 4
==PROF== Profiling "DeviceRadixSortOnesweepKernel" - 713: Application replay pass 4
==PROF== Profiling "DeviceRadixSortOnesweepKernel" - 714: Application replay pass 4
==PROF== Profiling "DeviceRadixSortOnesweepKernel" - 715: Application replay pass 4
==PROF== Profiling "vectorized_elementwise_kernel" - 716: Application replay pass 4
==PROF== Profiling "DeviceCompactInitKernel" - 717: Application replay pass 4
==PROF== Profiling "DeviceUniqueByKeySweepKernel" - 718: Application replay pass 4
==PROF== Profiling "krn_partials_per_segment" - 719: Application replay pass 4
==PROF== Profiling "DeviceScanInitKernel" - 720: Application replay pass 4
==PROF== Profiling "DeviceScanKernel" - 721: Application replay pass 4
==PROF== Profiling "compute_num_of_partial_segments" - 722: Application replay pass 4
==PROF== Profiling "krn_partial_segment_offset" - 723: Application replay pass 4
==PROF== Profiling "compute_grad_weight" - 724: Application replay pass 4
==PROF== Profiling "sum_and_scatter" - 725: Application replay pass 4
==PROF== Profiling "vectorized_elementwise_kernel" - 726: Application replay pass 4
debug: Rank 0: Stopping profiler
Rank 0, Epoch [3/3], Finished epoch.
debug: Cleaning up process group
debug: Rank 0: Training process completed
==PROF== Disconnected from process 2814
debug: mp.spawn completed
PyTorch CUDA version: 12.1 matches with CUDA version required in environment config.
Configuration Values:
cuda version check: 12.1
world_size: 1
cap_size: 2
epochs: 3
batchsize: 16
debug: Starting mp.spawn...
debug: Rank 0: Running training process
debug: Rank 0: Preparing model and data
debug: Rank 0: Setting up process group
==PROF== Connected to process 3598 (/opt/conda/envs/echo_slowdown/bin/python3.10)
debug: Rank 0: Process group setup complete
debug: Rank 0: Starting training for 3 epochs
debug: Rank 0: Actual epoch 1/3 starting
Rank 0, Epoch [1/3], Finished epoch.
debug: Rank 0: Actual epoch 2/3 starting
Rank 0, Epoch [2/3], Finished epoch.
debug: Rank 0: Actual epoch 3/3 starting
debug: Rank 0: Starting backward pass profiling
==PROF== Profiling "layer_norm_grad_input_kernel" - 0: Application replay pass 5
==PROF== Profiling "GammaBetaBackwardCUDAKernel_3..." - 1: Application replay pass 5
==PROF== Profiling "vectorized_elementwise_kernel" - 2: Application replay pass 5
==PROF== Profiling "vectorized_elementwise_kernel" - 3: Application replay pass 5
==PROF== Profiling "vectorized_elementwise_kernel" - 4: Application replay pass 5
==PROF== Profiling "sm80_xmma_gemm_f32f32_f32f32_..." - 5: Application replay pass 5
==PROF== Profiling "Kernel" - 6: Application replay pass 5
==PROF== Profiling "reduce_kernel" - 7: Application replay pass 5
==PROF== Profiling "vectorized_elementwise_kernel" - 8: Application replay pass 5
==PROF== Profiling "vectorized_elementwise_kernel" - 9: Application replay pass 5
==PROF== Profiling "vectorized_elementwise_kernel" - 10: Application replay pass 5
==PROF== Profiling "vectorized_elementwise_kernel" - 11: Application replay pass 5
==PROF== Profiling "vectorized_elementwise_kernel" - 12: Application replay pass 5
==PROF== Profiling "vectorized_elementwise_kernel" - 13: Application replay pass 5
==PROF== Profiling "vectorized_elementwise_kernel" - 14: Application replay pass 5
==PROF== Profiling "vectorized_elementwise_kernel" - 15: Application replay pass 5
==PROF== Profiling "vectorized_elementwise_kernel" - 16: Application replay pass 5
==PROF== Profiling "vectorized_elementwise_kernel" - 17: Application replay pass 5
==PROF== Profiling "vectorized_elementwise_kernel" - 18: Application replay pass 5
==PROF== Profiling "vectorized_elementwise_kernel" - 19: Application replay pass 5
==PROF== Profiling "vectorized_elementwise_kernel" - 20: Application replay pass 5
==PROF== Profiling "sm80_xmma_gemm_f32f32_f32f32_..." - 21: Application replay pass 5
==PROF== Profiling "Kernel" - 22: Application replay pass 5
==PROF== Profiling "reduce_kernel" - 23: Application replay pass 5
==PROF== Profiling "vectorized_elementwise_kernel" - 24: Application replay pass 5
==PROF== Profiling "vectorized_elementwise_kernel" - 25: Application replay pass 5
==PROF== Profiling "layer_norm_grad_input_kernel" - 26: Application replay pass 5
==PROF== Profiling "GammaBetaBackwardCUDAKernel_3..." - 27: Application replay pass 5
==PROF== Profiling "vectorized_elementwise_kernel" - 28: Application replay pass 5
==PROF== Profiling "vectorized_elementwise_kernel" - 29: Application replay pass 5
==PROF== Profiling "vectorized_elementwise_kernel" - 30: Application replay pass 5
==PROF== Profiling "vectorized_elementwise_kernel" - 31: Application replay pass 5
==PROF== Profiling "sm80_xmma_gemm_f32f32_f32f32_..." - 32: Application replay pass 5
==PROF== Profiling "Kernel" - 33: Application replay pass 5
==PROF== Profiling "splitKreduce_kernel" - 34: Application replay pass 5
==PROF== Profiling "reduce_kernel" - 35: Application replay pass 5
==PROF== Profiling "vectorized_elementwise_kernel" - 36: Application replay pass 5
==PROF== Profiling "vectorized_elementwise_kernel" - 37: Application replay pass 5
==PROF== Profiling "elementwise_kernel" - 38: Application replay pass 5
==PROF== Profiling "sm80_xmma_gemm_f32f32_f32f32_..." - 39: Application replay pass 5
==PROF== Profiling "sm80_xmma_gemm_f32f32_f32f32_..." - 40: Application replay pass 5
==PROF== Profiling "vectorized_elementwise_kernel" - 41: Application replay pass 5
==PROF== Profiling "vectorized_elementwise_kernel" - 42: Application replay pass 5
==PROF== Profiling "softmax_warp_backward" - 43: Application replay pass 5
==PROF== Profiling "vectorized_elementwise_kernel" - 44: Application replay pass 5
==PROF== Profiling "elementwise_kernel" - 45: Application replay pass 5
==PROF== Profiling "elementwise_kernel" - 46: Application replay pass 5
==PROF== Profiling "sm80_xmma_gemm_f32f32_f32f32_..." - 47: Application replay pass 5
==PROF== Profiling "sm80_xmma_gemm_f32f32_f32f32_..." - 48: Application replay pass 5
==PROF== Profiling "elementwise_kernel" - 49: Application replay pass 5
==PROF== Profiling "elementwise_kernel" - 50: Application replay pass 5
==PROF== Profiling "CatArrayBatchedCopy" - 51: Application replay pass 5
==PROF== Profiling "sm80_xmma_gemm_f32f32_f32f32_..." - 52: Application replay pass 5
==PROF== Profiling "Kernel" - 53: Application replay pass 5
==PROF== Profiling "reduce_kernel" - 54: Application replay pass 5
==PROF== Profiling "vectorized_elementwise_kernel" - 55: Application replay pass 5
==PROF== Profiling "vectorized_elementwise_kernel" - 56: Application replay pass 5
==PROF== Profiling "layer_norm_grad_input_kernel" - 57: Application replay pass 5
==PROF== Profiling "GammaBetaBackwardCUDAKernel_3..." - 58: Application replay pass 5
==PROF== Profiling "vectorized_elementwise_kernel" - 59: Application replay pass 5
==PROF== Profiling "vectorized_elementwise_kernel" - 60: Application replay pass 5
==PROF== Profiling "vectorized_elementwise_kernel" - 61: Application replay pass 5
==PROF== Profiling "vectorized_elementwise_kernel" - 62: Application replay pass 5
==PROF== Profiling "sm80_xmma_gemm_f32f32_f32f32_..." - 63: Application replay pass 5
==PROF== Profiling "Kernel" - 64: Application replay pass 5
==PROF== Profiling "reduce_kernel" - 65: Application replay pass 5
==PROF== Profiling "vectorized_elementwise_kernel" - 66: Application replay pass 5
==PROF== Profiling "vectorized_elementwise_kernel" - 67: Application replay pass 5
==PROF== Profiling "vectorized_elementwise_kernel" - 68: Application replay pass 5
==PROF== Profiling "vectorized_elementwise_kernel" - 69: Application replay pass 5
==PROF== Profiling "vectorized_elementwise_kernel" - 70: Application replay pass 5
==PROF== Profiling "vectorized_elementwise_kernel" - 71: Application replay pass 5
==PROF== Profiling "vectorized_elementwise_kernel" - 72: Application replay pass 5
==PROF== Profiling "vectorized_elementwise_kernel" - 73: Application replay pass 5
==PROF== Profiling "vectorized_elementwise_kernel" - 74: Application replay pass 5
==PROF== Profiling "vectorized_elementwise_kernel" - 75: Application replay pass 5
==PROF== Profiling "vectorized_elementwise_kernel" - 76: Application replay pass 5
==PROF== Profiling "vectorized_elementwise_kernel" - 77: Application replay pass 5
==PROF== Profiling "vectorized_elementwise_kernel" - 78: Application replay pass 5
==PROF== Profiling "sm80_xmma_gemm_f32f32_f32f32_..." - 79: Application replay pass 5
==PROF== Profiling "Kernel" - 80: Application replay pass 5
==PROF== Profiling "reduce_kernel" - 81: Application replay pass 5
==PROF== Profiling "vectorized_elementwise_kernel" - 82: Application replay pass 5
==PROF== Profiling "vectorized_elementwise_kernel" - 83: Application replay pass 5
==PROF== Profiling "layer_norm_grad_input_kernel" - 84: Application replay pass 5
==PROF== Profiling "GammaBetaBackwardCUDAKernel_3..." - 85: Application replay pass 5
==PROF== Profiling "vectorized_elementwise_kernel" - 86: Application replay pass 5
==PROF== Profiling "vectorized_elementwise_kernel" - 87: Application replay pass 5
==PROF== Profiling "vectorized_elementwise_kernel" - 88: Application replay pass 5
==PROF== Profiling "vectorized_elementwise_kernel" - 89: Application replay pass 5
==PROF== Profiling "sm80_xmma_gemm_f32f32_f32f32_..." - 90: Application replay pass 5
==PROF== Profiling "Kernel" - 91: Application replay pass 5
==PROF== Profiling "splitKreduce_kernel" - 92: Application replay pass 5
==PROF== Profiling "reduce_kernel" - 93: Application replay pass 5
==PROF== Profiling "vectorized_elementwise_kernel" - 94: Application replay pass 5
==PROF== Profiling "vectorized_elementwise_kernel" - 95: Application replay pass 5
==PROF== Profiling "elementwise_kernel" - 96: Application replay pass 5
==PROF== Profiling "sm80_xmma_gemm_f32f32_f32f32_..." - 97: Application replay pass 5
==PROF== Profiling "sm80_xmma_gemm_f32f32_f32f32_..." - 98: Application replay pass 5
==PROF== Profiling "vectorized_elementwise_kernel" - 99: Application replay pass 5
==PROF== Profiling "vectorized_elementwise_kernel" - 100: Application replay pass 5
==PROF== Profiling "softmax_warp_backward" - 101: Application replay pass 5
==PROF== Profiling "vectorized_elementwise_kernel" - 102: Application replay pass 5
==PROF== Profiling "elementwise_kernel" - 103: Application replay pass 5
==PROF== Profiling "elementwise_kernel" - 104: Application replay pass 5
==PROF== Profiling "sm80_xmma_gemm_f32f32_f32f32_..." - 105: Application replay pass 5
==PROF== Profiling "sm80_xmma_gemm_f32f32_f32f32_..." - 106: Application replay pass 5
==PROF== Profiling "elementwise_kernel" - 107: Application replay pass 5
==PROF== Profiling "elementwise_kernel" - 108: Application replay pass 5
==PROF== Profiling "CatArrayBatchedCopy" - 109: Application replay pass 5
==PROF== Profiling "sm80_xmma_gemm_f32f32_f32f32_..." - 110: Application replay pass 5
==PROF== Profiling "Kernel" - 111: Application replay pass 5
==PROF== Profiling "reduce_kernel" - 112: Application replay pass 5
==PROF== Profiling "vectorized_elementwise_kernel" - 113: Application replay pass 5
==PROF== Profiling "vectorized_elementwise_kernel" - 114: Application replay pass 5
==PROF== Profiling "layer_norm_grad_input_kernel" - 115: Application replay pass 5
==PROF== Profiling "GammaBetaBackwardCUDAKernel_3..." - 116: Application replay pass 5
==PROF== Profiling "vectorized_elementwise_kernel" - 117: Application replay pass 5
==PROF== Profiling "vectorized_elementwise_kernel" - 118: Application replay pass 5
==PROF== Profiling "vectorized_elementwise_kernel" - 119: Application replay pass 5
==PROF== Profiling "vectorized_elementwise_kernel" - 120: Application replay pass 5
==PROF== Profiling "sm80_xmma_gemm_f32f32_f32f32_..." - 121: Application replay pass 5
==PROF== Profiling "Kernel" - 122: Application replay pass 5
==PROF== Profiling "reduce_kernel" - 123: Application replay pass 5
==PROF== Profiling "vectorized_elementwise_kernel" - 124: Application replay pass 5
==PROF== Profiling "vectorized_elementwise_kernel" - 125: Application replay pass 5
==PROF== Profiling "vectorized_elementwise_kernel" - 126: Application replay pass 5
==PROF== Profiling "vectorized_elementwise_kernel" - 127: Application replay pass 5
==PROF== Profiling "vectorized_elementwise_kernel" - 128: Application replay pass 5
==PROF== Profiling "vectorized_elementwise_kernel" - 129: Application replay pass 5
==PROF== Profiling "vectorized_elementwise_kernel" - 130: Application replay pass 5
==PROF== Profiling "vectorized_elementwise_kernel" - 131: Application replay pass 5
==PROF== Profiling "vectorized_elementwise_kernel" - 132: Application replay pass 5
==PROF== Profiling "vectorized_elementwise_kernel" - 133: Application replay pass 5
==PROF== Profiling "vectorized_elementwise_kernel" - 134: Application replay pass 5
==PROF== Profiling "vectorized_elementwise_kernel" - 135: Application replay pass 5
==PROF== Profiling "vectorized_elementwise_kernel" - 136: Application replay pass 5
==PROF== Profiling "sm80_xmma_gemm_f32f32_f32f32_..." - 137: Application replay pass 5
==PROF== Profiling "Kernel" - 138: Application replay pass 5
==PROF== Profiling "reduce_kernel" - 139: Application replay pass 5
==PROF== Profiling "vectorized_elementwise_kernel" - 140: Application replay pass 5
==PROF== Profiling "vectorized_elementwise_kernel" - 141: Application replay pass 5
==PROF== Profiling "layer_norm_grad_input_kernel" - 142: Application replay pass 5
==PROF== Profiling "GammaBetaBackwardCUDAKernel_3..." - 143: Application replay pass 5
==PROF== Profiling "vectorized_elementwise_kernel" - 144: Application replay pass 5
==PROF== Profiling "vectorized_elementwise_kernel" - 145: Application replay pass 5
==PROF== Profiling "vectorized_elementwise_kernel" - 146: Application replay pass 5
==PROF== Profiling "vectorized_elementwise_kernel" - 147: Application replay pass 5
==PROF== Profiling "sm80_xmma_gemm_f32f32_f32f32_..." - 148: Application replay pass 5
==PROF== Profiling "Kernel" - 149: Application replay pass 5
==PROF== Profiling "splitKreduce_kernel" - 150: Application replay pass 5
==PROF== Profiling "reduce_kernel" - 151: Application replay pass 5
==PROF== Profiling "vectorized_elementwise_kernel" - 152: Application replay pass 5
==PROF== Profiling "vectorized_elementwise_kernel" - 153: Application replay pass 5
==PROF== Profiling "elementwise_kernel" - 154: Application replay pass 5
==PROF== Profiling "sm80_xmma_gemm_f32f32_f32f32_..." - 155: Application replay pass 5
==PROF== Profiling "sm80_xmma_gemm_f32f32_f32f32_..." - 156: Application replay pass 5
==PROF== Profiling "vectorized_elementwise_kernel" - 157: Application replay pass 5
==PROF== Profiling "vectorized_elementwise_kernel" - 158: Application replay pass 5
==PROF== Profiling "softmax_warp_backward" - 159: Application replay pass 5
==PROF== Profiling "vectorized_elementwise_kernel" - 160: Application replay pass 5
==PROF== Profiling "elementwise_kernel" - 161: Application replay pass 5
==PROF== Profiling "elementwise_kernel" - 162: Application replay pass 5
==PROF== Profiling "sm80_xmma_gemm_f32f32_f32f32_..." - 163: Application replay pass 5
==PROF== Profiling "sm80_xmma_gemm_f32f32_f32f32_..." - 164: Application replay pass 5
==PROF== Profiling "elementwise_kernel" - 165: Application replay pass 5
==PROF== Profiling "elementwise_kernel" - 166: Application replay pass 5
==PROF== Profiling "CatArrayBatchedCopy" - 167: Application replay pass 5
==PROF== Profiling "sm80_xmma_gemm_f32f32_f32f32_..." - 168: Application replay pass 5
==PROF== Profiling "Kernel" - 169: Application replay pass 5
==PROF== Profiling "reduce_kernel" - 170: Application replay pass 5
==PROF== Profiling "vectorized_elementwise_kernel" - 171: Application replay pass 5
==PROF== Profiling "vectorized_elementwise_kernel" - 172: Application replay pass 5
==PROF== Profiling "layer_norm_grad_input_kernel" - 173: Application replay pass 5
==PROF== Profiling "GammaBetaBackwardCUDAKernel_3..." - 174: Application replay pass 5
==PROF== Profiling "vectorized_elementwise_kernel" - 175: Application replay pass 5
==PROF== Profiling "vectorized_elementwise_kernel" - 176: Application replay pass 5
==PROF== Profiling "vectorized_elementwise_kernel" - 177: Application replay pass 5
==PROF== Profiling "vectorized_elementwise_kernel" - 178: Application replay pass 5
==PROF== Profiling "sm80_xmma_gemm_f32f32_f32f32_..." - 179: Application replay pass 5
==PROF== Profiling "Kernel" - 180: Application replay pass 5
==PROF== Profiling "reduce_kernel" - 181: Application replay pass 5
==PROF== Profiling "vectorized_elementwise_kernel" - 182: Application replay pass 5
==PROF== Profiling "vectorized_elementwise_kernel" - 183: Application replay pass 5
==PROF== Profiling "vectorized_elementwise_kernel" - 184: Application replay pass 5
==PROF== Profiling "vectorized_elementwise_kernel" - 185: Application replay pass 5
==PROF== Profiling "vectorized_elementwise_kernel" - 186: Application replay pass 5
==PROF== Profiling "vectorized_elementwise_kernel" - 187: Application replay pass 5
==PROF== Profiling "vectorized_elementwise_kernel" - 188: Application replay pass 5
==PROF== Profiling "vectorized_elementwise_kernel" - 189: Application replay pass 5
==PROF== Profiling "vectorized_elementwise_kernel" - 190: Application replay pass 5
==PROF== Profiling "vectorized_elementwise_kernel" - 191: Application replay pass 5
==PROF== Profiling "vectorized_elementwise_kernel" - 192: Application replay pass 5
==PROF== Profiling "vectorized_elementwise_kernel" - 193: Application replay pass 5
==PROF== Profiling "vectorized_elementwise_kernel" - 194: Application replay pass 5
==PROF== Profiling "sm80_xmma_gemm_f32f32_f32f32_..." - 195: Application replay pass 5
==PROF== Profiling "Kernel" - 196: Application replay pass 5
==PROF== Profiling "reduce_kernel" - 197: Application replay pass 5
==PROF== Profiling "vectorized_elementwise_kernel" - 198: Application replay pass 5
==PROF== Profiling "vectorized_elementwise_kernel" - 199: Application replay pass 5
==PROF== Profiling "layer_norm_grad_input_kernel" - 200: Application replay pass 5
==PROF== Profiling "GammaBetaBackwardCUDAKernel_3..." - 201: Application replay pass 5
==PROF== Profiling "vectorized_elementwise_kernel" - 202: Application replay pass 5
==PROF== Profiling "vectorized_elementwise_kernel" - 203: Application replay pass 5
==PROF== Profiling "vectorized_elementwise_kernel" - 204: Application replay pass 5
==PROF== Profiling "vectorized_elementwise_kernel" - 205: Application replay pass 5
==PROF== Profiling "sm80_xmma_gemm_f32f32_f32f32_..." - 206: Application replay pass 5
==PROF== Profiling "Kernel" - 207: Application replay pass 5
==PROF== Profiling "splitKreduce_kernel" - 208: Application replay pass 5
==PROF== Profiling "reduce_kernel" - 209: Application replay pass 5
==PROF== Profiling "vectorized_elementwise_kernel" - 210: Application replay pass 5
==PROF== Profiling "vectorized_elementwise_kernel" - 211: Application replay pass 5
==PROF== Profiling "elementwise_kernel" - 212: Application replay pass 5
==PROF== Profiling "sm80_xmma_gemm_f32f32_f32f32_..." - 213: Application replay pass 5
==PROF== Profiling "sm80_xmma_gemm_f32f32_f32f32_..." - 214: Application replay pass 5
==PROF== Profiling "vectorized_elementwise_kernel" - 215: Application replay pass 5
==PROF== Profiling "vectorized_elementwise_kernel" - 216: Application replay pass 5
==PROF== Profiling "softmax_warp_backward" - 217: Application replay pass 5
==PROF== Profiling "vectorized_elementwise_kernel" - 218: Application replay pass 5
==PROF== Profiling "elementwise_kernel" - 219: Application replay pass 5
==PROF== Profiling "elementwise_kernel" - 220: Application replay pass 5
==PROF== Profiling "sm80_xmma_gemm_f32f32_f32f32_..." - 221: Application replay pass 5
==PROF== Profiling "sm80_xmma_gemm_f32f32_f32f32_..." - 222: Application replay pass 5
==PROF== Profiling "elementwise_kernel" - 223: Application replay pass 5
==PROF== Profiling "elementwise_kernel" - 224: Application replay pass 5
==PROF== Profiling "CatArrayBatchedCopy" - 225: Application replay pass 5
==PROF== Profiling "sm80_xmma_gemm_f32f32_f32f32_..." - 226: Application replay pass 5
==PROF== Profiling "Kernel" - 227: Application replay pass 5
==PROF== Profiling "reduce_kernel" - 228: Application replay pass 5
==PROF== Profiling "vectorized_elementwise_kernel" - 229: Application replay pass 5
==PROF== Profiling "vectorized_elementwise_kernel" - 230: Application replay pass 5
==PROF== Profiling "layer_norm_grad_input_kernel" - 231: Application replay pass 5
==PROF== Profiling "GammaBetaBackwardCUDAKernel_3..." - 232: Application replay pass 5
==PROF== Profiling "vectorized_elementwise_kernel" - 233: Application replay pass 5
==PROF== Profiling "vectorized_elementwise_kernel" - 234: Application replay pass 5
==PROF== Profiling "vectorized_elementwise_kernel" - 235: Application replay pass 5
==PROF== Profiling "vectorized_elementwise_kernel" - 236: Application replay pass 5
==PROF== Profiling "sm80_xmma_gemm_f32f32_f32f32_..." - 237: Application replay pass 5
==PROF== Profiling "Kernel" - 238: Application replay pass 5
==PROF== Profiling "reduce_kernel" - 239: Application replay pass 5
==PROF== Profiling "vectorized_elementwise_kernel" - 240: Application replay pass 5
==PROF== Profiling "vectorized_elementwise_kernel" - 241: Application replay pass 5
==PROF== Profiling "vectorized_elementwise_kernel" - 242: Application replay pass 5
==PROF== Profiling "vectorized_elementwise_kernel" - 243: Application replay pass 5
==PROF== Profiling "vectorized_elementwise_kernel" - 244: Application replay pass 5
==PROF== Profiling "vectorized_elementwise_kernel" - 245: Application replay pass 5
==PROF== Profiling "vectorized_elementwise_kernel" - 246: Application replay pass 5
==PROF== Profiling "vectorized_elementwise_kernel" - 247: Application replay pass 5
==PROF== Profiling "vectorized_elementwise_kernel" - 248: Application replay pass 5
==PROF== Profiling "vectorized_elementwise_kernel" - 249: Application replay pass 5
==PROF== Profiling "vectorized_elementwise_kernel" - 250: Application replay pass 5
==PROF== Profiling "vectorized_elementwise_kernel" - 251: Application replay pass 5
==PROF== Profiling "vectorized_elementwise_kernel" - 252: Application replay pass 5
==PROF== Profiling "sm80_xmma_gemm_f32f32_f32f32_..." - 253: Application replay pass 5
==PROF== Profiling "Kernel" - 254: Application replay pass 5
==PROF== Profiling "reduce_kernel" - 255: Application replay pass 5
==PROF== Profiling "vectorized_elementwise_kernel" - 256: Application replay pass 5
==PROF== Profiling "vectorized_elementwise_kernel" - 257: Application replay pass 5
==PROF== Profiling "layer_norm_grad_input_kernel" - 258: Application replay pass 5
==PROF== Profiling "GammaBetaBackwardCUDAKernel_3..." - 259: Application replay pass 5
==PROF== Profiling "vectorized_elementwise_kernel" - 260: Application replay pass 5
==PROF== Profiling "vectorized_elementwise_kernel" - 261: Application replay pass 5
==PROF== Profiling "vectorized_elementwise_kernel" - 262: Application replay pass 5
==PROF== Profiling "vectorized_elementwise_kernel" - 263: Application replay pass 5
==PROF== Profiling "sm80_xmma_gemm_f32f32_f32f32_..." - 264: Application replay pass 5
==PROF== Profiling "Kernel" - 265: Application replay pass 5
==PROF== Profiling "splitKreduce_kernel" - 266: Application replay pass 5
==PROF== Profiling "reduce_kernel" - 267: Application replay pass 5
==PROF== Profiling "vectorized_elementwise_kernel" - 268: Application replay pass 5
==PROF== Profiling "vectorized_elementwise_kernel" - 269: Application replay pass 5
==PROF== Profiling "elementwise_kernel" - 270: Application replay pass 5
==PROF== Profiling "sm80_xmma_gemm_f32f32_f32f32_..." - 271: Application replay pass 5
==PROF== Profiling "sm80_xmma_gemm_f32f32_f32f32_..." - 272: Application replay pass 5
==PROF== Profiling "vectorized_elementwise_kernel" - 273: Application replay pass 5
==PROF== Profiling "vectorized_elementwise_kernel" - 274: Application replay pass 5
==PROF== Profiling "softmax_warp_backward" - 275: Application replay pass 5
==PROF== Profiling "vectorized_elementwise_kernel" - 276: Application replay pass 5
==PROF== Profiling "elementwise_kernel" - 277: Application replay pass 5
==PROF== Profiling "elementwise_kernel" - 278: Application replay pass 5
==PROF== Profiling "sm80_xmma_gemm_f32f32_f32f32_..." - 279: Application replay pass 5
==PROF== Profiling "sm80_xmma_gemm_f32f32_f32f32_..." - 280: Application replay pass 5
==PROF== Profiling "elementwise_kernel" - 281: Application replay pass 5
==PROF== Profiling "elementwise_kernel" - 282: Application replay pass 5
==PROF== Profiling "CatArrayBatchedCopy" - 283: Application replay pass 5
==PROF== Profiling "sm80_xmma_gemm_f32f32_f32f32_..." - 284: Application replay pass 5
==PROF== Profiling "Kernel" - 285: Application replay pass 5
==PROF== Profiling "reduce_kernel" - 286: Application replay pass 5
==PROF== Profiling "vectorized_elementwise_kernel" - 287: Application replay pass 5
==PROF== Profiling "vectorized_elementwise_kernel" - 288: Application replay pass 5
==PROF== Profiling "layer_norm_grad_input_kernel" - 289: Application replay pass 5
==PROF== Profiling "GammaBetaBackwardCUDAKernel_3..." - 290: Application replay pass 5
==PROF== Profiling "vectorized_elementwise_kernel" - 291: Application replay pass 5
==PROF== Profiling "vectorized_elementwise_kernel" - 292: Application replay pass 5
==PROF== Profiling "vectorized_elementwise_kernel" - 293: Application replay pass 5
==PROF== Profiling "vectorized_elementwise_kernel" - 294: Application replay pass 5
==PROF== Profiling "sm80_xmma_gemm_f32f32_f32f32_..." - 295: Application replay pass 5
==PROF== Profiling "Kernel" - 296: Application replay pass 5
==PROF== Profiling "reduce_kernel" - 297: Application replay pass 5
==PROF== Profiling "vectorized_elementwise_kernel" - 298: Application replay pass 5
==PROF== Profiling "vectorized_elementwise_kernel" - 299: Application replay pass 5
==PROF== Profiling "vectorized_elementwise_kernel" - 300: Application replay pass 5
==PROF== Profiling "vectorized_elementwise_kernel" - 301: Application replay pass 5
==PROF== Profiling "vectorized_elementwise_kernel" - 302: Application replay pass 5
==PROF== Profiling "vectorized_elementwise_kernel" - 303: Application replay pass 5
==PROF== Profiling "vectorized_elementwise_kernel" - 304: Application replay pass 5
==PROF== Profiling "vectorized_elementwise_kernel" - 305: Application replay pass 5
==PROF== Profiling "vectorized_elementwise_kernel" - 306: Application replay pass 5
==PROF== Profiling "vectorized_elementwise_kernel" - 307: Application replay pass 5
==PROF== Profiling "vectorized_elementwise_kernel" - 308: Application replay pass 5
==PROF== Profiling "vectorized_elementwise_kernel" - 309: Application replay pass 5
==PROF== Profiling "vectorized_elementwise_kernel" - 310: Application replay pass 5
==PROF== Profiling "sm80_xmma_gemm_f32f32_f32f32_..." - 311: Application replay pass 5
==PROF== Profiling "Kernel" - 312: Application replay pass 5
==PROF== Profiling "reduce_kernel" - 313: Application replay pass 5
==PROF== Profiling "vectorized_elementwise_kernel" - 314: Application replay pass 5
==PROF== Profiling "vectorized_elementwise_kernel" - 315: Application replay pass 5
==PROF== Profiling "layer_norm_grad_input_kernel" - 316: Application replay pass 5
==PROF== Profiling "GammaBetaBackwardCUDAKernel_3..." - 317: Application replay pass 5
==PROF== Profiling "vectorized_elementwise_kernel" - 318: Application replay pass 5
==PROF== Profiling "vectorized_elementwise_kernel" - 319: Application replay pass 5
==PROF== Profiling "vectorized_elementwise_kernel" - 320: Application replay pass 5
==PROF== Profiling "vectorized_elementwise_kernel" - 321: Application replay pass 5
==PROF== Profiling "sm80_xmma_gemm_f32f32_f32f32_..." - 322: Application replay pass 5
==PROF== Profiling "Kernel" - 323: Application replay pass 5
==PROF== Profiling "splitKreduce_kernel" - 324: Application replay pass 5
==PROF== Profiling "reduce_kernel" - 325: Application replay pass 5
==PROF== Profiling "vectorized_elementwise_kernel" - 326: Application replay pass 5
==PROF== Profiling "vectorized_elementwise_kernel" - 327: Application replay pass 5
==PROF== Profiling "elementwise_kernel" - 328: Application replay pass 5
==PROF== Profiling "sm80_xmma_gemm_f32f32_f32f32_..." - 329: Application replay pass 5
==PROF== Profiling "sm80_xmma_gemm_f32f32_f32f32_..." - 330: Application replay pass 5
==PROF== Profiling "vectorized_elementwise_kernel" - 331: Application replay pass 5
==PROF== Profiling "vectorized_elementwise_kernel" - 332: Application replay pass 5
==PROF== Profiling "softmax_warp_backward" - 333: Application replay pass 5
==PROF== Profiling "vectorized_elementwise_kernel" - 334: Application replay pass 5
==PROF== Profiling "elementwise_kernel" - 335: Application replay pass 5
==PROF== Profiling "elementwise_kernel" - 336: Application replay pass 5
==PROF== Profiling "sm80_xmma_gemm_f32f32_f32f32_..." - 337: Application replay pass 5
==PROF== Profiling "sm80_xmma_gemm_f32f32_f32f32_..." - 338: Application replay pass 5
==PROF== Profiling "elementwise_kernel" - 339: Application replay pass 5
==PROF== Profiling "elementwise_kernel" - 340: Application replay pass 5
==PROF== Profiling "CatArrayBatchedCopy" - 341: Application replay pass 5
==PROF== Profiling "sm80_xmma_gemm_f32f32_f32f32_..." - 342: Application replay pass 5
==PROF== Profiling "Kernel" - 343: Application replay pass 5
==PROF== Profiling "reduce_kernel" - 344: Application replay pass 5
==PROF== Profiling "vectorized_elementwise_kernel" - 345: Application replay pass 5
==PROF== Profiling "vectorized_elementwise_kernel" - 346: Application replay pass 5
==PROF== Profiling "layer_norm_grad_input_kernel" - 347: Application replay pass 5
==PROF== Profiling "GammaBetaBackwardCUDAKernel_3..." - 348: Application replay pass 5
==PROF== Profiling "vectorized_elementwise_kernel" - 349: Application replay pass 5
==PROF== Profiling "vectorized_elementwise_kernel" - 350: Application replay pass 5
==PROF== Profiling "vectorized_elementwise_kernel" - 351: Application replay pass 5
==PROF== Profiling "vectorized_elementwise_kernel" - 352: Application replay pass 5
==PROF== Profiling "sm80_xmma_gemm_f32f32_f32f32_..." - 353: Application replay pass 5
==PROF== Profiling "Kernel" - 354: Application replay pass 5
==PROF== Profiling "reduce_kernel" - 355: Application replay pass 5
==PROF== Profiling "vectorized_elementwise_kernel" - 356: Application replay pass 5
==PROF== Profiling "vectorized_elementwise_kernel" - 357: Application replay pass 5
==PROF== Profiling "vectorized_elementwise_kernel" - 358: Application replay pass 5
==PROF== Profiling "vectorized_elementwise_kernel" - 359: Application replay pass 5
==PROF== Profiling "vectorized_elementwise_kernel" - 360: Application replay pass 5
==PROF== Profiling "vectorized_elementwise_kernel" - 361: Application replay pass 5
==PROF== Profiling "vectorized_elementwise_kernel" - 362: Application replay pass 5
==PROF== Profiling "vectorized_elementwise_kernel" - 363: Application replay pass 5
==PROF== Profiling "vectorized_elementwise_kernel" - 364: Application replay pass 5
==PROF== Profiling "vectorized_elementwise_kernel" - 365: Application replay pass 5
==PROF== Profiling "vectorized_elementwise_kernel" - 366: Application replay pass 5
==PROF== Profiling "vectorized_elementwise_kernel" - 367: Application replay pass 5
==PROF== Profiling "vectorized_elementwise_kernel" - 368: Application replay pass 5
==PROF== Profiling "sm80_xmma_gemm_f32f32_f32f32_..." - 369: Application replay pass 5
==PROF== Profiling "Kernel" - 370: Application replay pass 5
==PROF== Profiling "reduce_kernel" - 371: Application replay pass 5
==PROF== Profiling "vectorized_elementwise_kernel" - 372: Application replay pass 5
==PROF== Profiling "vectorized_elementwise_kernel" - 373: Application replay pass 5
==PROF== Profiling "layer_norm_grad_input_kernel" - 374: Application replay pass 5
==PROF== Profiling "GammaBetaBackwardCUDAKernel_3..." - 375: Application replay pass 5
==PROF== Profiling "vectorized_elementwise_kernel" - 376: Application replay pass 5
==PROF== Profiling "vectorized_elementwise_kernel" - 377: Application replay pass 5
==PROF== Profiling "vectorized_elementwise_kernel" - 378: Application replay pass 5
==PROF== Profiling "vectorized_elementwise_kernel" - 379: Application replay pass 5
==PROF== Profiling "sm80_xmma_gemm_f32f32_f32f32_..." - 380: Application replay pass 5
==PROF== Profiling "Kernel" - 381: Application replay pass 5
==PROF== Profiling "splitKreduce_kernel" - 382: Application replay pass 5
==PROF== Profiling "reduce_kernel" - 383: Application replay pass 5
==PROF== Profiling "vectorized_elementwise_kernel" - 384: Application replay pass 5
==PROF== Profiling "vectorized_elementwise_kernel" - 385: Application replay pass 5
==PROF== Profiling "elementwise_kernel" - 386: Application replay pass 5
==PROF== Profiling "sm80_xmma_gemm_f32f32_f32f32_..." - 387: Application replay pass 5
==PROF== Profiling "sm80_xmma_gemm_f32f32_f32f32_..." - 388: Application replay pass 5
==PROF== Profiling "vectorized_elementwise_kernel" - 389: Application replay pass 5
==PROF== Profiling "vectorized_elementwise_kernel" - 390: Application replay pass 5
==PROF== Profiling "softmax_warp_backward" - 391: Application replay pass 5
==PROF== Profiling "vectorized_elementwise_kernel" - 392: Application replay pass 5
==PROF== Profiling "elementwise_kernel" - 393: Application replay pass 5
==PROF== Profiling "elementwise_kernel" - 394: Application replay pass 5
==PROF== Profiling "sm80_xmma_gemm_f32f32_f32f32_..." - 395: Application replay pass 5
==PROF== Profiling "sm80_xmma_gemm_f32f32_f32f32_..." - 396: Application replay pass 5
==PROF== Profiling "elementwise_kernel" - 397: Application replay pass 5
==PROF== Profiling "elementwise_kernel" - 398: Application replay pass 5
==PROF== Profiling "CatArrayBatchedCopy" - 399: Application replay pass 5
==PROF== Profiling "sm80_xmma_gemm_f32f32_f32f32_..." - 400: Application replay pass 5
==PROF== Profiling "Kernel" - 401: Application replay pass 5
==PROF== Profiling "reduce_kernel" - 402: Application replay pass 5
==PROF== Profiling "vectorized_elementwise_kernel" - 403: Application replay pass 5
==PROF== Profiling "vectorized_elementwise_kernel" - 404: Application replay pass 5
==PROF== Profiling "layer_norm_grad_input_kernel" - 405: Application replay pass 5
==PROF== Profiling "GammaBetaBackwardCUDAKernel_3..." - 406: Application replay pass 5
==PROF== Profiling "vectorized_elementwise_kernel" - 407: Application replay pass 5
==PROF== Profiling "vectorized_elementwise_kernel" - 408: Application replay pass 5
==PROF== Profiling "vectorized_elementwise_kernel" - 409: Application replay pass 5
==PROF== Profiling "vectorized_elementwise_kernel" - 410: Application replay pass 5
==PROF== Profiling "sm80_xmma_gemm_f32f32_f32f32_..." - 411: Application replay pass 5
==PROF== Profiling "Kernel" - 412: Application replay pass 5
==PROF== Profiling "reduce_kernel" - 413: Application replay pass 5
==PROF== Profiling "vectorized_elementwise_kernel" - 414: Application replay pass 5
==PROF== Profiling "vectorized_elementwise_kernel" - 415: Application replay pass 5
==PROF== Profiling "vectorized_elementwise_kernel" - 416: Application replay pass 5
==PROF== Profiling "vectorized_elementwise_kernel" - 417: Application replay pass 5
==PROF== Profiling "vectorized_elementwise_kernel" - 418: Application replay pass 5
==PROF== Profiling "vectorized_elementwise_kernel" - 419: Application replay pass 5
==PROF== Profiling "vectorized_elementwise_kernel" - 420: Application replay pass 5
==PROF== Profiling "vectorized_elementwise_kernel" - 421: Application replay pass 5
==PROF== Profiling "vectorized_elementwise_kernel" - 422: Application replay pass 5
==PROF== Profiling "vectorized_elementwise_kernel" - 423: Application replay pass 5
==PROF== Profiling "vectorized_elementwise_kernel" - 424: Application replay pass 5
==PROF== Profiling "vectorized_elementwise_kernel" - 425: Application replay pass 5
==PROF== Profiling "vectorized_elementwise_kernel" - 426: Application replay pass 5
==PROF== Profiling "sm80_xmma_gemm_f32f32_f32f32_..." - 427: Application replay pass 5
==PROF== Profiling "Kernel" - 428: Application replay pass 5
==PROF== Profiling "reduce_kernel" - 429: Application replay pass 5
==PROF== Profiling "vectorized_elementwise_kernel" - 430: Application replay pass 5
==PROF== Profiling "vectorized_elementwise_kernel" - 431: Application replay pass 5
==PROF== Profiling "layer_norm_grad_input_kernel" - 432: Application replay pass 5
==PROF== Profiling "GammaBetaBackwardCUDAKernel_3..." - 433: Application replay pass 5
==PROF== Profiling "vectorized_elementwise_kernel" - 434: Application replay pass 5
==PROF== Profiling "vectorized_elementwise_kernel" - 435: Application replay pass 5
==PROF== Profiling "vectorized_elementwise_kernel" - 436: Application replay pass 5
==PROF== Profiling "vectorized_elementwise_kernel" - 437: Application replay pass 5
==PROF== Profiling "sm80_xmma_gemm_f32f32_f32f32_..." - 438: Application replay pass 5
==PROF== Profiling "Kernel" - 439: Application replay pass 5
==PROF== Profiling "splitKreduce_kernel" - 440: Application replay pass 5
==PROF== Profiling "reduce_kernel" - 441: Application replay pass 5
==PROF== Profiling "vectorized_elementwise_kernel" - 442: Application replay pass 5
==PROF== Profiling "vectorized_elementwise_kernel" - 443: Application replay pass 5
==PROF== Profiling "elementwise_kernel" - 444: Application replay pass 5
==PROF== Profiling "sm80_xmma_gemm_f32f32_f32f32_..." - 445: Application replay pass 5
==PROF== Profiling "sm80_xmma_gemm_f32f32_f32f32_..." - 446: Application replay pass 5
==PROF== Profiling "vectorized_elementwise_kernel" - 447: Application replay pass 5
==PROF== Profiling "vectorized_elementwise_kernel" - 448: Application replay pass 5
==PROF== Profiling "softmax_warp_backward" - 449: Application replay pass 5
==PROF== Profiling "vectorized_elementwise_kernel" - 450: Application replay pass 5
==PROF== Profiling "elementwise_kernel" - 451: Application replay pass 5
==PROF== Profiling "elementwise_kernel" - 452: Application replay pass 5
==PROF== Profiling "sm80_xmma_gemm_f32f32_f32f32_..." - 453: Application replay pass 5
==PROF== Profiling "sm80_xmma_gemm_f32f32_f32f32_..." - 454: Application replay pass 5
==PROF== Profiling "elementwise_kernel" - 455: Application replay pass 5
==PROF== Profiling "elementwise_kernel" - 456: Application replay pass 5
==PROF== Profiling "CatArrayBatchedCopy" - 457: Application replay pass 5
==PROF== Profiling "sm80_xmma_gemm_f32f32_f32f32_..." - 458: Application replay pass 5
==PROF== Profiling "Kernel" - 459: Application replay pass 5
==PROF== Profiling "reduce_kernel" - 460: Application replay pass 5
==PROF== Profiling "vectorized_elementwise_kernel" - 461: Application replay pass 5
==PROF== Profiling "vectorized_elementwise_kernel" - 462: Application replay pass 5
==PROF== Profiling "layer_norm_grad_input_kernel" - 463: Application replay pass 5
==PROF== Profiling "GammaBetaBackwardCUDAKernel_3..." - 464: Application replay pass 5
==PROF== Profiling "vectorized_elementwise_kernel" - 465: Application replay pass 5
==PROF== Profiling "vectorized_elementwise_kernel" - 466: Application replay pass 5
==PROF== Profiling "vectorized_elementwise_kernel" - 467: Application replay pass 5
==PROF== Profiling "vectorized_elementwise_kernel" - 468: Application replay pass 5
==PROF== Profiling "sm80_xmma_gemm_f32f32_f32f32_..." - 469: Application replay pass 5
==PROF== Profiling "Kernel" - 470: Application replay pass 5
==PROF== Profiling "reduce_kernel" - 471: Application replay pass 5
==PROF== Profiling "vectorized_elementwise_kernel" - 472: Application replay pass 5
==PROF== Profiling "vectorized_elementwise_kernel" - 473: Application replay pass 5
==PROF== Profiling "vectorized_elementwise_kernel" - 474: Application replay pass 5
==PROF== Profiling "vectorized_elementwise_kernel" - 475: Application replay pass 5
==PROF== Profiling "vectorized_elementwise_kernel" - 476: Application replay pass 5
==PROF== Profiling "vectorized_elementwise_kernel" - 477: Application replay pass 5
==PROF== Profiling "vectorized_elementwise_kernel" - 478: Application replay pass 5
==PROF== Profiling "vectorized_elementwise_kernel" - 479: Application replay pass 5
==PROF== Profiling "vectorized_elementwise_kernel" - 480: Application replay pass 5
==PROF== Profiling "vectorized_elementwise_kernel" - 481: Application replay pass 5
==PROF== Profiling "vectorized_elementwise_kernel" - 482: Application replay pass 5
==PROF== Profiling "vectorized_elementwise_kernel" - 483: Application replay pass 5
==PROF== Profiling "vectorized_elementwise_kernel" - 484: Application replay pass 5
==PROF== Profiling "sm80_xmma_gemm_f32f32_f32f32_..." - 485: Application replay pass 5
==PROF== Profiling "Kernel" - 486: Application replay pass 5
==PROF== Profiling "reduce_kernel" - 487: Application replay pass 5
==PROF== Profiling "vectorized_elementwise_kernel" - 488: Application replay pass 5
==PROF== Profiling "vectorized_elementwise_kernel" - 489: Application replay pass 5
==PROF== Profiling "layer_norm_grad_input_kernel" - 490: Application replay pass 5
==PROF== Profiling "GammaBetaBackwardCUDAKernel_3..." - 491: Application replay pass 5
==PROF== Profiling "vectorized_elementwise_kernel" - 492: Application replay pass 5
==PROF== Profiling "vectorized_elementwise_kernel" - 493: Application replay pass 5
==PROF== Profiling "vectorized_elementwise_kernel" - 494: Application replay pass 5
==PROF== Profiling "vectorized_elementwise_kernel" - 495: Application replay pass 5
==PROF== Profiling "sm80_xmma_gemm_f32f32_f32f32_..." - 496: Application replay pass 5
==PROF== Profiling "Kernel" - 497: Application replay pass 5
==PROF== Profiling "splitKreduce_kernel" - 498: Application replay pass 5
==PROF== Profiling "reduce_kernel" - 499: Application replay pass 5
==PROF== Profiling "vectorized_elementwise_kernel" - 500: Application replay pass 5
==PROF== Profiling "vectorized_elementwise_kernel" - 501: Application replay pass 5
==PROF== Profiling "elementwise_kernel" - 502: Application replay pass 5
==PROF== Profiling "sm80_xmma_gemm_f32f32_f32f32_..." - 503: Application replay pass 5
==PROF== Profiling "sm80_xmma_gemm_f32f32_f32f32_..." - 504: Application replay pass 5
==PROF== Profiling "vectorized_elementwise_kernel" - 505: Application replay pass 5
==PROF== Profiling "vectorized_elementwise_kernel" - 506: Application replay pass 5
==PROF== Profiling "softmax_warp_backward" - 507: Application replay pass 5
==PROF== Profiling "vectorized_elementwise_kernel" - 508: Application replay pass 5
==PROF== Profiling "elementwise_kernel" - 509: Application replay pass 5
==PROF== Profiling "elementwise_kernel" - 510: Application replay pass 5
==PROF== Profiling "sm80_xmma_gemm_f32f32_f32f32_..." - 511: Application replay pass 5
==PROF== Profiling "sm80_xmma_gemm_f32f32_f32f32_..." - 512: Application replay pass 5
==PROF== Profiling "elementwise_kernel" - 513: Application replay pass 5
==PROF== Profiling "elementwise_kernel" - 514: Application replay pass 5
==PROF== Profiling "CatArrayBatchedCopy" - 515: Application replay pass 5
==PROF== Profiling "sm80_xmma_gemm_f32f32_f32f32_..." - 516: Application replay pass 5
==PROF== Profiling "Kernel" - 517: Application replay pass 5
==PROF== Profiling "reduce_kernel" - 518: Application replay pass 5
==PROF== Profiling "vectorized_elementwise_kernel" - 519: Application replay pass 5
==PROF== Profiling "vectorized_elementwise_kernel" - 520: Application replay pass 5
==PROF== Profiling "layer_norm_grad_input_kernel" - 521: Application replay pass 5
==PROF== Profiling "GammaBetaBackwardCUDAKernel_3..." - 522: Application replay pass 5
==PROF== Profiling "vectorized_elementwise_kernel" - 523: Application replay pass 5
==PROF== Profiling "vectorized_elementwise_kernel" - 524: Application replay pass 5
==PROF== Profiling "vectorized_elementwise_kernel" - 525: Application replay pass 5
==PROF== Profiling "vectorized_elementwise_kernel" - 526: Application replay pass 5
==PROF== Profiling "sm80_xmma_gemm_f32f32_f32f32_..." - 527: Application replay pass 5
==PROF== Profiling "Kernel" - 528: Application replay pass 5
==PROF== Profiling "reduce_kernel" - 529: Application replay pass 5
==PROF== Profiling "vectorized_elementwise_kernel" - 530: Application replay pass 5
==PROF== Profiling "vectorized_elementwise_kernel" - 531: Application replay pass 5
==PROF== Profiling "vectorized_elementwise_kernel" - 532: Application replay pass 5
==PROF== Profiling "vectorized_elementwise_kernel" - 533: Application replay pass 5
==PROF== Profiling "vectorized_elementwise_kernel" - 534: Application replay pass 5
==PROF== Profiling "vectorized_elementwise_kernel" - 535: Application replay pass 5
==PROF== Profiling "vectorized_elementwise_kernel" - 536: Application replay pass 5
==PROF== Profiling "vectorized_elementwise_kernel" - 537: Application replay pass 5
==PROF== Profiling "vectorized_elementwise_kernel" - 538: Application replay pass 5
==PROF== Profiling "vectorized_elementwise_kernel" - 539: Application replay pass 5
==PROF== Profiling "vectorized_elementwise_kernel" - 540: Application replay pass 5
==PROF== Profiling "vectorized_elementwise_kernel" - 541: Application replay pass 5
==PROF== Profiling "vectorized_elementwise_kernel" - 542: Application replay pass 5
==PROF== Profiling "sm80_xmma_gemm_f32f32_f32f32_..." - 543: Application replay pass 5
==PROF== Profiling "Kernel" - 544: Application replay pass 5
==PROF== Profiling "reduce_kernel" - 545: Application replay pass 5
==PROF== Profiling "vectorized_elementwise_kernel" - 546: Application replay pass 5
==PROF== Profiling "vectorized_elementwise_kernel" - 547: Application replay pass 5
==PROF== Profiling "layer_norm_grad_input_kernel" - 548: Application replay pass 5
==PROF== Profiling "GammaBetaBackwardCUDAKernel_3..." - 549: Application replay pass 5
==PROF== Profiling "vectorized_elementwise_kernel" - 550: Application replay pass 5
==PROF== Profiling "vectorized_elementwise_kernel" - 551: Application replay pass 5
==PROF== Profiling "vectorized_elementwise_kernel" - 552: Application replay pass 5
==PROF== Profiling "vectorized_elementwise_kernel" - 553: Application replay pass 5
==PROF== Profiling "sm80_xmma_gemm_f32f32_f32f32_..." - 554: Application replay pass 5
==PROF== Profiling "Kernel" - 555: Application replay pass 5
==PROF== Profiling "splitKreduce_kernel" - 556: Application replay pass 5
==PROF== Profiling "reduce_kernel" - 557: Application replay pass 5
==PROF== Profiling "vectorized_elementwise_kernel" - 558: Application replay pass 5
==PROF== Profiling "vectorized_elementwise_kernel" - 559: Application replay pass 5
==PROF== Profiling "elementwise_kernel" - 560: Application replay pass 5
==PROF== Profiling "sm80_xmma_gemm_f32f32_f32f32_..." - 561: Application replay pass 5
==PROF== Profiling "sm80_xmma_gemm_f32f32_f32f32_..." - 562: Application replay pass 5
==PROF== Profiling "vectorized_elementwise_kernel" - 563: Application replay pass 5
==PROF== Profiling "vectorized_elementwise_kernel" - 564: Application replay pass 5
==PROF== Profiling "softmax_warp_backward" - 565: Application replay pass 5
==PROF== Profiling "vectorized_elementwise_kernel" - 566: Application replay pass 5
==PROF== Profiling "elementwise_kernel" - 567: Application replay pass 5
==PROF== Profiling "elementwise_kernel" - 568: Application replay pass 5
==PROF== Profiling "sm80_xmma_gemm_f32f32_f32f32_..." - 569: Application replay pass 5
==PROF== Profiling "sm80_xmma_gemm_f32f32_f32f32_..." - 570: Application replay pass 5
==PROF== Profiling "elementwise_kernel" - 571: Application replay pass 5
==PROF== Profiling "elementwise_kernel" - 572: Application replay pass 5
==PROF== Profiling "CatArrayBatchedCopy" - 573: Application replay pass 5
==PROF== Profiling "sm80_xmma_gemm_f32f32_f32f32_..." - 574: Application replay pass 5
==PROF== Profiling "Kernel" - 575: Application replay pass 5
==PROF== Profiling "reduce_kernel" - 576: Application replay pass 5
==PROF== Profiling "vectorized_elementwise_kernel" - 577: Application replay pass 5
==PROF== Profiling "vectorized_elementwise_kernel" - 578: Application replay pass 5
==PROF== Profiling "layer_norm_grad_input_kernel" - 579: Application replay pass 5
==PROF== Profiling "GammaBetaBackwardCUDAKernel_3..." - 580: Application replay pass 5
==PROF== Profiling "vectorized_elementwise_kernel" - 581: Application replay pass 5
==PROF== Profiling "vectorized_elementwise_kernel" - 582: Application replay pass 5
==PROF== Profiling "vectorized_elementwise_kernel" - 583: Application replay pass 5
==PROF== Profiling "vectorized_elementwise_kernel" - 584: Application replay pass 5
==PROF== Profiling "sm80_xmma_gemm_f32f32_f32f32_..." - 585: Application replay pass 5
==PROF== Profiling "Kernel" - 586: Application replay pass 5
==PROF== Profiling "reduce_kernel" - 587: Application replay pass 5
==PROF== Profiling "vectorized_elementwise_kernel" - 588: Application replay pass 5
==PROF== Profiling "vectorized_elementwise_kernel" - 589: Application replay pass 5
==PROF== Profiling "vectorized_elementwise_kernel" - 590: Application replay pass 5
==PROF== Profiling "vectorized_elementwise_kernel" - 591: Application replay pass 5
==PROF== Profiling "vectorized_elementwise_kernel" - 592: Application replay pass 5
==PROF== Profiling "vectorized_elementwise_kernel" - 593: Application replay pass 5
==PROF== Profiling "vectorized_elementwise_kernel" - 594: Application replay pass 5
==PROF== Profiling "vectorized_elementwise_kernel" - 595: Application replay pass 5
==PROF== Profiling "vectorized_elementwise_kernel" - 596: Application replay pass 5
==PROF== Profiling "vectorized_elementwise_kernel" - 597: Application replay pass 5
==PROF== Profiling "vectorized_elementwise_kernel" - 598: Application replay pass 5
==PROF== Profiling "vectorized_elementwise_kernel" - 599: Application replay pass 5
==PROF== Profiling "vectorized_elementwise_kernel" - 600: Application replay pass 5
==PROF== Profiling "sm80_xmma_gemm_f32f32_f32f32_..." - 601: Application replay pass 5
==PROF== Profiling "Kernel" - 602: Application replay pass 5
==PROF== Profiling "reduce_kernel" - 603: Application replay pass 5
==PROF== Profiling "vectorized_elementwise_kernel" - 604: Application replay pass 5
==PROF== Profiling "vectorized_elementwise_kernel" - 605: Application replay pass 5
==PROF== Profiling "layer_norm_grad_input_kernel" - 606: Application replay pass 5
==PROF== Profiling "GammaBetaBackwardCUDAKernel_3..." - 607: Application replay pass 5
==PROF== Profiling "vectorized_elementwise_kernel" - 608: Application replay pass 5
==PROF== Profiling "vectorized_elementwise_kernel" - 609: Application replay pass 5
==PROF== Profiling "vectorized_elementwise_kernel" - 610: Application replay pass 5
==PROF== Profiling "vectorized_elementwise_kernel" - 611: Application replay pass 5
==PROF== Profiling "sm80_xmma_gemm_f32f32_f32f32_..." - 612: Application replay pass 5
==PROF== Profiling "Kernel" - 613: Application replay pass 5
==PROF== Profiling "splitKreduce_kernel" - 614: Application replay pass 5
==PROF== Profiling "reduce_kernel" - 615: Application replay pass 5
==PROF== Profiling "vectorized_elementwise_kernel" - 616: Application replay pass 5
==PROF== Profiling "vectorized_elementwise_kernel" - 617: Application replay pass 5
==PROF== Profiling "elementwise_kernel" - 618: Application replay pass 5
==PROF== Profiling "sm80_xmma_gemm_f32f32_f32f32_..." - 619: Application replay pass 5
==PROF== Profiling "sm80_xmma_gemm_f32f32_f32f32_..." - 620: Application replay pass 5
==PROF== Profiling "vectorized_elementwise_kernel" - 621: Application replay pass 5
==PROF== Profiling "vectorized_elementwise_kernel" - 622: Application replay pass 5
==PROF== Profiling "softmax_warp_backward" - 623: Application replay pass 5
==PROF== Profiling "vectorized_elementwise_kernel" - 624: Application replay pass 5
==PROF== Profiling "elementwise_kernel" - 625: Application replay pass 5
==PROF== Profiling "elementwise_kernel" - 626: Application replay pass 5
==PROF== Profiling "sm80_xmma_gemm_f32f32_f32f32_..." - 627: Application replay pass 5
==PROF== Profiling "sm80_xmma_gemm_f32f32_f32f32_..." - 628: Application replay pass 5
==PROF== Profiling "elementwise_kernel" - 629: Application replay pass 5
==PROF== Profiling "elementwise_kernel" - 630: Application replay pass 5
==PROF== Profiling "CatArrayBatchedCopy" - 631: Application replay pass 5
==PROF== Profiling "sm80_xmma_gemm_f32f32_f32f32_..." - 632: Application replay pass 5
==PROF== Profiling "Kernel" - 633: Application replay pass 5
==PROF== Profiling "reduce_kernel" - 634: Application replay pass 5
==PROF== Profiling "vectorized_elementwise_kernel" - 635: Application replay pass 5
==PROF== Profiling "vectorized_elementwise_kernel" - 636: Application replay pass 5
==PROF== Profiling "layer_norm_grad_input_kernel" - 637: Application replay pass 5
==PROF== Profiling "GammaBetaBackwardCUDAKernel_3..." - 638: Application replay pass 5
==PROF== Profiling "vectorized_elementwise_kernel" - 639: Application replay pass 5
==PROF== Profiling "vectorized_elementwise_kernel" - 640: Application replay pass 5
==PROF== Profiling "vectorized_elementwise_kernel" - 641: Application replay pass 5
==PROF== Profiling "vectorized_elementwise_kernel" - 642: Application replay pass 5
==PROF== Profiling "sm80_xmma_gemm_f32f32_f32f32_..." - 643: Application replay pass 5
==PROF== Profiling "Kernel" - 644: Application replay pass 5
==PROF== Profiling "reduce_kernel" - 645: Application replay pass 5
==PROF== Profiling "vectorized_elementwise_kernel" - 646: Application replay pass 5
==PROF== Profiling "vectorized_elementwise_kernel" - 647: Application replay pass 5
==PROF== Profiling "vectorized_elementwise_kernel" - 648: Application replay pass 5
==PROF== Profiling "vectorized_elementwise_kernel" - 649: Application replay pass 5
==PROF== Profiling "vectorized_elementwise_kernel" - 650: Application replay pass 5
==PROF== Profiling "vectorized_elementwise_kernel" - 651: Application replay pass 5
==PROF== Profiling "vectorized_elementwise_kernel" - 652: Application replay pass 5
==PROF== Profiling "vectorized_elementwise_kernel" - 653: Application replay pass 5
==PROF== Profiling "vectorized_elementwise_kernel" - 654: Application replay pass 5
==PROF== Profiling "vectorized_elementwise_kernel" - 655: Application replay pass 5
==PROF== Profiling "vectorized_elementwise_kernel" - 656: Application replay pass 5
==PROF== Profiling "vectorized_elementwise_kernel" - 657: Application replay pass 5
==PROF== Profiling "vectorized_elementwise_kernel" - 658: Application replay pass 5
==PROF== Profiling "sm80_xmma_gemm_f32f32_f32f32_..." - 659: Application replay pass 5
==PROF== Profiling "Kernel" - 660: Application replay pass 5
==PROF== Profiling "reduce_kernel" - 661: Application replay pass 5
==PROF== Profiling "vectorized_elementwise_kernel" - 662: Application replay pass 5
==PROF== Profiling "vectorized_elementwise_kernel" - 663: Application replay pass 5
==PROF== Profiling "layer_norm_grad_input_kernel" - 664: Application replay pass 5
==PROF== Profiling "GammaBetaBackwardCUDAKernel_3..." - 665: Application replay pass 5
==PROF== Profiling "vectorized_elementwise_kernel" - 666: Application replay pass 5
==PROF== Profiling "vectorized_elementwise_kernel" - 667: Application replay pass 5
==PROF== Profiling "vectorized_elementwise_kernel" - 668: Application replay pass 5
==PROF== Profiling "vectorized_elementwise_kernel" - 669: Application replay pass 5
==PROF== Profiling "sm80_xmma_gemm_f32f32_f32f32_..." - 670: Application replay pass 5
==PROF== Profiling "Kernel" - 671: Application replay pass 5
==PROF== Profiling "splitKreduce_kernel" - 672: Application replay pass 5
==PROF== Profiling "reduce_kernel" - 673: Application replay pass 5
==PROF== Profiling "vectorized_elementwise_kernel" - 674: Application replay pass 5
==PROF== Profiling "vectorized_elementwise_kernel" - 675: Application replay pass 5
==PROF== Profiling "elementwise_kernel" - 676: Application replay pass 5
==PROF== Profiling "sm80_xmma_gemm_f32f32_f32f32_..." - 677: Application replay pass 5
==PROF== Profiling "sm80_xmma_gemm_f32f32_f32f32_..." - 678: Application replay pass 5
==PROF== Profiling "vectorized_elementwise_kernel" - 679: Application replay pass 5
==PROF== Profiling "vectorized_elementwise_kernel" - 680: Application replay pass 5
==PROF== Profiling "softmax_warp_backward" - 681: Application replay pass 5
==PROF== Profiling "vectorized_elementwise_kernel" - 682: Application replay pass 5
==PROF== Profiling "elementwise_kernel" - 683: Application replay pass 5
==PROF== Profiling "elementwise_kernel" - 684: Application replay pass 5
==PROF== Profiling "sm80_xmma_gemm_f32f32_f32f32_..." - 685: Application replay pass 5
==PROF== Profiling "sm80_xmma_gemm_f32f32_f32f32_..." - 686: Application replay pass 5
==PROF== Profiling "elementwise_kernel" - 687: Application replay pass 5
==PROF== Profiling "elementwise_kernel" - 688: Application replay pass 5
==PROF== Profiling "CatArrayBatchedCopy" - 689: Application replay pass 5
==PROF== Profiling "sm80_xmma_gemm_f32f32_f32f32_..." - 690: Application replay pass 5
==PROF== Profiling "Kernel" - 691: Application replay pass 5
==PROF== Profiling "reduce_kernel" - 692: Application replay pass 5
==PROF== Profiling "vectorized_elementwise_kernel" - 693: Application replay pass 5
==PROF== Profiling "vectorized_elementwise_kernel" - 694: Application replay pass 5
==PROF== Profiling "layer_norm_grad_input_kernel" - 695: Application replay pass 5
==PROF== Profiling "GammaBetaBackwardCUDAKernel_3..." - 696: Application replay pass 5
==PROF== Profiling "vectorized_elementwise_kernel" - 697: Application replay pass 5
==PROF== Profiling "vectorized_elementwise_kernel" - 698: Application replay pass 5
==PROF== Profiling "vectorized_elementwise_kernel" - 699: Application replay pass 5
==PROF== Profiling "vectorized_elementwise_kernel" - 700: Application replay pass 5
==PROF== Profiling "reduce_kernel" - 701: Application replay pass 5
==PROF== Profiling "vectorized_elementwise_kernel" - 702: Application replay pass 5
==PROF== Profiling "embedding_backward_feature_ke..." - 703: Application replay pass 5
==PROF== Profiling "vectorized_elementwise_kernel" - 704: Application replay pass 5
==PROF== Profiling "elementwise_kernel_with_index" - 705: Application replay pass 5
==PROF== Profiling "DeviceRadixSortHistogramKernel" - 706: Application replay pass 5
==PROF== Profiling "DeviceRadixSortExclusiveSumKe..." - 707: Application replay pass 5
==PROF== Profiling "DeviceRadixSortOnesweepKernel" - 708: Application replay pass 5
==PROF== Profiling "DeviceRadixSortOnesweepKernel" - 709: Application replay pass 5
==PROF== Profiling "DeviceRadixSortOnesweepKernel" - 710: Application replay pass 5
==PROF== Profiling "DeviceRadixSortOnesweepKernel" - 711: Application replay pass 5
==PROF== Profiling "DeviceRadixSortOnesweepKernel" - 712: Application replay pass 5
==PROF== Profiling "DeviceRadixSortOnesweepKernel" - 713: Application replay pass 5
==PROF== Profiling "DeviceRadixSortOnesweepKernel" - 714: Application replay pass 5
==PROF== Profiling "DeviceRadixSortOnesweepKernel" - 715: Application replay pass 5
==PROF== Profiling "vectorized_elementwise_kernel" - 716: Application replay pass 5
==PROF== Profiling "DeviceCompactInitKernel" - 717: Application replay pass 5
==PROF== Profiling "DeviceUniqueByKeySweepKernel" - 718: Application replay pass 5
==PROF== Profiling "krn_partials_per_segment" - 719: Application replay pass 5
==PROF== Profiling "DeviceScanInitKernel" - 720: Application replay pass 5
==PROF== Profiling "DeviceScanKernel" - 721: Application replay pass 5
==PROF== Profiling "compute_num_of_partial_segments" - 722: Application replay pass 5
==PROF== Profiling "krn_partial_segment_offset" - 723: Application replay pass 5
==PROF== Profiling "compute_grad_weight" - 724: Application replay pass 5
==PROF== Profiling "sum_and_scatter" - 725: Application replay pass 5
==PROF== Profiling "vectorized_elementwise_kernel" - 726: Application replay pass 5
debug: Rank 0: Stopping profiler
Rank 0, Epoch [3/3], Finished epoch.
debug: Cleaning up process group
debug: Rank 0: Training process completed
==PROF== Disconnected from process 3598
debug: mp.spawn completed
PyTorch CUDA version: 12.1 matches with CUDA version required in environment config.
Configuration Values:
cuda version check: 12.1
world_size: 1
cap_size: 2
epochs: 3
batchsize: 16
debug: Starting mp.spawn...
debug: Rank 0: Running training process
debug: Rank 0: Preparing model and data
debug: Rank 0: Setting up process group
==PROF== Connected to process 4381 (/opt/conda/envs/echo_slowdown/bin/python3.10)
debug: Rank 0: Process group setup complete
debug: Rank 0: Starting training for 3 epochs
debug: Rank 0: Actual epoch 1/3 starting
Rank 0, Epoch [1/3], Finished epoch.
debug: Rank 0: Actual epoch 2/3 starting
Rank 0, Epoch [2/3], Finished epoch.
debug: Rank 0: Actual epoch 3/3 starting
debug: Rank 0: Starting backward pass profiling
==PROF== Profiling "layer_norm_grad_input_kernel" - 0: Application replay pass 6
==PROF== Profiling "GammaBetaBackwardCUDAKernel_3..." - 1: Application replay pass 6
==PROF== Profiling "vectorized_elementwise_kernel" - 2: Application replay pass 6
==PROF== Profiling "vectorized_elementwise_kernel" - 3: Application replay pass 6
==PROF== Profiling "vectorized_elementwise_kernel" - 4: Application replay pass 6
==PROF== Profiling "sm80_xmma_gemm_f32f32_f32f32_..." - 5: Application replay pass 6
==PROF== Profiling "Kernel" - 6: Application replay pass 6
==PROF== Profiling "reduce_kernel" - 7: Application replay pass 6
==PROF== Profiling "vectorized_elementwise_kernel" - 8: Application replay pass 6
==PROF== Profiling "vectorized_elementwise_kernel" - 9: Application replay pass 6
==PROF== Profiling "vectorized_elementwise_kernel" - 10: Application replay pass 6
==PROF== Profiling "vectorized_elementwise_kernel" - 11: Application replay pass 6
==PROF== Profiling "vectorized_elementwise_kernel" - 12: Application replay pass 6
==PROF== Profiling "vectorized_elementwise_kernel" - 13: Application replay pass 6
==PROF== Profiling "vectorized_elementwise_kernel" - 14: Application replay pass 6
==PROF== Profiling "vectorized_elementwise_kernel" - 15: Application replay pass 6
==PROF== Profiling "vectorized_elementwise_kernel" - 16: Application replay pass 6
==PROF== Profiling "vectorized_elementwise_kernel" - 17: Application replay pass 6
==PROF== Profiling "vectorized_elementwise_kernel" - 18: Application replay pass 6
==PROF== Profiling "vectorized_elementwise_kernel" - 19: Application replay pass 6
==PROF== Profiling "vectorized_elementwise_kernel" - 20: Application replay pass 6
==PROF== Profiling "sm80_xmma_gemm_f32f32_f32f32_..." - 21: Application replay pass 6
==PROF== Profiling "Kernel" - 22: Application replay pass 6
==PROF== Profiling "reduce_kernel" - 23: Application replay pass 6
==PROF== Profiling "vectorized_elementwise_kernel" - 24: Application replay pass 6
==PROF== Profiling "vectorized_elementwise_kernel" - 25: Application replay pass 6
==PROF== Profiling "layer_norm_grad_input_kernel" - 26: Application replay pass 6
==PROF== Profiling "GammaBetaBackwardCUDAKernel_3..." - 27: Application replay pass 6
==PROF== Profiling "vectorized_elementwise_kernel" - 28: Application replay pass 6
==PROF== Profiling "vectorized_elementwise_kernel" - 29: Application replay pass 6
==PROF== Profiling "vectorized_elementwise_kernel" - 30: Application replay pass 6
==PROF== Profiling "vectorized_elementwise_kernel" - 31: Application replay pass 6
==PROF== Profiling "sm80_xmma_gemm_f32f32_f32f32_..." - 32: Application replay pass 6
==PROF== Profiling "Kernel" - 33: Application replay pass 6
==PROF== Profiling "splitKreduce_kernel" - 34: Application replay pass 6
==PROF== Profiling "reduce_kernel" - 35: Application replay pass 6
==PROF== Profiling "vectorized_elementwise_kernel" - 36: Application replay pass 6
==PROF== Profiling "vectorized_elementwise_kernel" - 37: Application replay pass 6
==PROF== Profiling "elementwise_kernel" - 38: Application replay pass 6
==PROF== Profiling "sm80_xmma_gemm_f32f32_f32f32_..." - 39: Application replay pass 6
==PROF== Profiling "sm80_xmma_gemm_f32f32_f32f32_..." - 40: Application replay pass 6
==PROF== Profiling "vectorized_elementwise_kernel" - 41: Application replay pass 6
==PROF== Profiling "vectorized_elementwise_kernel" - 42: Application replay pass 6
==PROF== Profiling "softmax_warp_backward" - 43: Application replay pass 6
==PROF== Profiling "vectorized_elementwise_kernel" - 44: Application replay pass 6
==PROF== Profiling "elementwise_kernel" - 45: Application replay pass 6
==PROF== Profiling "elementwise_kernel" - 46: Application replay pass 6
==PROF== Profiling "sm80_xmma_gemm_f32f32_f32f32_..." - 47: Application replay pass 6
==PROF== Profiling "sm80_xmma_gemm_f32f32_f32f32_..." - 48: Application replay pass 6
==PROF== Profiling "elementwise_kernel" - 49: Application replay pass 6
==PROF== Profiling "elementwise_kernel" - 50: Application replay pass 6
==PROF== Profiling "CatArrayBatchedCopy" - 51: Application replay pass 6
==PROF== Profiling "sm80_xmma_gemm_f32f32_f32f32_..." - 52: Application replay pass 6
==PROF== Profiling "Kernel" - 53: Application replay pass 6
==PROF== Profiling "reduce_kernel" - 54: Application replay pass 6
==PROF== Profiling "vectorized_elementwise_kernel" - 55: Application replay pass 6
==PROF== Profiling "vectorized_elementwise_kernel" - 56: Application replay pass 6
==PROF== Profiling "layer_norm_grad_input_kernel" - 57: Application replay pass 6
==PROF== Profiling "GammaBetaBackwardCUDAKernel_3..." - 58: Application replay pass 6
==PROF== Profiling "vectorized_elementwise_kernel" - 59: Application replay pass 6
==PROF== Profiling "vectorized_elementwise_kernel" - 60: Application replay pass 6
==PROF== Profiling "vectorized_elementwise_kernel" - 61: Application replay pass 6
==PROF== Profiling "vectorized_elementwise_kernel" - 62: Application replay pass 6
==PROF== Profiling "sm80_xmma_gemm_f32f32_f32f32_..." - 63: Application replay pass 6
==PROF== Profiling "Kernel" - 64: Application replay pass 6
==PROF== Profiling "reduce_kernel" - 65: Application replay pass 6
==PROF== Profiling "vectorized_elementwise_kernel" - 66: Application replay pass 6
==PROF== Profiling "vectorized_elementwise_kernel" - 67: Application replay pass 6
==PROF== Profiling "vectorized_elementwise_kernel" - 68: Application replay pass 6
==PROF== Profiling "vectorized_elementwise_kernel" - 69: Application replay pass 6
==PROF== Profiling "vectorized_elementwise_kernel" - 70: Application replay pass 6
==PROF== Profiling "vectorized_elementwise_kernel" - 71: Application replay pass 6
==PROF== Profiling "vectorized_elementwise_kernel" - 72: Application replay pass 6
==PROF== Profiling "vectorized_elementwise_kernel" - 73: Application replay pass 6
==PROF== Profiling "vectorized_elementwise_kernel" - 74: Application replay pass 6
==PROF== Profiling "vectorized_elementwise_kernel" - 75: Application replay pass 6
==PROF== Profiling "vectorized_elementwise_kernel" - 76: Application replay pass 6
==PROF== Profiling "vectorized_elementwise_kernel" - 77: Application replay pass 6
==PROF== Profiling "vectorized_elementwise_kernel" - 78: Application replay pass 6
==PROF== Profiling "sm80_xmma_gemm_f32f32_f32f32_..." - 79: Application replay pass 6
==PROF== Profiling "Kernel" - 80: Application replay pass 6
==PROF== Profiling "reduce_kernel" - 81: Application replay pass 6
==PROF== Profiling "vectorized_elementwise_kernel" - 82: Application replay pass 6
==PROF== Profiling "vectorized_elementwise_kernel" - 83: Application replay pass 6
==PROF== Profiling "layer_norm_grad_input_kernel" - 84: Application replay pass 6
==PROF== Profiling "GammaBetaBackwardCUDAKernel_3..." - 85: Application replay pass 6
==PROF== Profiling "vectorized_elementwise_kernel" - 86: Application replay pass 6
==PROF== Profiling "vectorized_elementwise_kernel" - 87: Application replay pass 6
==PROF== Profiling "vectorized_elementwise_kernel" - 88: Application replay pass 6
==PROF== Profiling "vectorized_elementwise_kernel" - 89: Application replay pass 6
==PROF== Profiling "sm80_xmma_gemm_f32f32_f32f32_..." - 90: Application replay pass 6
==PROF== Profiling "Kernel" - 91: Application replay pass 6
==PROF== Profiling "splitKreduce_kernel" - 92: Application replay pass 6
==PROF== Profiling "reduce_kernel" - 93: Application replay pass 6
==PROF== Profiling "vectorized_elementwise_kernel" - 94: Application replay pass 6
==PROF== Profiling "vectorized_elementwise_kernel" - 95: Application replay pass 6
==PROF== Profiling "elementwise_kernel" - 96: Application replay pass 6
==PROF== Profiling "sm80_xmma_gemm_f32f32_f32f32_..." - 97: Application replay pass 6
==PROF== Profiling "sm80_xmma_gemm_f32f32_f32f32_..." - 98: Application replay pass 6
==PROF== Profiling "vectorized_elementwise_kernel" - 99: Application replay pass 6
==PROF== Profiling "vectorized_elementwise_kernel" - 100: Application replay pass 6
==PROF== Profiling "softmax_warp_backward" - 101: Application replay pass 6
==PROF== Profiling "vectorized_elementwise_kernel" - 102: Application replay pass 6
==PROF== Profiling "elementwise_kernel" - 103: Application replay pass 6
==PROF== Profiling "elementwise_kernel" - 104: Application replay pass 6
==PROF== Profiling "sm80_xmma_gemm_f32f32_f32f32_..." - 105: Application replay pass 6
==PROF== Profiling "sm80_xmma_gemm_f32f32_f32f32_..." - 106: Application replay pass 6
==PROF== Profiling "elementwise_kernel" - 107: Application replay pass 6
==PROF== Profiling "elementwise_kernel" - 108: Application replay pass 6
==PROF== Profiling "CatArrayBatchedCopy" - 109: Application replay pass 6
==PROF== Profiling "sm80_xmma_gemm_f32f32_f32f32_..." - 110: Application replay pass 6
==PROF== Profiling "Kernel" - 111: Application replay pass 6
==PROF== Profiling "reduce_kernel" - 112: Application replay pass 6
==PROF== Profiling "vectorized_elementwise_kernel" - 113: Application replay pass 6
==PROF== Profiling "vectorized_elementwise_kernel" - 114: Application replay pass 6
==PROF== Profiling "layer_norm_grad_input_kernel" - 115: Application replay pass 6
==PROF== Profiling "GammaBetaBackwardCUDAKernel_3..." - 116: Application replay pass 6
==PROF== Profiling "vectorized_elementwise_kernel" - 117: Application replay pass 6
==PROF== Profiling "vectorized_elementwise_kernel" - 118: Application replay pass 6
==PROF== Profiling "vectorized_elementwise_kernel" - 119: Application replay pass 6
==PROF== Profiling "vectorized_elementwise_kernel" - 120: Application replay pass 6
==PROF== Profiling "sm80_xmma_gemm_f32f32_f32f32_..." - 121: Application replay pass 6
==PROF== Profiling "Kernel" - 122: Application replay pass 6
==PROF== Profiling "reduce_kernel" - 123: Application replay pass 6
==PROF== Profiling "vectorized_elementwise_kernel" - 124: Application replay pass 6
==PROF== Profiling "vectorized_elementwise_kernel" - 125: Application replay pass 6
==PROF== Profiling "vectorized_elementwise_kernel" - 126: Application replay pass 6
==PROF== Profiling "vectorized_elementwise_kernel" - 127: Application replay pass 6
==PROF== Profiling "vectorized_elementwise_kernel" - 128: Application replay pass 6
==PROF== Profiling "vectorized_elementwise_kernel" - 129: Application replay pass 6
==PROF== Profiling "vectorized_elementwise_kernel" - 130: Application replay pass 6
==PROF== Profiling "vectorized_elementwise_kernel" - 131: Application replay pass 6
==PROF== Profiling "vectorized_elementwise_kernel" - 132: Application replay pass 6
==PROF== Profiling "vectorized_elementwise_kernel" - 133: Application replay pass 6
==PROF== Profiling "vectorized_elementwise_kernel" - 134: Application replay pass 6
==PROF== Profiling "vectorized_elementwise_kernel" - 135: Application replay pass 6
==PROF== Profiling "vectorized_elementwise_kernel" - 136: Application replay pass 6
==PROF== Profiling "sm80_xmma_gemm_f32f32_f32f32_..." - 137: Application replay pass 6
==PROF== Profiling "Kernel" - 138: Application replay pass 6
==PROF== Profiling "reduce_kernel" - 139: Application replay pass 6
==PROF== Profiling "vectorized_elementwise_kernel" - 140: Application replay pass 6
==PROF== Profiling "vectorized_elementwise_kernel" - 141: Application replay pass 6
==PROF== Profiling "layer_norm_grad_input_kernel" - 142: Application replay pass 6
==PROF== Profiling "GammaBetaBackwardCUDAKernel_3..." - 143: Application replay pass 6
==PROF== Profiling "vectorized_elementwise_kernel" - 144: Application replay pass 6
==PROF== Profiling "vectorized_elementwise_kernel" - 145: Application replay pass 6
==PROF== Profiling "vectorized_elementwise_kernel" - 146: Application replay pass 6
==PROF== Profiling "vectorized_elementwise_kernel" - 147: Application replay pass 6
==PROF== Profiling "sm80_xmma_gemm_f32f32_f32f32_..." - 148: Application replay pass 6
==PROF== Profiling "Kernel" - 149: Application replay pass 6
==PROF== Profiling "splitKreduce_kernel" - 150: Application replay pass 6
==PROF== Profiling "reduce_kernel" - 151: Application replay pass 6
==PROF== Profiling "vectorized_elementwise_kernel" - 152: Application replay pass 6
==PROF== Profiling "vectorized_elementwise_kernel" - 153: Application replay pass 6
==PROF== Profiling "elementwise_kernel" - 154: Application replay pass 6
==PROF== Profiling "sm80_xmma_gemm_f32f32_f32f32_..." - 155: Application replay pass 6
==PROF== Profiling "sm80_xmma_gemm_f32f32_f32f32_..." - 156: Application replay pass 6
==PROF== Profiling "vectorized_elementwise_kernel" - 157: Application replay pass 6
==PROF== Profiling "vectorized_elementwise_kernel" - 158: Application replay pass 6
==PROF== Profiling "softmax_warp_backward" - 159: Application replay pass 6
==PROF== Profiling "vectorized_elementwise_kernel" - 160: Application replay pass 6
==PROF== Profiling "elementwise_kernel" - 161: Application replay pass 6
==PROF== Profiling "elementwise_kernel" - 162: Application replay pass 6
==PROF== Profiling "sm80_xmma_gemm_f32f32_f32f32_..." - 163: Application replay pass 6
==PROF== Profiling "sm80_xmma_gemm_f32f32_f32f32_..." - 164: Application replay pass 6
==PROF== Profiling "elementwise_kernel" - 165: Application replay pass 6
==PROF== Profiling "elementwise_kernel" - 166: Application replay pass 6
==PROF== Profiling "CatArrayBatchedCopy" - 167: Application replay pass 6
==PROF== Profiling "sm80_xmma_gemm_f32f32_f32f32_..." - 168: Application replay pass 6
==PROF== Profiling "Kernel" - 169: Application replay pass 6
==PROF== Profiling "reduce_kernel" - 170: Application replay pass 6
==PROF== Profiling "vectorized_elementwise_kernel" - 171: Application replay pass 6
==PROF== Profiling "vectorized_elementwise_kernel" - 172: Application replay pass 6
==PROF== Profiling "layer_norm_grad_input_kernel" - 173: Application replay pass 6
==PROF== Profiling "GammaBetaBackwardCUDAKernel_3..." - 174: Application replay pass 6
==PROF== Profiling "vectorized_elementwise_kernel" - 175: Application replay pass 6
==PROF== Profiling "vectorized_elementwise_kernel" - 176: Application replay pass 6
==PROF== Profiling "vectorized_elementwise_kernel" - 177: Application replay pass 6
==PROF== Profiling "vectorized_elementwise_kernel" - 178: Application replay pass 6
==PROF== Profiling "sm80_xmma_gemm_f32f32_f32f32_..." - 179: Application replay pass 6
==PROF== Profiling "Kernel" - 180: Application replay pass 6
==PROF== Profiling "reduce_kernel" - 181: Application replay pass 6
==PROF== Profiling "vectorized_elementwise_kernel" - 182: Application replay pass 6
==PROF== Profiling "vectorized_elementwise_kernel" - 183: Application replay pass 6
==PROF== Profiling "vectorized_elementwise_kernel" - 184: Application replay pass 6
==PROF== Profiling "vectorized_elementwise_kernel" - 185: Application replay pass 6
==PROF== Profiling "vectorized_elementwise_kernel" - 186: Application replay pass 6
==PROF== Profiling "vectorized_elementwise_kernel" - 187: Application replay pass 6
==PROF== Profiling "vectorized_elementwise_kernel" - 188: Application replay pass 6
==PROF== Profiling "vectorized_elementwise_kernel" - 189: Application replay pass 6
==PROF== Profiling "vectorized_elementwise_kernel" - 190: Application replay pass 6
==PROF== Profiling "vectorized_elementwise_kernel" - 191: Application replay pass 6
==PROF== Profiling "vectorized_elementwise_kernel" - 192: Application replay pass 6
==PROF== Profiling "vectorized_elementwise_kernel" - 193: Application replay pass 6
==PROF== Profiling "vectorized_elementwise_kernel" - 194: Application replay pass 6
==PROF== Profiling "sm80_xmma_gemm_f32f32_f32f32_..." - 195: Application replay pass 6
==PROF== Profiling "Kernel" - 196: Application replay pass 6
==PROF== Profiling "reduce_kernel" - 197: Application replay pass 6
==PROF== Profiling "vectorized_elementwise_kernel" - 198: Application replay pass 6
==PROF== Profiling "vectorized_elementwise_kernel" - 199: Application replay pass 6
==PROF== Profiling "layer_norm_grad_input_kernel" - 200: Application replay pass 6
==PROF== Profiling "GammaBetaBackwardCUDAKernel_3..." - 201: Application replay pass 6
==PROF== Profiling "vectorized_elementwise_kernel" - 202: Application replay pass 6
==PROF== Profiling "vectorized_elementwise_kernel" - 203: Application replay pass 6
==PROF== Profiling "vectorized_elementwise_kernel" - 204: Application replay pass 6
==PROF== Profiling "vectorized_elementwise_kernel" - 205: Application replay pass 6
==PROF== Profiling "sm80_xmma_gemm_f32f32_f32f32_..." - 206: Application replay pass 6
==PROF== Profiling "Kernel" - 207: Application replay pass 6
==PROF== Profiling "splitKreduce_kernel" - 208: Application replay pass 6
==PROF== Profiling "reduce_kernel" - 209: Application replay pass 6
==PROF== Profiling "vectorized_elementwise_kernel" - 210: Application replay pass 6
==PROF== Profiling "vectorized_elementwise_kernel" - 211: Application replay pass 6
==PROF== Profiling "elementwise_kernel" - 212: Application replay pass 6
==PROF== Profiling "sm80_xmma_gemm_f32f32_f32f32_..." - 213: Application replay pass 6
==PROF== Profiling "sm80_xmma_gemm_f32f32_f32f32_..." - 214: Application replay pass 6
==PROF== Profiling "vectorized_elementwise_kernel" - 215: Application replay pass 6
==PROF== Profiling "vectorized_elementwise_kernel" - 216: Application replay pass 6
==PROF== Profiling "softmax_warp_backward" - 217: Application replay pass 6
==PROF== Profiling "vectorized_elementwise_kernel" - 218: Application replay pass 6
==PROF== Profiling "elementwise_kernel" - 219: Application replay pass 6
==PROF== Profiling "elementwise_kernel" - 220: Application replay pass 6
==PROF== Profiling "sm80_xmma_gemm_f32f32_f32f32_..." - 221: Application replay pass 6
==PROF== Profiling "sm80_xmma_gemm_f32f32_f32f32_..." - 222: Application replay pass 6
==PROF== Profiling "elementwise_kernel" - 223: Application replay pass 6
==PROF== Profiling "elementwise_kernel" - 224: Application replay pass 6
==PROF== Profiling "CatArrayBatchedCopy" - 225: Application replay pass 6
==PROF== Profiling "sm80_xmma_gemm_f32f32_f32f32_..." - 226: Application replay pass 6
==PROF== Profiling "Kernel" - 227: Application replay pass 6
==PROF== Profiling "reduce_kernel" - 228: Application replay pass 6
==PROF== Profiling "vectorized_elementwise_kernel" - 229: Application replay pass 6
==PROF== Profiling "vectorized_elementwise_kernel" - 230: Application replay pass 6
==PROF== Profiling "layer_norm_grad_input_kernel" - 231: Application replay pass 6
==PROF== Profiling "GammaBetaBackwardCUDAKernel_3..." - 232: Application replay pass 6
==PROF== Profiling "vectorized_elementwise_kernel" - 233: Application replay pass 6
==PROF== Profiling "vectorized_elementwise_kernel" - 234: Application replay pass 6
==PROF== Profiling "vectorized_elementwise_kernel" - 235: Application replay pass 6
==PROF== Profiling "vectorized_elementwise_kernel" - 236: Application replay pass 6
==PROF== Profiling "sm80_xmma_gemm_f32f32_f32f32_..." - 237: Application replay pass 6
==PROF== Profiling "Kernel" - 238: Application replay pass 6
==PROF== Profiling "reduce_kernel" - 239: Application replay pass 6
==PROF== Profiling "vectorized_elementwise_kernel" - 240: Application replay pass 6
==PROF== Profiling "vectorized_elementwise_kernel" - 241: Application replay pass 6
==PROF== Profiling "vectorized_elementwise_kernel" - 242: Application replay pass 6
==PROF== Profiling "vectorized_elementwise_kernel" - 243: Application replay pass 6
==PROF== Profiling "vectorized_elementwise_kernel" - 244: Application replay pass 6
==PROF== Profiling "vectorized_elementwise_kernel" - 245: Application replay pass 6
==PROF== Profiling "vectorized_elementwise_kernel" - 246: Application replay pass 6
==PROF== Profiling "vectorized_elementwise_kernel" - 247: Application replay pass 6
==PROF== Profiling "vectorized_elementwise_kernel" - 248: Application replay pass 6
==PROF== Profiling "vectorized_elementwise_kernel" - 249: Application replay pass 6
==PROF== Profiling "vectorized_elementwise_kernel" - 250: Application replay pass 6
==PROF== Profiling "vectorized_elementwise_kernel" - 251: Application replay pass 6
==PROF== Profiling "vectorized_elementwise_kernel" - 252: Application replay pass 6
==PROF== Profiling "sm80_xmma_gemm_f32f32_f32f32_..." - 253: Application replay pass 6
==PROF== Profiling "Kernel" - 254: Application replay pass 6
==PROF== Profiling "reduce_kernel" - 255: Application replay pass 6
==PROF== Profiling "vectorized_elementwise_kernel" - 256: Application replay pass 6
==PROF== Profiling "vectorized_elementwise_kernel" - 257: Application replay pass 6
==PROF== Profiling "layer_norm_grad_input_kernel" - 258: Application replay pass 6
==PROF== Profiling "GammaBetaBackwardCUDAKernel_3..." - 259: Application replay pass 6
==PROF== Profiling "vectorized_elementwise_kernel" - 260: Application replay pass 6
==PROF== Profiling "vectorized_elementwise_kernel" - 261: Application replay pass 6
==PROF== Profiling "vectorized_elementwise_kernel" - 262: Application replay pass 6
==PROF== Profiling "vectorized_elementwise_kernel" - 263: Application replay pass 6
==PROF== Profiling "sm80_xmma_gemm_f32f32_f32f32_..." - 264: Application replay pass 6
==PROF== Profiling "Kernel" - 265: Application replay pass 6
==PROF== Profiling "splitKreduce_kernel" - 266: Application replay pass 6
==PROF== Profiling "reduce_kernel" - 267: Application replay pass 6
==PROF== Profiling "vectorized_elementwise_kernel" - 268: Application replay pass 6
==PROF== Profiling "vectorized_elementwise_kernel" - 269: Application replay pass 6
==PROF== Profiling "elementwise_kernel" - 270: Application replay pass 6
==PROF== Profiling "sm80_xmma_gemm_f32f32_f32f32_..." - 271: Application replay pass 6
==PROF== Profiling "sm80_xmma_gemm_f32f32_f32f32_..." - 272: Application replay pass 6
==PROF== Profiling "vectorized_elementwise_kernel" - 273: Application replay pass 6
==PROF== Profiling "vectorized_elementwise_kernel" - 274: Application replay pass 6
==PROF== Profiling "softmax_warp_backward" - 275: Application replay pass 6
==PROF== Profiling "vectorized_elementwise_kernel" - 276: Application replay pass 6
==PROF== Profiling "elementwise_kernel" - 277: Application replay pass 6
==PROF== Profiling "elementwise_kernel" - 278: Application replay pass 6
==PROF== Profiling "sm80_xmma_gemm_f32f32_f32f32_..." - 279: Application replay pass 6
==PROF== Profiling "sm80_xmma_gemm_f32f32_f32f32_..." - 280: Application replay pass 6
==PROF== Profiling "elementwise_kernel" - 281: Application replay pass 6
==PROF== Profiling "elementwise_kernel" - 282: Application replay pass 6
==PROF== Profiling "CatArrayBatchedCopy" - 283: Application replay pass 6
==PROF== Profiling "sm80_xmma_gemm_f32f32_f32f32_..." - 284: Application replay pass 6
==PROF== Profiling "Kernel" - 285: Application replay pass 6
==PROF== Profiling "reduce_kernel" - 286: Application replay pass 6
==PROF== Profiling "vectorized_elementwise_kernel" - 287: Application replay pass 6
==PROF== Profiling "vectorized_elementwise_kernel" - 288: Application replay pass 6
==PROF== Profiling "layer_norm_grad_input_kernel" - 289: Application replay pass 6
==PROF== Profiling "GammaBetaBackwardCUDAKernel_3..." - 290: Application replay pass 6
==PROF== Profiling "vectorized_elementwise_kernel" - 291: Application replay pass 6
==PROF== Profiling "vectorized_elementwise_kernel" - 292: Application replay pass 6
==PROF== Profiling "vectorized_elementwise_kernel" - 293: Application replay pass 6
==PROF== Profiling "vectorized_elementwise_kernel" - 294: Application replay pass 6
==PROF== Profiling "sm80_xmma_gemm_f32f32_f32f32_..." - 295: Application replay pass 6
==PROF== Profiling "Kernel" - 296: Application replay pass 6
==PROF== Profiling "reduce_kernel" - 297: Application replay pass 6
==PROF== Profiling "vectorized_elementwise_kernel" - 298: Application replay pass 6
==PROF== Profiling "vectorized_elementwise_kernel" - 299: Application replay pass 6
==PROF== Profiling "vectorized_elementwise_kernel" - 300: Application replay pass 6
==PROF== Profiling "vectorized_elementwise_kernel" - 301: Application replay pass 6
==PROF== Profiling "vectorized_elementwise_kernel" - 302: Application replay pass 6
==PROF== Profiling "vectorized_elementwise_kernel" - 303: Application replay pass 6
==PROF== Profiling "vectorized_elementwise_kernel" - 304: Application replay pass 6
==PROF== Profiling "vectorized_elementwise_kernel" - 305: Application replay pass 6
==PROF== Profiling "vectorized_elementwise_kernel" - 306: Application replay pass 6
==PROF== Profiling "vectorized_elementwise_kernel" - 307: Application replay pass 6
==PROF== Profiling "vectorized_elementwise_kernel" - 308: Application replay pass 6
==PROF== Profiling "vectorized_elementwise_kernel" - 309: Application replay pass 6
==PROF== Profiling "vectorized_elementwise_kernel" - 310: Application replay pass 6
==PROF== Profiling "sm80_xmma_gemm_f32f32_f32f32_..." - 311: Application replay pass 6
==PROF== Profiling "Kernel" - 312: Application replay pass 6
==PROF== Profiling "reduce_kernel" - 313: Application replay pass 6
==PROF== Profiling "vectorized_elementwise_kernel" - 314: Application replay pass 6
==PROF== Profiling "vectorized_elementwise_kernel" - 315: Application replay pass 6
==PROF== Profiling "layer_norm_grad_input_kernel" - 316: Application replay pass 6
==PROF== Profiling "GammaBetaBackwardCUDAKernel_3..." - 317: Application replay pass 6
==PROF== Profiling "vectorized_elementwise_kernel" - 318: Application replay pass 6
==PROF== Profiling "vectorized_elementwise_kernel" - 319: Application replay pass 6
==PROF== Profiling "vectorized_elementwise_kernel" - 320: Application replay pass 6
==PROF== Profiling "vectorized_elementwise_kernel" - 321: Application replay pass 6
==PROF== Profiling "sm80_xmma_gemm_f32f32_f32f32_..." - 322: Application replay pass 6
==PROF== Profiling "Kernel" - 323: Application replay pass 6
==PROF== Profiling "splitKreduce_kernel" - 324: Application replay pass 6
==PROF== Profiling "reduce_kernel" - 325: Application replay pass 6
==PROF== Profiling "vectorized_elementwise_kernel" - 326: Application replay pass 6
==PROF== Profiling "vectorized_elementwise_kernel" - 327: Application replay pass 6
==PROF== Profiling "elementwise_kernel" - 328: Application replay pass 6
==PROF== Profiling "sm80_xmma_gemm_f32f32_f32f32_..." - 329: Application replay pass 6
==PROF== Profiling "sm80_xmma_gemm_f32f32_f32f32_..." - 330: Application replay pass 6
==PROF== Profiling "vectorized_elementwise_kernel" - 331: Application replay pass 6
==PROF== Profiling "vectorized_elementwise_kernel" - 332: Application replay pass 6
==PROF== Profiling "softmax_warp_backward" - 333: Application replay pass 6
==PROF== Profiling "vectorized_elementwise_kernel" - 334: Application replay pass 6
==PROF== Profiling "elementwise_kernel" - 335: Application replay pass 6
==PROF== Profiling "elementwise_kernel" - 336: Application replay pass 6
==PROF== Profiling "sm80_xmma_gemm_f32f32_f32f32_..." - 337: Application replay pass 6
==PROF== Profiling "sm80_xmma_gemm_f32f32_f32f32_..." - 338: Application replay pass 6
==PROF== Profiling "elementwise_kernel" - 339: Application replay pass 6
==PROF== Profiling "elementwise_kernel" - 340: Application replay pass 6
==PROF== Profiling "CatArrayBatchedCopy" - 341: Application replay pass 6
==PROF== Profiling "sm80_xmma_gemm_f32f32_f32f32_..." - 342: Application replay pass 6
==PROF== Profiling "Kernel" - 343: Application replay pass 6
==PROF== Profiling "reduce_kernel" - 344: Application replay pass 6
==PROF== Profiling "vectorized_elementwise_kernel" - 345: Application replay pass 6
==PROF== Profiling "vectorized_elementwise_kernel" - 346: Application replay pass 6
==PROF== Profiling "layer_norm_grad_input_kernel" - 347: Application replay pass 6
==PROF== Profiling "GammaBetaBackwardCUDAKernel_3..." - 348: Application replay pass 6
==PROF== Profiling "vectorized_elementwise_kernel" - 349: Application replay pass 6
==PROF== Profiling "vectorized_elementwise_kernel" - 350: Application replay pass 6
==PROF== Profiling "vectorized_elementwise_kernel" - 351: Application replay pass 6
==PROF== Profiling "vectorized_elementwise_kernel" - 352: Application replay pass 6
==PROF== Profiling "sm80_xmma_gemm_f32f32_f32f32_..." - 353: Application replay pass 6
==PROF== Profiling "Kernel" - 354: Application replay pass 6
==PROF== Profiling "reduce_kernel" - 355: Application replay pass 6
==PROF== Profiling "vectorized_elementwise_kernel" - 356: Application replay pass 6
==PROF== Profiling "vectorized_elementwise_kernel" - 357: Application replay pass 6
==PROF== Profiling "vectorized_elementwise_kernel" - 358: Application replay pass 6
==PROF== Profiling "vectorized_elementwise_kernel" - 359: Application replay pass 6
==PROF== Profiling "vectorized_elementwise_kernel" - 360: Application replay pass 6
==PROF== Profiling "vectorized_elementwise_kernel" - 361: Application replay pass 6
==PROF== Profiling "vectorized_elementwise_kernel" - 362: Application replay pass 6
==PROF== Profiling "vectorized_elementwise_kernel" - 363: Application replay pass 6
==PROF== Profiling "vectorized_elementwise_kernel" - 364: Application replay pass 6
==PROF== Profiling "vectorized_elementwise_kernel" - 365: Application replay pass 6
==PROF== Profiling "vectorized_elementwise_kernel" - 366: Application replay pass 6
==PROF== Profiling "vectorized_elementwise_kernel" - 367: Application replay pass 6
==PROF== Profiling "vectorized_elementwise_kernel" - 368: Application replay pass 6
==PROF== Profiling "sm80_xmma_gemm_f32f32_f32f32_..." - 369: Application replay pass 6
==PROF== Profiling "Kernel" - 370: Application replay pass 6
==PROF== Profiling "reduce_kernel" - 371: Application replay pass 6
==PROF== Profiling "vectorized_elementwise_kernel" - 372: Application replay pass 6
==PROF== Profiling "vectorized_elementwise_kernel" - 373: Application replay pass 6
==PROF== Profiling "layer_norm_grad_input_kernel" - 374: Application replay pass 6
==PROF== Profiling "GammaBetaBackwardCUDAKernel_3..." - 375: Application replay pass 6
==PROF== Profiling "vectorized_elementwise_kernel" - 376: Application replay pass 6
==PROF== Profiling "vectorized_elementwise_kernel" - 377: Application replay pass 6
==PROF== Profiling "vectorized_elementwise_kernel" - 378: Application replay pass 6
==PROF== Profiling "vectorized_elementwise_kernel" - 379: Application replay pass 6
==PROF== Profiling "sm80_xmma_gemm_f32f32_f32f32_..." - 380: Application replay pass 6
==PROF== Profiling "Kernel" - 381: Application replay pass 6
==PROF== Profiling "splitKreduce_kernel" - 382: Application replay pass 6
==PROF== Profiling "reduce_kernel" - 383: Application replay pass 6
==PROF== Profiling "vectorized_elementwise_kernel" - 384: Application replay pass 6
==PROF== Profiling "vectorized_elementwise_kernel" - 385: Application replay pass 6
==PROF== Profiling "elementwise_kernel" - 386: Application replay pass 6
==PROF== Profiling "sm80_xmma_gemm_f32f32_f32f32_..." - 387: Application replay pass 6
==PROF== Profiling "sm80_xmma_gemm_f32f32_f32f32_..." - 388: Application replay pass 6
==PROF== Profiling "vectorized_elementwise_kernel" - 389: Application replay pass 6
==PROF== Profiling "vectorized_elementwise_kernel" - 390: Application replay pass 6
==PROF== Profiling "softmax_warp_backward" - 391: Application replay pass 6
==PROF== Profiling "vectorized_elementwise_kernel" - 392: Application replay pass 6
==PROF== Profiling "elementwise_kernel" - 393: Application replay pass 6
==PROF== Profiling "elementwise_kernel" - 394: Application replay pass 6
==PROF== Profiling "sm80_xmma_gemm_f32f32_f32f32_..." - 395: Application replay pass 6
==PROF== Profiling "sm80_xmma_gemm_f32f32_f32f32_..." - 396: Application replay pass 6
==PROF== Profiling "elementwise_kernel" - 397: Application replay pass 6
==PROF== Profiling "elementwise_kernel" - 398: Application replay pass 6
==PROF== Profiling "CatArrayBatchedCopy" - 399: Application replay pass 6
==PROF== Profiling "sm80_xmma_gemm_f32f32_f32f32_..." - 400: Application replay pass 6
==PROF== Profiling "Kernel" - 401: Application replay pass 6
==PROF== Profiling "reduce_kernel" - 402: Application replay pass 6
==PROF== Profiling "vectorized_elementwise_kernel" - 403: Application replay pass 6
==PROF== Profiling "vectorized_elementwise_kernel" - 404: Application replay pass 6
==PROF== Profiling "layer_norm_grad_input_kernel" - 405: Application replay pass 6
==PROF== Profiling "GammaBetaBackwardCUDAKernel_3..." - 406: Application replay pass 6
==PROF== Profiling "vectorized_elementwise_kernel" - 407: Application replay pass 6
==PROF== Profiling "vectorized_elementwise_kernel" - 408: Application replay pass 6
==PROF== Profiling "vectorized_elementwise_kernel" - 409: Application replay pass 6
==PROF== Profiling "vectorized_elementwise_kernel" - 410: Application replay pass 6
==PROF== Profiling "sm80_xmma_gemm_f32f32_f32f32_..." - 411: Application replay pass 6
==PROF== Profiling "Kernel" - 412: Application replay pass 6
==PROF== Profiling "reduce_kernel" - 413: Application replay pass 6
==PROF== Profiling "vectorized_elementwise_kernel" - 414: Application replay pass 6
==PROF== Profiling "vectorized_elementwise_kernel" - 415: Application replay pass 6
==PROF== Profiling "vectorized_elementwise_kernel" - 416: Application replay pass 6
==PROF== Profiling "vectorized_elementwise_kernel" - 417: Application replay pass 6
==PROF== Profiling "vectorized_elementwise_kernel" - 418: Application replay pass 6
==PROF== Profiling "vectorized_elementwise_kernel" - 419: Application replay pass 6
==PROF== Profiling "vectorized_elementwise_kernel" - 420: Application replay pass 6
==PROF== Profiling "vectorized_elementwise_kernel" - 421: Application replay pass 6
==PROF== Profiling "vectorized_elementwise_kernel" - 422: Application replay pass 6
==PROF== Profiling "vectorized_elementwise_kernel" - 423: Application replay pass 6
==PROF== Profiling "vectorized_elementwise_kernel" - 424: Application replay pass 6
==PROF== Profiling "vectorized_elementwise_kernel" - 425: Application replay pass 6
==PROF== Profiling "vectorized_elementwise_kernel" - 426: Application replay pass 6
==PROF== Profiling "sm80_xmma_gemm_f32f32_f32f32_..." - 427: Application replay pass 6
==PROF== Profiling "Kernel" - 428: Application replay pass 6
==PROF== Profiling "reduce_kernel" - 429: Application replay pass 6
==PROF== Profiling "vectorized_elementwise_kernel" - 430: Application replay pass 6
==PROF== Profiling "vectorized_elementwise_kernel" - 431: Application replay pass 6
==PROF== Profiling "layer_norm_grad_input_kernel" - 432: Application replay pass 6
==PROF== Profiling "GammaBetaBackwardCUDAKernel_3..." - 433: Application replay pass 6
==PROF== Profiling "vectorized_elementwise_kernel" - 434: Application replay pass 6
==PROF== Profiling "vectorized_elementwise_kernel" - 435: Application replay pass 6
==PROF== Profiling "vectorized_elementwise_kernel" - 436: Application replay pass 6
==PROF== Profiling "vectorized_elementwise_kernel" - 437: Application replay pass 6
==PROF== Profiling "sm80_xmma_gemm_f32f32_f32f32_..." - 438: Application replay pass 6
==PROF== Profiling "Kernel" - 439: Application replay pass 6
==PROF== Profiling "splitKreduce_kernel" - 440: Application replay pass 6
==PROF== Profiling "reduce_kernel" - 441: Application replay pass 6
==PROF== Profiling "vectorized_elementwise_kernel" - 442: Application replay pass 6
==PROF== Profiling "vectorized_elementwise_kernel" - 443: Application replay pass 6
==PROF== Profiling "elementwise_kernel" - 444: Application replay pass 6
==PROF== Profiling "sm80_xmma_gemm_f32f32_f32f32_..." - 445: Application replay pass 6
==PROF== Profiling "sm80_xmma_gemm_f32f32_f32f32_..." - 446: Application replay pass 6
==PROF== Profiling "vectorized_elementwise_kernel" - 447: Application replay pass 6
==PROF== Profiling "vectorized_elementwise_kernel" - 448: Application replay pass 6
==PROF== Profiling "softmax_warp_backward" - 449: Application replay pass 6
==PROF== Profiling "vectorized_elementwise_kernel" - 450: Application replay pass 6
==PROF== Profiling "elementwise_kernel" - 451: Application replay pass 6
==PROF== Profiling "elementwise_kernel" - 452: Application replay pass 6
==PROF== Profiling "sm80_xmma_gemm_f32f32_f32f32_..." - 453: Application replay pass 6
==PROF== Profiling "sm80_xmma_gemm_f32f32_f32f32_..." - 454: Application replay pass 6
==PROF== Profiling "elementwise_kernel" - 455: Application replay pass 6
==PROF== Profiling "elementwise_kernel" - 456: Application replay pass 6
==PROF== Profiling "CatArrayBatchedCopy" - 457: Application replay pass 6
==PROF== Profiling "sm80_xmma_gemm_f32f32_f32f32_..." - 458: Application replay pass 6
==PROF== Profiling "Kernel" - 459: Application replay pass 6
==PROF== Profiling "reduce_kernel" - 460: Application replay pass 6
==PROF== Profiling "vectorized_elementwise_kernel" - 461: Application replay pass 6
==PROF== Profiling "vectorized_elementwise_kernel" - 462: Application replay pass 6
==PROF== Profiling "layer_norm_grad_input_kernel" - 463: Application replay pass 6
==PROF== Profiling "GammaBetaBackwardCUDAKernel_3..." - 464: Application replay pass 6
==PROF== Profiling "vectorized_elementwise_kernel" - 465: Application replay pass 6
==PROF== Profiling "vectorized_elementwise_kernel" - 466: Application replay pass 6
==PROF== Profiling "vectorized_elementwise_kernel" - 467: Application replay pass 6
==PROF== Profiling "vectorized_elementwise_kernel" - 468: Application replay pass 6
==PROF== Profiling "sm80_xmma_gemm_f32f32_f32f32_..." - 469: Application replay pass 6
==PROF== Profiling "Kernel" - 470: Application replay pass 6
==PROF== Profiling "reduce_kernel" - 471: Application replay pass 6
==PROF== Profiling "vectorized_elementwise_kernel" - 472: Application replay pass 6
==PROF== Profiling "vectorized_elementwise_kernel" - 473: Application replay pass 6
==PROF== Profiling "vectorized_elementwise_kernel" - 474: Application replay pass 6
==PROF== Profiling "vectorized_elementwise_kernel" - 475: Application replay pass 6
==PROF== Profiling "vectorized_elementwise_kernel" - 476: Application replay pass 6
==PROF== Profiling "vectorized_elementwise_kernel" - 477: Application replay pass 6
==PROF== Profiling "vectorized_elementwise_kernel" - 478: Application replay pass 6
==PROF== Profiling "vectorized_elementwise_kernel" - 479: Application replay pass 6
==PROF== Profiling "vectorized_elementwise_kernel" - 480: Application replay pass 6
==PROF== Profiling "vectorized_elementwise_kernel" - 481: Application replay pass 6
==PROF== Profiling "vectorized_elementwise_kernel" - 482: Application replay pass 6
==PROF== Profiling "vectorized_elementwise_kernel" - 483: Application replay pass 6
==PROF== Profiling "vectorized_elementwise_kernel" - 484: Application replay pass 6
==PROF== Profiling "sm80_xmma_gemm_f32f32_f32f32_..." - 485: Application replay pass 6
==PROF== Profiling "Kernel" - 486: Application replay pass 6
==PROF== Profiling "reduce_kernel" - 487: Application replay pass 6
==PROF== Profiling "vectorized_elementwise_kernel" - 488: Application replay pass 6
==PROF== Profiling "vectorized_elementwise_kernel" - 489: Application replay pass 6
==PROF== Profiling "layer_norm_grad_input_kernel" - 490: Application replay pass 6
==PROF== Profiling "GammaBetaBackwardCUDAKernel_3..." - 491: Application replay pass 6
==PROF== Profiling "vectorized_elementwise_kernel" - 492: Application replay pass 6
==PROF== Profiling "vectorized_elementwise_kernel" - 493: Application replay pass 6
==PROF== Profiling "vectorized_elementwise_kernel" - 494: Application replay pass 6
==PROF== Profiling "vectorized_elementwise_kernel" - 495: Application replay pass 6
==PROF== Profiling "sm80_xmma_gemm_f32f32_f32f32_..." - 496: Application replay pass 6
==PROF== Profiling "Kernel" - 497: Application replay pass 6
==PROF== Profiling "splitKreduce_kernel" - 498: Application replay pass 6
==PROF== Profiling "reduce_kernel" - 499: Application replay pass 6
==PROF== Profiling "vectorized_elementwise_kernel" - 500: Application replay pass 6
==PROF== Profiling "vectorized_elementwise_kernel" - 501: Application replay pass 6
==PROF== Profiling "elementwise_kernel" - 502: Application replay pass 6
==PROF== Profiling "sm80_xmma_gemm_f32f32_f32f32_..." - 503: Application replay pass 6
==PROF== Profiling "sm80_xmma_gemm_f32f32_f32f32_..." - 504: Application replay pass 6
==PROF== Profiling "vectorized_elementwise_kernel" - 505: Application replay pass 6
==PROF== Profiling "vectorized_elementwise_kernel" - 506: Application replay pass 6
==PROF== Profiling "softmax_warp_backward" - 507: Application replay pass 6
==PROF== Profiling "vectorized_elementwise_kernel" - 508: Application replay pass 6
==PROF== Profiling "elementwise_kernel" - 509: Application replay pass 6
==PROF== Profiling "elementwise_kernel" - 510: Application replay pass 6
==PROF== Profiling "sm80_xmma_gemm_f32f32_f32f32_..." - 511: Application replay pass 6
==PROF== Profiling "sm80_xmma_gemm_f32f32_f32f32_..." - 512: Application replay pass 6
==PROF== Profiling "elementwise_kernel" - 513: Application replay pass 6
==PROF== Profiling "elementwise_kernel" - 514: Application replay pass 6
==PROF== Profiling "CatArrayBatchedCopy" - 515: Application replay pass 6
==PROF== Profiling "sm80_xmma_gemm_f32f32_f32f32_..." - 516: Application replay pass 6
==PROF== Profiling "Kernel" - 517: Application replay pass 6
==PROF== Profiling "reduce_kernel" - 518: Application replay pass 6
==PROF== Profiling "vectorized_elementwise_kernel" - 519: Application replay pass 6
==PROF== Profiling "vectorized_elementwise_kernel" - 520: Application replay pass 6
==PROF== Profiling "layer_norm_grad_input_kernel" - 521: Application replay pass 6
==PROF== Profiling "GammaBetaBackwardCUDAKernel_3..." - 522: Application replay pass 6
==PROF== Profiling "vectorized_elementwise_kernel" - 523: Application replay pass 6
==PROF== Profiling "vectorized_elementwise_kernel" - 524: Application replay pass 6
==PROF== Profiling "vectorized_elementwise_kernel" - 525: Application replay pass 6
==PROF== Profiling "vectorized_elementwise_kernel" - 526: Application replay pass 6
==PROF== Profiling "sm80_xmma_gemm_f32f32_f32f32_..." - 527: Application replay pass 6
==PROF== Profiling "Kernel" - 528: Application replay pass 6
==PROF== Profiling "reduce_kernel" - 529: Application replay pass 6
==PROF== Profiling "vectorized_elementwise_kernel" - 530: Application replay pass 6
==PROF== Profiling "vectorized_elementwise_kernel" - 531: Application replay pass 6
==PROF== Profiling "vectorized_elementwise_kernel" - 532: Application replay pass 6
==PROF== Profiling "vectorized_elementwise_kernel" - 533: Application replay pass 6
==PROF== Profiling "vectorized_elementwise_kernel" - 534: Application replay pass 6
==PROF== Profiling "vectorized_elementwise_kernel" - 535: Application replay pass 6
==PROF== Profiling "vectorized_elementwise_kernel" - 536: Application replay pass 6
==PROF== Profiling "vectorized_elementwise_kernel" - 537: Application replay pass 6
==PROF== Profiling "vectorized_elementwise_kernel" - 538: Application replay pass 6
==PROF== Profiling "vectorized_elementwise_kernel" - 539: Application replay pass 6
==PROF== Profiling "vectorized_elementwise_kernel" - 540: Application replay pass 6
==PROF== Profiling "vectorized_elementwise_kernel" - 541: Application replay pass 6
==PROF== Profiling "vectorized_elementwise_kernel" - 542: Application replay pass 6
==PROF== Profiling "sm80_xmma_gemm_f32f32_f32f32_..." - 543: Application replay pass 6
==PROF== Profiling "Kernel" - 544: Application replay pass 6
==PROF== Profiling "reduce_kernel" - 545: Application replay pass 6
==PROF== Profiling "vectorized_elementwise_kernel" - 546: Application replay pass 6
==PROF== Profiling "vectorized_elementwise_kernel" - 547: Application replay pass 6
==PROF== Profiling "layer_norm_grad_input_kernel" - 548: Application replay pass 6
==PROF== Profiling "GammaBetaBackwardCUDAKernel_3..." - 549: Application replay pass 6
==PROF== Profiling "vectorized_elementwise_kernel" - 550: Application replay pass 6
==PROF== Profiling "vectorized_elementwise_kernel" - 551: Application replay pass 6
==PROF== Profiling "vectorized_elementwise_kernel" - 552: Application replay pass 6
==PROF== Profiling "vectorized_elementwise_kernel" - 553: Application replay pass 6
==PROF== Profiling "sm80_xmma_gemm_f32f32_f32f32_..." - 554: Application replay pass 6
==PROF== Profiling "Kernel" - 555: Application replay pass 6
==PROF== Profiling "splitKreduce_kernel" - 556: Application replay pass 6
==PROF== Profiling "reduce_kernel" - 557: Application replay pass 6
==PROF== Profiling "vectorized_elementwise_kernel" - 558: Application replay pass 6
==PROF== Profiling "vectorized_elementwise_kernel" - 559: Application replay pass 6
==PROF== Profiling "elementwise_kernel" - 560: Application replay pass 6
==PROF== Profiling "sm80_xmma_gemm_f32f32_f32f32_..." - 561: Application replay pass 6
==PROF== Profiling "sm80_xmma_gemm_f32f32_f32f32_..." - 562: Application replay pass 6
==PROF== Profiling "vectorized_elementwise_kernel" - 563: Application replay pass 6
==PROF== Profiling "vectorized_elementwise_kernel" - 564: Application replay pass 6
==PROF== Profiling "softmax_warp_backward" - 565: Application replay pass 6
==PROF== Profiling "vectorized_elementwise_kernel" - 566: Application replay pass 6
==PROF== Profiling "elementwise_kernel" - 567: Application replay pass 6
==PROF== Profiling "elementwise_kernel" - 568: Application replay pass 6
==PROF== Profiling "sm80_xmma_gemm_f32f32_f32f32_..." - 569: Application replay pass 6
==PROF== Profiling "sm80_xmma_gemm_f32f32_f32f32_..." - 570: Application replay pass 6
==PROF== Profiling "elementwise_kernel" - 571: Application replay pass 6
==PROF== Profiling "elementwise_kernel" - 572: Application replay pass 6
==PROF== Profiling "CatArrayBatchedCopy" - 573: Application replay pass 6
==PROF== Profiling "sm80_xmma_gemm_f32f32_f32f32_..." - 574: Application replay pass 6
==PROF== Profiling "Kernel" - 575: Application replay pass 6
==PROF== Profiling "reduce_kernel" - 576: Application replay pass 6
==PROF== Profiling "vectorized_elementwise_kernel" - 577: Application replay pass 6
==PROF== Profiling "vectorized_elementwise_kernel" - 578: Application replay pass 6
==PROF== Profiling "layer_norm_grad_input_kernel" - 579: Application replay pass 6
==PROF== Profiling "GammaBetaBackwardCUDAKernel_3..." - 580: Application replay pass 6
==PROF== Profiling "vectorized_elementwise_kernel" - 581: Application replay pass 6
==PROF== Profiling "vectorized_elementwise_kernel" - 582: Application replay pass 6
==PROF== Profiling "vectorized_elementwise_kernel" - 583: Application replay pass 6
==PROF== Profiling "vectorized_elementwise_kernel" - 584: Application replay pass 6
==PROF== Profiling "sm80_xmma_gemm_f32f32_f32f32_..." - 585: Application replay pass 6
==PROF== Profiling "Kernel" - 586: Application replay pass 6
==PROF== Profiling "reduce_kernel" - 587: Application replay pass 6
==PROF== Profiling "vectorized_elementwise_kernel" - 588: Application replay pass 6
==PROF== Profiling "vectorized_elementwise_kernel" - 589: Application replay pass 6
==PROF== Profiling "vectorized_elementwise_kernel" - 590: Application replay pass 6
==PROF== Profiling "vectorized_elementwise_kernel" - 591: Application replay pass 6
==PROF== Profiling "vectorized_elementwise_kernel" - 592: Application replay pass 6
==PROF== Profiling "vectorized_elementwise_kernel" - 593: Application replay pass 6
==PROF== Profiling "vectorized_elementwise_kernel" - 594: Application replay pass 6
==PROF== Profiling "vectorized_elementwise_kernel" - 595: Application replay pass 6
==PROF== Profiling "vectorized_elementwise_kernel" - 596: Application replay pass 6
==PROF== Profiling "vectorized_elementwise_kernel" - 597: Application replay pass 6
==PROF== Profiling "vectorized_elementwise_kernel" - 598: Application replay pass 6
==PROF== Profiling "vectorized_elementwise_kernel" - 599: Application replay pass 6
==PROF== Profiling "vectorized_elementwise_kernel" - 600: Application replay pass 6
==PROF== Profiling "sm80_xmma_gemm_f32f32_f32f32_..." - 601: Application replay pass 6
==PROF== Profiling "Kernel" - 602: Application replay pass 6
==PROF== Profiling "reduce_kernel" - 603: Application replay pass 6
==PROF== Profiling "vectorized_elementwise_kernel" - 604: Application replay pass 6
==PROF== Profiling "vectorized_elementwise_kernel" - 605: Application replay pass 6
==PROF== Profiling "layer_norm_grad_input_kernel" - 606: Application replay pass 6
==PROF== Profiling "GammaBetaBackwardCUDAKernel_3..." - 607: Application replay pass 6
==PROF== Profiling "vectorized_elementwise_kernel" - 608: Application replay pass 6
==PROF== Profiling "vectorized_elementwise_kernel" - 609: Application replay pass 6
==PROF== Profiling "vectorized_elementwise_kernel" - 610: Application replay pass 6
==PROF== Profiling "vectorized_elementwise_kernel" - 611: Application replay pass 6
==PROF== Profiling "sm80_xmma_gemm_f32f32_f32f32_..." - 612: Application replay pass 6
==PROF== Profiling "Kernel" - 613: Application replay pass 6
==PROF== Profiling "splitKreduce_kernel" - 614: Application replay pass 6
==PROF== Profiling "reduce_kernel" - 615: Application replay pass 6
==PROF== Profiling "vectorized_elementwise_kernel" - 616: Application replay pass 6
==PROF== Profiling "vectorized_elementwise_kernel" - 617: Application replay pass 6
==PROF== Profiling "elementwise_kernel" - 618: Application replay pass 6
==PROF== Profiling "sm80_xmma_gemm_f32f32_f32f32_..." - 619: Application replay pass 6
==PROF== Profiling "sm80_xmma_gemm_f32f32_f32f32_..." - 620: Application replay pass 6
==PROF== Profiling "vectorized_elementwise_kernel" - 621: Application replay pass 6
==PROF== Profiling "vectorized_elementwise_kernel" - 622: Application replay pass 6
==PROF== Profiling "softmax_warp_backward" - 623: Application replay pass 6
==PROF== Profiling "vectorized_elementwise_kernel" - 624: Application replay pass 6
==PROF== Profiling "elementwise_kernel" - 625: Application replay pass 6
==PROF== Profiling "elementwise_kernel" - 626: Application replay pass 6
==PROF== Profiling "sm80_xmma_gemm_f32f32_f32f32_..." - 627: Application replay pass 6
==PROF== Profiling "sm80_xmma_gemm_f32f32_f32f32_..." - 628: Application replay pass 6
==PROF== Profiling "elementwise_kernel" - 629: Application replay pass 6
==PROF== Profiling "elementwise_kernel" - 630: Application replay pass 6
==PROF== Profiling "CatArrayBatchedCopy" - 631: Application replay pass 6
==PROF== Profiling "sm80_xmma_gemm_f32f32_f32f32_..." - 632: Application replay pass 6
==PROF== Profiling "Kernel" - 633: Application replay pass 6
==PROF== Profiling "reduce_kernel" - 634: Application replay pass 6
==PROF== Profiling "vectorized_elementwise_kernel" - 635: Application replay pass 6
==PROF== Profiling "vectorized_elementwise_kernel" - 636: Application replay pass 6
==PROF== Profiling "layer_norm_grad_input_kernel" - 637: Application replay pass 6
==PROF== Profiling "GammaBetaBackwardCUDAKernel_3..." - 638: Application replay pass 6
==PROF== Profiling "vectorized_elementwise_kernel" - 639: Application replay pass 6
==PROF== Profiling "vectorized_elementwise_kernel" - 640: Application replay pass 6
==PROF== Profiling "vectorized_elementwise_kernel" - 641: Application replay pass 6
==PROF== Profiling "vectorized_elementwise_kernel" - 642: Application replay pass 6
==PROF== Profiling "sm80_xmma_gemm_f32f32_f32f32_..." - 643: Application replay pass 6
==PROF== Profiling "Kernel" - 644: Application replay pass 6
==PROF== Profiling "reduce_kernel" - 645: Application replay pass 6
==PROF== Profiling "vectorized_elementwise_kernel" - 646: Application replay pass 6
==PROF== Profiling "vectorized_elementwise_kernel" - 647: Application replay pass 6
==PROF== Profiling "vectorized_elementwise_kernel" - 648: Application replay pass 6
==PROF== Profiling "vectorized_elementwise_kernel" - 649: Application replay pass 6
==PROF== Profiling "vectorized_elementwise_kernel" - 650: Application replay pass 6
==PROF== Profiling "vectorized_elementwise_kernel" - 651: Application replay pass 6
==PROF== Profiling "vectorized_elementwise_kernel" - 652: Application replay pass 6
==PROF== Profiling "vectorized_elementwise_kernel" - 653: Application replay pass 6
==PROF== Profiling "vectorized_elementwise_kernel" - 654: Application replay pass 6
==PROF== Profiling "vectorized_elementwise_kernel" - 655: Application replay pass 6
==PROF== Profiling "vectorized_elementwise_kernel" - 656: Application replay pass 6
==PROF== Profiling "vectorized_elementwise_kernel" - 657: Application replay pass 6
==PROF== Profiling "vectorized_elementwise_kernel" - 658: Application replay pass 6
==PROF== Profiling "sm80_xmma_gemm_f32f32_f32f32_..." - 659: Application replay pass 6
==PROF== Profiling "Kernel" - 660: Application replay pass 6
==PROF== Profiling "reduce_kernel" - 661: Application replay pass 6
==PROF== Profiling "vectorized_elementwise_kernel" - 662: Application replay pass 6
==PROF== Profiling "vectorized_elementwise_kernel" - 663: Application replay pass 6
==PROF== Profiling "layer_norm_grad_input_kernel" - 664: Application replay pass 6
==PROF== Profiling "GammaBetaBackwardCUDAKernel_3..." - 665: Application replay pass 6
==PROF== Profiling "vectorized_elementwise_kernel" - 666: Application replay pass 6
==PROF== Profiling "vectorized_elementwise_kernel" - 667: Application replay pass 6
==PROF== Profiling "vectorized_elementwise_kernel" - 668: Application replay pass 6
==PROF== Profiling "vectorized_elementwise_kernel" - 669: Application replay pass 6
==PROF== Profiling "sm80_xmma_gemm_f32f32_f32f32_..." - 670: Application replay pass 6
==PROF== Profiling "Kernel" - 671: Application replay pass 6
==PROF== Profiling "splitKreduce_kernel" - 672: Application replay pass 6
==PROF== Profiling "reduce_kernel" - 673: Application replay pass 6
==PROF== Profiling "vectorized_elementwise_kernel" - 674: Application replay pass 6
==PROF== Profiling "vectorized_elementwise_kernel" - 675: Application replay pass 6
==PROF== Profiling "elementwise_kernel" - 676: Application replay pass 6
==PROF== Profiling "sm80_xmma_gemm_f32f32_f32f32_..." - 677: Application replay pass 6
==PROF== Profiling "sm80_xmma_gemm_f32f32_f32f32_..." - 678: Application replay pass 6
==PROF== Profiling "vectorized_elementwise_kernel" - 679: Application replay pass 6
==PROF== Profiling "vectorized_elementwise_kernel" - 680: Application replay pass 6
==PROF== Profiling "softmax_warp_backward" - 681: Application replay pass 6
==PROF== Profiling "vectorized_elementwise_kernel" - 682: Application replay pass 6
==PROF== Profiling "elementwise_kernel" - 683: Application replay pass 6
==PROF== Profiling "elementwise_kernel" - 684: Application replay pass 6
==PROF== Profiling "sm80_xmma_gemm_f32f32_f32f32_..." - 685: Application replay pass 6
==PROF== Profiling "sm80_xmma_gemm_f32f32_f32f32_..." - 686: Application replay pass 6
==PROF== Profiling "elementwise_kernel" - 687: Application replay pass 6
==PROF== Profiling "elementwise_kernel" - 688: Application replay pass 6
==PROF== Profiling "CatArrayBatchedCopy" - 689: Application replay pass 6
==PROF== Profiling "sm80_xmma_gemm_f32f32_f32f32_..." - 690: Application replay pass 6
==PROF== Profiling "Kernel" - 691: Application replay pass 6
==PROF== Profiling "reduce_kernel" - 692: Application replay pass 6
==PROF== Profiling "vectorized_elementwise_kernel" - 693: Application replay pass 6
==PROF== Profiling "vectorized_elementwise_kernel" - 694: Application replay pass 6
==PROF== Profiling "layer_norm_grad_input_kernel" - 695: Application replay pass 6
==PROF== Profiling "GammaBetaBackwardCUDAKernel_3..." - 696: Application replay pass 6
==PROF== Profiling "vectorized_elementwise_kernel" - 697: Application replay pass 6
==PROF== Profiling "vectorized_elementwise_kernel" - 698: Application replay pass 6
==PROF== Profiling "vectorized_elementwise_kernel" - 699: Application replay pass 6
==PROF== Profiling "vectorized_elementwise_kernel" - 700: Application replay pass 6
==PROF== Profiling "reduce_kernel" - 701: Application replay pass 6
==PROF== Profiling "vectorized_elementwise_kernel" - 702: Application replay pass 6
==PROF== Profiling "embedding_backward_feature_ke..." - 703: Application replay pass 6
==PROF== Profiling "vectorized_elementwise_kernel" - 704: Application replay pass 6
==PROF== Profiling "elementwise_kernel_with_index" - 705: Application replay pass 6
==PROF== Profiling "DeviceRadixSortHistogramKernel" - 706: Application replay pass 6
==PROF== Profiling "DeviceRadixSortExclusiveSumKe..." - 707: Application replay pass 6
==PROF== Profiling "DeviceRadixSortOnesweepKernel" - 708: Application replay pass 6
==PROF== Profiling "DeviceRadixSortOnesweepKernel" - 709: Application replay pass 6
==PROF== Profiling "DeviceRadixSortOnesweepKernel" - 710: Application replay pass 6
==PROF== Profiling "DeviceRadixSortOnesweepKernel" - 711: Application replay pass 6
==PROF== Profiling "DeviceRadixSortOnesweepKernel" - 712: Application replay pass 6
==PROF== Profiling "DeviceRadixSortOnesweepKernel" - 713: Application replay pass 6
==PROF== Profiling "DeviceRadixSortOnesweepKernel" - 714: Application replay pass 6
==PROF== Profiling "DeviceRadixSortOnesweepKernel" - 715: Application replay pass 6
==PROF== Profiling "vectorized_elementwise_kernel" - 716: Application replay pass 6
==PROF== Profiling "DeviceCompactInitKernel" - 717: Application replay pass 6
==PROF== Profiling "DeviceUniqueByKeySweepKernel" - 718: Application replay pass 6
==PROF== Profiling "krn_partials_per_segment" - 719: Application replay pass 6
==PROF== Profiling "DeviceScanInitKernel" - 720: Application replay pass 6
==PROF== Profiling "DeviceScanKernel" - 721: Application replay pass 6
==PROF== Profiling "compute_num_of_partial_segments" - 722: Application replay pass 6
==PROF== Profiling "krn_partial_segment_offset" - 723: Application replay pass 6
==PROF== Profiling "compute_grad_weight" - 724: Application replay pass 6
==PROF== Profiling "sum_and_scatter" - 725: Application replay pass 6
==PROF== Profiling "vectorized_elementwise_kernel" - 726: Application replay pass 6
debug: Rank 0: Stopping profiler
Rank 0, Epoch [3/3], Finished epoch.
debug: Cleaning up process group
debug: Rank 0: Training process completed
==PROF== Disconnected from process 4381
debug: mp.spawn completed
PyTorch CUDA version: 12.1 matches with CUDA version required in environment config.
Configuration Values:
cuda version check: 12.1
world_size: 1
cap_size: 2
epochs: 3
batchsize: 16
debug: Starting mp.spawn...
debug: Rank 0: Running training process
debug: Rank 0: Preparing model and data
debug: Rank 0: Setting up process group
==PROF== Connected to process 5164 (/opt/conda/envs/echo_slowdown/bin/python3.10)
debug: Rank 0: Process group setup complete
debug: Rank 0: Starting training for 3 epochs
debug: Rank 0: Actual epoch 1/3 starting
Rank 0, Epoch [1/3], Finished epoch.
debug: Rank 0: Actual epoch 2/3 starting
Rank 0, Epoch [2/3], Finished epoch.
debug: Rank 0: Actual epoch 3/3 starting
debug: Rank 0: Starting backward pass profiling
==PROF== Profiling "layer_norm_grad_input_kernel" - 0: Application replay pass 7
==PROF== Profiling "GammaBetaBackwardCUDAKernel_3..." - 1: Application replay pass 7
==PROF== Profiling "vectorized_elementwise_kernel" - 2: Application replay pass 7
==PROF== Profiling "vectorized_elementwise_kernel" - 3: Application replay pass 7
==PROF== Profiling "vectorized_elementwise_kernel" - 4: Application replay pass 7
==PROF== Profiling "sm80_xmma_gemm_f32f32_f32f32_..." - 5: Application replay pass 7
==PROF== Profiling "Kernel" - 6: Application replay pass 7
==PROF== Profiling "reduce_kernel" - 7: Application replay pass 7
==PROF== Profiling "vectorized_elementwise_kernel" - 8: Application replay pass 7
==PROF== Profiling "vectorized_elementwise_kernel" - 9: Application replay pass 7
==PROF== Profiling "vectorized_elementwise_kernel" - 10: Application replay pass 7
==PROF== Profiling "vectorized_elementwise_kernel" - 11: Application replay pass 7
==PROF== Profiling "vectorized_elementwise_kernel" - 12: Application replay pass 7
==PROF== Profiling "vectorized_elementwise_kernel" - 13: Application replay pass 7
==PROF== Profiling "vectorized_elementwise_kernel" - 14: Application replay pass 7
==PROF== Profiling "vectorized_elementwise_kernel" - 15: Application replay pass 7
==PROF== Profiling "vectorized_elementwise_kernel" - 16: Application replay pass 7
==PROF== Profiling "vectorized_elementwise_kernel" - 17: Application replay pass 7
==PROF== Profiling "vectorized_elementwise_kernel" - 18: Application replay pass 7
==PROF== Profiling "vectorized_elementwise_kernel" - 19: Application replay pass 7
==PROF== Profiling "vectorized_elementwise_kernel" - 20: Application replay pass 7
==PROF== Profiling "sm80_xmma_gemm_f32f32_f32f32_..." - 21: Application replay pass 7
==PROF== Profiling "Kernel" - 22: Application replay pass 7
==PROF== Profiling "reduce_kernel" - 23: Application replay pass 7
==PROF== Profiling "vectorized_elementwise_kernel" - 24: Application replay pass 7
==PROF== Profiling "vectorized_elementwise_kernel" - 25: Application replay pass 7
==PROF== Profiling "layer_norm_grad_input_kernel" - 26: Application replay pass 7
==PROF== Profiling "GammaBetaBackwardCUDAKernel_3..." - 27: Application replay pass 7
==PROF== Profiling "vectorized_elementwise_kernel" - 28: Application replay pass 7
==PROF== Profiling "vectorized_elementwise_kernel" - 29: Application replay pass 7
==PROF== Profiling "vectorized_elementwise_kernel" - 30: Application replay pass 7
==PROF== Profiling "vectorized_elementwise_kernel" - 31: Application replay pass 7
==PROF== Profiling "sm80_xmma_gemm_f32f32_f32f32_..." - 32: Application replay pass 7
==PROF== Profiling "Kernel" - 33: Application replay pass 7
==PROF== Profiling "splitKreduce_kernel" - 34: Application replay pass 7
==PROF== Profiling "reduce_kernel" - 35: Application replay pass 7
==PROF== Profiling "vectorized_elementwise_kernel" - 36: Application replay pass 7
==PROF== Profiling "vectorized_elementwise_kernel" - 37: Application replay pass 7
==PROF== Profiling "elementwise_kernel" - 38: Application replay pass 7
==PROF== Profiling "sm80_xmma_gemm_f32f32_f32f32_..." - 39: Application replay pass 7
==PROF== Profiling "sm80_xmma_gemm_f32f32_f32f32_..." - 40: Application replay pass 7
==PROF== Profiling "vectorized_elementwise_kernel" - 41: Application replay pass 7
==PROF== Profiling "vectorized_elementwise_kernel" - 42: Application replay pass 7
==PROF== Profiling "softmax_warp_backward" - 43: Application replay pass 7
==PROF== Profiling "vectorized_elementwise_kernel" - 44: Application replay pass 7
==PROF== Profiling "elementwise_kernel" - 45: Application replay pass 7
==PROF== Profiling "elementwise_kernel" - 46: Application replay pass 7
==PROF== Profiling "sm80_xmma_gemm_f32f32_f32f32_..." - 47: Application replay pass 7
==PROF== Profiling "sm80_xmma_gemm_f32f32_f32f32_..." - 48: Application replay pass 7
==PROF== Profiling "elementwise_kernel" - 49: Application replay pass 7
==PROF== Profiling "elementwise_kernel" - 50: Application replay pass 7
==PROF== Profiling "CatArrayBatchedCopy" - 51: Application replay pass 7
==PROF== Profiling "sm80_xmma_gemm_f32f32_f32f32_..." - 52: Application replay pass 7
==PROF== Profiling "Kernel" - 53: Application replay pass 7
==PROF== Profiling "reduce_kernel" - 54: Application replay pass 7
==PROF== Profiling "vectorized_elementwise_kernel" - 55: Application replay pass 7
==PROF== Profiling "vectorized_elementwise_kernel" - 56: Application replay pass 7
==PROF== Profiling "layer_norm_grad_input_kernel" - 57: Application replay pass 7
==PROF== Profiling "GammaBetaBackwardCUDAKernel_3..." - 58: Application replay pass 7
==PROF== Profiling "vectorized_elementwise_kernel" - 59: Application replay pass 7
==PROF== Profiling "vectorized_elementwise_kernel" - 60: Application replay pass 7
==PROF== Profiling "vectorized_elementwise_kernel" - 61: Application replay pass 7
==PROF== Profiling "vectorized_elementwise_kernel" - 62: Application replay pass 7
==PROF== Profiling "sm80_xmma_gemm_f32f32_f32f32_..." - 63: Application replay pass 7
==PROF== Profiling "Kernel" - 64: Application replay pass 7
==PROF== Profiling "reduce_kernel" - 65: Application replay pass 7
==PROF== Profiling "vectorized_elementwise_kernel" - 66: Application replay pass 7
==PROF== Profiling "vectorized_elementwise_kernel" - 67: Application replay pass 7
==PROF== Profiling "vectorized_elementwise_kernel" - 68: Application replay pass 7
==PROF== Profiling "vectorized_elementwise_kernel" - 69: Application replay pass 7
==PROF== Profiling "vectorized_elementwise_kernel" - 70: Application replay pass 7
==PROF== Profiling "vectorized_elementwise_kernel" - 71: Application replay pass 7
==PROF== Profiling "vectorized_elementwise_kernel" - 72: Application replay pass 7
==PROF== Profiling "vectorized_elementwise_kernel" - 73: Application replay pass 7
==PROF== Profiling "vectorized_elementwise_kernel" - 74: Application replay pass 7
==PROF== Profiling "vectorized_elementwise_kernel" - 75: Application replay pass 7
==PROF== Profiling "vectorized_elementwise_kernel" - 76: Application replay pass 7
==PROF== Profiling "vectorized_elementwise_kernel" - 77: Application replay pass 7
==PROF== Profiling "vectorized_elementwise_kernel" - 78: Application replay pass 7
==PROF== Profiling "sm80_xmma_gemm_f32f32_f32f32_..." - 79: Application replay pass 7
==PROF== Profiling "Kernel" - 80: Application replay pass 7
==PROF== Profiling "reduce_kernel" - 81: Application replay pass 7
==PROF== Profiling "vectorized_elementwise_kernel" - 82: Application replay pass 7
==PROF== Profiling "vectorized_elementwise_kernel" - 83: Application replay pass 7
==PROF== Profiling "layer_norm_grad_input_kernel" - 84: Application replay pass 7
==PROF== Profiling "GammaBetaBackwardCUDAKernel_3..." - 85: Application replay pass 7
==PROF== Profiling "vectorized_elementwise_kernel" - 86: Application replay pass 7
==PROF== Profiling "vectorized_elementwise_kernel" - 87: Application replay pass 7
==PROF== Profiling "vectorized_elementwise_kernel" - 88: Application replay pass 7
==PROF== Profiling "vectorized_elementwise_kernel" - 89: Application replay pass 7
==PROF== Profiling "sm80_xmma_gemm_f32f32_f32f32_..." - 90: Application replay pass 7
==PROF== Profiling "Kernel" - 91: Application replay pass 7
==PROF== Profiling "splitKreduce_kernel" - 92: Application replay pass 7
==PROF== Profiling "reduce_kernel" - 93: Application replay pass 7
==PROF== Profiling "vectorized_elementwise_kernel" - 94: Application replay pass 7
==PROF== Profiling "vectorized_elementwise_kernel" - 95: Application replay pass 7
==PROF== Profiling "elementwise_kernel" - 96: Application replay pass 7
==PROF== Profiling "sm80_xmma_gemm_f32f32_f32f32_..." - 97: Application replay pass 7
==PROF== Profiling "sm80_xmma_gemm_f32f32_f32f32_..." - 98: Application replay pass 7
==PROF== Profiling "vectorized_elementwise_kernel" - 99: Application replay pass 7
==PROF== Profiling "vectorized_elementwise_kernel" - 100: Application replay pass 7
==PROF== Profiling "softmax_warp_backward" - 101: Application replay pass 7
==PROF== Profiling "vectorized_elementwise_kernel" - 102: Application replay pass 7
==PROF== Profiling "elementwise_kernel" - 103: Application replay pass 7
==PROF== Profiling "elementwise_kernel" - 104: Application replay pass 7
==PROF== Profiling "sm80_xmma_gemm_f32f32_f32f32_..." - 105: Application replay pass 7
==PROF== Profiling "sm80_xmma_gemm_f32f32_f32f32_..." - 106: Application replay pass 7
==PROF== Profiling "elementwise_kernel" - 107: Application replay pass 7
==PROF== Profiling "elementwise_kernel" - 108: Application replay pass 7
==PROF== Profiling "CatArrayBatchedCopy" - 109: Application replay pass 7
==PROF== Profiling "sm80_xmma_gemm_f32f32_f32f32_..." - 110: Application replay pass 7
==PROF== Profiling "Kernel" - 111: Application replay pass 7
==PROF== Profiling "reduce_kernel" - 112: Application replay pass 7
==PROF== Profiling "vectorized_elementwise_kernel" - 113: Application replay pass 7
==PROF== Profiling "vectorized_elementwise_kernel" - 114: Application replay pass 7
==PROF== Profiling "layer_norm_grad_input_kernel" - 115: Application replay pass 7
==PROF== Profiling "GammaBetaBackwardCUDAKernel_3..." - 116: Application replay pass 7
==PROF== Profiling "vectorized_elementwise_kernel" - 117: Application replay pass 7
==PROF== Profiling "vectorized_elementwise_kernel" - 118: Application replay pass 7
==PROF== Profiling "vectorized_elementwise_kernel" - 119: Application replay pass 7
==PROF== Profiling "vectorized_elementwise_kernel" - 120: Application replay pass 7
==PROF== Profiling "sm80_xmma_gemm_f32f32_f32f32_..." - 121: Application replay pass 7
==PROF== Profiling "Kernel" - 122: Application replay pass 7
==PROF== Profiling "reduce_kernel" - 123: Application replay pass 7
==PROF== Profiling "vectorized_elementwise_kernel" - 124: Application replay pass 7
==PROF== Profiling "vectorized_elementwise_kernel" - 125: Application replay pass 7
==PROF== Profiling "vectorized_elementwise_kernel" - 126: Application replay pass 7
==PROF== Profiling "vectorized_elementwise_kernel" - 127: Application replay pass 7
==PROF== Profiling "vectorized_elementwise_kernel" - 128: Application replay pass 7
==PROF== Profiling "vectorized_elementwise_kernel" - 129: Application replay pass 7
==PROF== Profiling "vectorized_elementwise_kernel" - 130: Application replay pass 7
==PROF== Profiling "vectorized_elementwise_kernel" - 131: Application replay pass 7
==PROF== Profiling "vectorized_elementwise_kernel" - 132: Application replay pass 7
==PROF== Profiling "vectorized_elementwise_kernel" - 133: Application replay pass 7
==PROF== Profiling "vectorized_elementwise_kernel" - 134: Application replay pass 7
==PROF== Profiling "vectorized_elementwise_kernel" - 135: Application replay pass 7
==PROF== Profiling "vectorized_elementwise_kernel" - 136: Application replay pass 7
==PROF== Profiling "sm80_xmma_gemm_f32f32_f32f32_..." - 137: Application replay pass 7
==PROF== Profiling "Kernel" - 138: Application replay pass 7
==PROF== Profiling "reduce_kernel" - 139: Application replay pass 7
==PROF== Profiling "vectorized_elementwise_kernel" - 140: Application replay pass 7
==PROF== Profiling "vectorized_elementwise_kernel" - 141: Application replay pass 7
==PROF== Profiling "layer_norm_grad_input_kernel" - 142: Application replay pass 7
==PROF== Profiling "GammaBetaBackwardCUDAKernel_3..." - 143: Application replay pass 7
==PROF== Profiling "vectorized_elementwise_kernel" - 144: Application replay pass 7
==PROF== Profiling "vectorized_elementwise_kernel" - 145: Application replay pass 7
==PROF== Profiling "vectorized_elementwise_kernel" - 146: Application replay pass 7
==PROF== Profiling "vectorized_elementwise_kernel" - 147: Application replay pass 7
==PROF== Profiling "sm80_xmma_gemm_f32f32_f32f32_..." - 148: Application replay pass 7
==PROF== Profiling "Kernel" - 149: Application replay pass 7
==PROF== Profiling "splitKreduce_kernel" - 150: Application replay pass 7
==PROF== Profiling "reduce_kernel" - 151: Application replay pass 7
==PROF== Profiling "vectorized_elementwise_kernel" - 152: Application replay pass 7
==PROF== Profiling "vectorized_elementwise_kernel" - 153: Application replay pass 7
==PROF== Profiling "elementwise_kernel" - 154: Application replay pass 7
==PROF== Profiling "sm80_xmma_gemm_f32f32_f32f32_..." - 155: Application replay pass 7
==PROF== Profiling "sm80_xmma_gemm_f32f32_f32f32_..." - 156: Application replay pass 7
==PROF== Profiling "vectorized_elementwise_kernel" - 157: Application replay pass 7
==PROF== Profiling "vectorized_elementwise_kernel" - 158: Application replay pass 7
==PROF== Profiling "softmax_warp_backward" - 159: Application replay pass 7
==PROF== Profiling "vectorized_elementwise_kernel" - 160: Application replay pass 7
==PROF== Profiling "elementwise_kernel" - 161: Application replay pass 7
==PROF== Profiling "elementwise_kernel" - 162: Application replay pass 7
==PROF== Profiling "sm80_xmma_gemm_f32f32_f32f32_..." - 163: Application replay pass 7
==PROF== Profiling "sm80_xmma_gemm_f32f32_f32f32_..." - 164: Application replay pass 7
==PROF== Profiling "elementwise_kernel" - 165: Application replay pass 7
==PROF== Profiling "elementwise_kernel" - 166: Application replay pass 7
==PROF== Profiling "CatArrayBatchedCopy" - 167: Application replay pass 7
==PROF== Profiling "sm80_xmma_gemm_f32f32_f32f32_..." - 168: Application replay pass 7
==PROF== Profiling "Kernel" - 169: Application replay pass 7
==PROF== Profiling "reduce_kernel" - 170: Application replay pass 7
==PROF== Profiling "vectorized_elementwise_kernel" - 171: Application replay pass 7
==PROF== Profiling "vectorized_elementwise_kernel" - 172: Application replay pass 7
==PROF== Profiling "layer_norm_grad_input_kernel" - 173: Application replay pass 7
==PROF== Profiling "GammaBetaBackwardCUDAKernel_3..." - 174: Application replay pass 7
==PROF== Profiling "vectorized_elementwise_kernel" - 175: Application replay pass 7
==PROF== Profiling "vectorized_elementwise_kernel" - 176: Application replay pass 7
==PROF== Profiling "vectorized_elementwise_kernel" - 177: Application replay pass 7
==PROF== Profiling "vectorized_elementwise_kernel" - 178: Application replay pass 7
==PROF== Profiling "sm80_xmma_gemm_f32f32_f32f32_..." - 179: Application replay pass 7
==PROF== Profiling "Kernel" - 180: Application replay pass 7
==PROF== Profiling "reduce_kernel" - 181: Application replay pass 7
==PROF== Profiling "vectorized_elementwise_kernel" - 182: Application replay pass 7
==PROF== Profiling "vectorized_elementwise_kernel" - 183: Application replay pass 7
==PROF== Profiling "vectorized_elementwise_kernel" - 184: Application replay pass 7
==PROF== Profiling "vectorized_elementwise_kernel" - 185: Application replay pass 7
==PROF== Profiling "vectorized_elementwise_kernel" - 186: Application replay pass 7
==PROF== Profiling "vectorized_elementwise_kernel" - 187: Application replay pass 7
==PROF== Profiling "vectorized_elementwise_kernel" - 188: Application replay pass 7
==PROF== Profiling "vectorized_elementwise_kernel" - 189: Application replay pass 7
==PROF== Profiling "vectorized_elementwise_kernel" - 190: Application replay pass 7
==PROF== Profiling "vectorized_elementwise_kernel" - 191: Application replay pass 7
==PROF== Profiling "vectorized_elementwise_kernel" - 192: Application replay pass 7
==PROF== Profiling "vectorized_elementwise_kernel" - 193: Application replay pass 7
==PROF== Profiling "vectorized_elementwise_kernel" - 194: Application replay pass 7
==PROF== Profiling "sm80_xmma_gemm_f32f32_f32f32_..." - 195: Application replay pass 7
==PROF== Profiling "Kernel" - 196: Application replay pass 7
==PROF== Profiling "reduce_kernel" - 197: Application replay pass 7
==PROF== Profiling "vectorized_elementwise_kernel" - 198: Application replay pass 7
==PROF== Profiling "vectorized_elementwise_kernel" - 199: Application replay pass 7
==PROF== Profiling "layer_norm_grad_input_kernel" - 200: Application replay pass 7
==PROF== Profiling "GammaBetaBackwardCUDAKernel_3..." - 201: Application replay pass 7
==PROF== Profiling "vectorized_elementwise_kernel" - 202: Application replay pass 7
==PROF== Profiling "vectorized_elementwise_kernel" - 203: Application replay pass 7
==PROF== Profiling "vectorized_elementwise_kernel" - 204: Application replay pass 7
==PROF== Profiling "vectorized_elementwise_kernel" - 205: Application replay pass 7
==PROF== Profiling "sm80_xmma_gemm_f32f32_f32f32_..." - 206: Application replay pass 7
==PROF== Profiling "Kernel" - 207: Application replay pass 7
==PROF== Profiling "splitKreduce_kernel" - 208: Application replay pass 7
==PROF== Profiling "reduce_kernel" - 209: Application replay pass 7
==PROF== Profiling "vectorized_elementwise_kernel" - 210: Application replay pass 7
==PROF== Profiling "vectorized_elementwise_kernel" - 211: Application replay pass 7
==PROF== Profiling "elementwise_kernel" - 212: Application replay pass 7
==PROF== Profiling "sm80_xmma_gemm_f32f32_f32f32_..." - 213: Application replay pass 7
==PROF== Profiling "sm80_xmma_gemm_f32f32_f32f32_..." - 214: Application replay pass 7
==PROF== Profiling "vectorized_elementwise_kernel" - 215: Application replay pass 7
==PROF== Profiling "vectorized_elementwise_kernel" - 216: Application replay pass 7
==PROF== Profiling "softmax_warp_backward" - 217: Application replay pass 7
==PROF== Profiling "vectorized_elementwise_kernel" - 218: Application replay pass 7
==PROF== Profiling "elementwise_kernel" - 219: Application replay pass 7
==PROF== Profiling "elementwise_kernel" - 220: Application replay pass 7
==PROF== Profiling "sm80_xmma_gemm_f32f32_f32f32_..." - 221: Application replay pass 7
==PROF== Profiling "sm80_xmma_gemm_f32f32_f32f32_..." - 222: Application replay pass 7
==PROF== Profiling "elementwise_kernel" - 223: Application replay pass 7
==PROF== Profiling "elementwise_kernel" - 224: Application replay pass 7
==PROF== Profiling "CatArrayBatchedCopy" - 225: Application replay pass 7
==PROF== Profiling "sm80_xmma_gemm_f32f32_f32f32_..." - 226: Application replay pass 7
==PROF== Profiling "Kernel" - 227: Application replay pass 7
==PROF== Profiling "reduce_kernel" - 228: Application replay pass 7
==PROF== Profiling "vectorized_elementwise_kernel" - 229: Application replay pass 7
==PROF== Profiling "vectorized_elementwise_kernel" - 230: Application replay pass 7
==PROF== Profiling "layer_norm_grad_input_kernel" - 231: Application replay pass 7
==PROF== Profiling "GammaBetaBackwardCUDAKernel_3..." - 232: Application replay pass 7
==PROF== Profiling "vectorized_elementwise_kernel" - 233: Application replay pass 7
==PROF== Profiling "vectorized_elementwise_kernel" - 234: Application replay pass 7
==PROF== Profiling "vectorized_elementwise_kernel" - 235: Application replay pass 7
==PROF== Profiling "vectorized_elementwise_kernel" - 236: Application replay pass 7
==PROF== Profiling "sm80_xmma_gemm_f32f32_f32f32_..." - 237: Application replay pass 7
==PROF== Profiling "Kernel" - 238: Application replay pass 7
==PROF== Profiling "reduce_kernel" - 239: Application replay pass 7
==PROF== Profiling "vectorized_elementwise_kernel" - 240: Application replay pass 7
==PROF== Profiling "vectorized_elementwise_kernel" - 241: Application replay pass 7
==PROF== Profiling "vectorized_elementwise_kernel" - 242: Application replay pass 7
==PROF== Profiling "vectorized_elementwise_kernel" - 243: Application replay pass 7
==PROF== Profiling "vectorized_elementwise_kernel" - 244: Application replay pass 7
==PROF== Profiling "vectorized_elementwise_kernel" - 245: Application replay pass 7
==PROF== Profiling "vectorized_elementwise_kernel" - 246: Application replay pass 7
==PROF== Profiling "vectorized_elementwise_kernel" - 247: Application replay pass 7
==PROF== Profiling "vectorized_elementwise_kernel" - 248: Application replay pass 7
==PROF== Profiling "vectorized_elementwise_kernel" - 249: Application replay pass 7
==PROF== Profiling "vectorized_elementwise_kernel" - 250: Application replay pass 7
==PROF== Profiling "vectorized_elementwise_kernel" - 251: Application replay pass 7
==PROF== Profiling "vectorized_elementwise_kernel" - 252: Application replay pass 7
==PROF== Profiling "sm80_xmma_gemm_f32f32_f32f32_..." - 253: Application replay pass 7
==PROF== Profiling "Kernel" - 254: Application replay pass 7
==PROF== Profiling "reduce_kernel" - 255: Application replay pass 7
==PROF== Profiling "vectorized_elementwise_kernel" - 256: Application replay pass 7
==PROF== Profiling "vectorized_elementwise_kernel" - 257: Application replay pass 7
==PROF== Profiling "layer_norm_grad_input_kernel" - 258: Application replay pass 7
==PROF== Profiling "GammaBetaBackwardCUDAKernel_3..." - 259: Application replay pass 7
==PROF== Profiling "vectorized_elementwise_kernel" - 260: Application replay pass 7
==PROF== Profiling "vectorized_elementwise_kernel" - 261: Application replay pass 7
==PROF== Profiling "vectorized_elementwise_kernel" - 262: Application replay pass 7
==PROF== Profiling "vectorized_elementwise_kernel" - 263: Application replay pass 7
==PROF== Profiling "sm80_xmma_gemm_f32f32_f32f32_..." - 264: Application replay pass 7
==PROF== Profiling "Kernel" - 265: Application replay pass 7
==PROF== Profiling "splitKreduce_kernel" - 266: Application replay pass 7
==PROF== Profiling "reduce_kernel" - 267: Application replay pass 7
==PROF== Profiling "vectorized_elementwise_kernel" - 268: Application replay pass 7
==PROF== Profiling "vectorized_elementwise_kernel" - 269: Application replay pass 7
==PROF== Profiling "elementwise_kernel" - 270: Application replay pass 7
==PROF== Profiling "sm80_xmma_gemm_f32f32_f32f32_..." - 271: Application replay pass 7
==PROF== Profiling "sm80_xmma_gemm_f32f32_f32f32_..." - 272: Application replay pass 7
==PROF== Profiling "vectorized_elementwise_kernel" - 273: Application replay pass 7
==PROF== Profiling "vectorized_elementwise_kernel" - 274: Application replay pass 7
==PROF== Profiling "softmax_warp_backward" - 275: Application replay pass 7
==PROF== Profiling "vectorized_elementwise_kernel" - 276: Application replay pass 7
==PROF== Profiling "elementwise_kernel" - 277: Application replay pass 7
==PROF== Profiling "elementwise_kernel" - 278: Application replay pass 7
==PROF== Profiling "sm80_xmma_gemm_f32f32_f32f32_..." - 279: Application replay pass 7
==PROF== Profiling "sm80_xmma_gemm_f32f32_f32f32_..." - 280: Application replay pass 7
==PROF== Profiling "elementwise_kernel" - 281: Application replay pass 7
==PROF== Profiling "elementwise_kernel" - 282: Application replay pass 7
==PROF== Profiling "CatArrayBatchedCopy" - 283: Application replay pass 7
==PROF== Profiling "sm80_xmma_gemm_f32f32_f32f32_..." - 284: Application replay pass 7
==PROF== Profiling "Kernel" - 285: Application replay pass 7
==PROF== Profiling "reduce_kernel" - 286: Application replay pass 7
==PROF== Profiling "vectorized_elementwise_kernel" - 287: Application replay pass 7
==PROF== Profiling "vectorized_elementwise_kernel" - 288: Application replay pass 7
==PROF== Profiling "layer_norm_grad_input_kernel" - 289: Application replay pass 7
==PROF== Profiling "GammaBetaBackwardCUDAKernel_3..." - 290: Application replay pass 7
==PROF== Profiling "vectorized_elementwise_kernel" - 291: Application replay pass 7
==PROF== Profiling "vectorized_elementwise_kernel" - 292: Application replay pass 7
==PROF== Profiling "vectorized_elementwise_kernel" - 293: Application replay pass 7
==PROF== Profiling "vectorized_elementwise_kernel" - 294: Application replay pass 7
==PROF== Profiling "sm80_xmma_gemm_f32f32_f32f32_..." - 295: Application replay pass 7
==PROF== Profiling "Kernel" - 296: Application replay pass 7
==PROF== Profiling "reduce_kernel" - 297: Application replay pass 7
==PROF== Profiling "vectorized_elementwise_kernel" - 298: Application replay pass 7
==PROF== Profiling "vectorized_elementwise_kernel" - 299: Application replay pass 7
==PROF== Profiling "vectorized_elementwise_kernel" - 300: Application replay pass 7
==PROF== Profiling "vectorized_elementwise_kernel" - 301: Application replay pass 7
==PROF== Profiling "vectorized_elementwise_kernel" - 302: Application replay pass 7
==PROF== Profiling "vectorized_elementwise_kernel" - 303: Application replay pass 7
==PROF== Profiling "vectorized_elementwise_kernel" - 304: Application replay pass 7
==PROF== Profiling "vectorized_elementwise_kernel" - 305: Application replay pass 7
==PROF== Profiling "vectorized_elementwise_kernel" - 306: Application replay pass 7
==PROF== Profiling "vectorized_elementwise_kernel" - 307: Application replay pass 7
==PROF== Profiling "vectorized_elementwise_kernel" - 308: Application replay pass 7
==PROF== Profiling "vectorized_elementwise_kernel" - 309: Application replay pass 7
==PROF== Profiling "vectorized_elementwise_kernel" - 310: Application replay pass 7
==PROF== Profiling "sm80_xmma_gemm_f32f32_f32f32_..." - 311: Application replay pass 7
==PROF== Profiling "Kernel" - 312: Application replay pass 7
==PROF== Profiling "reduce_kernel" - 313: Application replay pass 7
==PROF== Profiling "vectorized_elementwise_kernel" - 314: Application replay pass 7
==PROF== Profiling "vectorized_elementwise_kernel" - 315: Application replay pass 7
==PROF== Profiling "layer_norm_grad_input_kernel" - 316: Application replay pass 7
==PROF== Profiling "GammaBetaBackwardCUDAKernel_3..." - 317: Application replay pass 7
==PROF== Profiling "vectorized_elementwise_kernel" - 318: Application replay pass 7
==PROF== Profiling "vectorized_elementwise_kernel" - 319: Application replay pass 7
==PROF== Profiling "vectorized_elementwise_kernel" - 320: Application replay pass 7
==PROF== Profiling "vectorized_elementwise_kernel" - 321: Application replay pass 7
==PROF== Profiling "sm80_xmma_gemm_f32f32_f32f32_..." - 322: Application replay pass 7
==PROF== Profiling "Kernel" - 323: Application replay pass 7
==PROF== Profiling "splitKreduce_kernel" - 324: Application replay pass 7
==PROF== Profiling "reduce_kernel" - 325: Application replay pass 7
==PROF== Profiling "vectorized_elementwise_kernel" - 326: Application replay pass 7
==PROF== Profiling "vectorized_elementwise_kernel" - 327: Application replay pass 7
==PROF== Profiling "elementwise_kernel" - 328: Application replay pass 7
==PROF== Profiling "sm80_xmma_gemm_f32f32_f32f32_..." - 329: Application replay pass 7
==PROF== Profiling "sm80_xmma_gemm_f32f32_f32f32_..." - 330: Application replay pass 7
==PROF== Profiling "vectorized_elementwise_kernel" - 331: Application replay pass 7
==PROF== Profiling "vectorized_elementwise_kernel" - 332: Application replay pass 7
==PROF== Profiling "softmax_warp_backward" - 333: Application replay pass 7
==PROF== Profiling "vectorized_elementwise_kernel" - 334: Application replay pass 7
==PROF== Profiling "elementwise_kernel" - 335: Application replay pass 7
==PROF== Profiling "elementwise_kernel" - 336: Application replay pass 7
==PROF== Profiling "sm80_xmma_gemm_f32f32_f32f32_..." - 337: Application replay pass 7
==PROF== Profiling "sm80_xmma_gemm_f32f32_f32f32_..." - 338: Application replay pass 7
==PROF== Profiling "elementwise_kernel" - 339: Application replay pass 7
==PROF== Profiling "elementwise_kernel" - 340: Application replay pass 7
==PROF== Profiling "CatArrayBatchedCopy" - 341: Application replay pass 7
==PROF== Profiling "sm80_xmma_gemm_f32f32_f32f32_..." - 342: Application replay pass 7
==PROF== Profiling "Kernel" - 343: Application replay pass 7
==PROF== Profiling "reduce_kernel" - 344: Application replay pass 7
==PROF== Profiling "vectorized_elementwise_kernel" - 345: Application replay pass 7
==PROF== Profiling "vectorized_elementwise_kernel" - 346: Application replay pass 7
==PROF== Profiling "layer_norm_grad_input_kernel" - 347: Application replay pass 7
==PROF== Profiling "GammaBetaBackwardCUDAKernel_3..." - 348: Application replay pass 7
==PROF== Profiling "vectorized_elementwise_kernel" - 349: Application replay pass 7
==PROF== Profiling "vectorized_elementwise_kernel" - 350: Application replay pass 7
==PROF== Profiling "vectorized_elementwise_kernel" - 351: Application replay pass 7
==PROF== Profiling "vectorized_elementwise_kernel" - 352: Application replay pass 7
==PROF== Profiling "sm80_xmma_gemm_f32f32_f32f32_..." - 353: Application replay pass 7
==PROF== Profiling "Kernel" - 354: Application replay pass 7
==PROF== Profiling "reduce_kernel" - 355: Application replay pass 7
==PROF== Profiling "vectorized_elementwise_kernel" - 356: Application replay pass 7
==PROF== Profiling "vectorized_elementwise_kernel" - 357: Application replay pass 7
==PROF== Profiling "vectorized_elementwise_kernel" - 358: Application replay pass 7
==PROF== Profiling "vectorized_elementwise_kernel" - 359: Application replay pass 7
==PROF== Profiling "vectorized_elementwise_kernel" - 360: Application replay pass 7
==PROF== Profiling "vectorized_elementwise_kernel" - 361: Application replay pass 7
==PROF== Profiling "vectorized_elementwise_kernel" - 362: Application replay pass 7
==PROF== Profiling "vectorized_elementwise_kernel" - 363: Application replay pass 7
==PROF== Profiling "vectorized_elementwise_kernel" - 364: Application replay pass 7
==PROF== Profiling "vectorized_elementwise_kernel" - 365: Application replay pass 7
==PROF== Profiling "vectorized_elementwise_kernel" - 366: Application replay pass 7
==PROF== Profiling "vectorized_elementwise_kernel" - 367: Application replay pass 7
==PROF== Profiling "vectorized_elementwise_kernel" - 368: Application replay pass 7
==PROF== Profiling "sm80_xmma_gemm_f32f32_f32f32_..." - 369: Application replay pass 7
==PROF== Profiling "Kernel" - 370: Application replay pass 7
==PROF== Profiling "reduce_kernel" - 371: Application replay pass 7
==PROF== Profiling "vectorized_elementwise_kernel" - 372: Application replay pass 7
==PROF== Profiling "vectorized_elementwise_kernel" - 373: Application replay pass 7
==PROF== Profiling "layer_norm_grad_input_kernel" - 374: Application replay pass 7
==PROF== Profiling "GammaBetaBackwardCUDAKernel_3..." - 375: Application replay pass 7
==PROF== Profiling "vectorized_elementwise_kernel" - 376: Application replay pass 7
==PROF== Profiling "vectorized_elementwise_kernel" - 377: Application replay pass 7
==PROF== Profiling "vectorized_elementwise_kernel" - 378: Application replay pass 7
==PROF== Profiling "vectorized_elementwise_kernel" - 379: Application replay pass 7
==PROF== Profiling "sm80_xmma_gemm_f32f32_f32f32_..." - 380: Application replay pass 7
==PROF== Profiling "Kernel" - 381: Application replay pass 7
==PROF== Profiling "splitKreduce_kernel" - 382: Application replay pass 7
==PROF== Profiling "reduce_kernel" - 383: Application replay pass 7
==PROF== Profiling "vectorized_elementwise_kernel" - 384: Application replay pass 7
==PROF== Profiling "vectorized_elementwise_kernel" - 385: Application replay pass 7
==PROF== Profiling "elementwise_kernel" - 386: Application replay pass 7
==PROF== Profiling "sm80_xmma_gemm_f32f32_f32f32_..." - 387: Application replay pass 7
==PROF== Profiling "sm80_xmma_gemm_f32f32_f32f32_..." - 388: Application replay pass 7
==PROF== Profiling "vectorized_elementwise_kernel" - 389: Application replay pass 7
==PROF== Profiling "vectorized_elementwise_kernel" - 390: Application replay pass 7
==PROF== Profiling "softmax_warp_backward" - 391: Application replay pass 7
==PROF== Profiling "vectorized_elementwise_kernel" - 392: Application replay pass 7
==PROF== Profiling "elementwise_kernel" - 393: Application replay pass 7
==PROF== Profiling "elementwise_kernel" - 394: Application replay pass 7
==PROF== Profiling "sm80_xmma_gemm_f32f32_f32f32_..." - 395: Application replay pass 7
==PROF== Profiling "sm80_xmma_gemm_f32f32_f32f32_..." - 396: Application replay pass 7
==PROF== Profiling "elementwise_kernel" - 397: Application replay pass 7
==PROF== Profiling "elementwise_kernel" - 398: Application replay pass 7
==PROF== Profiling "CatArrayBatchedCopy" - 399: Application replay pass 7
==PROF== Profiling "sm80_xmma_gemm_f32f32_f32f32_..." - 400: Application replay pass 7
==PROF== Profiling "Kernel" - 401: Application replay pass 7
==PROF== Profiling "reduce_kernel" - 402: Application replay pass 7
==PROF== Profiling "vectorized_elementwise_kernel" - 403: Application replay pass 7
==PROF== Profiling "vectorized_elementwise_kernel" - 404: Application replay pass 7
==PROF== Profiling "layer_norm_grad_input_kernel" - 405: Application replay pass 7
==PROF== Profiling "GammaBetaBackwardCUDAKernel_3..." - 406: Application replay pass 7
==PROF== Profiling "vectorized_elementwise_kernel" - 407: Application replay pass 7
==PROF== Profiling "vectorized_elementwise_kernel" - 408: Application replay pass 7
==PROF== Profiling "vectorized_elementwise_kernel" - 409: Application replay pass 7
==PROF== Profiling "vectorized_elementwise_kernel" - 410: Application replay pass 7
==PROF== Profiling "sm80_xmma_gemm_f32f32_f32f32_..." - 411: Application replay pass 7
==PROF== Profiling "Kernel" - 412: Application replay pass 7
==PROF== Profiling "reduce_kernel" - 413: Application replay pass 7
==PROF== Profiling "vectorized_elementwise_kernel" - 414: Application replay pass 7
==PROF== Profiling "vectorized_elementwise_kernel" - 415: Application replay pass 7
==PROF== Profiling "vectorized_elementwise_kernel" - 416: Application replay pass 7
==PROF== Profiling "vectorized_elementwise_kernel" - 417: Application replay pass 7
==PROF== Profiling "vectorized_elementwise_kernel" - 418: Application replay pass 7
==PROF== Profiling "vectorized_elementwise_kernel" - 419: Application replay pass 7
==PROF== Profiling "vectorized_elementwise_kernel" - 420: Application replay pass 7
==PROF== Profiling "vectorized_elementwise_kernel" - 421: Application replay pass 7
==PROF== Profiling "vectorized_elementwise_kernel" - 422: Application replay pass 7
==PROF== Profiling "vectorized_elementwise_kernel" - 423: Application replay pass 7
==PROF== Profiling "vectorized_elementwise_kernel" - 424: Application replay pass 7
==PROF== Profiling "vectorized_elementwise_kernel" - 425: Application replay pass 7
==PROF== Profiling "vectorized_elementwise_kernel" - 426: Application replay pass 7
==PROF== Profiling "sm80_xmma_gemm_f32f32_f32f32_..." - 427: Application replay pass 7
==PROF== Profiling "Kernel" - 428: Application replay pass 7
==PROF== Profiling "reduce_kernel" - 429: Application replay pass 7
==PROF== Profiling "vectorized_elementwise_kernel" - 430: Application replay pass 7
==PROF== Profiling "vectorized_elementwise_kernel" - 431: Application replay pass 7
==PROF== Profiling "layer_norm_grad_input_kernel" - 432: Application replay pass 7
==PROF== Profiling "GammaBetaBackwardCUDAKernel_3..." - 433: Application replay pass 7
==PROF== Profiling "vectorized_elementwise_kernel" - 434: Application replay pass 7
==PROF== Profiling "vectorized_elementwise_kernel" - 435: Application replay pass 7
==PROF== Profiling "vectorized_elementwise_kernel" - 436: Application replay pass 7
==PROF== Profiling "vectorized_elementwise_kernel" - 437: Application replay pass 7
==PROF== Profiling "sm80_xmma_gemm_f32f32_f32f32_..." - 438: Application replay pass 7
==PROF== Profiling "Kernel" - 439: Application replay pass 7
==PROF== Profiling "splitKreduce_kernel" - 440: Application replay pass 7
==PROF== Profiling "reduce_kernel" - 441: Application replay pass 7
==PROF== Profiling "vectorized_elementwise_kernel" - 442: Application replay pass 7
==PROF== Profiling "vectorized_elementwise_kernel" - 443: Application replay pass 7
==PROF== Profiling "elementwise_kernel" - 444: Application replay pass 7
==PROF== Profiling "sm80_xmma_gemm_f32f32_f32f32_..." - 445: Application replay pass 7
==PROF== Profiling "sm80_xmma_gemm_f32f32_f32f32_..." - 446: Application replay pass 7
==PROF== Profiling "vectorized_elementwise_kernel" - 447: Application replay pass 7
==PROF== Profiling "vectorized_elementwise_kernel" - 448: Application replay pass 7
==PROF== Profiling "softmax_warp_backward" - 449: Application replay pass 7
==PROF== Profiling "vectorized_elementwise_kernel" - 450: Application replay pass 7
==PROF== Profiling "elementwise_kernel" - 451: Application replay pass 7
==PROF== Profiling "elementwise_kernel" - 452: Application replay pass 7
==PROF== Profiling "sm80_xmma_gemm_f32f32_f32f32_..." - 453: Application replay pass 7
==PROF== Profiling "sm80_xmma_gemm_f32f32_f32f32_..." - 454: Application replay pass 7
==PROF== Profiling "elementwise_kernel" - 455: Application replay pass 7
==PROF== Profiling "elementwise_kernel" - 456: Application replay pass 7
==PROF== Profiling "CatArrayBatchedCopy" - 457: Application replay pass 7
==PROF== Profiling "sm80_xmma_gemm_f32f32_f32f32_..." - 458: Application replay pass 7
==PROF== Profiling "Kernel" - 459: Application replay pass 7
==PROF== Profiling "reduce_kernel" - 460: Application replay pass 7
==PROF== Profiling "vectorized_elementwise_kernel" - 461: Application replay pass 7
==PROF== Profiling "vectorized_elementwise_kernel" - 462: Application replay pass 7
==PROF== Profiling "layer_norm_grad_input_kernel" - 463: Application replay pass 7
==PROF== Profiling "GammaBetaBackwardCUDAKernel_3..." - 464: Application replay pass 7
==PROF== Profiling "vectorized_elementwise_kernel" - 465: Application replay pass 7
==PROF== Profiling "vectorized_elementwise_kernel" - 466: Application replay pass 7
==PROF== Profiling "vectorized_elementwise_kernel" - 467: Application replay pass 7
==PROF== Profiling "vectorized_elementwise_kernel" - 468: Application replay pass 7
==PROF== Profiling "sm80_xmma_gemm_f32f32_f32f32_..." - 469: Application replay pass 7
==PROF== Profiling "Kernel" - 470: Application replay pass 7
==PROF== Profiling "reduce_kernel" - 471: Application replay pass 7
==PROF== Profiling "vectorized_elementwise_kernel" - 472: Application replay pass 7
==PROF== Profiling "vectorized_elementwise_kernel" - 473: Application replay pass 7
==PROF== Profiling "vectorized_elementwise_kernel" - 474: Application replay pass 7
==PROF== Profiling "vectorized_elementwise_kernel" - 475: Application replay pass 7
==PROF== Profiling "vectorized_elementwise_kernel" - 476: Application replay pass 7
==PROF== Profiling "vectorized_elementwise_kernel" - 477: Application replay pass 7
==PROF== Profiling "vectorized_elementwise_kernel" - 478: Application replay pass 7
==PROF== Profiling "vectorized_elementwise_kernel" - 479: Application replay pass 7
==PROF== Profiling "vectorized_elementwise_kernel" - 480: Application replay pass 7
==PROF== Profiling "vectorized_elementwise_kernel" - 481: Application replay pass 7
==PROF== Profiling "vectorized_elementwise_kernel" - 482: Application replay pass 7
==PROF== Profiling "vectorized_elementwise_kernel" - 483: Application replay pass 7
==PROF== Profiling "vectorized_elementwise_kernel" - 484: Application replay pass 7
==PROF== Profiling "sm80_xmma_gemm_f32f32_f32f32_..." - 485: Application replay pass 7
==PROF== Profiling "Kernel" - 486: Application replay pass 7
==PROF== Profiling "reduce_kernel" - 487: Application replay pass 7
==PROF== Profiling "vectorized_elementwise_kernel" - 488: Application replay pass 7
==PROF== Profiling "vectorized_elementwise_kernel" - 489: Application replay pass 7
==PROF== Profiling "layer_norm_grad_input_kernel" - 490: Application replay pass 7
==PROF== Profiling "GammaBetaBackwardCUDAKernel_3..." - 491: Application replay pass 7
==PROF== Profiling "vectorized_elementwise_kernel" - 492: Application replay pass 7
==PROF== Profiling "vectorized_elementwise_kernel" - 493: Application replay pass 7
==PROF== Profiling "vectorized_elementwise_kernel" - 494: Application replay pass 7
==PROF== Profiling "vectorized_elementwise_kernel" - 495: Application replay pass 7
==PROF== Profiling "sm80_xmma_gemm_f32f32_f32f32_..." - 496: Application replay pass 7
==PROF== Profiling "Kernel" - 497: Application replay pass 7
==PROF== Profiling "splitKreduce_kernel" - 498: Application replay pass 7
==PROF== Profiling "reduce_kernel" - 499: Application replay pass 7
==PROF== Profiling "vectorized_elementwise_kernel" - 500: Application replay pass 7
==PROF== Profiling "vectorized_elementwise_kernel" - 501: Application replay pass 7
==PROF== Profiling "elementwise_kernel" - 502: Application replay pass 7
==PROF== Profiling "sm80_xmma_gemm_f32f32_f32f32_..." - 503: Application replay pass 7
==PROF== Profiling "sm80_xmma_gemm_f32f32_f32f32_..." - 504: Application replay pass 7
==PROF== Profiling "vectorized_elementwise_kernel" - 505: Application replay pass 7
==PROF== Profiling "vectorized_elementwise_kernel" - 506: Application replay pass 7
==PROF== Profiling "softmax_warp_backward" - 507: Application replay pass 7
==PROF== Profiling "vectorized_elementwise_kernel" - 508: Application replay pass 7
==PROF== Profiling "elementwise_kernel" - 509: Application replay pass 7
==PROF== Profiling "elementwise_kernel" - 510: Application replay pass 7
==PROF== Profiling "sm80_xmma_gemm_f32f32_f32f32_..." - 511: Application replay pass 7
==PROF== Profiling "sm80_xmma_gemm_f32f32_f32f32_..." - 512: Application replay pass 7
==PROF== Profiling "elementwise_kernel" - 513: Application replay pass 7
==PROF== Profiling "elementwise_kernel" - 514: Application replay pass 7
==PROF== Profiling "CatArrayBatchedCopy" - 515: Application replay pass 7
==PROF== Profiling "sm80_xmma_gemm_f32f32_f32f32_..." - 516: Application replay pass 7
==PROF== Profiling "Kernel" - 517: Application replay pass 7
==PROF== Profiling "reduce_kernel" - 518: Application replay pass 7
==PROF== Profiling "vectorized_elementwise_kernel" - 519: Application replay pass 7
==PROF== Profiling "vectorized_elementwise_kernel" - 520: Application replay pass 7
==PROF== Profiling "layer_norm_grad_input_kernel" - 521: Application replay pass 7
==PROF== Profiling "GammaBetaBackwardCUDAKernel_3..." - 522: Application replay pass 7
==PROF== Profiling "vectorized_elementwise_kernel" - 523: Application replay pass 7
==PROF== Profiling "vectorized_elementwise_kernel" - 524: Application replay pass 7
==PROF== Profiling "vectorized_elementwise_kernel" - 525: Application replay pass 7
==PROF== Profiling "vectorized_elementwise_kernel" - 526: Application replay pass 7
==PROF== Profiling "sm80_xmma_gemm_f32f32_f32f32_..." - 527: Application replay pass 7
==PROF== Profiling "Kernel" - 528: Application replay pass 7
==PROF== Profiling "reduce_kernel" - 529: Application replay pass 7
==PROF== Profiling "vectorized_elementwise_kernel" - 530: Application replay pass 7
==PROF== Profiling "vectorized_elementwise_kernel" - 531: Application replay pass 7
==PROF== Profiling "vectorized_elementwise_kernel" - 532: Application replay pass 7
==PROF== Profiling "vectorized_elementwise_kernel" - 533: Application replay pass 7
==PROF== Profiling "vectorized_elementwise_kernel" - 534: Application replay pass 7
==PROF== Profiling "vectorized_elementwise_kernel" - 535: Application replay pass 7
==PROF== Profiling "vectorized_elementwise_kernel" - 536: Application replay pass 7
==PROF== Profiling "vectorized_elementwise_kernel" - 537: Application replay pass 7
==PROF== Profiling "vectorized_elementwise_kernel" - 538: Application replay pass 7
==PROF== Profiling "vectorized_elementwise_kernel" - 539: Application replay pass 7
==PROF== Profiling "vectorized_elementwise_kernel" - 540: Application replay pass 7
==PROF== Profiling "vectorized_elementwise_kernel" - 541: Application replay pass 7
==PROF== Profiling "vectorized_elementwise_kernel" - 542: Application replay pass 7
==PROF== Profiling "sm80_xmma_gemm_f32f32_f32f32_..." - 543: Application replay pass 7
==PROF== Profiling "Kernel" - 544: Application replay pass 7
==PROF== Profiling "reduce_kernel" - 545: Application replay pass 7
==PROF== Profiling "vectorized_elementwise_kernel" - 546: Application replay pass 7
==PROF== Profiling "vectorized_elementwise_kernel" - 547: Application replay pass 7
==PROF== Profiling "layer_norm_grad_input_kernel" - 548: Application replay pass 7
==PROF== Profiling "GammaBetaBackwardCUDAKernel_3..." - 549: Application replay pass 7
==PROF== Profiling "vectorized_elementwise_kernel" - 550: Application replay pass 7
==PROF== Profiling "vectorized_elementwise_kernel" - 551: Application replay pass 7
==PROF== Profiling "vectorized_elementwise_kernel" - 552: Application replay pass 7
==PROF== Profiling "vectorized_elementwise_kernel" - 553: Application replay pass 7
==PROF== Profiling "sm80_xmma_gemm_f32f32_f32f32_..." - 554: Application replay pass 7
==PROF== Profiling "Kernel" - 555: Application replay pass 7
==PROF== Profiling "splitKreduce_kernel" - 556: Application replay pass 7
==PROF== Profiling "reduce_kernel" - 557: Application replay pass 7
==PROF== Profiling "vectorized_elementwise_kernel" - 558: Application replay pass 7
==PROF== Profiling "vectorized_elementwise_kernel" - 559: Application replay pass 7
==PROF== Profiling "elementwise_kernel" - 560: Application replay pass 7
==PROF== Profiling "sm80_xmma_gemm_f32f32_f32f32_..." - 561: Application replay pass 7
==PROF== Profiling "sm80_xmma_gemm_f32f32_f32f32_..." - 562: Application replay pass 7
==PROF== Profiling "vectorized_elementwise_kernel" - 563: Application replay pass 7
==PROF== Profiling "vectorized_elementwise_kernel" - 564: Application replay pass 7
==PROF== Profiling "softmax_warp_backward" - 565: Application replay pass 7
==PROF== Profiling "vectorized_elementwise_kernel" - 566: Application replay pass 7
==PROF== Profiling "elementwise_kernel" - 567: Application replay pass 7
==PROF== Profiling "elementwise_kernel" - 568: Application replay pass 7
==PROF== Profiling "sm80_xmma_gemm_f32f32_f32f32_..." - 569: Application replay pass 7
==PROF== Profiling "sm80_xmma_gemm_f32f32_f32f32_..." - 570: Application replay pass 7
==PROF== Profiling "elementwise_kernel" - 571: Application replay pass 7
==PROF== Profiling "elementwise_kernel" - 572: Application replay pass 7
==PROF== Profiling "CatArrayBatchedCopy" - 573: Application replay pass 7
==PROF== Profiling "sm80_xmma_gemm_f32f32_f32f32_..." - 574: Application replay pass 7
==PROF== Profiling "Kernel" - 575: Application replay pass 7
==PROF== Profiling "reduce_kernel" - 576: Application replay pass 7
==PROF== Profiling "vectorized_elementwise_kernel" - 577: Application replay pass 7
==PROF== Profiling "vectorized_elementwise_kernel" - 578: Application replay pass 7
==PROF== Profiling "layer_norm_grad_input_kernel" - 579: Application replay pass 7
==PROF== Profiling "GammaBetaBackwardCUDAKernel_3..." - 580: Application replay pass 7
==PROF== Profiling "vectorized_elementwise_kernel" - 581: Application replay pass 7
==PROF== Profiling "vectorized_elementwise_kernel" - 582: Application replay pass 7
==PROF== Profiling "vectorized_elementwise_kernel" - 583: Application replay pass 7
==PROF== Profiling "vectorized_elementwise_kernel" - 584: Application replay pass 7
==PROF== Profiling "sm80_xmma_gemm_f32f32_f32f32_..." - 585: Application replay pass 7
==PROF== Profiling "Kernel" - 586: Application replay pass 7
==PROF== Profiling "reduce_kernel" - 587: Application replay pass 7
==PROF== Profiling "vectorized_elementwise_kernel" - 588: Application replay pass 7
==PROF== Profiling "vectorized_elementwise_kernel" - 589: Application replay pass 7
==PROF== Profiling "vectorized_elementwise_kernel" - 590: Application replay pass 7
==PROF== Profiling "vectorized_elementwise_kernel" - 591: Application replay pass 7
==PROF== Profiling "vectorized_elementwise_kernel" - 592: Application replay pass 7
==PROF== Profiling "vectorized_elementwise_kernel" - 593: Application replay pass 7
==PROF== Profiling "vectorized_elementwise_kernel" - 594: Application replay pass 7
==PROF== Profiling "vectorized_elementwise_kernel" - 595: Application replay pass 7
==PROF== Profiling "vectorized_elementwise_kernel" - 596: Application replay pass 7
==PROF== Profiling "vectorized_elementwise_kernel" - 597: Application replay pass 7
==PROF== Profiling "vectorized_elementwise_kernel" - 598: Application replay pass 7
==PROF== Profiling "vectorized_elementwise_kernel" - 599: Application replay pass 7
==PROF== Profiling "vectorized_elementwise_kernel" - 600: Application replay pass 7
==PROF== Profiling "sm80_xmma_gemm_f32f32_f32f32_..." - 601: Application replay pass 7
==PROF== Profiling "Kernel" - 602: Application replay pass 7
==PROF== Profiling "reduce_kernel" - 603: Application replay pass 7
==PROF== Profiling "vectorized_elementwise_kernel" - 604: Application replay pass 7
==PROF== Profiling "vectorized_elementwise_kernel" - 605: Application replay pass 7
==PROF== Profiling "layer_norm_grad_input_kernel" - 606: Application replay pass 7
==PROF== Profiling "GammaBetaBackwardCUDAKernel_3..." - 607: Application replay pass 7
==PROF== Profiling "vectorized_elementwise_kernel" - 608: Application replay pass 7
==PROF== Profiling "vectorized_elementwise_kernel" - 609: Application replay pass 7
==PROF== Profiling "vectorized_elementwise_kernel" - 610: Application replay pass 7
==PROF== Profiling "vectorized_elementwise_kernel" - 611: Application replay pass 7
==PROF== Profiling "sm80_xmma_gemm_f32f32_f32f32_..." - 612: Application replay pass 7
==PROF== Profiling "Kernel" - 613: Application replay pass 7
==PROF== Profiling "splitKreduce_kernel" - 614: Application replay pass 7
==PROF== Profiling "reduce_kernel" - 615: Application replay pass 7
==PROF== Profiling "vectorized_elementwise_kernel" - 616: Application replay pass 7
==PROF== Profiling "vectorized_elementwise_kernel" - 617: Application replay pass 7
==PROF== Profiling "elementwise_kernel" - 618: Application replay pass 7
==PROF== Profiling "sm80_xmma_gemm_f32f32_f32f32_..." - 619: Application replay pass 7
==PROF== Profiling "sm80_xmma_gemm_f32f32_f32f32_..." - 620: Application replay pass 7
==PROF== Profiling "vectorized_elementwise_kernel" - 621: Application replay pass 7
==PROF== Profiling "vectorized_elementwise_kernel" - 622: Application replay pass 7
==PROF== Profiling "softmax_warp_backward" - 623: Application replay pass 7
==PROF== Profiling "vectorized_elementwise_kernel" - 624: Application replay pass 7
==PROF== Profiling "elementwise_kernel" - 625: Application replay pass 7
==PROF== Profiling "elementwise_kernel" - 626: Application replay pass 7
==PROF== Profiling "sm80_xmma_gemm_f32f32_f32f32_..." - 627: Application replay pass 7
==PROF== Profiling "sm80_xmma_gemm_f32f32_f32f32_..." - 628: Application replay pass 7
==PROF== Profiling "elementwise_kernel" - 629: Application replay pass 7
==PROF== Profiling "elementwise_kernel" - 630: Application replay pass 7
==PROF== Profiling "CatArrayBatchedCopy" - 631: Application replay pass 7
==PROF== Profiling "sm80_xmma_gemm_f32f32_f32f32_..." - 632: Application replay pass 7
==PROF== Profiling "Kernel" - 633: Application replay pass 7
==PROF== Profiling "reduce_kernel" - 634: Application replay pass 7
==PROF== Profiling "vectorized_elementwise_kernel" - 635: Application replay pass 7
==PROF== Profiling "vectorized_elementwise_kernel" - 636: Application replay pass 7
==PROF== Profiling "layer_norm_grad_input_kernel" - 637: Application replay pass 7
==PROF== Profiling "GammaBetaBackwardCUDAKernel_3..." - 638: Application replay pass 7
==PROF== Profiling "vectorized_elementwise_kernel" - 639: Application replay pass 7
==PROF== Profiling "vectorized_elementwise_kernel" - 640: Application replay pass 7
==PROF== Profiling "vectorized_elementwise_kernel" - 641: Application replay pass 7
==PROF== Profiling "vectorized_elementwise_kernel" - 642: Application replay pass 7
==PROF== Profiling "sm80_xmma_gemm_f32f32_f32f32_..." - 643: Application replay pass 7
==PROF== Profiling "Kernel" - 644: Application replay pass 7
==PROF== Profiling "reduce_kernel" - 645: Application replay pass 7
==PROF== Profiling "vectorized_elementwise_kernel" - 646: Application replay pass 7
==PROF== Profiling "vectorized_elementwise_kernel" - 647: Application replay pass 7
==PROF== Profiling "vectorized_elementwise_kernel" - 648: Application replay pass 7
==PROF== Profiling "vectorized_elementwise_kernel" - 649: Application replay pass 7
==PROF== Profiling "vectorized_elementwise_kernel" - 650: Application replay pass 7
==PROF== Profiling "vectorized_elementwise_kernel" - 651: Application replay pass 7
==PROF== Profiling "vectorized_elementwise_kernel" - 652: Application replay pass 7
==PROF== Profiling "vectorized_elementwise_kernel" - 653: Application replay pass 7
==PROF== Profiling "vectorized_elementwise_kernel" - 654: Application replay pass 7
==PROF== Profiling "vectorized_elementwise_kernel" - 655: Application replay pass 7
==PROF== Profiling "vectorized_elementwise_kernel" - 656: Application replay pass 7
==PROF== Profiling "vectorized_elementwise_kernel" - 657: Application replay pass 7
==PROF== Profiling "vectorized_elementwise_kernel" - 658: Application replay pass 7
==PROF== Profiling "sm80_xmma_gemm_f32f32_f32f32_..." - 659: Application replay pass 7
==PROF== Profiling "Kernel" - 660: Application replay pass 7
==PROF== Profiling "reduce_kernel" - 661: Application replay pass 7
==PROF== Profiling "vectorized_elementwise_kernel" - 662: Application replay pass 7
==PROF== Profiling "vectorized_elementwise_kernel" - 663: Application replay pass 7
==PROF== Profiling "layer_norm_grad_input_kernel" - 664: Application replay pass 7
==PROF== Profiling "GammaBetaBackwardCUDAKernel_3..." - 665: Application replay pass 7
==PROF== Profiling "vectorized_elementwise_kernel" - 666: Application replay pass 7
==PROF== Profiling "vectorized_elementwise_kernel" - 667: Application replay pass 7
==PROF== Profiling "vectorized_elementwise_kernel" - 668: Application replay pass 7
==PROF== Profiling "vectorized_elementwise_kernel" - 669: Application replay pass 7
==PROF== Profiling "sm80_xmma_gemm_f32f32_f32f32_..." - 670: Application replay pass 7
==PROF== Profiling "Kernel" - 671: Application replay pass 7
==PROF== Profiling "splitKreduce_kernel" - 672: Application replay pass 7
==PROF== Profiling "reduce_kernel" - 673: Application replay pass 7
==PROF== Profiling "vectorized_elementwise_kernel" - 674: Application replay pass 7
==PROF== Profiling "vectorized_elementwise_kernel" - 675: Application replay pass 7
==PROF== Profiling "elementwise_kernel" - 676: Application replay pass 7
==PROF== Profiling "sm80_xmma_gemm_f32f32_f32f32_..." - 677: Application replay pass 7
==PROF== Profiling "sm80_xmma_gemm_f32f32_f32f32_..." - 678: Application replay pass 7
==PROF== Profiling "vectorized_elementwise_kernel" - 679: Application replay pass 7
==PROF== Profiling "vectorized_elementwise_kernel" - 680: Application replay pass 7
==PROF== Profiling "softmax_warp_backward" - 681: Application replay pass 7
==PROF== Profiling "vectorized_elementwise_kernel" - 682: Application replay pass 7
==PROF== Profiling "elementwise_kernel" - 683: Application replay pass 7
==PROF== Profiling "elementwise_kernel" - 684: Application replay pass 7
==PROF== Profiling "sm80_xmma_gemm_f32f32_f32f32_..." - 685: Application replay pass 7
==PROF== Profiling "sm80_xmma_gemm_f32f32_f32f32_..." - 686: Application replay pass 7
==PROF== Profiling "elementwise_kernel" - 687: Application replay pass 7
==PROF== Profiling "elementwise_kernel" - 688: Application replay pass 7
==PROF== Profiling "CatArrayBatchedCopy" - 689: Application replay pass 7
==PROF== Profiling "sm80_xmma_gemm_f32f32_f32f32_..." - 690: Application replay pass 7
==PROF== Profiling "Kernel" - 691: Application replay pass 7
==PROF== Profiling "reduce_kernel" - 692: Application replay pass 7
==PROF== Profiling "vectorized_elementwise_kernel" - 693: Application replay pass 7
==PROF== Profiling "vectorized_elementwise_kernel" - 694: Application replay pass 7
==PROF== Profiling "layer_norm_grad_input_kernel" - 695: Application replay pass 7
==PROF== Profiling "GammaBetaBackwardCUDAKernel_3..." - 696: Application replay pass 7
==PROF== Profiling "vectorized_elementwise_kernel" - 697: Application replay pass 7
==PROF== Profiling "vectorized_elementwise_kernel" - 698: Application replay pass 7
==PROF== Profiling "vectorized_elementwise_kernel" - 699: Application replay pass 7
==PROF== Profiling "vectorized_elementwise_kernel" - 700: Application replay pass 7
==PROF== Profiling "reduce_kernel" - 701: Application replay pass 7
==PROF== Profiling "vectorized_elementwise_kernel" - 702: Application replay pass 7
==PROF== Profiling "embedding_backward_feature_ke..." - 703: Application replay pass 7
==PROF== Profiling "vectorized_elementwise_kernel" - 704: Application replay pass 7
==PROF== Profiling "elementwise_kernel_with_index" - 705: Application replay pass 7
==PROF== Profiling "DeviceRadixSortHistogramKernel" - 706: Application replay pass 7
==PROF== Profiling "DeviceRadixSortExclusiveSumKe..." - 707: Application replay pass 7
==PROF== Profiling "DeviceRadixSortOnesweepKernel" - 708: Application replay pass 7
==PROF== Profiling "DeviceRadixSortOnesweepKernel" - 709: Application replay pass 7
==PROF== Profiling "DeviceRadixSortOnesweepKernel" - 710: Application replay pass 7
==PROF== Profiling "DeviceRadixSortOnesweepKernel" - 711: Application replay pass 7
==PROF== Profiling "DeviceRadixSortOnesweepKernel" - 712: Application replay pass 7
==PROF== Profiling "DeviceRadixSortOnesweepKernel" - 713: Application replay pass 7
==PROF== Profiling "DeviceRadixSortOnesweepKernel" - 714: Application replay pass 7
==PROF== Profiling "DeviceRadixSortOnesweepKernel" - 715: Application replay pass 7
==PROF== Profiling "vectorized_elementwise_kernel" - 716: Application replay pass 7
==PROF== Profiling "DeviceCompactInitKernel" - 717: Application replay pass 7
==PROF== Profiling "DeviceUniqueByKeySweepKernel" - 718: Application replay pass 7
==PROF== Profiling "krn_partials_per_segment" - 719: Application replay pass 7
==PROF== Profiling "DeviceScanInitKernel" - 720: Application replay pass 7
==PROF== Profiling "DeviceScanKernel" - 721: Application replay pass 7
==PROF== Profiling "compute_num_of_partial_segments" - 722: Application replay pass 7
==PROF== Profiling "krn_partial_segment_offset" - 723: Application replay pass 7
==PROF== Profiling "compute_grad_weight" - 724: Application replay pass 7
==PROF== Profiling "sum_and_scatter" - 725: Application replay pass 7
==PROF== Profiling "vectorized_elementwise_kernel" - 726: Application replay pass 7
debug: Rank 0: Stopping profiler
Rank 0, Epoch [3/3], Finished epoch.
debug: Cleaning up process group
debug: Rank 0: Training process completed
==PROF== Disconnected from process 5164
debug: mp.spawn completed
PyTorch CUDA version: 12.1 matches with CUDA version required in environment config.
Configuration Values:
cuda version check: 12.1
world_size: 1
cap_size: 2
epochs: 3
batchsize: 16
debug: Starting mp.spawn...
debug: Rank 0: Running training process
debug: Rank 0: Preparing model and data
debug: Rank 0: Setting up process group
==PROF== Connected to process 5947 (/opt/conda/envs/echo_slowdown/bin/python3.10)
debug: Rank 0: Process group setup complete
debug: Rank 0: Starting training for 3 epochs
debug: Rank 0: Actual epoch 1/3 starting
Rank 0, Epoch [1/3], Finished epoch.
debug: Rank 0: Actual epoch 2/3 starting
Rank 0, Epoch [2/3], Finished epoch.
debug: Rank 0: Actual epoch 3/3 starting
debug: Rank 0: Starting backward pass profiling
==PROF== Profiling "layer_norm_grad_input_kernel" - 0: Application replay pass 8
==PROF== Profiling "GammaBetaBackwardCUDAKernel_3..." - 1: Application replay pass 8
==PROF== Profiling "vectorized_elementwise_kernel" - 2: Application replay pass 8
==PROF== Profiling "vectorized_elementwise_kernel" - 3: Application replay pass 8
==PROF== Profiling "vectorized_elementwise_kernel" - 4: Application replay pass 8
==PROF== Profiling "sm80_xmma_gemm_f32f32_f32f32_..." - 5: Application replay pass 8
==PROF== Profiling "Kernel" - 6: Application replay pass 8
==PROF== Profiling "reduce_kernel" - 7: Application replay pass 8
==PROF== Profiling "vectorized_elementwise_kernel" - 8: Application replay pass 8
==PROF== Profiling "vectorized_elementwise_kernel" - 9: Application replay pass 8
==PROF== Profiling "vectorized_elementwise_kernel" - 10: Application replay pass 8
==PROF== Profiling "vectorized_elementwise_kernel" - 11: Application replay pass 8
==PROF== Profiling "vectorized_elementwise_kernel" - 12: Application replay pass 8
==PROF== Profiling "vectorized_elementwise_kernel" - 13: Application replay pass 8
==PROF== Profiling "vectorized_elementwise_kernel" - 14: Application replay pass 8
==PROF== Profiling "vectorized_elementwise_kernel" - 15: Application replay pass 8
==PROF== Profiling "vectorized_elementwise_kernel" - 16: Application replay pass 8
==PROF== Profiling "vectorized_elementwise_kernel" - 17: Application replay pass 8
==PROF== Profiling "vectorized_elementwise_kernel" - 18: Application replay pass 8
==PROF== Profiling "vectorized_elementwise_kernel" - 19: Application replay pass 8
==PROF== Profiling "vectorized_elementwise_kernel" - 20: Application replay pass 8
==PROF== Profiling "sm80_xmma_gemm_f32f32_f32f32_..." - 21: Application replay pass 8
==PROF== Profiling "Kernel" - 22: Application replay pass 8
==PROF== Profiling "reduce_kernel" - 23: Application replay pass 8
==PROF== Profiling "vectorized_elementwise_kernel" - 24: Application replay pass 8
==PROF== Profiling "vectorized_elementwise_kernel" - 25: Application replay pass 8
==PROF== Profiling "layer_norm_grad_input_kernel" - 26: Application replay pass 8
==PROF== Profiling "GammaBetaBackwardCUDAKernel_3..." - 27: Application replay pass 8
==PROF== Profiling "vectorized_elementwise_kernel" - 28: Application replay pass 8
==PROF== Profiling "vectorized_elementwise_kernel" - 29: Application replay pass 8
==PROF== Profiling "vectorized_elementwise_kernel" - 30: Application replay pass 8
==PROF== Profiling "vectorized_elementwise_kernel" - 31: Application replay pass 8
==PROF== Profiling "sm80_xmma_gemm_f32f32_f32f32_..." - 32: Application replay pass 8
==PROF== Profiling "Kernel" - 33: Application replay pass 8
==PROF== Profiling "splitKreduce_kernel" - 34: Application replay pass 8
==PROF== Profiling "reduce_kernel" - 35: Application replay pass 8
==PROF== Profiling "vectorized_elementwise_kernel" - 36: Application replay pass 8
==PROF== Profiling "vectorized_elementwise_kernel" - 37: Application replay pass 8
==PROF== Profiling "elementwise_kernel" - 38: Application replay pass 8
==PROF== Profiling "sm80_xmma_gemm_f32f32_f32f32_..." - 39: Application replay pass 8
==PROF== Profiling "sm80_xmma_gemm_f32f32_f32f32_..." - 40: Application replay pass 8
==PROF== Profiling "vectorized_elementwise_kernel" - 41: Application replay pass 8
==PROF== Profiling "vectorized_elementwise_kernel" - 42: Application replay pass 8
==PROF== Profiling "softmax_warp_backward" - 43: Application replay pass 8
==PROF== Profiling "vectorized_elementwise_kernel" - 44: Application replay pass 8
==PROF== Profiling "elementwise_kernel" - 45: Application replay pass 8
==PROF== Profiling "elementwise_kernel" - 46: Application replay pass 8
==PROF== Profiling "sm80_xmma_gemm_f32f32_f32f32_..." - 47: Application replay pass 8
==PROF== Profiling "sm80_xmma_gemm_f32f32_f32f32_..." - 48: Application replay pass 8
==PROF== Profiling "elementwise_kernel" - 49: Application replay pass 8
==PROF== Profiling "elementwise_kernel" - 50: Application replay pass 8
==PROF== Profiling "CatArrayBatchedCopy" - 51: Application replay pass 8
==PROF== Profiling "sm80_xmma_gemm_f32f32_f32f32_..." - 52: Application replay pass 8
==PROF== Profiling "Kernel" - 53: Application replay pass 8
==PROF== Profiling "reduce_kernel" - 54: Application replay pass 8
==PROF== Profiling "vectorized_elementwise_kernel" - 55: Application replay pass 8
==PROF== Profiling "vectorized_elementwise_kernel" - 56: Application replay pass 8
==PROF== Profiling "layer_norm_grad_input_kernel" - 57: Application replay pass 8
==PROF== Profiling "GammaBetaBackwardCUDAKernel_3..." - 58: Application replay pass 8
==PROF== Profiling "vectorized_elementwise_kernel" - 59: Application replay pass 8
==PROF== Profiling "vectorized_elementwise_kernel" - 60: Application replay pass 8
==PROF== Profiling "vectorized_elementwise_kernel" - 61: Application replay pass 8
==PROF== Profiling "vectorized_elementwise_kernel" - 62: Application replay pass 8
==PROF== Profiling "sm80_xmma_gemm_f32f32_f32f32_..." - 63: Application replay pass 8
==PROF== Profiling "Kernel" - 64: Application replay pass 8
==PROF== Profiling "reduce_kernel" - 65: Application replay pass 8
==PROF== Profiling "vectorized_elementwise_kernel" - 66: Application replay pass 8
==PROF== Profiling "vectorized_elementwise_kernel" - 67: Application replay pass 8
==PROF== Profiling "vectorized_elementwise_kernel" - 68: Application replay pass 8
==PROF== Profiling "vectorized_elementwise_kernel" - 69: Application replay pass 8
==PROF== Profiling "vectorized_elementwise_kernel" - 70: Application replay pass 8
==PROF== Profiling "vectorized_elementwise_kernel" - 71: Application replay pass 8
==PROF== Profiling "vectorized_elementwise_kernel" - 72: Application replay pass 8
==PROF== Profiling "vectorized_elementwise_kernel" - 73: Application replay pass 8
==PROF== Profiling "vectorized_elementwise_kernel" - 74: Application replay pass 8
==PROF== Profiling "vectorized_elementwise_kernel" - 75: Application replay pass 8
==PROF== Profiling "vectorized_elementwise_kernel" - 76: Application replay pass 8
==PROF== Profiling "vectorized_elementwise_kernel" - 77: Application replay pass 8
==PROF== Profiling "vectorized_elementwise_kernel" - 78: Application replay pass 8
==PROF== Profiling "sm80_xmma_gemm_f32f32_f32f32_..." - 79: Application replay pass 8
==PROF== Profiling "Kernel" - 80: Application replay pass 8
==PROF== Profiling "reduce_kernel" - 81: Application replay pass 8
==PROF== Profiling "vectorized_elementwise_kernel" - 82: Application replay pass 8
==PROF== Profiling "vectorized_elementwise_kernel" - 83: Application replay pass 8
==PROF== Profiling "layer_norm_grad_input_kernel" - 84: Application replay pass 8
==PROF== Profiling "GammaBetaBackwardCUDAKernel_3..." - 85: Application replay pass 8
==PROF== Profiling "vectorized_elementwise_kernel" - 86: Application replay pass 8
==PROF== Profiling "vectorized_elementwise_kernel" - 87: Application replay pass 8
==PROF== Profiling "vectorized_elementwise_kernel" - 88: Application replay pass 8
==PROF== Profiling "vectorized_elementwise_kernel" - 89: Application replay pass 8
==PROF== Profiling "sm80_xmma_gemm_f32f32_f32f32_..." - 90: Application replay pass 8
==PROF== Profiling "Kernel" - 91: Application replay pass 8
==PROF== Profiling "splitKreduce_kernel" - 92: Application replay pass 8
==PROF== Profiling "reduce_kernel" - 93: Application replay pass 8
==PROF== Profiling "vectorized_elementwise_kernel" - 94: Application replay pass 8
==PROF== Profiling "vectorized_elementwise_kernel" - 95: Application replay pass 8
==PROF== Profiling "elementwise_kernel" - 96: Application replay pass 8
==PROF== Profiling "sm80_xmma_gemm_f32f32_f32f32_..." - 97: Application replay pass 8
==PROF== Profiling "sm80_xmma_gemm_f32f32_f32f32_..." - 98: Application replay pass 8
==PROF== Profiling "vectorized_elementwise_kernel" - 99: Application replay pass 8
==PROF== Profiling "vectorized_elementwise_kernel" - 100: Application replay pass 8
==PROF== Profiling "softmax_warp_backward" - 101: Application replay pass 8
==PROF== Profiling "vectorized_elementwise_kernel" - 102: Application replay pass 8
==PROF== Profiling "elementwise_kernel" - 103: Application replay pass 8
==PROF== Profiling "elementwise_kernel" - 104: Application replay pass 8
==PROF== Profiling "sm80_xmma_gemm_f32f32_f32f32_..." - 105: Application replay pass 8
==PROF== Profiling "sm80_xmma_gemm_f32f32_f32f32_..." - 106: Application replay pass 8
==PROF== Profiling "elementwise_kernel" - 107: Application replay pass 8
==PROF== Profiling "elementwise_kernel" - 108: Application replay pass 8
==PROF== Profiling "CatArrayBatchedCopy" - 109: Application replay pass 8
==PROF== Profiling "sm80_xmma_gemm_f32f32_f32f32_..." - 110: Application replay pass 8
==PROF== Profiling "Kernel" - 111: Application replay pass 8
==PROF== Profiling "reduce_kernel" - 112: Application replay pass 8
==PROF== Profiling "vectorized_elementwise_kernel" - 113: Application replay pass 8
==PROF== Profiling "vectorized_elementwise_kernel" - 114: Application replay pass 8
==PROF== Profiling "layer_norm_grad_input_kernel" - 115: Application replay pass 8
==PROF== Profiling "GammaBetaBackwardCUDAKernel_3..." - 116: Application replay pass 8
==PROF== Profiling "vectorized_elementwise_kernel" - 117: Application replay pass 8
==PROF== Profiling "vectorized_elementwise_kernel" - 118: Application replay pass 8
==PROF== Profiling "vectorized_elementwise_kernel" - 119: Application replay pass 8
==PROF== Profiling "vectorized_elementwise_kernel" - 120: Application replay pass 8
==PROF== Profiling "sm80_xmma_gemm_f32f32_f32f32_..." - 121: Application replay pass 8
==PROF== Profiling "Kernel" - 122: Application replay pass 8
==PROF== Profiling "reduce_kernel" - 123: Application replay pass 8
==PROF== Profiling "vectorized_elementwise_kernel" - 124: Application replay pass 8
==PROF== Profiling "vectorized_elementwise_kernel" - 125: Application replay pass 8
==PROF== Profiling "vectorized_elementwise_kernel" - 126: Application replay pass 8
==PROF== Profiling "vectorized_elementwise_kernel" - 127: Application replay pass 8
==PROF== Profiling "vectorized_elementwise_kernel" - 128: Application replay pass 8
==PROF== Profiling "vectorized_elementwise_kernel" - 129: Application replay pass 8
==PROF== Profiling "vectorized_elementwise_kernel" - 130: Application replay pass 8
==PROF== Profiling "vectorized_elementwise_kernel" - 131: Application replay pass 8
==PROF== Profiling "vectorized_elementwise_kernel" - 132: Application replay pass 8
==PROF== Profiling "vectorized_elementwise_kernel" - 133: Application replay pass 8
==PROF== Profiling "vectorized_elementwise_kernel" - 134: Application replay pass 8
==PROF== Profiling "vectorized_elementwise_kernel" - 135: Application replay pass 8
==PROF== Profiling "vectorized_elementwise_kernel" - 136: Application replay pass 8
==PROF== Profiling "sm80_xmma_gemm_f32f32_f32f32_..." - 137: Application replay pass 8
==PROF== Profiling "Kernel" - 138: Application replay pass 8
==PROF== Profiling "reduce_kernel" - 139: Application replay pass 8
==PROF== Profiling "vectorized_elementwise_kernel" - 140: Application replay pass 8
==PROF== Profiling "vectorized_elementwise_kernel" - 141: Application replay pass 8
==PROF== Profiling "layer_norm_grad_input_kernel" - 142: Application replay pass 8
==PROF== Profiling "GammaBetaBackwardCUDAKernel_3..." - 143: Application replay pass 8
==PROF== Profiling "vectorized_elementwise_kernel" - 144: Application replay pass 8
==PROF== Profiling "vectorized_elementwise_kernel" - 145: Application replay pass 8
==PROF== Profiling "vectorized_elementwise_kernel" - 146: Application replay pass 8
==PROF== Profiling "vectorized_elementwise_kernel" - 147: Application replay pass 8
==PROF== Profiling "sm80_xmma_gemm_f32f32_f32f32_..." - 148: Application replay pass 8
==PROF== Profiling "Kernel" - 149: Application replay pass 8
==PROF== Profiling "splitKreduce_kernel" - 150: Application replay pass 8
==PROF== Profiling "reduce_kernel" - 151: Application replay pass 8
==PROF== Profiling "vectorized_elementwise_kernel" - 152: Application replay pass 8
==PROF== Profiling "vectorized_elementwise_kernel" - 153: Application replay pass 8
==PROF== Profiling "elementwise_kernel" - 154: Application replay pass 8
==PROF== Profiling "sm80_xmma_gemm_f32f32_f32f32_..." - 155: Application replay pass 8
==PROF== Profiling "sm80_xmma_gemm_f32f32_f32f32_..." - 156: Application replay pass 8
==PROF== Profiling "vectorized_elementwise_kernel" - 157: Application replay pass 8
==PROF== Profiling "vectorized_elementwise_kernel" - 158: Application replay pass 8
==PROF== Profiling "softmax_warp_backward" - 159: Application replay pass 8
==PROF== Profiling "vectorized_elementwise_kernel" - 160: Application replay pass 8
==PROF== Profiling "elementwise_kernel" - 161: Application replay pass 8
==PROF== Profiling "elementwise_kernel" - 162: Application replay pass 8
==PROF== Profiling "sm80_xmma_gemm_f32f32_f32f32_..." - 163: Application replay pass 8
==PROF== Profiling "sm80_xmma_gemm_f32f32_f32f32_..." - 164: Application replay pass 8
==PROF== Profiling "elementwise_kernel" - 165: Application replay pass 8
==PROF== Profiling "elementwise_kernel" - 166: Application replay pass 8
==PROF== Profiling "CatArrayBatchedCopy" - 167: Application replay pass 8
==PROF== Profiling "sm80_xmma_gemm_f32f32_f32f32_..." - 168: Application replay pass 8
==PROF== Profiling "Kernel" - 169: Application replay pass 8
==PROF== Profiling "reduce_kernel" - 170: Application replay pass 8
==PROF== Profiling "vectorized_elementwise_kernel" - 171: Application replay pass 8
==PROF== Profiling "vectorized_elementwise_kernel" - 172: Application replay pass 8
==PROF== Profiling "layer_norm_grad_input_kernel" - 173: Application replay pass 8
==PROF== Profiling "GammaBetaBackwardCUDAKernel_3..." - 174: Application replay pass 8
==PROF== Profiling "vectorized_elementwise_kernel" - 175: Application replay pass 8
==PROF== Profiling "vectorized_elementwise_kernel" - 176: Application replay pass 8
==PROF== Profiling "vectorized_elementwise_kernel" - 177: Application replay pass 8
==PROF== Profiling "vectorized_elementwise_kernel" - 178: Application replay pass 8
==PROF== Profiling "sm80_xmma_gemm_f32f32_f32f32_..." - 179: Application replay pass 8
==PROF== Profiling "Kernel" - 180: Application replay pass 8
==PROF== Profiling "reduce_kernel" - 181: Application replay pass 8
==PROF== Profiling "vectorized_elementwise_kernel" - 182: Application replay pass 8
==PROF== Profiling "vectorized_elementwise_kernel" - 183: Application replay pass 8
==PROF== Profiling "vectorized_elementwise_kernel" - 184: Application replay pass 8
==PROF== Profiling "vectorized_elementwise_kernel" - 185: Application replay pass 8
==PROF== Profiling "vectorized_elementwise_kernel" - 186: Application replay pass 8
==PROF== Profiling "vectorized_elementwise_kernel" - 187: Application replay pass 8
==PROF== Profiling "vectorized_elementwise_kernel" - 188: Application replay pass 8
==PROF== Profiling "vectorized_elementwise_kernel" - 189: Application replay pass 8
==PROF== Profiling "vectorized_elementwise_kernel" - 190: Application replay pass 8
==PROF== Profiling "vectorized_elementwise_kernel" - 191: Application replay pass 8
==PROF== Profiling "vectorized_elementwise_kernel" - 192: Application replay pass 8
==PROF== Profiling "vectorized_elementwise_kernel" - 193: Application replay pass 8
==PROF== Profiling "vectorized_elementwise_kernel" - 194: Application replay pass 8
==PROF== Profiling "sm80_xmma_gemm_f32f32_f32f32_..." - 195: Application replay pass 8
==PROF== Profiling "Kernel" - 196: Application replay pass 8
==PROF== Profiling "reduce_kernel" - 197: Application replay pass 8
==PROF== Profiling "vectorized_elementwise_kernel" - 198: Application replay pass 8
==PROF== Profiling "vectorized_elementwise_kernel" - 199: Application replay pass 8
==PROF== Profiling "layer_norm_grad_input_kernel" - 200: Application replay pass 8
==PROF== Profiling "GammaBetaBackwardCUDAKernel_3..." - 201: Application replay pass 8
==PROF== Profiling "vectorized_elementwise_kernel" - 202: Application replay pass 8
==PROF== Profiling "vectorized_elementwise_kernel" - 203: Application replay pass 8
==PROF== Profiling "vectorized_elementwise_kernel" - 204: Application replay pass 8
==PROF== Profiling "vectorized_elementwise_kernel" - 205: Application replay pass 8
==PROF== Profiling "sm80_xmma_gemm_f32f32_f32f32_..." - 206: Application replay pass 8
==PROF== Profiling "Kernel" - 207: Application replay pass 8
==PROF== Profiling "splitKreduce_kernel" - 208: Application replay pass 8
==PROF== Profiling "reduce_kernel" - 209: Application replay pass 8
==PROF== Profiling "vectorized_elementwise_kernel" - 210: Application replay pass 8
==PROF== Profiling "vectorized_elementwise_kernel" - 211: Application replay pass 8
==PROF== Profiling "elementwise_kernel" - 212: Application replay pass 8
==PROF== Profiling "sm80_xmma_gemm_f32f32_f32f32_..." - 213: Application replay pass 8
==PROF== Profiling "sm80_xmma_gemm_f32f32_f32f32_..." - 214: Application replay pass 8
==PROF== Profiling "vectorized_elementwise_kernel" - 215: Application replay pass 8
==PROF== Profiling "vectorized_elementwise_kernel" - 216: Application replay pass 8
==PROF== Profiling "softmax_warp_backward" - 217: Application replay pass 8
==PROF== Profiling "vectorized_elementwise_kernel" - 218: Application replay pass 8
==PROF== Profiling "elementwise_kernel" - 219: Application replay pass 8
==PROF== Profiling "elementwise_kernel" - 220: Application replay pass 8
==PROF== Profiling "sm80_xmma_gemm_f32f32_f32f32_..." - 221: Application replay pass 8
==PROF== Profiling "sm80_xmma_gemm_f32f32_f32f32_..." - 222: Application replay pass 8
==PROF== Profiling "elementwise_kernel" - 223: Application replay pass 8
==PROF== Profiling "elementwise_kernel" - 224: Application replay pass 8
==PROF== Profiling "CatArrayBatchedCopy" - 225: Application replay pass 8
==PROF== Profiling "sm80_xmma_gemm_f32f32_f32f32_..." - 226: Application replay pass 8
==PROF== Profiling "Kernel" - 227: Application replay pass 8
==PROF== Profiling "reduce_kernel" - 228: Application replay pass 8
==PROF== Profiling "vectorized_elementwise_kernel" - 229: Application replay pass 8
==PROF== Profiling "vectorized_elementwise_kernel" - 230: Application replay pass 8
==PROF== Profiling "layer_norm_grad_input_kernel" - 231: Application replay pass 8
==PROF== Profiling "GammaBetaBackwardCUDAKernel_3..." - 232: Application replay pass 8
==PROF== Profiling "vectorized_elementwise_kernel" - 233: Application replay pass 8
==PROF== Profiling "vectorized_elementwise_kernel" - 234: Application replay pass 8
==PROF== Profiling "vectorized_elementwise_kernel" - 235: Application replay pass 8
==PROF== Profiling "vectorized_elementwise_kernel" - 236: Application replay pass 8
==PROF== Profiling "sm80_xmma_gemm_f32f32_f32f32_..." - 237: Application replay pass 8
==PROF== Profiling "Kernel" - 238: Application replay pass 8
==PROF== Profiling "reduce_kernel" - 239: Application replay pass 8
==PROF== Profiling "vectorized_elementwise_kernel" - 240: Application replay pass 8
==PROF== Profiling "vectorized_elementwise_kernel" - 241: Application replay pass 8
==PROF== Profiling "vectorized_elementwise_kernel" - 242: Application replay pass 8
==PROF== Profiling "vectorized_elementwise_kernel" - 243: Application replay pass 8
==PROF== Profiling "vectorized_elementwise_kernel" - 244: Application replay pass 8
==PROF== Profiling "vectorized_elementwise_kernel" - 245: Application replay pass 8
==PROF== Profiling "vectorized_elementwise_kernel" - 246: Application replay pass 8
==PROF== Profiling "vectorized_elementwise_kernel" - 247: Application replay pass 8
==PROF== Profiling "vectorized_elementwise_kernel" - 248: Application replay pass 8
==PROF== Profiling "vectorized_elementwise_kernel" - 249: Application replay pass 8
==PROF== Profiling "vectorized_elementwise_kernel" - 250: Application replay pass 8
==PROF== Profiling "vectorized_elementwise_kernel" - 251: Application replay pass 8
==PROF== Profiling "vectorized_elementwise_kernel" - 252: Application replay pass 8
==PROF== Profiling "sm80_xmma_gemm_f32f32_f32f32_..." - 253: Application replay pass 8
==PROF== Profiling "Kernel" - 254: Application replay pass 8
==PROF== Profiling "reduce_kernel" - 255: Application replay pass 8
==PROF== Profiling "vectorized_elementwise_kernel" - 256: Application replay pass 8
==PROF== Profiling "vectorized_elementwise_kernel" - 257: Application replay pass 8
==PROF== Profiling "layer_norm_grad_input_kernel" - 258: Application replay pass 8
==PROF== Profiling "GammaBetaBackwardCUDAKernel_3..." - 259: Application replay pass 8
==PROF== Profiling "vectorized_elementwise_kernel" - 260: Application replay pass 8
==PROF== Profiling "vectorized_elementwise_kernel" - 261: Application replay pass 8
==PROF== Profiling "vectorized_elementwise_kernel" - 262: Application replay pass 8
==PROF== Profiling "vectorized_elementwise_kernel" - 263: Application replay pass 8
==PROF== Profiling "sm80_xmma_gemm_f32f32_f32f32_..." - 264: Application replay pass 8
==PROF== Profiling "Kernel" - 265: Application replay pass 8
==PROF== Profiling "splitKreduce_kernel" - 266: Application replay pass 8
==PROF== Profiling "reduce_kernel" - 267: Application replay pass 8
==PROF== Profiling "vectorized_elementwise_kernel" - 268: Application replay pass 8
==PROF== Profiling "vectorized_elementwise_kernel" - 269: Application replay pass 8
==PROF== Profiling "elementwise_kernel" - 270: Application replay pass 8
==PROF== Profiling "sm80_xmma_gemm_f32f32_f32f32_..." - 271: Application replay pass 8
==PROF== Profiling "sm80_xmma_gemm_f32f32_f32f32_..." - 272: Application replay pass 8
==PROF== Profiling "vectorized_elementwise_kernel" - 273: Application replay pass 8
==PROF== Profiling "vectorized_elementwise_kernel" - 274: Application replay pass 8
==PROF== Profiling "softmax_warp_backward" - 275: Application replay pass 8
==PROF== Profiling "vectorized_elementwise_kernel" - 276: Application replay pass 8
==PROF== Profiling "elementwise_kernel" - 277: Application replay pass 8
==PROF== Profiling "elementwise_kernel" - 278: Application replay pass 8
==PROF== Profiling "sm80_xmma_gemm_f32f32_f32f32_..." - 279: Application replay pass 8
==PROF== Profiling "sm80_xmma_gemm_f32f32_f32f32_..." - 280: Application replay pass 8
==PROF== Profiling "elementwise_kernel" - 281: Application replay pass 8
==PROF== Profiling "elementwise_kernel" - 282: Application replay pass 8
==PROF== Profiling "CatArrayBatchedCopy" - 283: Application replay pass 8
==PROF== Profiling "sm80_xmma_gemm_f32f32_f32f32_..." - 284: Application replay pass 8
==PROF== Profiling "Kernel" - 285: Application replay pass 8
==PROF== Profiling "reduce_kernel" - 286: Application replay pass 8
==PROF== Profiling "vectorized_elementwise_kernel" - 287: Application replay pass 8
==PROF== Profiling "vectorized_elementwise_kernel" - 288: Application replay pass 8
==PROF== Profiling "layer_norm_grad_input_kernel" - 289: Application replay pass 8
==PROF== Profiling "GammaBetaBackwardCUDAKernel_3..." - 290: Application replay pass 8
==PROF== Profiling "vectorized_elementwise_kernel" - 291: Application replay pass 8
==PROF== Profiling "vectorized_elementwise_kernel" - 292: Application replay pass 8
==PROF== Profiling "vectorized_elementwise_kernel" - 293: Application replay pass 8
==PROF== Profiling "vectorized_elementwise_kernel" - 294: Application replay pass 8
==PROF== Profiling "sm80_xmma_gemm_f32f32_f32f32_..." - 295: Application replay pass 8
==PROF== Profiling "Kernel" - 296: Application replay pass 8
==PROF== Profiling "reduce_kernel" - 297: Application replay pass 8
==PROF== Profiling "vectorized_elementwise_kernel" - 298: Application replay pass 8
==PROF== Profiling "vectorized_elementwise_kernel" - 299: Application replay pass 8
==PROF== Profiling "vectorized_elementwise_kernel" - 300: Application replay pass 8
==PROF== Profiling "vectorized_elementwise_kernel" - 301: Application replay pass 8
==PROF== Profiling "vectorized_elementwise_kernel" - 302: Application replay pass 8
==PROF== Profiling "vectorized_elementwise_kernel" - 303: Application replay pass 8
==PROF== Profiling "vectorized_elementwise_kernel" - 304: Application replay pass 8
==PROF== Profiling "vectorized_elementwise_kernel" - 305: Application replay pass 8
==PROF== Profiling "vectorized_elementwise_kernel" - 306: Application replay pass 8
==PROF== Profiling "vectorized_elementwise_kernel" - 307: Application replay pass 8
==PROF== Profiling "vectorized_elementwise_kernel" - 308: Application replay pass 8
==PROF== Profiling "vectorized_elementwise_kernel" - 309: Application replay pass 8
==PROF== Profiling "vectorized_elementwise_kernel" - 310: Application replay pass 8
==PROF== Profiling "sm80_xmma_gemm_f32f32_f32f32_..." - 311: Application replay pass 8
==PROF== Profiling "Kernel" - 312: Application replay pass 8
==PROF== Profiling "reduce_kernel" - 313: Application replay pass 8
==PROF== Profiling "vectorized_elementwise_kernel" - 314: Application replay pass 8
==PROF== Profiling "vectorized_elementwise_kernel" - 315: Application replay pass 8
==PROF== Profiling "layer_norm_grad_input_kernel" - 316: Application replay pass 8
==PROF== Profiling "GammaBetaBackwardCUDAKernel_3..." - 317: Application replay pass 8
==PROF== Profiling "vectorized_elementwise_kernel" - 318: Application replay pass 8
==PROF== Profiling "vectorized_elementwise_kernel" - 319: Application replay pass 8
==PROF== Profiling "vectorized_elementwise_kernel" - 320: Application replay pass 8
==PROF== Profiling "vectorized_elementwise_kernel" - 321: Application replay pass 8
==PROF== Profiling "sm80_xmma_gemm_f32f32_f32f32_..." - 322: Application replay pass 8
==PROF== Profiling "Kernel" - 323: Application replay pass 8
==PROF== Profiling "splitKreduce_kernel" - 324: Application replay pass 8
==PROF== Profiling "reduce_kernel" - 325: Application replay pass 8
==PROF== Profiling "vectorized_elementwise_kernel" - 326: Application replay pass 8
==PROF== Profiling "vectorized_elementwise_kernel" - 327: Application replay pass 8
==PROF== Profiling "elementwise_kernel" - 328: Application replay pass 8
==PROF== Profiling "sm80_xmma_gemm_f32f32_f32f32_..." - 329: Application replay pass 8
==PROF== Profiling "sm80_xmma_gemm_f32f32_f32f32_..." - 330: Application replay pass 8
==PROF== Profiling "vectorized_elementwise_kernel" - 331: Application replay pass 8
==PROF== Profiling "vectorized_elementwise_kernel" - 332: Application replay pass 8
==PROF== Profiling "softmax_warp_backward" - 333: Application replay pass 8
==PROF== Profiling "vectorized_elementwise_kernel" - 334: Application replay pass 8
==PROF== Profiling "elementwise_kernel" - 335: Application replay pass 8
==PROF== Profiling "elementwise_kernel" - 336: Application replay pass 8
==PROF== Profiling "sm80_xmma_gemm_f32f32_f32f32_..." - 337: Application replay pass 8
==PROF== Profiling "sm80_xmma_gemm_f32f32_f32f32_..." - 338: Application replay pass 8
==PROF== Profiling "elementwise_kernel" - 339: Application replay pass 8
==PROF== Profiling "elementwise_kernel" - 340: Application replay pass 8
==PROF== Profiling "CatArrayBatchedCopy" - 341: Application replay pass 8
==PROF== Profiling "sm80_xmma_gemm_f32f32_f32f32_..." - 342: Application replay pass 8
==PROF== Profiling "Kernel" - 343: Application replay pass 8
==PROF== Profiling "reduce_kernel" - 344: Application replay pass 8
==PROF== Profiling "vectorized_elementwise_kernel" - 345: Application replay pass 8
==PROF== Profiling "vectorized_elementwise_kernel" - 346: Application replay pass 8
==PROF== Profiling "layer_norm_grad_input_kernel" - 347: Application replay pass 8
==PROF== Profiling "GammaBetaBackwardCUDAKernel_3..." - 348: Application replay pass 8
==PROF== Profiling "vectorized_elementwise_kernel" - 349: Application replay pass 8
==PROF== Profiling "vectorized_elementwise_kernel" - 350: Application replay pass 8
==PROF== Profiling "vectorized_elementwise_kernel" - 351: Application replay pass 8
==PROF== Profiling "vectorized_elementwise_kernel" - 352: Application replay pass 8
==PROF== Profiling "sm80_xmma_gemm_f32f32_f32f32_..." - 353: Application replay pass 8
==PROF== Profiling "Kernel" - 354: Application replay pass 8
==PROF== Profiling "reduce_kernel" - 355: Application replay pass 8
==PROF== Profiling "vectorized_elementwise_kernel" - 356: Application replay pass 8
==PROF== Profiling "vectorized_elementwise_kernel" - 357: Application replay pass 8
==PROF== Profiling "vectorized_elementwise_kernel" - 358: Application replay pass 8
==PROF== Profiling "vectorized_elementwise_kernel" - 359: Application replay pass 8
==PROF== Profiling "vectorized_elementwise_kernel" - 360: Application replay pass 8
==PROF== Profiling "vectorized_elementwise_kernel" - 361: Application replay pass 8
==PROF== Profiling "vectorized_elementwise_kernel" - 362: Application replay pass 8
==PROF== Profiling "vectorized_elementwise_kernel" - 363: Application replay pass 8
==PROF== Profiling "vectorized_elementwise_kernel" - 364: Application replay pass 8
==PROF== Profiling "vectorized_elementwise_kernel" - 365: Application replay pass 8
==PROF== Profiling "vectorized_elementwise_kernel" - 366: Application replay pass 8
==PROF== Profiling "vectorized_elementwise_kernel" - 367: Application replay pass 8
==PROF== Profiling "vectorized_elementwise_kernel" - 368: Application replay pass 8
==PROF== Profiling "sm80_xmma_gemm_f32f32_f32f32_..." - 369: Application replay pass 8
==PROF== Profiling "Kernel" - 370: Application replay pass 8
==PROF== Profiling "reduce_kernel" - 371: Application replay pass 8
==PROF== Profiling "vectorized_elementwise_kernel" - 372: Application replay pass 8
==PROF== Profiling "vectorized_elementwise_kernel" - 373: Application replay pass 8
==PROF== Profiling "layer_norm_grad_input_kernel" - 374: Application replay pass 8
==PROF== Profiling "GammaBetaBackwardCUDAKernel_3..." - 375: Application replay pass 8
==PROF== Profiling "vectorized_elementwise_kernel" - 376: Application replay pass 8
==PROF== Profiling "vectorized_elementwise_kernel" - 377: Application replay pass 8
==PROF== Profiling "vectorized_elementwise_kernel" - 378: Application replay pass 8
==PROF== Profiling "vectorized_elementwise_kernel" - 379: Application replay pass 8
==PROF== Profiling "sm80_xmma_gemm_f32f32_f32f32_..." - 380: Application replay pass 8
==PROF== Profiling "Kernel" - 381: Application replay pass 8
==PROF== Profiling "splitKreduce_kernel" - 382: Application replay pass 8
==PROF== Profiling "reduce_kernel" - 383: Application replay pass 8
==PROF== Profiling "vectorized_elementwise_kernel" - 384: Application replay pass 8
==PROF== Profiling "vectorized_elementwise_kernel" - 385: Application replay pass 8
==PROF== Profiling "elementwise_kernel" - 386: Application replay pass 8
==PROF== Profiling "sm80_xmma_gemm_f32f32_f32f32_..." - 387: Application replay pass 8
==PROF== Profiling "sm80_xmma_gemm_f32f32_f32f32_..." - 388: Application replay pass 8
==PROF== Profiling "vectorized_elementwise_kernel" - 389: Application replay pass 8
==PROF== Profiling "vectorized_elementwise_kernel" - 390: Application replay pass 8
==PROF== Profiling "softmax_warp_backward" - 391: Application replay pass 8
==PROF== Profiling "vectorized_elementwise_kernel" - 392: Application replay pass 8
==PROF== Profiling "elementwise_kernel" - 393: Application replay pass 8
==PROF== Profiling "elementwise_kernel" - 394: Application replay pass 8
==PROF== Profiling "sm80_xmma_gemm_f32f32_f32f32_..." - 395: Application replay pass 8
==PROF== Profiling "sm80_xmma_gemm_f32f32_f32f32_..." - 396: Application replay pass 8
==PROF== Profiling "elementwise_kernel" - 397: Application replay pass 8
==PROF== Profiling "elementwise_kernel" - 398: Application replay pass 8
==PROF== Profiling "CatArrayBatchedCopy" - 399: Application replay pass 8
==PROF== Profiling "sm80_xmma_gemm_f32f32_f32f32_..." - 400: Application replay pass 8
==PROF== Profiling "Kernel" - 401: Application replay pass 8
==PROF== Profiling "reduce_kernel" - 402: Application replay pass 8
==PROF== Profiling "vectorized_elementwise_kernel" - 403: Application replay pass 8
==PROF== Profiling "vectorized_elementwise_kernel" - 404: Application replay pass 8
==PROF== Profiling "layer_norm_grad_input_kernel" - 405: Application replay pass 8
==PROF== Profiling "GammaBetaBackwardCUDAKernel_3..." - 406: Application replay pass 8
==PROF== Profiling "vectorized_elementwise_kernel" - 407: Application replay pass 8
==PROF== Profiling "vectorized_elementwise_kernel" - 408: Application replay pass 8
==PROF== Profiling "vectorized_elementwise_kernel" - 409: Application replay pass 8
==PROF== Profiling "vectorized_elementwise_kernel" - 410: Application replay pass 8
==PROF== Profiling "sm80_xmma_gemm_f32f32_f32f32_..." - 411: Application replay pass 8
==PROF== Profiling "Kernel" - 412: Application replay pass 8
==PROF== Profiling "reduce_kernel" - 413: Application replay pass 8
==PROF== Profiling "vectorized_elementwise_kernel" - 414: Application replay pass 8
==PROF== Profiling "vectorized_elementwise_kernel" - 415: Application replay pass 8
==PROF== Profiling "vectorized_elementwise_kernel" - 416: Application replay pass 8
==PROF== Profiling "vectorized_elementwise_kernel" - 417: Application replay pass 8
==PROF== Profiling "vectorized_elementwise_kernel" - 418: Application replay pass 8
==PROF== Profiling "vectorized_elementwise_kernel" - 419: Application replay pass 8
==PROF== Profiling "vectorized_elementwise_kernel" - 420: Application replay pass 8
==PROF== Profiling "vectorized_elementwise_kernel" - 421: Application replay pass 8
==PROF== Profiling "vectorized_elementwise_kernel" - 422: Application replay pass 8
==PROF== Profiling "vectorized_elementwise_kernel" - 423: Application replay pass 8
==PROF== Profiling "vectorized_elementwise_kernel" - 424: Application replay pass 8
==PROF== Profiling "vectorized_elementwise_kernel" - 425: Application replay pass 8
==PROF== Profiling "vectorized_elementwise_kernel" - 426: Application replay pass 8
==PROF== Profiling "sm80_xmma_gemm_f32f32_f32f32_..." - 427: Application replay pass 8
==PROF== Profiling "Kernel" - 428: Application replay pass 8
==PROF== Profiling "reduce_kernel" - 429: Application replay pass 8
==PROF== Profiling "vectorized_elementwise_kernel" - 430: Application replay pass 8
==PROF== Profiling "vectorized_elementwise_kernel" - 431: Application replay pass 8
==PROF== Profiling "layer_norm_grad_input_kernel" - 432: Application replay pass 8
==PROF== Profiling "GammaBetaBackwardCUDAKernel_3..." - 433: Application replay pass 8
==PROF== Profiling "vectorized_elementwise_kernel" - 434: Application replay pass 8
==PROF== Profiling "vectorized_elementwise_kernel" - 435: Application replay pass 8
==PROF== Profiling "vectorized_elementwise_kernel" - 436: Application replay pass 8
==PROF== Profiling "vectorized_elementwise_kernel" - 437: Application replay pass 8
==PROF== Profiling "sm80_xmma_gemm_f32f32_f32f32_..." - 438: Application replay pass 8
==PROF== Profiling "Kernel" - 439: Application replay pass 8
==PROF== Profiling "splitKreduce_kernel" - 440: Application replay pass 8
==PROF== Profiling "reduce_kernel" - 441: Application replay pass 8
==PROF== Profiling "vectorized_elementwise_kernel" - 442: Application replay pass 8
==PROF== Profiling "vectorized_elementwise_kernel" - 443: Application replay pass 8
==PROF== Profiling "elementwise_kernel" - 444: Application replay pass 8
==PROF== Profiling "sm80_xmma_gemm_f32f32_f32f32_..." - 445: Application replay pass 8
==PROF== Profiling "sm80_xmma_gemm_f32f32_f32f32_..." - 446: Application replay pass 8
==PROF== Profiling "vectorized_elementwise_kernel" - 447: Application replay pass 8
==PROF== Profiling "vectorized_elementwise_kernel" - 448: Application replay pass 8
==PROF== Profiling "softmax_warp_backward" - 449: Application replay pass 8
==PROF== Profiling "vectorized_elementwise_kernel" - 450: Application replay pass 8
==PROF== Profiling "elementwise_kernel" - 451: Application replay pass 8
==PROF== Profiling "elementwise_kernel" - 452: Application replay pass 8
==PROF== Profiling "sm80_xmma_gemm_f32f32_f32f32_..." - 453: Application replay pass 8
==PROF== Profiling "sm80_xmma_gemm_f32f32_f32f32_..." - 454: Application replay pass 8
==PROF== Profiling "elementwise_kernel" - 455: Application replay pass 8
==PROF== Profiling "elementwise_kernel" - 456: Application replay pass 8
==PROF== Profiling "CatArrayBatchedCopy" - 457: Application replay pass 8
==PROF== Profiling "sm80_xmma_gemm_f32f32_f32f32_..." - 458: Application replay pass 8
==PROF== Profiling "Kernel" - 459: Application replay pass 8
==PROF== Profiling "reduce_kernel" - 460: Application replay pass 8
==PROF== Profiling "vectorized_elementwise_kernel" - 461: Application replay pass 8
==PROF== Profiling "vectorized_elementwise_kernel" - 462: Application replay pass 8
==PROF== Profiling "layer_norm_grad_input_kernel" - 463: Application replay pass 8
==PROF== Profiling "GammaBetaBackwardCUDAKernel_3..." - 464: Application replay pass 8
==PROF== Profiling "vectorized_elementwise_kernel" - 465: Application replay pass 8
==PROF== Profiling "vectorized_elementwise_kernel" - 466: Application replay pass 8
==PROF== Profiling "vectorized_elementwise_kernel" - 467: Application replay pass 8
==PROF== Profiling "vectorized_elementwise_kernel" - 468: Application replay pass 8
==PROF== Profiling "sm80_xmma_gemm_f32f32_f32f32_..." - 469: Application replay pass 8
==PROF== Profiling "Kernel" - 470: Application replay pass 8
==PROF== Profiling "reduce_kernel" - 471: Application replay pass 8
==PROF== Profiling "vectorized_elementwise_kernel" - 472: Application replay pass 8
==PROF== Profiling "vectorized_elementwise_kernel" - 473: Application replay pass 8
==PROF== Profiling "vectorized_elementwise_kernel" - 474: Application replay pass 8
==PROF== Profiling "vectorized_elementwise_kernel" - 475: Application replay pass 8
==PROF== Profiling "vectorized_elementwise_kernel" - 476: Application replay pass 8
==PROF== Profiling "vectorized_elementwise_kernel" - 477: Application replay pass 8
==PROF== Profiling "vectorized_elementwise_kernel" - 478: Application replay pass 8
==PROF== Profiling "vectorized_elementwise_kernel" - 479: Application replay pass 8
==PROF== Profiling "vectorized_elementwise_kernel" - 480: Application replay pass 8
==PROF== Profiling "vectorized_elementwise_kernel" - 481: Application replay pass 8
==PROF== Profiling "vectorized_elementwise_kernel" - 482: Application replay pass 8
==PROF== Profiling "vectorized_elementwise_kernel" - 483: Application replay pass 8
==PROF== Profiling "vectorized_elementwise_kernel" - 484: Application replay pass 8
==PROF== Profiling "sm80_xmma_gemm_f32f32_f32f32_..." - 485: Application replay pass 8
==PROF== Profiling "Kernel" - 486: Application replay pass 8
==PROF== Profiling "reduce_kernel" - 487: Application replay pass 8
==PROF== Profiling "vectorized_elementwise_kernel" - 488: Application replay pass 8
==PROF== Profiling "vectorized_elementwise_kernel" - 489: Application replay pass 8
==PROF== Profiling "layer_norm_grad_input_kernel" - 490: Application replay pass 8
==PROF== Profiling "GammaBetaBackwardCUDAKernel_3..." - 491: Application replay pass 8
==PROF== Profiling "vectorized_elementwise_kernel" - 492: Application replay pass 8
==PROF== Profiling "vectorized_elementwise_kernel" - 493: Application replay pass 8
==PROF== Profiling "vectorized_elementwise_kernel" - 494: Application replay pass 8
==PROF== Profiling "vectorized_elementwise_kernel" - 495: Application replay pass 8
==PROF== Profiling "sm80_xmma_gemm_f32f32_f32f32_..." - 496: Application replay pass 8
==PROF== Profiling "Kernel" - 497: Application replay pass 8
==PROF== Profiling "splitKreduce_kernel" - 498: Application replay pass 8
==PROF== Profiling "reduce_kernel" - 499: Application replay pass 8
==PROF== Profiling "vectorized_elementwise_kernel" - 500: Application replay pass 8
==PROF== Profiling "vectorized_elementwise_kernel" - 501: Application replay pass 8
==PROF== Profiling "elementwise_kernel" - 502: Application replay pass 8
==PROF== Profiling "sm80_xmma_gemm_f32f32_f32f32_..." - 503: Application replay pass 8
==PROF== Profiling "sm80_xmma_gemm_f32f32_f32f32_..." - 504: Application replay pass 8
==PROF== Profiling "vectorized_elementwise_kernel" - 505: Application replay pass 8
==PROF== Profiling "vectorized_elementwise_kernel" - 506: Application replay pass 8
==PROF== Profiling "softmax_warp_backward" - 507: Application replay pass 8
==PROF== Profiling "vectorized_elementwise_kernel" - 508: Application replay pass 8
==PROF== Profiling "elementwise_kernel" - 509: Application replay pass 8
==PROF== Profiling "elementwise_kernel" - 510: Application replay pass 8
==PROF== Profiling "sm80_xmma_gemm_f32f32_f32f32_..." - 511: Application replay pass 8
==PROF== Profiling "sm80_xmma_gemm_f32f32_f32f32_..." - 512: Application replay pass 8
==PROF== Profiling "elementwise_kernel" - 513: Application replay pass 8
==PROF== Profiling "elementwise_kernel" - 514: Application replay pass 8
==PROF== Profiling "CatArrayBatchedCopy" - 515: Application replay pass 8
==PROF== Profiling "sm80_xmma_gemm_f32f32_f32f32_..." - 516: Application replay pass 8
==PROF== Profiling "Kernel" - 517: Application replay pass 8
==PROF== Profiling "reduce_kernel" - 518: Application replay pass 8
==PROF== Profiling "vectorized_elementwise_kernel" - 519: Application replay pass 8
==PROF== Profiling "vectorized_elementwise_kernel" - 520: Application replay pass 8
==PROF== Profiling "layer_norm_grad_input_kernel" - 521: Application replay pass 8
==PROF== Profiling "GammaBetaBackwardCUDAKernel_3..." - 522: Application replay pass 8
==PROF== Profiling "vectorized_elementwise_kernel" - 523: Application replay pass 8
==PROF== Profiling "vectorized_elementwise_kernel" - 524: Application replay pass 8
==PROF== Profiling "vectorized_elementwise_kernel" - 525: Application replay pass 8
==PROF== Profiling "vectorized_elementwise_kernel" - 526: Application replay pass 8
==PROF== Profiling "sm80_xmma_gemm_f32f32_f32f32_..." - 527: Application replay pass 8
==PROF== Profiling "Kernel" - 528: Application replay pass 8
==PROF== Profiling "reduce_kernel" - 529: Application replay pass 8
==PROF== Profiling "vectorized_elementwise_kernel" - 530: Application replay pass 8
==PROF== Profiling "vectorized_elementwise_kernel" - 531: Application replay pass 8
==PROF== Profiling "vectorized_elementwise_kernel" - 532: Application replay pass 8
==PROF== Profiling "vectorized_elementwise_kernel" - 533: Application replay pass 8
==PROF== Profiling "vectorized_elementwise_kernel" - 534: Application replay pass 8
==PROF== Profiling "vectorized_elementwise_kernel" - 535: Application replay pass 8
==PROF== Profiling "vectorized_elementwise_kernel" - 536: Application replay pass 8
==PROF== Profiling "vectorized_elementwise_kernel" - 537: Application replay pass 8
==PROF== Profiling "vectorized_elementwise_kernel" - 538: Application replay pass 8
==PROF== Profiling "vectorized_elementwise_kernel" - 539: Application replay pass 8
==PROF== Profiling "vectorized_elementwise_kernel" - 540: Application replay pass 8
==PROF== Profiling "vectorized_elementwise_kernel" - 541: Application replay pass 8
==PROF== Profiling "vectorized_elementwise_kernel" - 542: Application replay pass 8
==PROF== Profiling "sm80_xmma_gemm_f32f32_f32f32_..." - 543: Application replay pass 8
==PROF== Profiling "Kernel" - 544: Application replay pass 8
==PROF== Profiling "reduce_kernel" - 545: Application replay pass 8
==PROF== Profiling "vectorized_elementwise_kernel" - 546: Application replay pass 8
==PROF== Profiling "vectorized_elementwise_kernel" - 547: Application replay pass 8
==PROF== Profiling "layer_norm_grad_input_kernel" - 548: Application replay pass 8
==PROF== Profiling "GammaBetaBackwardCUDAKernel_3..." - 549: Application replay pass 8
==PROF== Profiling "vectorized_elementwise_kernel" - 550: Application replay pass 8
==PROF== Profiling "vectorized_elementwise_kernel" - 551: Application replay pass 8
==PROF== Profiling "vectorized_elementwise_kernel" - 552: Application replay pass 8
==PROF== Profiling "vectorized_elementwise_kernel" - 553: Application replay pass 8
==PROF== Profiling "sm80_xmma_gemm_f32f32_f32f32_..." - 554: Application replay pass 8
==PROF== Profiling "Kernel" - 555: Application replay pass 8
==PROF== Profiling "splitKreduce_kernel" - 556: Application replay pass 8
==PROF== Profiling "reduce_kernel" - 557: Application replay pass 8
==PROF== Profiling "vectorized_elementwise_kernel" - 558: Application replay pass 8
==PROF== Profiling "vectorized_elementwise_kernel" - 559: Application replay pass 8
==PROF== Profiling "elementwise_kernel" - 560: Application replay pass 8
==PROF== Profiling "sm80_xmma_gemm_f32f32_f32f32_..." - 561: Application replay pass 8
==PROF== Profiling "sm80_xmma_gemm_f32f32_f32f32_..." - 562: Application replay pass 8
==PROF== Profiling "vectorized_elementwise_kernel" - 563: Application replay pass 8
==PROF== Profiling "vectorized_elementwise_kernel" - 564: Application replay pass 8
==PROF== Profiling "softmax_warp_backward" - 565: Application replay pass 8
==PROF== Profiling "vectorized_elementwise_kernel" - 566: Application replay pass 8
==PROF== Profiling "elementwise_kernel" - 567: Application replay pass 8
==PROF== Profiling "elementwise_kernel" - 568: Application replay pass 8
==PROF== Profiling "sm80_xmma_gemm_f32f32_f32f32_..." - 569: Application replay pass 8
==PROF== Profiling "sm80_xmma_gemm_f32f32_f32f32_..." - 570: Application replay pass 8
==PROF== Profiling "elementwise_kernel" - 571: Application replay pass 8
==PROF== Profiling "elementwise_kernel" - 572: Application replay pass 8
==PROF== Profiling "CatArrayBatchedCopy" - 573: Application replay pass 8
==PROF== Profiling "sm80_xmma_gemm_f32f32_f32f32_..." - 574: Application replay pass 8
==PROF== Profiling "Kernel" - 575: Application replay pass 8
==PROF== Profiling "reduce_kernel" - 576: Application replay pass 8
==PROF== Profiling "vectorized_elementwise_kernel" - 577: Application replay pass 8
==PROF== Profiling "vectorized_elementwise_kernel" - 578: Application replay pass 8
==PROF== Profiling "layer_norm_grad_input_kernel" - 579: Application replay pass 8
==PROF== Profiling "GammaBetaBackwardCUDAKernel_3..." - 580: Application replay pass 8
==PROF== Profiling "vectorized_elementwise_kernel" - 581: Application replay pass 8
==PROF== Profiling "vectorized_elementwise_kernel" - 582: Application replay pass 8
==PROF== Profiling "vectorized_elementwise_kernel" - 583: Application replay pass 8
==PROF== Profiling "vectorized_elementwise_kernel" - 584: Application replay pass 8
==PROF== Profiling "sm80_xmma_gemm_f32f32_f32f32_..." - 585: Application replay pass 8
==PROF== Profiling "Kernel" - 586: Application replay pass 8
==PROF== Profiling "reduce_kernel" - 587: Application replay pass 8
==PROF== Profiling "vectorized_elementwise_kernel" - 588: Application replay pass 8
==PROF== Profiling "vectorized_elementwise_kernel" - 589: Application replay pass 8
==PROF== Profiling "vectorized_elementwise_kernel" - 590: Application replay pass 8
==PROF== Profiling "vectorized_elementwise_kernel" - 591: Application replay pass 8
==PROF== Profiling "vectorized_elementwise_kernel" - 592: Application replay pass 8
==PROF== Profiling "vectorized_elementwise_kernel" - 593: Application replay pass 8
==PROF== Profiling "vectorized_elementwise_kernel" - 594: Application replay pass 8
==PROF== Profiling "vectorized_elementwise_kernel" - 595: Application replay pass 8
==PROF== Profiling "vectorized_elementwise_kernel" - 596: Application replay pass 8
==PROF== Profiling "vectorized_elementwise_kernel" - 597: Application replay pass 8
==PROF== Profiling "vectorized_elementwise_kernel" - 598: Application replay pass 8
==PROF== Profiling "vectorized_elementwise_kernel" - 599: Application replay pass 8
==PROF== Profiling "vectorized_elementwise_kernel" - 600: Application replay pass 8
==PROF== Profiling "sm80_xmma_gemm_f32f32_f32f32_..." - 601: Application replay pass 8
==PROF== Profiling "Kernel" - 602: Application replay pass 8
==PROF== Profiling "reduce_kernel" - 603: Application replay pass 8
==PROF== Profiling "vectorized_elementwise_kernel" - 604: Application replay pass 8
==PROF== Profiling "vectorized_elementwise_kernel" - 605: Application replay pass 8
==PROF== Profiling "layer_norm_grad_input_kernel" - 606: Application replay pass 8
==PROF== Profiling "GammaBetaBackwardCUDAKernel_3..." - 607: Application replay pass 8
==PROF== Profiling "vectorized_elementwise_kernel" - 608: Application replay pass 8
==PROF== Profiling "vectorized_elementwise_kernel" - 609: Application replay pass 8
==PROF== Profiling "vectorized_elementwise_kernel" - 610: Application replay pass 8
==PROF== Profiling "vectorized_elementwise_kernel" - 611: Application replay pass 8
==PROF== Profiling "sm80_xmma_gemm_f32f32_f32f32_..." - 612: Application replay pass 8
==PROF== Profiling "Kernel" - 613: Application replay pass 8
==PROF== Profiling "splitKreduce_kernel" - 614: Application replay pass 8
==PROF== Profiling "reduce_kernel" - 615: Application replay pass 8
==PROF== Profiling "vectorized_elementwise_kernel" - 616: Application replay pass 8
==PROF== Profiling "vectorized_elementwise_kernel" - 617: Application replay pass 8
==PROF== Profiling "elementwise_kernel" - 618: Application replay pass 8
==PROF== Profiling "sm80_xmma_gemm_f32f32_f32f32_..." - 619: Application replay pass 8
==PROF== Profiling "sm80_xmma_gemm_f32f32_f32f32_..." - 620: Application replay pass 8
==PROF== Profiling "vectorized_elementwise_kernel" - 621: Application replay pass 8
==PROF== Profiling "vectorized_elementwise_kernel" - 622: Application replay pass 8
==PROF== Profiling "softmax_warp_backward" - 623: Application replay pass 8
==PROF== Profiling "vectorized_elementwise_kernel" - 624: Application replay pass 8
==PROF== Profiling "elementwise_kernel" - 625: Application replay pass 8
==PROF== Profiling "elementwise_kernel" - 626: Application replay pass 8
==PROF== Profiling "sm80_xmma_gemm_f32f32_f32f32_..." - 627: Application replay pass 8
==PROF== Profiling "sm80_xmma_gemm_f32f32_f32f32_..." - 628: Application replay pass 8
==PROF== Profiling "elementwise_kernel" - 629: Application replay pass 8
==PROF== Profiling "elementwise_kernel" - 630: Application replay pass 8
==PROF== Profiling "CatArrayBatchedCopy" - 631: Application replay pass 8
==PROF== Profiling "sm80_xmma_gemm_f32f32_f32f32_..." - 632: Application replay pass 8
==PROF== Profiling "Kernel" - 633: Application replay pass 8
==PROF== Profiling "reduce_kernel" - 634: Application replay pass 8
==PROF== Profiling "vectorized_elementwise_kernel" - 635: Application replay pass 8
==PROF== Profiling "vectorized_elementwise_kernel" - 636: Application replay pass 8
==PROF== Profiling "layer_norm_grad_input_kernel" - 637: Application replay pass 8
==PROF== Profiling "GammaBetaBackwardCUDAKernel_3..." - 638: Application replay pass 8
==PROF== Profiling "vectorized_elementwise_kernel" - 639: Application replay pass 8
==PROF== Profiling "vectorized_elementwise_kernel" - 640: Application replay pass 8
==PROF== Profiling "vectorized_elementwise_kernel" - 641: Application replay pass 8
==PROF== Profiling "vectorized_elementwise_kernel" - 642: Application replay pass 8
==PROF== Profiling "sm80_xmma_gemm_f32f32_f32f32_..." - 643: Application replay pass 8
==PROF== Profiling "Kernel" - 644: Application replay pass 8
==PROF== Profiling "reduce_kernel" - 645: Application replay pass 8
==PROF== Profiling "vectorized_elementwise_kernel" - 646: Application replay pass 8
==PROF== Profiling "vectorized_elementwise_kernel" - 647: Application replay pass 8
==PROF== Profiling "vectorized_elementwise_kernel" - 648: Application replay pass 8
==PROF== Profiling "vectorized_elementwise_kernel" - 649: Application replay pass 8
==PROF== Profiling "vectorized_elementwise_kernel" - 650: Application replay pass 8
==PROF== Profiling "vectorized_elementwise_kernel" - 651: Application replay pass 8
==PROF== Profiling "vectorized_elementwise_kernel" - 652: Application replay pass 8
==PROF== Profiling "vectorized_elementwise_kernel" - 653: Application replay pass 8
==PROF== Profiling "vectorized_elementwise_kernel" - 654: Application replay pass 8
==PROF== Profiling "vectorized_elementwise_kernel" - 655: Application replay pass 8
==PROF== Profiling "vectorized_elementwise_kernel" - 656: Application replay pass 8
==PROF== Profiling "vectorized_elementwise_kernel" - 657: Application replay pass 8
==PROF== Profiling "vectorized_elementwise_kernel" - 658: Application replay pass 8
==PROF== Profiling "sm80_xmma_gemm_f32f32_f32f32_..." - 659: Application replay pass 8
==PROF== Profiling "Kernel" - 660: Application replay pass 8
==PROF== Profiling "reduce_kernel" - 661: Application replay pass 8
==PROF== Profiling "vectorized_elementwise_kernel" - 662: Application replay pass 8
==PROF== Profiling "vectorized_elementwise_kernel" - 663: Application replay pass 8
==PROF== Profiling "layer_norm_grad_input_kernel" - 664: Application replay pass 8
==PROF== Profiling "GammaBetaBackwardCUDAKernel_3..." - 665: Application replay pass 8
==PROF== Profiling "vectorized_elementwise_kernel" - 666: Application replay pass 8
==PROF== Profiling "vectorized_elementwise_kernel" - 667: Application replay pass 8
==PROF== Profiling "vectorized_elementwise_kernel" - 668: Application replay pass 8
==PROF== Profiling "vectorized_elementwise_kernel" - 669: Application replay pass 8
==PROF== Profiling "sm80_xmma_gemm_f32f32_f32f32_..." - 670: Application replay pass 8
==PROF== Profiling "Kernel" - 671: Application replay pass 8
==PROF== Profiling "splitKreduce_kernel" - 672: Application replay pass 8
==PROF== Profiling "reduce_kernel" - 673: Application replay pass 8
==PROF== Profiling "vectorized_elementwise_kernel" - 674: Application replay pass 8
==PROF== Profiling "vectorized_elementwise_kernel" - 675: Application replay pass 8
==PROF== Profiling "elementwise_kernel" - 676: Application replay pass 8
==PROF== Profiling "sm80_xmma_gemm_f32f32_f32f32_..." - 677: Application replay pass 8
==PROF== Profiling "sm80_xmma_gemm_f32f32_f32f32_..." - 678: Application replay pass 8
==PROF== Profiling "vectorized_elementwise_kernel" - 679: Application replay pass 8
==PROF== Profiling "vectorized_elementwise_kernel" - 680: Application replay pass 8
==PROF== Profiling "softmax_warp_backward" - 681: Application replay pass 8
==PROF== Profiling "vectorized_elementwise_kernel" - 682: Application replay pass 8
==PROF== Profiling "elementwise_kernel" - 683: Application replay pass 8
==PROF== Profiling "elementwise_kernel" - 684: Application replay pass 8
==PROF== Profiling "sm80_xmma_gemm_f32f32_f32f32_..." - 685: Application replay pass 8
==PROF== Profiling "sm80_xmma_gemm_f32f32_f32f32_..." - 686: Application replay pass 8
==PROF== Profiling "elementwise_kernel" - 687: Application replay pass 8
==PROF== Profiling "elementwise_kernel" - 688: Application replay pass 8
==PROF== Profiling "CatArrayBatchedCopy" - 689: Application replay pass 8
==PROF== Profiling "sm80_xmma_gemm_f32f32_f32f32_..." - 690: Application replay pass 8
==PROF== Profiling "Kernel" - 691: Application replay pass 8
==PROF== Profiling "reduce_kernel" - 692: Application replay pass 8
==PROF== Profiling "vectorized_elementwise_kernel" - 693: Application replay pass 8
==PROF== Profiling "vectorized_elementwise_kernel" - 694: Application replay pass 8
==PROF== Profiling "layer_norm_grad_input_kernel" - 695: Application replay pass 8
==PROF== Profiling "GammaBetaBackwardCUDAKernel_3..." - 696: Application replay pass 8
==PROF== Profiling "vectorized_elementwise_kernel" - 697: Application replay pass 8
==PROF== Profiling "vectorized_elementwise_kernel" - 698: Application replay pass 8
==PROF== Profiling "vectorized_elementwise_kernel" - 699: Application replay pass 8
==PROF== Profiling "vectorized_elementwise_kernel" - 700: Application replay pass 8
==PROF== Profiling "reduce_kernel" - 701: Application replay pass 8
==PROF== Profiling "vectorized_elementwise_kernel" - 702: Application replay pass 8
==PROF== Profiling "embedding_backward_feature_ke..." - 703: Application replay pass 8
==PROF== Profiling "vectorized_elementwise_kernel" - 704: Application replay pass 8
==PROF== Profiling "elementwise_kernel_with_index" - 705: Application replay pass 8
==PROF== Profiling "DeviceRadixSortHistogramKernel" - 706: Application replay pass 8
==PROF== Profiling "DeviceRadixSortExclusiveSumKe..." - 707: Application replay pass 8
==PROF== Profiling "DeviceRadixSortOnesweepKernel" - 708: Application replay pass 8
==PROF== Profiling "DeviceRadixSortOnesweepKernel" - 709: Application replay pass 8
==PROF== Profiling "DeviceRadixSortOnesweepKernel" - 710: Application replay pass 8
==PROF== Profiling "DeviceRadixSortOnesweepKernel" - 711: Application replay pass 8
==PROF== Profiling "DeviceRadixSortOnesweepKernel" - 712: Application replay pass 8
==PROF== Profiling "DeviceRadixSortOnesweepKernel" - 713: Application replay pass 8
==PROF== Profiling "DeviceRadixSortOnesweepKernel" - 714: Application replay pass 8
==PROF== Profiling "DeviceRadixSortOnesweepKernel" - 715: Application replay pass 8
==PROF== Profiling "vectorized_elementwise_kernel" - 716: Application replay pass 8
==PROF== Profiling "DeviceCompactInitKernel" - 717: Application replay pass 8
==PROF== Profiling "DeviceUniqueByKeySweepKernel" - 718: Application replay pass 8
==PROF== Profiling "krn_partials_per_segment" - 719: Application replay pass 8
==PROF== Profiling "DeviceScanInitKernel" - 720: Application replay pass 8
==PROF== Profiling "DeviceScanKernel" - 721: Application replay pass 8
==PROF== Profiling "compute_num_of_partial_segments" - 722: Application replay pass 8
==PROF== Profiling "krn_partial_segment_offset" - 723: Application replay pass 8
==PROF== Profiling "compute_grad_weight" - 724: Application replay pass 8
==PROF== Profiling "sum_and_scatter" - 725: Application replay pass 8
==PROF== Profiling "vectorized_elementwise_kernel" - 726: Application replay pass 8
debug: Rank 0: Stopping profiler
Rank 0, Epoch [3/3], Finished epoch.
debug: Cleaning up process group
debug: Rank 0: Training process completed
==PROF== Disconnected from process 5947
debug: mp.spawn completed
PyTorch CUDA version: 12.1 matches with CUDA version required in environment config.
Configuration Values:
cuda version check: 12.1
world_size: 1
cap_size: 2
epochs: 3
batchsize: 16
debug: Starting mp.spawn...
debug: Rank 0: Running training process
debug: Rank 0: Preparing model and data
debug: Rank 0: Setting up process group
==PROF== Connected to process 6732 (/opt/conda/envs/echo_slowdown/bin/python3.10)
debug: Rank 0: Process group setup complete
debug: Rank 0: Starting training for 3 epochs
debug: Rank 0: Actual epoch 1/3 starting
Rank 0, Epoch [1/3], Finished epoch.
debug: Rank 0: Actual epoch 2/3 starting
Rank 0, Epoch [2/3], Finished epoch.
debug: Rank 0: Actual epoch 3/3 starting
debug: Rank 0: Starting backward pass profiling
==PROF== Profiling "layer_norm_grad_input_kernel" - 0: Application replay pass 9
==PROF== Profiling "GammaBetaBackwardCUDAKernel_3..." - 1: Application replay pass 9
==PROF== Profiling "vectorized_elementwise_kernel" - 2: Application replay pass 9
==PROF== Profiling "vectorized_elementwise_kernel" - 3: Application replay pass 9
==PROF== Profiling "vectorized_elementwise_kernel" - 4: Application replay pass 9
==PROF== Profiling "sm80_xmma_gemm_f32f32_f32f32_..." - 5: Application replay pass 9
==PROF== Profiling "Kernel" - 6: Application replay pass 9
==PROF== Profiling "reduce_kernel" - 7: Application replay pass 9
==PROF== Profiling "vectorized_elementwise_kernel" - 8: Application replay pass 9
==PROF== Profiling "vectorized_elementwise_kernel" - 9: Application replay pass 9
==PROF== Profiling "vectorized_elementwise_kernel" - 10: Application replay pass 9
==PROF== Profiling "vectorized_elementwise_kernel" - 11: Application replay pass 9
==PROF== Profiling "vectorized_elementwise_kernel" - 12: Application replay pass 9
==PROF== Profiling "vectorized_elementwise_kernel" - 13: Application replay pass 9
==PROF== Profiling "vectorized_elementwise_kernel" - 14: Application replay pass 9
==PROF== Profiling "vectorized_elementwise_kernel" - 15: Application replay pass 9
==PROF== Profiling "vectorized_elementwise_kernel" - 16: Application replay pass 9
==PROF== Profiling "vectorized_elementwise_kernel" - 17: Application replay pass 9
==PROF== Profiling "vectorized_elementwise_kernel" - 18: Application replay pass 9
==PROF== Profiling "vectorized_elementwise_kernel" - 19: Application replay pass 9
==PROF== Profiling "vectorized_elementwise_kernel" - 20: Application replay pass 9
==PROF== Profiling "sm80_xmma_gemm_f32f32_f32f32_..." - 21: Application replay pass 9
==PROF== Profiling "Kernel" - 22: Application replay pass 9
==PROF== Profiling "reduce_kernel" - 23: Application replay pass 9
==PROF== Profiling "vectorized_elementwise_kernel" - 24: Application replay pass 9
==PROF== Profiling "vectorized_elementwise_kernel" - 25: Application replay pass 9
==PROF== Profiling "layer_norm_grad_input_kernel" - 26: Application replay pass 9
==PROF== Profiling "GammaBetaBackwardCUDAKernel_3..." - 27: Application replay pass 9
==PROF== Profiling "vectorized_elementwise_kernel" - 28: Application replay pass 9
==PROF== Profiling "vectorized_elementwise_kernel" - 29: Application replay pass 9
==PROF== Profiling "vectorized_elementwise_kernel" - 30: Application replay pass 9
==PROF== Profiling "vectorized_elementwise_kernel" - 31: Application replay pass 9
==PROF== Profiling "sm80_xmma_gemm_f32f32_f32f32_..." - 32: Application replay pass 9
==PROF== Profiling "Kernel" - 33: Application replay pass 9
==PROF== Profiling "splitKreduce_kernel" - 34: Application replay pass 9
==PROF== Profiling "reduce_kernel" - 35: Application replay pass 9
==PROF== Profiling "vectorized_elementwise_kernel" - 36: Application replay pass 9
==PROF== Profiling "vectorized_elementwise_kernel" - 37: Application replay pass 9
==PROF== Profiling "elementwise_kernel" - 38: Application replay pass 9
==PROF== Profiling "sm80_xmma_gemm_f32f32_f32f32_..." - 39: Application replay pass 9
==PROF== Profiling "sm80_xmma_gemm_f32f32_f32f32_..." - 40: Application replay pass 9
==PROF== Profiling "vectorized_elementwise_kernel" - 41: Application replay pass 9
==PROF== Profiling "vectorized_elementwise_kernel" - 42: Application replay pass 9
==PROF== Profiling "softmax_warp_backward" - 43: Application replay pass 9
==PROF== Profiling "vectorized_elementwise_kernel" - 44: Application replay pass 9
==PROF== Profiling "elementwise_kernel" - 45: Application replay pass 9
==PROF== Profiling "elementwise_kernel" - 46: Application replay pass 9
==PROF== Profiling "sm80_xmma_gemm_f32f32_f32f32_..." - 47: Application replay pass 9
==PROF== Profiling "sm80_xmma_gemm_f32f32_f32f32_..." - 48: Application replay pass 9
==PROF== Profiling "elementwise_kernel" - 49: Application replay pass 9
==PROF== Profiling "elementwise_kernel" - 50: Application replay pass 9
==PROF== Profiling "CatArrayBatchedCopy" - 51: Application replay pass 9
==PROF== Profiling "sm80_xmma_gemm_f32f32_f32f32_..." - 52: Application replay pass 9
==PROF== Profiling "Kernel" - 53: Application replay pass 9
==PROF== Profiling "reduce_kernel" - 54: Application replay pass 9
==PROF== Profiling "vectorized_elementwise_kernel" - 55: Application replay pass 9
==PROF== Profiling "vectorized_elementwise_kernel" - 56: Application replay pass 9
==PROF== Profiling "layer_norm_grad_input_kernel" - 57: Application replay pass 9
==PROF== Profiling "GammaBetaBackwardCUDAKernel_3..." - 58: Application replay pass 9
==PROF== Profiling "vectorized_elementwise_kernel" - 59: Application replay pass 9
==PROF== Profiling "vectorized_elementwise_kernel" - 60: Application replay pass 9
==PROF== Profiling "vectorized_elementwise_kernel" - 61: Application replay pass 9
==PROF== Profiling "vectorized_elementwise_kernel" - 62: Application replay pass 9
==PROF== Profiling "sm80_xmma_gemm_f32f32_f32f32_..." - 63: Application replay pass 9
==PROF== Profiling "Kernel" - 64: Application replay pass 9
==PROF== Profiling "reduce_kernel" - 65: Application replay pass 9
==PROF== Profiling "vectorized_elementwise_kernel" - 66: Application replay pass 9
==PROF== Profiling "vectorized_elementwise_kernel" - 67: Application replay pass 9
==PROF== Profiling "vectorized_elementwise_kernel" - 68: Application replay pass 9
==PROF== Profiling "vectorized_elementwise_kernel" - 69: Application replay pass 9
==PROF== Profiling "vectorized_elementwise_kernel" - 70: Application replay pass 9
==PROF== Profiling "vectorized_elementwise_kernel" - 71: Application replay pass 9
==PROF== Profiling "vectorized_elementwise_kernel" - 72: Application replay pass 9
==PROF== Profiling "vectorized_elementwise_kernel" - 73: Application replay pass 9
==PROF== Profiling "vectorized_elementwise_kernel" - 74: Application replay pass 9
==PROF== Profiling "vectorized_elementwise_kernel" - 75: Application replay pass 9
==PROF== Profiling "vectorized_elementwise_kernel" - 76: Application replay pass 9
==PROF== Profiling "vectorized_elementwise_kernel" - 77: Application replay pass 9
==PROF== Profiling "vectorized_elementwise_kernel" - 78: Application replay pass 9
==PROF== Profiling "sm80_xmma_gemm_f32f32_f32f32_..." - 79: Application replay pass 9
==PROF== Profiling "Kernel" - 80: Application replay pass 9
==PROF== Profiling "reduce_kernel" - 81: Application replay pass 9
==PROF== Profiling "vectorized_elementwise_kernel" - 82: Application replay pass 9
==PROF== Profiling "vectorized_elementwise_kernel" - 83: Application replay pass 9
==PROF== Profiling "layer_norm_grad_input_kernel" - 84: Application replay pass 9
==PROF== Profiling "GammaBetaBackwardCUDAKernel_3..." - 85: Application replay pass 9
==PROF== Profiling "vectorized_elementwise_kernel" - 86: Application replay pass 9
==PROF== Profiling "vectorized_elementwise_kernel" - 87: Application replay pass 9
==PROF== Profiling "vectorized_elementwise_kernel" - 88: Application replay pass 9
==PROF== Profiling "vectorized_elementwise_kernel" - 89: Application replay pass 9
==PROF== Profiling "sm80_xmma_gemm_f32f32_f32f32_..." - 90: Application replay pass 9
==PROF== Profiling "Kernel" - 91: Application replay pass 9
==PROF== Profiling "splitKreduce_kernel" - 92: Application replay pass 9
==PROF== Profiling "reduce_kernel" - 93: Application replay pass 9
==PROF== Profiling "vectorized_elementwise_kernel" - 94: Application replay pass 9
==PROF== Profiling "vectorized_elementwise_kernel" - 95: Application replay pass 9
==PROF== Profiling "elementwise_kernel" - 96: Application replay pass 9
==PROF== Profiling "sm80_xmma_gemm_f32f32_f32f32_..." - 97: Application replay pass 9
==PROF== Profiling "sm80_xmma_gemm_f32f32_f32f32_..." - 98: Application replay pass 9
==PROF== Profiling "vectorized_elementwise_kernel" - 99: Application replay pass 9
==PROF== Profiling "vectorized_elementwise_kernel" - 100: Application replay pass 9
==PROF== Profiling "softmax_warp_backward" - 101: Application replay pass 9
==PROF== Profiling "vectorized_elementwise_kernel" - 102: Application replay pass 9
==PROF== Profiling "elementwise_kernel" - 103: Application replay pass 9
==PROF== Profiling "elementwise_kernel" - 104: Application replay pass 9
==PROF== Profiling "sm80_xmma_gemm_f32f32_f32f32_..." - 105: Application replay pass 9
==PROF== Profiling "sm80_xmma_gemm_f32f32_f32f32_..." - 106: Application replay pass 9
==PROF== Profiling "elementwise_kernel" - 107: Application replay pass 9
==PROF== Profiling "elementwise_kernel" - 108: Application replay pass 9
==PROF== Profiling "CatArrayBatchedCopy" - 109: Application replay pass 9
==PROF== Profiling "sm80_xmma_gemm_f32f32_f32f32_..." - 110: Application replay pass 9
==PROF== Profiling "Kernel" - 111: Application replay pass 9
==PROF== Profiling "reduce_kernel" - 112: Application replay pass 9
==PROF== Profiling "vectorized_elementwise_kernel" - 113: Application replay pass 9
==PROF== Profiling "vectorized_elementwise_kernel" - 114: Application replay pass 9
==PROF== Profiling "layer_norm_grad_input_kernel" - 115: Application replay pass 9
==PROF== Profiling "GammaBetaBackwardCUDAKernel_3..." - 116: Application replay pass 9
==PROF== Profiling "vectorized_elementwise_kernel" - 117: Application replay pass 9
==PROF== Profiling "vectorized_elementwise_kernel" - 118: Application replay pass 9
==PROF== Profiling "vectorized_elementwise_kernel" - 119: Application replay pass 9
==PROF== Profiling "vectorized_elementwise_kernel" - 120: Application replay pass 9
==PROF== Profiling "sm80_xmma_gemm_f32f32_f32f32_..." - 121: Application replay pass 9
==PROF== Profiling "Kernel" - 122: Application replay pass 9
==PROF== Profiling "reduce_kernel" - 123: Application replay pass 9
==PROF== Profiling "vectorized_elementwise_kernel" - 124: Application replay pass 9
==PROF== Profiling "vectorized_elementwise_kernel" - 125: Application replay pass 9
==PROF== Profiling "vectorized_elementwise_kernel" - 126: Application replay pass 9
==PROF== Profiling "vectorized_elementwise_kernel" - 127: Application replay pass 9
==PROF== Profiling "vectorized_elementwise_kernel" - 128: Application replay pass 9
==PROF== Profiling "vectorized_elementwise_kernel" - 129: Application replay pass 9
==PROF== Profiling "vectorized_elementwise_kernel" - 130: Application replay pass 9
==PROF== Profiling "vectorized_elementwise_kernel" - 131: Application replay pass 9
==PROF== Profiling "vectorized_elementwise_kernel" - 132: Application replay pass 9
==PROF== Profiling "vectorized_elementwise_kernel" - 133: Application replay pass 9
==PROF== Profiling "vectorized_elementwise_kernel" - 134: Application replay pass 9
==PROF== Profiling "vectorized_elementwise_kernel" - 135: Application replay pass 9
==PROF== Profiling "vectorized_elementwise_kernel" - 136: Application replay pass 9
==PROF== Profiling "sm80_xmma_gemm_f32f32_f32f32_..." - 137: Application replay pass 9
==PROF== Profiling "Kernel" - 138: Application replay pass 9
==PROF== Profiling "reduce_kernel" - 139: Application replay pass 9
==PROF== Profiling "vectorized_elementwise_kernel" - 140: Application replay pass 9
==PROF== Profiling "vectorized_elementwise_kernel" - 141: Application replay pass 9
==PROF== Profiling "layer_norm_grad_input_kernel" - 142: Application replay pass 9
==PROF== Profiling "GammaBetaBackwardCUDAKernel_3..." - 143: Application replay pass 9
==PROF== Profiling "vectorized_elementwise_kernel" - 144: Application replay pass 9
==PROF== Profiling "vectorized_elementwise_kernel" - 145: Application replay pass 9
==PROF== Profiling "vectorized_elementwise_kernel" - 146: Application replay pass 9
==PROF== Profiling "vectorized_elementwise_kernel" - 147: Application replay pass 9
==PROF== Profiling "sm80_xmma_gemm_f32f32_f32f32_..." - 148: Application replay pass 9
==PROF== Profiling "Kernel" - 149: Application replay pass 9
==PROF== Profiling "splitKreduce_kernel" - 150: Application replay pass 9
==PROF== Profiling "reduce_kernel" - 151: Application replay pass 9
==PROF== Profiling "vectorized_elementwise_kernel" - 152: Application replay pass 9
==PROF== Profiling "vectorized_elementwise_kernel" - 153: Application replay pass 9
==PROF== Profiling "elementwise_kernel" - 154: Application replay pass 9
==PROF== Profiling "sm80_xmma_gemm_f32f32_f32f32_..." - 155: Application replay pass 9
==PROF== Profiling "sm80_xmma_gemm_f32f32_f32f32_..." - 156: Application replay pass 9
==PROF== Profiling "vectorized_elementwise_kernel" - 157: Application replay pass 9
==PROF== Profiling "vectorized_elementwise_kernel" - 158: Application replay pass 9
==PROF== Profiling "softmax_warp_backward" - 159: Application replay pass 9
==PROF== Profiling "vectorized_elementwise_kernel" - 160: Application replay pass 9
==PROF== Profiling "elementwise_kernel" - 161: Application replay pass 9
==PROF== Profiling "elementwise_kernel" - 162: Application replay pass 9
==PROF== Profiling "sm80_xmma_gemm_f32f32_f32f32_..." - 163: Application replay pass 9
==PROF== Profiling "sm80_xmma_gemm_f32f32_f32f32_..." - 164: Application replay pass 9
==PROF== Profiling "elementwise_kernel" - 165: Application replay pass 9
==PROF== Profiling "elementwise_kernel" - 166: Application replay pass 9
==PROF== Profiling "CatArrayBatchedCopy" - 167: Application replay pass 9
==PROF== Profiling "sm80_xmma_gemm_f32f32_f32f32_..." - 168: Application replay pass 9
==PROF== Profiling "Kernel" - 169: Application replay pass 9
==PROF== Profiling "reduce_kernel" - 170: Application replay pass 9
==PROF== Profiling "vectorized_elementwise_kernel" - 171: Application replay pass 9
==PROF== Profiling "vectorized_elementwise_kernel" - 172: Application replay pass 9
==PROF== Profiling "layer_norm_grad_input_kernel" - 173: Application replay pass 9
==PROF== Profiling "GammaBetaBackwardCUDAKernel_3..." - 174: Application replay pass 9
==PROF== Profiling "vectorized_elementwise_kernel" - 175: Application replay pass 9
==PROF== Profiling "vectorized_elementwise_kernel" - 176: Application replay pass 9
==PROF== Profiling "vectorized_elementwise_kernel" - 177: Application replay pass 9
==PROF== Profiling "vectorized_elementwise_kernel" - 178: Application replay pass 9
==PROF== Profiling "sm80_xmma_gemm_f32f32_f32f32_..." - 179: Application replay pass 9
==PROF== Profiling "Kernel" - 180: Application replay pass 9
==PROF== Profiling "reduce_kernel" - 181: Application replay pass 9
==PROF== Profiling "vectorized_elementwise_kernel" - 182: Application replay pass 9
==PROF== Profiling "vectorized_elementwise_kernel" - 183: Application replay pass 9
==PROF== Profiling "vectorized_elementwise_kernel" - 184: Application replay pass 9
==PROF== Profiling "vectorized_elementwise_kernel" - 185: Application replay pass 9
==PROF== Profiling "vectorized_elementwise_kernel" - 186: Application replay pass 9
==PROF== Profiling "vectorized_elementwise_kernel" - 187: Application replay pass 9
==PROF== Profiling "vectorized_elementwise_kernel" - 188: Application replay pass 9
==PROF== Profiling "vectorized_elementwise_kernel" - 189: Application replay pass 9
==PROF== Profiling "vectorized_elementwise_kernel" - 190: Application replay pass 9
==PROF== Profiling "vectorized_elementwise_kernel" - 191: Application replay pass 9
==PROF== Profiling "vectorized_elementwise_kernel" - 192: Application replay pass 9
==PROF== Profiling "vectorized_elementwise_kernel" - 193: Application replay pass 9
==PROF== Profiling "vectorized_elementwise_kernel" - 194: Application replay pass 9
==PROF== Profiling "sm80_xmma_gemm_f32f32_f32f32_..." - 195: Application replay pass 9
==PROF== Profiling "Kernel" - 196: Application replay pass 9
==PROF== Profiling "reduce_kernel" - 197: Application replay pass 9
==PROF== Profiling "vectorized_elementwise_kernel" - 198: Application replay pass 9
==PROF== Profiling "vectorized_elementwise_kernel" - 199: Application replay pass 9
==PROF== Profiling "layer_norm_grad_input_kernel" - 200: Application replay pass 9
==PROF== Profiling "GammaBetaBackwardCUDAKernel_3..." - 201: Application replay pass 9
==PROF== Profiling "vectorized_elementwise_kernel" - 202: Application replay pass 9
==PROF== Profiling "vectorized_elementwise_kernel" - 203: Application replay pass 9
==PROF== Profiling "vectorized_elementwise_kernel" - 204: Application replay pass 9
==PROF== Profiling "vectorized_elementwise_kernel" - 205: Application replay pass 9
==PROF== Profiling "sm80_xmma_gemm_f32f32_f32f32_..." - 206: Application replay pass 9
==PROF== Profiling "Kernel" - 207: Application replay pass 9
==PROF== Profiling "splitKreduce_kernel" - 208: Application replay pass 9
==PROF== Profiling "reduce_kernel" - 209: Application replay pass 9
==PROF== Profiling "vectorized_elementwise_kernel" - 210: Application replay pass 9
==PROF== Profiling "vectorized_elementwise_kernel" - 211: Application replay pass 9
==PROF== Profiling "elementwise_kernel" - 212: Application replay pass 9
==PROF== Profiling "sm80_xmma_gemm_f32f32_f32f32_..." - 213: Application replay pass 9
==PROF== Profiling "sm80_xmma_gemm_f32f32_f32f32_..." - 214: Application replay pass 9
==PROF== Profiling "vectorized_elementwise_kernel" - 215: Application replay pass 9
==PROF== Profiling "vectorized_elementwise_kernel" - 216: Application replay pass 9
==PROF== Profiling "softmax_warp_backward" - 217: Application replay pass 9
==PROF== Profiling "vectorized_elementwise_kernel" - 218: Application replay pass 9
==PROF== Profiling "elementwise_kernel" - 219: Application replay pass 9
==PROF== Profiling "elementwise_kernel" - 220: Application replay pass 9
==PROF== Profiling "sm80_xmma_gemm_f32f32_f32f32_..." - 221: Application replay pass 9
==PROF== Profiling "sm80_xmma_gemm_f32f32_f32f32_..." - 222: Application replay pass 9
==PROF== Profiling "elementwise_kernel" - 223: Application replay pass 9
==PROF== Profiling "elementwise_kernel" - 224: Application replay pass 9
==PROF== Profiling "CatArrayBatchedCopy" - 225: Application replay pass 9
==PROF== Profiling "sm80_xmma_gemm_f32f32_f32f32_..." - 226: Application replay pass 9
==PROF== Profiling "Kernel" - 227: Application replay pass 9
==PROF== Profiling "reduce_kernel" - 228: Application replay pass 9
==PROF== Profiling "vectorized_elementwise_kernel" - 229: Application replay pass 9
==PROF== Profiling "vectorized_elementwise_kernel" - 230: Application replay pass 9
==PROF== Profiling "layer_norm_grad_input_kernel" - 231: Application replay pass 9
==PROF== Profiling "GammaBetaBackwardCUDAKernel_3..." - 232: Application replay pass 9
==PROF== Profiling "vectorized_elementwise_kernel" - 233: Application replay pass 9
==PROF== Profiling "vectorized_elementwise_kernel" - 234: Application replay pass 9
==PROF== Profiling "vectorized_elementwise_kernel" - 235: Application replay pass 9
==PROF== Profiling "vectorized_elementwise_kernel" - 236: Application replay pass 9
==PROF== Profiling "sm80_xmma_gemm_f32f32_f32f32_..." - 237: Application replay pass 9
==PROF== Profiling "Kernel" - 238: Application replay pass 9
==PROF== Profiling "reduce_kernel" - 239: Application replay pass 9
==PROF== Profiling "vectorized_elementwise_kernel" - 240: Application replay pass 9
==PROF== Profiling "vectorized_elementwise_kernel" - 241: Application replay pass 9
==PROF== Profiling "vectorized_elementwise_kernel" - 242: Application replay pass 9
==PROF== Profiling "vectorized_elementwise_kernel" - 243: Application replay pass 9
==PROF== Profiling "vectorized_elementwise_kernel" - 244: Application replay pass 9
==PROF== Profiling "vectorized_elementwise_kernel" - 245: Application replay pass 9
==PROF== Profiling "vectorized_elementwise_kernel" - 246: Application replay pass 9
==PROF== Profiling "vectorized_elementwise_kernel" - 247: Application replay pass 9
==PROF== Profiling "vectorized_elementwise_kernel" - 248: Application replay pass 9
==PROF== Profiling "vectorized_elementwise_kernel" - 249: Application replay pass 9
==PROF== Profiling "vectorized_elementwise_kernel" - 250: Application replay pass 9
==PROF== Profiling "vectorized_elementwise_kernel" - 251: Application replay pass 9
==PROF== Profiling "vectorized_elementwise_kernel" - 252: Application replay pass 9
==PROF== Profiling "sm80_xmma_gemm_f32f32_f32f32_..." - 253: Application replay pass 9
==PROF== Profiling "Kernel" - 254: Application replay pass 9
==PROF== Profiling "reduce_kernel" - 255: Application replay pass 9
==PROF== Profiling "vectorized_elementwise_kernel" - 256: Application replay pass 9
==PROF== Profiling "vectorized_elementwise_kernel" - 257: Application replay pass 9
==PROF== Profiling "layer_norm_grad_input_kernel" - 258: Application replay pass 9
==PROF== Profiling "GammaBetaBackwardCUDAKernel_3..." - 259: Application replay pass 9
==PROF== Profiling "vectorized_elementwise_kernel" - 260: Application replay pass 9
==PROF== Profiling "vectorized_elementwise_kernel" - 261: Application replay pass 9
==PROF== Profiling "vectorized_elementwise_kernel" - 262: Application replay pass 9
==PROF== Profiling "vectorized_elementwise_kernel" - 263: Application replay pass 9
==PROF== Profiling "sm80_xmma_gemm_f32f32_f32f32_..." - 264: Application replay pass 9
==PROF== Profiling "Kernel" - 265: Application replay pass 9
==PROF== Profiling "splitKreduce_kernel" - 266: Application replay pass 9
==PROF== Profiling "reduce_kernel" - 267: Application replay pass 9
==PROF== Profiling "vectorized_elementwise_kernel" - 268: Application replay pass 9
==PROF== Profiling "vectorized_elementwise_kernel" - 269: Application replay pass 9
==PROF== Profiling "elementwise_kernel" - 270: Application replay pass 9
==PROF== Profiling "sm80_xmma_gemm_f32f32_f32f32_..." - 271: Application replay pass 9
==PROF== Profiling "sm80_xmma_gemm_f32f32_f32f32_..." - 272: Application replay pass 9
==PROF== Profiling "vectorized_elementwise_kernel" - 273: Application replay pass 9
==PROF== Profiling "vectorized_elementwise_kernel" - 274: Application replay pass 9
==PROF== Profiling "softmax_warp_backward" - 275: Application replay pass 9
==PROF== Profiling "vectorized_elementwise_kernel" - 276: Application replay pass 9
==PROF== Profiling "elementwise_kernel" - 277: Application replay pass 9
==PROF== Profiling "elementwise_kernel" - 278: Application replay pass 9
==PROF== Profiling "sm80_xmma_gemm_f32f32_f32f32_..." - 279: Application replay pass 9
==PROF== Profiling "sm80_xmma_gemm_f32f32_f32f32_..." - 280: Application replay pass 9
==PROF== Profiling "elementwise_kernel" - 281: Application replay pass 9
==PROF== Profiling "elementwise_kernel" - 282: Application replay pass 9
==PROF== Profiling "CatArrayBatchedCopy" - 283: Application replay pass 9
==PROF== Profiling "sm80_xmma_gemm_f32f32_f32f32_..." - 284: Application replay pass 9
==PROF== Profiling "Kernel" - 285: Application replay pass 9
==PROF== Profiling "reduce_kernel" - 286: Application replay pass 9
==PROF== Profiling "vectorized_elementwise_kernel" - 287: Application replay pass 9
==PROF== Profiling "vectorized_elementwise_kernel" - 288: Application replay pass 9
==PROF== Profiling "layer_norm_grad_input_kernel" - 289: Application replay pass 9
==PROF== Profiling "GammaBetaBackwardCUDAKernel_3..." - 290: Application replay pass 9
==PROF== Profiling "vectorized_elementwise_kernel" - 291: Application replay pass 9
==PROF== Profiling "vectorized_elementwise_kernel" - 292: Application replay pass 9
==PROF== Profiling "vectorized_elementwise_kernel" - 293: Application replay pass 9
==PROF== Profiling "vectorized_elementwise_kernel" - 294: Application replay pass 9
==PROF== Profiling "sm80_xmma_gemm_f32f32_f32f32_..." - 295: Application replay pass 9
==PROF== Profiling "Kernel" - 296: Application replay pass 9
==PROF== Profiling "reduce_kernel" - 297: Application replay pass 9
==PROF== Profiling "vectorized_elementwise_kernel" - 298: Application replay pass 9
==PROF== Profiling "vectorized_elementwise_kernel" - 299: Application replay pass 9
==PROF== Profiling "vectorized_elementwise_kernel" - 300: Application replay pass 9
==PROF== Profiling "vectorized_elementwise_kernel" - 301: Application replay pass 9
==PROF== Profiling "vectorized_elementwise_kernel" - 302: Application replay pass 9
==PROF== Profiling "vectorized_elementwise_kernel" - 303: Application replay pass 9
==PROF== Profiling "vectorized_elementwise_kernel" - 304: Application replay pass 9
==PROF== Profiling "vectorized_elementwise_kernel" - 305: Application replay pass 9
==PROF== Profiling "vectorized_elementwise_kernel" - 306: Application replay pass 9
==PROF== Profiling "vectorized_elementwise_kernel" - 307: Application replay pass 9
==PROF== Profiling "vectorized_elementwise_kernel" - 308: Application replay pass 9
==PROF== Profiling "vectorized_elementwise_kernel" - 309: Application replay pass 9
==PROF== Profiling "vectorized_elementwise_kernel" - 310: Application replay pass 9
==PROF== Profiling "sm80_xmma_gemm_f32f32_f32f32_..." - 311: Application replay pass 9
==PROF== Profiling "Kernel" - 312: Application replay pass 9
==PROF== Profiling "reduce_kernel" - 313: Application replay pass 9
==PROF== Profiling "vectorized_elementwise_kernel" - 314: Application replay pass 9
==PROF== Profiling "vectorized_elementwise_kernel" - 315: Application replay pass 9
==PROF== Profiling "layer_norm_grad_input_kernel" - 316: Application replay pass 9
==PROF== Profiling "GammaBetaBackwardCUDAKernel_3..." - 317: Application replay pass 9
==PROF== Profiling "vectorized_elementwise_kernel" - 318: Application replay pass 9
==PROF== Profiling "vectorized_elementwise_kernel" - 319: Application replay pass 9
==PROF== Profiling "vectorized_elementwise_kernel" - 320: Application replay pass 9
==PROF== Profiling "vectorized_elementwise_kernel" - 321: Application replay pass 9
==PROF== Profiling "sm80_xmma_gemm_f32f32_f32f32_..." - 322: Application replay pass 9
==PROF== Profiling "Kernel" - 323: Application replay pass 9
==PROF== Profiling "splitKreduce_kernel" - 324: Application replay pass 9
==PROF== Profiling "reduce_kernel" - 325: Application replay pass 9
==PROF== Profiling "vectorized_elementwise_kernel" - 326: Application replay pass 9
==PROF== Profiling "vectorized_elementwise_kernel" - 327: Application replay pass 9
==PROF== Profiling "elementwise_kernel" - 328: Application replay pass 9
==PROF== Profiling "sm80_xmma_gemm_f32f32_f32f32_..." - 329: Application replay pass 9
==PROF== Profiling "sm80_xmma_gemm_f32f32_f32f32_..." - 330: Application replay pass 9
==PROF== Profiling "vectorized_elementwise_kernel" - 331: Application replay pass 9
==PROF== Profiling "vectorized_elementwise_kernel" - 332: Application replay pass 9
==PROF== Profiling "softmax_warp_backward" - 333: Application replay pass 9
==PROF== Profiling "vectorized_elementwise_kernel" - 334: Application replay pass 9
==PROF== Profiling "elementwise_kernel" - 335: Application replay pass 9
==PROF== Profiling "elementwise_kernel" - 336: Application replay pass 9
==PROF== Profiling "sm80_xmma_gemm_f32f32_f32f32_..." - 337: Application replay pass 9
==PROF== Profiling "sm80_xmma_gemm_f32f32_f32f32_..." - 338: Application replay pass 9
==PROF== Profiling "elementwise_kernel" - 339: Application replay pass 9
==PROF== Profiling "elementwise_kernel" - 340: Application replay pass 9
==PROF== Profiling "CatArrayBatchedCopy" - 341: Application replay pass 9
==PROF== Profiling "sm80_xmma_gemm_f32f32_f32f32_..." - 342: Application replay pass 9
==PROF== Profiling "Kernel" - 343: Application replay pass 9
==PROF== Profiling "reduce_kernel" - 344: Application replay pass 9
==PROF== Profiling "vectorized_elementwise_kernel" - 345: Application replay pass 9
==PROF== Profiling "vectorized_elementwise_kernel" - 346: Application replay pass 9
==PROF== Profiling "layer_norm_grad_input_kernel" - 347: Application replay pass 9
==PROF== Profiling "GammaBetaBackwardCUDAKernel_3..." - 348: Application replay pass 9
==PROF== Profiling "vectorized_elementwise_kernel" - 349: Application replay pass 9
==PROF== Profiling "vectorized_elementwise_kernel" - 350: Application replay pass 9
==PROF== Profiling "vectorized_elementwise_kernel" - 351: Application replay pass 9
==PROF== Profiling "vectorized_elementwise_kernel" - 352: Application replay pass 9
==PROF== Profiling "sm80_xmma_gemm_f32f32_f32f32_..." - 353: Application replay pass 9
==PROF== Profiling "Kernel" - 354: Application replay pass 9
==PROF== Profiling "reduce_kernel" - 355: Application replay pass 9
==PROF== Profiling "vectorized_elementwise_kernel" - 356: Application replay pass 9
==PROF== Profiling "vectorized_elementwise_kernel" - 357: Application replay pass 9
==PROF== Profiling "vectorized_elementwise_kernel" - 358: Application replay pass 9
==PROF== Profiling "vectorized_elementwise_kernel" - 359: Application replay pass 9
==PROF== Profiling "vectorized_elementwise_kernel" - 360: Application replay pass 9
==PROF== Profiling "vectorized_elementwise_kernel" - 361: Application replay pass 9
==PROF== Profiling "vectorized_elementwise_kernel" - 362: Application replay pass 9
==PROF== Profiling "vectorized_elementwise_kernel" - 363: Application replay pass 9
==PROF== Profiling "vectorized_elementwise_kernel" - 364: Application replay pass 9
==PROF== Profiling "vectorized_elementwise_kernel" - 365: Application replay pass 9
==PROF== Profiling "vectorized_elementwise_kernel" - 366: Application replay pass 9
==PROF== Profiling "vectorized_elementwise_kernel" - 367: Application replay pass 9
==PROF== Profiling "vectorized_elementwise_kernel" - 368: Application replay pass 9
==PROF== Profiling "sm80_xmma_gemm_f32f32_f32f32_..." - 369: Application replay pass 9
==PROF== Profiling "Kernel" - 370: Application replay pass 9
==PROF== Profiling "reduce_kernel" - 371: Application replay pass 9
==PROF== Profiling "vectorized_elementwise_kernel" - 372: Application replay pass 9
==PROF== Profiling "vectorized_elementwise_kernel" - 373: Application replay pass 9
==PROF== Profiling "layer_norm_grad_input_kernel" - 374: Application replay pass 9
==PROF== Profiling "GammaBetaBackwardCUDAKernel_3..." - 375: Application replay pass 9
==PROF== Profiling "vectorized_elementwise_kernel" - 376: Application replay pass 9
==PROF== Profiling "vectorized_elementwise_kernel" - 377: Application replay pass 9
==PROF== Profiling "vectorized_elementwise_kernel" - 378: Application replay pass 9
==PROF== Profiling "vectorized_elementwise_kernel" - 379: Application replay pass 9
==PROF== Profiling "sm80_xmma_gemm_f32f32_f32f32_..." - 380: Application replay pass 9
==PROF== Profiling "Kernel" - 381: Application replay pass 9
==PROF== Profiling "splitKreduce_kernel" - 382: Application replay pass 9
==PROF== Profiling "reduce_kernel" - 383: Application replay pass 9
==PROF== Profiling "vectorized_elementwise_kernel" - 384: Application replay pass 9
==PROF== Profiling "vectorized_elementwise_kernel" - 385: Application replay pass 9
==PROF== Profiling "elementwise_kernel" - 386: Application replay pass 9
==PROF== Profiling "sm80_xmma_gemm_f32f32_f32f32_..." - 387: Application replay pass 9
==PROF== Profiling "sm80_xmma_gemm_f32f32_f32f32_..." - 388: Application replay pass 9
==PROF== Profiling "vectorized_elementwise_kernel" - 389: Application replay pass 9
==PROF== Profiling "vectorized_elementwise_kernel" - 390: Application replay pass 9
==PROF== Profiling "softmax_warp_backward" - 391: Application replay pass 9
==PROF== Profiling "vectorized_elementwise_kernel" - 392: Application replay pass 9
==PROF== Profiling "elementwise_kernel" - 393: Application replay pass 9
==PROF== Profiling "elementwise_kernel" - 394: Application replay pass 9
==PROF== Profiling "sm80_xmma_gemm_f32f32_f32f32_..." - 395: Application replay pass 9
==PROF== Profiling "sm80_xmma_gemm_f32f32_f32f32_..." - 396: Application replay pass 9
==PROF== Profiling "elementwise_kernel" - 397: Application replay pass 9
==PROF== Profiling "elementwise_kernel" - 398: Application replay pass 9
==PROF== Profiling "CatArrayBatchedCopy" - 399: Application replay pass 9
==PROF== Profiling "sm80_xmma_gemm_f32f32_f32f32_..." - 400: Application replay pass 9
==PROF== Profiling "Kernel" - 401: Application replay pass 9
==PROF== Profiling "reduce_kernel" - 402: Application replay pass 9
==PROF== Profiling "vectorized_elementwise_kernel" - 403: Application replay pass 9
==PROF== Profiling "vectorized_elementwise_kernel" - 404: Application replay pass 9
==PROF== Profiling "layer_norm_grad_input_kernel" - 405: Application replay pass 9
==PROF== Profiling "GammaBetaBackwardCUDAKernel_3..." - 406: Application replay pass 9
==PROF== Profiling "vectorized_elementwise_kernel" - 407: Application replay pass 9
==PROF== Profiling "vectorized_elementwise_kernel" - 408: Application replay pass 9
==PROF== Profiling "vectorized_elementwise_kernel" - 409: Application replay pass 9
==PROF== Profiling "vectorized_elementwise_kernel" - 410: Application replay pass 9
==PROF== Profiling "sm80_xmma_gemm_f32f32_f32f32_..." - 411: Application replay pass 9
==PROF== Profiling "Kernel" - 412: Application replay pass 9
==PROF== Profiling "reduce_kernel" - 413: Application replay pass 9
==PROF== Profiling "vectorized_elementwise_kernel" - 414: Application replay pass 9
==PROF== Profiling "vectorized_elementwise_kernel" - 415: Application replay pass 9
==PROF== Profiling "vectorized_elementwise_kernel" - 416: Application replay pass 9
==PROF== Profiling "vectorized_elementwise_kernel" - 417: Application replay pass 9
==PROF== Profiling "vectorized_elementwise_kernel" - 418: Application replay pass 9
==PROF== Profiling "vectorized_elementwise_kernel" - 419: Application replay pass 9
==PROF== Profiling "vectorized_elementwise_kernel" - 420: Application replay pass 9
==PROF== Profiling "vectorized_elementwise_kernel" - 421: Application replay pass 9
==PROF== Profiling "vectorized_elementwise_kernel" - 422: Application replay pass 9
==PROF== Profiling "vectorized_elementwise_kernel" - 423: Application replay pass 9
==PROF== Profiling "vectorized_elementwise_kernel" - 424: Application replay pass 9
==PROF== Profiling "vectorized_elementwise_kernel" - 425: Application replay pass 9
==PROF== Profiling "vectorized_elementwise_kernel" - 426: Application replay pass 9
==PROF== Profiling "sm80_xmma_gemm_f32f32_f32f32_..." - 427: Application replay pass 9
==PROF== Profiling "Kernel" - 428: Application replay pass 9
==PROF== Profiling "reduce_kernel" - 429: Application replay pass 9
==PROF== Profiling "vectorized_elementwise_kernel" - 430: Application replay pass 9
==PROF== Profiling "vectorized_elementwise_kernel" - 431: Application replay pass 9
==PROF== Profiling "layer_norm_grad_input_kernel" - 432: Application replay pass 9
==PROF== Profiling "GammaBetaBackwardCUDAKernel_3..." - 433: Application replay pass 9
==PROF== Profiling "vectorized_elementwise_kernel" - 434: Application replay pass 9
==PROF== Profiling "vectorized_elementwise_kernel" - 435: Application replay pass 9
==PROF== Profiling "vectorized_elementwise_kernel" - 436: Application replay pass 9
==PROF== Profiling "vectorized_elementwise_kernel" - 437: Application replay pass 9
==PROF== Profiling "sm80_xmma_gemm_f32f32_f32f32_..." - 438: Application replay pass 9
==PROF== Profiling "Kernel" - 439: Application replay pass 9
==PROF== Profiling "splitKreduce_kernel" - 440: Application replay pass 9
==PROF== Profiling "reduce_kernel" - 441: Application replay pass 9
==PROF== Profiling "vectorized_elementwise_kernel" - 442: Application replay pass 9
==PROF== Profiling "vectorized_elementwise_kernel" - 443: Application replay pass 9
==PROF== Profiling "elementwise_kernel" - 444: Application replay pass 9
==PROF== Profiling "sm80_xmma_gemm_f32f32_f32f32_..." - 445: Application replay pass 9
==PROF== Profiling "sm80_xmma_gemm_f32f32_f32f32_..." - 446: Application replay pass 9
==PROF== Profiling "vectorized_elementwise_kernel" - 447: Application replay pass 9
==PROF== Profiling "vectorized_elementwise_kernel" - 448: Application replay pass 9
==PROF== Profiling "softmax_warp_backward" - 449: Application replay pass 9
==PROF== Profiling "vectorized_elementwise_kernel" - 450: Application replay pass 9
==PROF== Profiling "elementwise_kernel" - 451: Application replay pass 9
==PROF== Profiling "elementwise_kernel" - 452: Application replay pass 9
==PROF== Profiling "sm80_xmma_gemm_f32f32_f32f32_..." - 453: Application replay pass 9
==PROF== Profiling "sm80_xmma_gemm_f32f32_f32f32_..." - 454: Application replay pass 9
==PROF== Profiling "elementwise_kernel" - 455: Application replay pass 9
==PROF== Profiling "elementwise_kernel" - 456: Application replay pass 9
==PROF== Profiling "CatArrayBatchedCopy" - 457: Application replay pass 9
==PROF== Profiling "sm80_xmma_gemm_f32f32_f32f32_..." - 458: Application replay pass 9
==PROF== Profiling "Kernel" - 459: Application replay pass 9
==PROF== Profiling "reduce_kernel" - 460: Application replay pass 9
==PROF== Profiling "vectorized_elementwise_kernel" - 461: Application replay pass 9
==PROF== Profiling "vectorized_elementwise_kernel" - 462: Application replay pass 9
==PROF== Profiling "layer_norm_grad_input_kernel" - 463: Application replay pass 9
==PROF== Profiling "GammaBetaBackwardCUDAKernel_3..." - 464: Application replay pass 9
==PROF== Profiling "vectorized_elementwise_kernel" - 465: Application replay pass 9
==PROF== Profiling "vectorized_elementwise_kernel" - 466: Application replay pass 9
==PROF== Profiling "vectorized_elementwise_kernel" - 467: Application replay pass 9
==PROF== Profiling "vectorized_elementwise_kernel" - 468: Application replay pass 9
==PROF== Profiling "sm80_xmma_gemm_f32f32_f32f32_..." - 469: Application replay pass 9
==PROF== Profiling "Kernel" - 470: Application replay pass 9
==PROF== Profiling "reduce_kernel" - 471: Application replay pass 9
==PROF== Profiling "vectorized_elementwise_kernel" - 472: Application replay pass 9
==PROF== Profiling "vectorized_elementwise_kernel" - 473: Application replay pass 9
==PROF== Profiling "vectorized_elementwise_kernel" - 474: Application replay pass 9
==PROF== Profiling "vectorized_elementwise_kernel" - 475: Application replay pass 9
==PROF== Profiling "vectorized_elementwise_kernel" - 476: Application replay pass 9
==PROF== Profiling "vectorized_elementwise_kernel" - 477: Application replay pass 9
==PROF== Profiling "vectorized_elementwise_kernel" - 478: Application replay pass 9
==PROF== Profiling "vectorized_elementwise_kernel" - 479: Application replay pass 9
==PROF== Profiling "vectorized_elementwise_kernel" - 480: Application replay pass 9
==PROF== Profiling "vectorized_elementwise_kernel" - 481: Application replay pass 9
==PROF== Profiling "vectorized_elementwise_kernel" - 482: Application replay pass 9
==PROF== Profiling "vectorized_elementwise_kernel" - 483: Application replay pass 9
==PROF== Profiling "vectorized_elementwise_kernel" - 484: Application replay pass 9
==PROF== Profiling "sm80_xmma_gemm_f32f32_f32f32_..." - 485: Application replay pass 9
==PROF== Profiling "Kernel" - 486: Application replay pass 9
==PROF== Profiling "reduce_kernel" - 487: Application replay pass 9
==PROF== Profiling "vectorized_elementwise_kernel" - 488: Application replay pass 9
==PROF== Profiling "vectorized_elementwise_kernel" - 489: Application replay pass 9
==PROF== Profiling "layer_norm_grad_input_kernel" - 490: Application replay pass 9
==PROF== Profiling "GammaBetaBackwardCUDAKernel_3..." - 491: Application replay pass 9
==PROF== Profiling "vectorized_elementwise_kernel" - 492: Application replay pass 9
==PROF== Profiling "vectorized_elementwise_kernel" - 493: Application replay pass 9
==PROF== Profiling "vectorized_elementwise_kernel" - 494: Application replay pass 9
==PROF== Profiling "vectorized_elementwise_kernel" - 495: Application replay pass 9
==PROF== Profiling "sm80_xmma_gemm_f32f32_f32f32_..." - 496: Application replay pass 9
==PROF== Profiling "Kernel" - 497: Application replay pass 9
==PROF== Profiling "splitKreduce_kernel" - 498: Application replay pass 9
==PROF== Profiling "reduce_kernel" - 499: Application replay pass 9
==PROF== Profiling "vectorized_elementwise_kernel" - 500: Application replay pass 9
==PROF== Profiling "vectorized_elementwise_kernel" - 501: Application replay pass 9
==PROF== Profiling "elementwise_kernel" - 502: Application replay pass 9
==PROF== Profiling "sm80_xmma_gemm_f32f32_f32f32_..." - 503: Application replay pass 9
==PROF== Profiling "sm80_xmma_gemm_f32f32_f32f32_..." - 504: Application replay pass 9
==PROF== Profiling "vectorized_elementwise_kernel" - 505: Application replay pass 9
==PROF== Profiling "vectorized_elementwise_kernel" - 506: Application replay pass 9
==PROF== Profiling "softmax_warp_backward" - 507: Application replay pass 9
==PROF== Profiling "vectorized_elementwise_kernel" - 508: Application replay pass 9
==PROF== Profiling "elementwise_kernel" - 509: Application replay pass 9
==PROF== Profiling "elementwise_kernel" - 510: Application replay pass 9
==PROF== Profiling "sm80_xmma_gemm_f32f32_f32f32_..." - 511: Application replay pass 9
==PROF== Profiling "sm80_xmma_gemm_f32f32_f32f32_..." - 512: Application replay pass 9
==PROF== Profiling "elementwise_kernel" - 513: Application replay pass 9
==PROF== Profiling "elementwise_kernel" - 514: Application replay pass 9
==PROF== Profiling "CatArrayBatchedCopy" - 515: Application replay pass 9
==PROF== Profiling "sm80_xmma_gemm_f32f32_f32f32_..." - 516: Application replay pass 9
==PROF== Profiling "Kernel" - 517: Application replay pass 9
==PROF== Profiling "reduce_kernel" - 518: Application replay pass 9
==PROF== Profiling "vectorized_elementwise_kernel" - 519: Application replay pass 9
==PROF== Profiling "vectorized_elementwise_kernel" - 520: Application replay pass 9
==PROF== Profiling "layer_norm_grad_input_kernel" - 521: Application replay pass 9
==PROF== Profiling "GammaBetaBackwardCUDAKernel_3..." - 522: Application replay pass 9
==PROF== Profiling "vectorized_elementwise_kernel" - 523: Application replay pass 9
==PROF== Profiling "vectorized_elementwise_kernel" - 524: Application replay pass 9
==PROF== Profiling "vectorized_elementwise_kernel" - 525: Application replay pass 9
==PROF== Profiling "vectorized_elementwise_kernel" - 526: Application replay pass 9
==PROF== Profiling "sm80_xmma_gemm_f32f32_f32f32_..." - 527: Application replay pass 9
==PROF== Profiling "Kernel" - 528: Application replay pass 9
==PROF== Profiling "reduce_kernel" - 529: Application replay pass 9
==PROF== Profiling "vectorized_elementwise_kernel" - 530: Application replay pass 9
==PROF== Profiling "vectorized_elementwise_kernel" - 531: Application replay pass 9
==PROF== Profiling "vectorized_elementwise_kernel" - 532: Application replay pass 9
==PROF== Profiling "vectorized_elementwise_kernel" - 533: Application replay pass 9
==PROF== Profiling "vectorized_elementwise_kernel" - 534: Application replay pass 9
==PROF== Profiling "vectorized_elementwise_kernel" - 535: Application replay pass 9
==PROF== Profiling "vectorized_elementwise_kernel" - 536: Application replay pass 9
==PROF== Profiling "vectorized_elementwise_kernel" - 537: Application replay pass 9
==PROF== Profiling "vectorized_elementwise_kernel" - 538: Application replay pass 9
==PROF== Profiling "vectorized_elementwise_kernel" - 539: Application replay pass 9
==PROF== Profiling "vectorized_elementwise_kernel" - 540: Application replay pass 9
==PROF== Profiling "vectorized_elementwise_kernel" - 541: Application replay pass 9
==PROF== Profiling "vectorized_elementwise_kernel" - 542: Application replay pass 9
==PROF== Profiling "sm80_xmma_gemm_f32f32_f32f32_..." - 543: Application replay pass 9
==PROF== Profiling "Kernel" - 544: Application replay pass 9
==PROF== Profiling "reduce_kernel" - 545: Application replay pass 9
==PROF== Profiling "vectorized_elementwise_kernel" - 546: Application replay pass 9
==PROF== Profiling "vectorized_elementwise_kernel" - 547: Application replay pass 9
==PROF== Profiling "layer_norm_grad_input_kernel" - 548: Application replay pass 9
==PROF== Profiling "GammaBetaBackwardCUDAKernel_3..." - 549: Application replay pass 9
==PROF== Profiling "vectorized_elementwise_kernel" - 550: Application replay pass 9
==PROF== Profiling "vectorized_elementwise_kernel" - 551: Application replay pass 9
==PROF== Profiling "vectorized_elementwise_kernel" - 552: Application replay pass 9
==PROF== Profiling "vectorized_elementwise_kernel" - 553: Application replay pass 9
==PROF== Profiling "sm80_xmma_gemm_f32f32_f32f32_..." - 554: Application replay pass 9
==PROF== Profiling "Kernel" - 555: Application replay pass 9
==PROF== Profiling "splitKreduce_kernel" - 556: Application replay pass 9
==PROF== Profiling "reduce_kernel" - 557: Application replay pass 9
==PROF== Profiling "vectorized_elementwise_kernel" - 558: Application replay pass 9
==PROF== Profiling "vectorized_elementwise_kernel" - 559: Application replay pass 9
==PROF== Profiling "elementwise_kernel" - 560: Application replay pass 9
==PROF== Profiling "sm80_xmma_gemm_f32f32_f32f32_..." - 561: Application replay pass 9
==PROF== Profiling "sm80_xmma_gemm_f32f32_f32f32_..." - 562: Application replay pass 9
==PROF== Profiling "vectorized_elementwise_kernel" - 563: Application replay pass 9
==PROF== Profiling "vectorized_elementwise_kernel" - 564: Application replay pass 9
==PROF== Profiling "softmax_warp_backward" - 565: Application replay pass 9
==PROF== Profiling "vectorized_elementwise_kernel" - 566: Application replay pass 9
==PROF== Profiling "elementwise_kernel" - 567: Application replay pass 9
==PROF== Profiling "elementwise_kernel" - 568: Application replay pass 9
==PROF== Profiling "sm80_xmma_gemm_f32f32_f32f32_..." - 569: Application replay pass 9
==PROF== Profiling "sm80_xmma_gemm_f32f32_f32f32_..." - 570: Application replay pass 9
==PROF== Profiling "elementwise_kernel" - 571: Application replay pass 9
==PROF== Profiling "elementwise_kernel" - 572: Application replay pass 9
==PROF== Profiling "CatArrayBatchedCopy" - 573: Application replay pass 9
==PROF== Profiling "sm80_xmma_gemm_f32f32_f32f32_..." - 574: Application replay pass 9
==PROF== Profiling "Kernel" - 575: Application replay pass 9
==PROF== Profiling "reduce_kernel" - 576: Application replay pass 9
==PROF== Profiling "vectorized_elementwise_kernel" - 577: Application replay pass 9
==PROF== Profiling "vectorized_elementwise_kernel" - 578: Application replay pass 9
==PROF== Profiling "layer_norm_grad_input_kernel" - 579: Application replay pass 9
==PROF== Profiling "GammaBetaBackwardCUDAKernel_3..." - 580: Application replay pass 9
==PROF== Profiling "vectorized_elementwise_kernel" - 581: Application replay pass 9
==PROF== Profiling "vectorized_elementwise_kernel" - 582: Application replay pass 9
==PROF== Profiling "vectorized_elementwise_kernel" - 583: Application replay pass 9
==PROF== Profiling "vectorized_elementwise_kernel" - 584: Application replay pass 9
==PROF== Profiling "sm80_xmma_gemm_f32f32_f32f32_..." - 585: Application replay pass 9
==PROF== Profiling "Kernel" - 586: Application replay pass 9
==PROF== Profiling "reduce_kernel" - 587: Application replay pass 9
==PROF== Profiling "vectorized_elementwise_kernel" - 588: Application replay pass 9
==PROF== Profiling "vectorized_elementwise_kernel" - 589: Application replay pass 9
==PROF== Profiling "vectorized_elementwise_kernel" - 590: Application replay pass 9
==PROF== Profiling "vectorized_elementwise_kernel" - 591: Application replay pass 9
==PROF== Profiling "vectorized_elementwise_kernel" - 592: Application replay pass 9
==PROF== Profiling "vectorized_elementwise_kernel" - 593: Application replay pass 9
==PROF== Profiling "vectorized_elementwise_kernel" - 594: Application replay pass 9
==PROF== Profiling "vectorized_elementwise_kernel" - 595: Application replay pass 9
==PROF== Profiling "vectorized_elementwise_kernel" - 596: Application replay pass 9
==PROF== Profiling "vectorized_elementwise_kernel" - 597: Application replay pass 9
==PROF== Profiling "vectorized_elementwise_kernel" - 598: Application replay pass 9
==PROF== Profiling "vectorized_elementwise_kernel" - 599: Application replay pass 9
==PROF== Profiling "vectorized_elementwise_kernel" - 600: Application replay pass 9
==PROF== Profiling "sm80_xmma_gemm_f32f32_f32f32_..." - 601: Application replay pass 9
==PROF== Profiling "Kernel" - 602: Application replay pass 9
==PROF== Profiling "reduce_kernel" - 603: Application replay pass 9
==PROF== Profiling "vectorized_elementwise_kernel" - 604: Application replay pass 9
==PROF== Profiling "vectorized_elementwise_kernel" - 605: Application replay pass 9
==PROF== Profiling "layer_norm_grad_input_kernel" - 606: Application replay pass 9
==PROF== Profiling "GammaBetaBackwardCUDAKernel_3..." - 607: Application replay pass 9
==PROF== Profiling "vectorized_elementwise_kernel" - 608: Application replay pass 9
==PROF== Profiling "vectorized_elementwise_kernel" - 609: Application replay pass 9
==PROF== Profiling "vectorized_elementwise_kernel" - 610: Application replay pass 9
==PROF== Profiling "vectorized_elementwise_kernel" - 611: Application replay pass 9
==PROF== Profiling "sm80_xmma_gemm_f32f32_f32f32_..." - 612: Application replay pass 9
==PROF== Profiling "Kernel" - 613: Application replay pass 9
==PROF== Profiling "splitKreduce_kernel" - 614: Application replay pass 9
==PROF== Profiling "reduce_kernel" - 615: Application replay pass 9
==PROF== Profiling "vectorized_elementwise_kernel" - 616: Application replay pass 9
==PROF== Profiling "vectorized_elementwise_kernel" - 617: Application replay pass 9
==PROF== Profiling "elementwise_kernel" - 618: Application replay pass 9
==PROF== Profiling "sm80_xmma_gemm_f32f32_f32f32_..." - 619: Application replay pass 9
==PROF== Profiling "sm80_xmma_gemm_f32f32_f32f32_..." - 620: Application replay pass 9
==PROF== Profiling "vectorized_elementwise_kernel" - 621: Application replay pass 9
==PROF== Profiling "vectorized_elementwise_kernel" - 622: Application replay pass 9
==PROF== Profiling "softmax_warp_backward" - 623: Application replay pass 9
==PROF== Profiling "vectorized_elementwise_kernel" - 624: Application replay pass 9
==PROF== Profiling "elementwise_kernel" - 625: Application replay pass 9
==PROF== Profiling "elementwise_kernel" - 626: Application replay pass 9
==PROF== Profiling "sm80_xmma_gemm_f32f32_f32f32_..." - 627: Application replay pass 9
==PROF== Profiling "sm80_xmma_gemm_f32f32_f32f32_..." - 628: Application replay pass 9
==PROF== Profiling "elementwise_kernel" - 629: Application replay pass 9
==PROF== Profiling "elementwise_kernel" - 630: Application replay pass 9
==PROF== Profiling "CatArrayBatchedCopy" - 631: Application replay pass 9
==PROF== Profiling "sm80_xmma_gemm_f32f32_f32f32_..." - 632: Application replay pass 9
==PROF== Profiling "Kernel" - 633: Application replay pass 9
==PROF== Profiling "reduce_kernel" - 634: Application replay pass 9
==PROF== Profiling "vectorized_elementwise_kernel" - 635: Application replay pass 9
==PROF== Profiling "vectorized_elementwise_kernel" - 636: Application replay pass 9
==PROF== Profiling "layer_norm_grad_input_kernel" - 637: Application replay pass 9
==PROF== Profiling "GammaBetaBackwardCUDAKernel_3..." - 638: Application replay pass 9
==PROF== Profiling "vectorized_elementwise_kernel" - 639: Application replay pass 9
==PROF== Profiling "vectorized_elementwise_kernel" - 640: Application replay pass 9
==PROF== Profiling "vectorized_elementwise_kernel" - 641: Application replay pass 9
==PROF== Profiling "vectorized_elementwise_kernel" - 642: Application replay pass 9
==PROF== Profiling "sm80_xmma_gemm_f32f32_f32f32_..." - 643: Application replay pass 9
==PROF== Profiling "Kernel" - 644: Application replay pass 9
==PROF== Profiling "reduce_kernel" - 645: Application replay pass 9
==PROF== Profiling "vectorized_elementwise_kernel" - 646: Application replay pass 9
==PROF== Profiling "vectorized_elementwise_kernel" - 647: Application replay pass 9
==PROF== Profiling "vectorized_elementwise_kernel" - 648: Application replay pass 9
==PROF== Profiling "vectorized_elementwise_kernel" - 649: Application replay pass 9
==PROF== Profiling "vectorized_elementwise_kernel" - 650: Application replay pass 9
==PROF== Profiling "vectorized_elementwise_kernel" - 651: Application replay pass 9
==PROF== Profiling "vectorized_elementwise_kernel" - 652: Application replay pass 9
==PROF== Profiling "vectorized_elementwise_kernel" - 653: Application replay pass 9
==PROF== Profiling "vectorized_elementwise_kernel" - 654: Application replay pass 9
==PROF== Profiling "vectorized_elementwise_kernel" - 655: Application replay pass 9
==PROF== Profiling "vectorized_elementwise_kernel" - 656: Application replay pass 9
==PROF== Profiling "vectorized_elementwise_kernel" - 657: Application replay pass 9
==PROF== Profiling "vectorized_elementwise_kernel" - 658: Application replay pass 9
==PROF== Profiling "sm80_xmma_gemm_f32f32_f32f32_..." - 659: Application replay pass 9
==PROF== Profiling "Kernel" - 660: Application replay pass 9
==PROF== Profiling "reduce_kernel" - 661: Application replay pass 9
==PROF== Profiling "vectorized_elementwise_kernel" - 662: Application replay pass 9
==PROF== Profiling "vectorized_elementwise_kernel" - 663: Application replay pass 9
==PROF== Profiling "layer_norm_grad_input_kernel" - 664: Application replay pass 9
==PROF== Profiling "GammaBetaBackwardCUDAKernel_3..." - 665: Application replay pass 9
==PROF== Profiling "vectorized_elementwise_kernel" - 666: Application replay pass 9
==PROF== Profiling "vectorized_elementwise_kernel" - 667: Application replay pass 9
==PROF== Profiling "vectorized_elementwise_kernel" - 668: Application replay pass 9
==PROF== Profiling "vectorized_elementwise_kernel" - 669: Application replay pass 9
==PROF== Profiling "sm80_xmma_gemm_f32f32_f32f32_..." - 670: Application replay pass 9
==PROF== Profiling "Kernel" - 671: Application replay pass 9
==PROF== Profiling "splitKreduce_kernel" - 672: Application replay pass 9
==PROF== Profiling "reduce_kernel" - 673: Application replay pass 9
==PROF== Profiling "vectorized_elementwise_kernel" - 674: Application replay pass 9
==PROF== Profiling "vectorized_elementwise_kernel" - 675: Application replay pass 9
==PROF== Profiling "elementwise_kernel" - 676: Application replay pass 9
==PROF== Profiling "sm80_xmma_gemm_f32f32_f32f32_..." - 677: Application replay pass 9
==PROF== Profiling "sm80_xmma_gemm_f32f32_f32f32_..." - 678: Application replay pass 9
==PROF== Profiling "vectorized_elementwise_kernel" - 679: Application replay pass 9
==PROF== Profiling "vectorized_elementwise_kernel" - 680: Application replay pass 9
==PROF== Profiling "softmax_warp_backward" - 681: Application replay pass 9
==PROF== Profiling "vectorized_elementwise_kernel" - 682: Application replay pass 9
==PROF== Profiling "elementwise_kernel" - 683: Application replay pass 9
==PROF== Profiling "elementwise_kernel" - 684: Application replay pass 9
==PROF== Profiling "sm80_xmma_gemm_f32f32_f32f32_..." - 685: Application replay pass 9
==PROF== Profiling "sm80_xmma_gemm_f32f32_f32f32_..." - 686: Application replay pass 9
==PROF== Profiling "elementwise_kernel" - 687: Application replay pass 9
==PROF== Profiling "elementwise_kernel" - 688: Application replay pass 9
==PROF== Profiling "CatArrayBatchedCopy" - 689: Application replay pass 9
==PROF== Profiling "sm80_xmma_gemm_f32f32_f32f32_..." - 690: Application replay pass 9
==PROF== Profiling "Kernel" - 691: Application replay pass 9
==PROF== Profiling "reduce_kernel" - 692: Application replay pass 9
==PROF== Profiling "vectorized_elementwise_kernel" - 693: Application replay pass 9
==PROF== Profiling "vectorized_elementwise_kernel" - 694: Application replay pass 9
==PROF== Profiling "layer_norm_grad_input_kernel" - 695: Application replay pass 9
==PROF== Profiling "GammaBetaBackwardCUDAKernel_3..." - 696: Application replay pass 9
==PROF== Profiling "vectorized_elementwise_kernel" - 697: Application replay pass 9
==PROF== Profiling "vectorized_elementwise_kernel" - 698: Application replay pass 9
==PROF== Profiling "vectorized_elementwise_kernel" - 699: Application replay pass 9
==PROF== Profiling "vectorized_elementwise_kernel" - 700: Application replay pass 9
==PROF== Profiling "reduce_kernel" - 701: Application replay pass 9
==PROF== Profiling "vectorized_elementwise_kernel" - 702: Application replay pass 9
==PROF== Profiling "embedding_backward_feature_ke..." - 703: Application replay pass 9
==PROF== Profiling "vectorized_elementwise_kernel" - 704: Application replay pass 9
==PROF== Profiling "elementwise_kernel_with_index" - 705: Application replay pass 9
==PROF== Profiling "DeviceRadixSortHistogramKernel" - 706: Application replay pass 9
==PROF== Profiling "DeviceRadixSortExclusiveSumKe..." - 707: Application replay pass 9
==PROF== Profiling "DeviceRadixSortOnesweepKernel" - 708: Application replay pass 9
==PROF== Profiling "DeviceRadixSortOnesweepKernel" - 709: Application replay pass 9
==PROF== Profiling "DeviceRadixSortOnesweepKernel" - 710: Application replay pass 9
==PROF== Profiling "DeviceRadixSortOnesweepKernel" - 711: Application replay pass 9
==PROF== Profiling "DeviceRadixSortOnesweepKernel" - 712: Application replay pass 9
==PROF== Profiling "DeviceRadixSortOnesweepKernel" - 713: Application replay pass 9
==PROF== Profiling "DeviceRadixSortOnesweepKernel" - 714: Application replay pass 9
==PROF== Profiling "DeviceRadixSortOnesweepKernel" - 715: Application replay pass 9
==PROF== Profiling "vectorized_elementwise_kernel" - 716: Application replay pass 9
==PROF== Profiling "DeviceCompactInitKernel" - 717: Application replay pass 9
==PROF== Profiling "DeviceUniqueByKeySweepKernel" - 718: Application replay pass 9
==PROF== Profiling "krn_partials_per_segment" - 719: Application replay pass 9
==PROF== Profiling "DeviceScanInitKernel" - 720: Application replay pass 9
==PROF== Profiling "DeviceScanKernel" - 721: Application replay pass 9
==PROF== Profiling "compute_num_of_partial_segments" - 722: Application replay pass 9
==PROF== Profiling "krn_partial_segment_offset" - 723: Application replay pass 9
==PROF== Profiling "compute_grad_weight" - 724: Application replay pass 9
==PROF== Profiling "sum_and_scatter" - 725: Application replay pass 9
==PROF== Profiling "vectorized_elementwise_kernel" - 726: Application replay pass 9
debug: Rank 0: Stopping profiler
Rank 0, Epoch [3/3], Finished epoch.
debug: Cleaning up process group
debug: Rank 0: Training process completed
==PROF== Disconnected from process 6732
debug: mp.spawn completed
PyTorch CUDA version: 12.1 matches with CUDA version required in environment config.
Configuration Values:
cuda version check: 12.1
world_size: 1
cap_size: 2
epochs: 3
batchsize: 16
debug: Starting mp.spawn...
debug: Rank 0: Running training process
debug: Rank 0: Preparing model and data
debug: Rank 0: Setting up process group
==PROF== Connected to process 7516 (/opt/conda/envs/echo_slowdown/bin/python3.10)
debug: Rank 0: Process group setup complete
debug: Rank 0: Starting training for 3 epochs
debug: Rank 0: Actual epoch 1/3 starting
Rank 0, Epoch [1/3], Finished epoch.
debug: Rank 0: Actual epoch 2/3 starting
Rank 0, Epoch [2/3], Finished epoch.
debug: Rank 0: Actual epoch 3/3 starting
debug: Rank 0: Starting backward pass profiling
==PROF== Profiling "layer_norm_grad_input_kernel" - 0: Application replay pass 10
==PROF== Profiling "GammaBetaBackwardCUDAKernel_3..." - 1: Application replay pass 10
==PROF== Profiling "vectorized_elementwise_kernel" - 2: Application replay pass 10
==PROF== Profiling "vectorized_elementwise_kernel" - 3: Application replay pass 10
==PROF== Profiling "vectorized_elementwise_kernel" - 4: Application replay pass 10
==PROF== Profiling "sm80_xmma_gemm_f32f32_f32f32_..." - 5: Application replay pass 10
==PROF== Profiling "Kernel" - 6: Application replay pass 10
==PROF== Profiling "reduce_kernel" - 7: Application replay pass 10
==PROF== Profiling "vectorized_elementwise_kernel" - 8: Application replay pass 10
==PROF== Profiling "vectorized_elementwise_kernel" - 9: Application replay pass 10
==PROF== Profiling "vectorized_elementwise_kernel" - 10: Application replay pass 10
==PROF== Profiling "vectorized_elementwise_kernel" - 11: Application replay pass 10
==PROF== Profiling "vectorized_elementwise_kernel" - 12: Application replay pass 10
==PROF== Profiling "vectorized_elementwise_kernel" - 13: Application replay pass 10
==PROF== Profiling "vectorized_elementwise_kernel" - 14: Application replay pass 10
==PROF== Profiling "vectorized_elementwise_kernel" - 15: Application replay pass 10
==PROF== Profiling "vectorized_elementwise_kernel" - 16: Application replay pass 10
==PROF== Profiling "vectorized_elementwise_kernel" - 17: Application replay pass 10
==PROF== Profiling "vectorized_elementwise_kernel" - 18: Application replay pass 10
==PROF== Profiling "vectorized_elementwise_kernel" - 19: Application replay pass 10
==PROF== Profiling "vectorized_elementwise_kernel" - 20: Application replay pass 10
==PROF== Profiling "sm80_xmma_gemm_f32f32_f32f32_..." - 21: Application replay pass 10
==PROF== Profiling "Kernel" - 22: Application replay pass 10
==PROF== Profiling "reduce_kernel" - 23: Application replay pass 10
==PROF== Profiling "vectorized_elementwise_kernel" - 24: Application replay pass 10
==PROF== Profiling "vectorized_elementwise_kernel" - 25: Application replay pass 10
==PROF== Profiling "layer_norm_grad_input_kernel" - 26: Application replay pass 10
==PROF== Profiling "GammaBetaBackwardCUDAKernel_3..." - 27: Application replay pass 10
==PROF== Profiling "vectorized_elementwise_kernel" - 28: Application replay pass 10
==PROF== Profiling "vectorized_elementwise_kernel" - 29: Application replay pass 10
==PROF== Profiling "vectorized_elementwise_kernel" - 30: Application replay pass 10
==PROF== Profiling "vectorized_elementwise_kernel" - 31: Application replay pass 10
==PROF== Profiling "sm80_xmma_gemm_f32f32_f32f32_..." - 32: Application replay pass 10
==PROF== Profiling "Kernel" - 33: Application replay pass 10
==PROF== Profiling "splitKreduce_kernel" - 34: Application replay pass 10
==PROF== Profiling "reduce_kernel" - 35: Application replay pass 10
==PROF== Profiling "vectorized_elementwise_kernel" - 36: Application replay pass 10
==PROF== Profiling "vectorized_elementwise_kernel" - 37: Application replay pass 10
==PROF== Profiling "elementwise_kernel" - 38: Application replay pass 10
==PROF== Profiling "sm80_xmma_gemm_f32f32_f32f32_..." - 39: Application replay pass 10
==PROF== Profiling "sm80_xmma_gemm_f32f32_f32f32_..." - 40: Application replay pass 10
==PROF== Profiling "vectorized_elementwise_kernel" - 41: Application replay pass 10
==PROF== Profiling "vectorized_elementwise_kernel" - 42: Application replay pass 10
==PROF== Profiling "softmax_warp_backward" - 43: Application replay pass 10
==PROF== Profiling "vectorized_elementwise_kernel" - 44: Application replay pass 10
==PROF== Profiling "elementwise_kernel" - 45: Application replay pass 10
==PROF== Profiling "elementwise_kernel" - 46: Application replay pass 10
==PROF== Profiling "sm80_xmma_gemm_f32f32_f32f32_..." - 47: Application replay pass 10
==PROF== Profiling "sm80_xmma_gemm_f32f32_f32f32_..." - 48: Application replay pass 10
==PROF== Profiling "elementwise_kernel" - 49: Application replay pass 10
==PROF== Profiling "elementwise_kernel" - 50: Application replay pass 10
==PROF== Profiling "CatArrayBatchedCopy" - 51: Application replay pass 10
==PROF== Profiling "sm80_xmma_gemm_f32f32_f32f32_..." - 52: Application replay pass 10
==PROF== Profiling "Kernel" - 53: Application replay pass 10
==PROF== Profiling "reduce_kernel" - 54: Application replay pass 10
==PROF== Profiling "vectorized_elementwise_kernel" - 55: Application replay pass 10
==PROF== Profiling "vectorized_elementwise_kernel" - 56: Application replay pass 10
==PROF== Profiling "layer_norm_grad_input_kernel" - 57: Application replay pass 10
==PROF== Profiling "GammaBetaBackwardCUDAKernel_3..." - 58: Application replay pass 10
==PROF== Profiling "vectorized_elementwise_kernel" - 59: Application replay pass 10
==PROF== Profiling "vectorized_elementwise_kernel" - 60: Application replay pass 10
==PROF== Profiling "vectorized_elementwise_kernel" - 61: Application replay pass 10
==PROF== Profiling "vectorized_elementwise_kernel" - 62: Application replay pass 10
==PROF== Profiling "sm80_xmma_gemm_f32f32_f32f32_..." - 63: Application replay pass 10
==PROF== Profiling "Kernel" - 64: Application replay pass 10
==PROF== Profiling "reduce_kernel" - 65: Application replay pass 10
==PROF== Profiling "vectorized_elementwise_kernel" - 66: Application replay pass 10
==PROF== Profiling "vectorized_elementwise_kernel" - 67: Application replay pass 10
==PROF== Profiling "vectorized_elementwise_kernel" - 68: Application replay pass 10
==PROF== Profiling "vectorized_elementwise_kernel" - 69: Application replay pass 10
==PROF== Profiling "vectorized_elementwise_kernel" - 70: Application replay pass 10
==PROF== Profiling "vectorized_elementwise_kernel" - 71: Application replay pass 10
==PROF== Profiling "vectorized_elementwise_kernel" - 72: Application replay pass 10
==PROF== Profiling "vectorized_elementwise_kernel" - 73: Application replay pass 10
==PROF== Profiling "vectorized_elementwise_kernel" - 74: Application replay pass 10
==PROF== Profiling "vectorized_elementwise_kernel" - 75: Application replay pass 10
==PROF== Profiling "vectorized_elementwise_kernel" - 76: Application replay pass 10
==PROF== Profiling "vectorized_elementwise_kernel" - 77: Application replay pass 10
==PROF== Profiling "vectorized_elementwise_kernel" - 78: Application replay pass 10
==PROF== Profiling "sm80_xmma_gemm_f32f32_f32f32_..." - 79: Application replay pass 10
==PROF== Profiling "Kernel" - 80: Application replay pass 10
==PROF== Profiling "reduce_kernel" - 81: Application replay pass 10
==PROF== Profiling "vectorized_elementwise_kernel" - 82: Application replay pass 10
==PROF== Profiling "vectorized_elementwise_kernel" - 83: Application replay pass 10
==PROF== Profiling "layer_norm_grad_input_kernel" - 84: Application replay pass 10
==PROF== Profiling "GammaBetaBackwardCUDAKernel_3..." - 85: Application replay pass 10
==PROF== Profiling "vectorized_elementwise_kernel" - 86: Application replay pass 10
==PROF== Profiling "vectorized_elementwise_kernel" - 87: Application replay pass 10
==PROF== Profiling "vectorized_elementwise_kernel" - 88: Application replay pass 10
==PROF== Profiling "vectorized_elementwise_kernel" - 89: Application replay pass 10
==PROF== Profiling "sm80_xmma_gemm_f32f32_f32f32_..." - 90: Application replay pass 10
==PROF== Profiling "Kernel" - 91: Application replay pass 10
==PROF== Profiling "splitKreduce_kernel" - 92: Application replay pass 10
==PROF== Profiling "reduce_kernel" - 93: Application replay pass 10
==PROF== Profiling "vectorized_elementwise_kernel" - 94: Application replay pass 10
==PROF== Profiling "vectorized_elementwise_kernel" - 95: Application replay pass 10
==PROF== Profiling "elementwise_kernel" - 96: Application replay pass 10
==PROF== Profiling "sm80_xmma_gemm_f32f32_f32f32_..." - 97: Application replay pass 10
==PROF== Profiling "sm80_xmma_gemm_f32f32_f32f32_..." - 98: Application replay pass 10
==PROF== Profiling "vectorized_elementwise_kernel" - 99: Application replay pass 10
==PROF== Profiling "vectorized_elementwise_kernel" - 100: Application replay pass 10
==PROF== Profiling "softmax_warp_backward" - 101: Application replay pass 10
==PROF== Profiling "vectorized_elementwise_kernel" - 102: Application replay pass 10
==PROF== Profiling "elementwise_kernel" - 103: Application replay pass 10
==PROF== Profiling "elementwise_kernel" - 104: Application replay pass 10
==PROF== Profiling "sm80_xmma_gemm_f32f32_f32f32_..." - 105: Application replay pass 10
==PROF== Profiling "sm80_xmma_gemm_f32f32_f32f32_..." - 106: Application replay pass 10
==PROF== Profiling "elementwise_kernel" - 107: Application replay pass 10
==PROF== Profiling "elementwise_kernel" - 108: Application replay pass 10
==PROF== Profiling "CatArrayBatchedCopy" - 109: Application replay pass 10
==PROF== Profiling "sm80_xmma_gemm_f32f32_f32f32_..." - 110: Application replay pass 10
==PROF== Profiling "Kernel" - 111: Application replay pass 10
==PROF== Profiling "reduce_kernel" - 112: Application replay pass 10
==PROF== Profiling "vectorized_elementwise_kernel" - 113: Application replay pass 10
==PROF== Profiling "vectorized_elementwise_kernel" - 114: Application replay pass 10
==PROF== Profiling "layer_norm_grad_input_kernel" - 115: Application replay pass 10
==PROF== Profiling "GammaBetaBackwardCUDAKernel_3..." - 116: Application replay pass 10
==PROF== Profiling "vectorized_elementwise_kernel" - 117: Application replay pass 10
==PROF== Profiling "vectorized_elementwise_kernel" - 118: Application replay pass 10
==PROF== Profiling "vectorized_elementwise_kernel" - 119: Application replay pass 10
==PROF== Profiling "vectorized_elementwise_kernel" - 120: Application replay pass 10
==PROF== Profiling "sm80_xmma_gemm_f32f32_f32f32_..." - 121: Application replay pass 10
==PROF== Profiling "Kernel" - 122: Application replay pass 10
==PROF== Profiling "reduce_kernel" - 123: Application replay pass 10
==PROF== Profiling "vectorized_elementwise_kernel" - 124: Application replay pass 10
==PROF== Profiling "vectorized_elementwise_kernel" - 125: Application replay pass 10
==PROF== Profiling "vectorized_elementwise_kernel" - 126: Application replay pass 10
==PROF== Profiling "vectorized_elementwise_kernel" - 127: Application replay pass 10
==PROF== Profiling "vectorized_elementwise_kernel" - 128: Application replay pass 10
==PROF== Profiling "vectorized_elementwise_kernel" - 129: Application replay pass 10
==PROF== Profiling "vectorized_elementwise_kernel" - 130: Application replay pass 10
==PROF== Profiling "vectorized_elementwise_kernel" - 131: Application replay pass 10
==PROF== Profiling "vectorized_elementwise_kernel" - 132: Application replay pass 10
==PROF== Profiling "vectorized_elementwise_kernel" - 133: Application replay pass 10
==PROF== Profiling "vectorized_elementwise_kernel" - 134: Application replay pass 10
==PROF== Profiling "vectorized_elementwise_kernel" - 135: Application replay pass 10
==PROF== Profiling "vectorized_elementwise_kernel" - 136: Application replay pass 10
==PROF== Profiling "sm80_xmma_gemm_f32f32_f32f32_..." - 137: Application replay pass 10
==PROF== Profiling "Kernel" - 138: Application replay pass 10
==PROF== Profiling "reduce_kernel" - 139: Application replay pass 10
==PROF== Profiling "vectorized_elementwise_kernel" - 140: Application replay pass 10
==PROF== Profiling "vectorized_elementwise_kernel" - 141: Application replay pass 10
==PROF== Profiling "layer_norm_grad_input_kernel" - 142: Application replay pass 10
==PROF== Profiling "GammaBetaBackwardCUDAKernel_3..." - 143: Application replay pass 10
==PROF== Profiling "vectorized_elementwise_kernel" - 144: Application replay pass 10
==PROF== Profiling "vectorized_elementwise_kernel" - 145: Application replay pass 10
==PROF== Profiling "vectorized_elementwise_kernel" - 146: Application replay pass 10
==PROF== Profiling "vectorized_elementwise_kernel" - 147: Application replay pass 10
==PROF== Profiling "sm80_xmma_gemm_f32f32_f32f32_..." - 148: Application replay pass 10
==PROF== Profiling "Kernel" - 149: Application replay pass 10
==PROF== Profiling "splitKreduce_kernel" - 150: Application replay pass 10
==PROF== Profiling "reduce_kernel" - 151: Application replay pass 10
==PROF== Profiling "vectorized_elementwise_kernel" - 152: Application replay pass 10
==PROF== Profiling "vectorized_elementwise_kernel" - 153: Application replay pass 10
==PROF== Profiling "elementwise_kernel" - 154: Application replay pass 10
==PROF== Profiling "sm80_xmma_gemm_f32f32_f32f32_..." - 155: Application replay pass 10
==PROF== Profiling "sm80_xmma_gemm_f32f32_f32f32_..." - 156: Application replay pass 10
==PROF== Profiling "vectorized_elementwise_kernel" - 157: Application replay pass 10
==PROF== Profiling "vectorized_elementwise_kernel" - 158: Application replay pass 10
==PROF== Profiling "softmax_warp_backward" - 159: Application replay pass 10
==PROF== Profiling "vectorized_elementwise_kernel" - 160: Application replay pass 10
==PROF== Profiling "elementwise_kernel" - 161: Application replay pass 10
==PROF== Profiling "elementwise_kernel" - 162: Application replay pass 10
==PROF== Profiling "sm80_xmma_gemm_f32f32_f32f32_..." - 163: Application replay pass 10
==PROF== Profiling "sm80_xmma_gemm_f32f32_f32f32_..." - 164: Application replay pass 10
==PROF== Profiling "elementwise_kernel" - 165: Application replay pass 10
==PROF== Profiling "elementwise_kernel" - 166: Application replay pass 10
==PROF== Profiling "CatArrayBatchedCopy" - 167: Application replay pass 10
==PROF== Profiling "sm80_xmma_gemm_f32f32_f32f32_..." - 168: Application replay pass 10
==PROF== Profiling "Kernel" - 169: Application replay pass 10
==PROF== Profiling "reduce_kernel" - 170: Application replay pass 10
==PROF== Profiling "vectorized_elementwise_kernel" - 171: Application replay pass 10
==PROF== Profiling "vectorized_elementwise_kernel" - 172: Application replay pass 10
==PROF== Profiling "layer_norm_grad_input_kernel" - 173: Application replay pass 10
==PROF== Profiling "GammaBetaBackwardCUDAKernel_3..." - 174: Application replay pass 10
==PROF== Profiling "vectorized_elementwise_kernel" - 175: Application replay pass 10
==PROF== Profiling "vectorized_elementwise_kernel" - 176: Application replay pass 10
==PROF== Profiling "vectorized_elementwise_kernel" - 177: Application replay pass 10
==PROF== Profiling "vectorized_elementwise_kernel" - 178: Application replay pass 10
==PROF== Profiling "sm80_xmma_gemm_f32f32_f32f32_..." - 179: Application replay pass 10
==PROF== Profiling "Kernel" - 180: Application replay pass 10
==PROF== Profiling "reduce_kernel" - 181: Application replay pass 10
==PROF== Profiling "vectorized_elementwise_kernel" - 182: Application replay pass 10
==PROF== Profiling "vectorized_elementwise_kernel" - 183: Application replay pass 10
==PROF== Profiling "vectorized_elementwise_kernel" - 184: Application replay pass 10
==PROF== Profiling "vectorized_elementwise_kernel" - 185: Application replay pass 10
==PROF== Profiling "vectorized_elementwise_kernel" - 186: Application replay pass 10
==PROF== Profiling "vectorized_elementwise_kernel" - 187: Application replay pass 10
==PROF== Profiling "vectorized_elementwise_kernel" - 188: Application replay pass 10
==PROF== Profiling "vectorized_elementwise_kernel" - 189: Application replay pass 10
==PROF== Profiling "vectorized_elementwise_kernel" - 190: Application replay pass 10
==PROF== Profiling "vectorized_elementwise_kernel" - 191: Application replay pass 10
==PROF== Profiling "vectorized_elementwise_kernel" - 192: Application replay pass 10
==PROF== Profiling "vectorized_elementwise_kernel" - 193: Application replay pass 10
==PROF== Profiling "vectorized_elementwise_kernel" - 194: Application replay pass 10
==PROF== Profiling "sm80_xmma_gemm_f32f32_f32f32_..." - 195: Application replay pass 10
==PROF== Profiling "Kernel" - 196: Application replay pass 10
==PROF== Profiling "reduce_kernel" - 197: Application replay pass 10
==PROF== Profiling "vectorized_elementwise_kernel" - 198: Application replay pass 10
==PROF== Profiling "vectorized_elementwise_kernel" - 199: Application replay pass 10
==PROF== Profiling "layer_norm_grad_input_kernel" - 200: Application replay pass 10
==PROF== Profiling "GammaBetaBackwardCUDAKernel_3..." - 201: Application replay pass 10
==PROF== Profiling "vectorized_elementwise_kernel" - 202: Application replay pass 10
==PROF== Profiling "vectorized_elementwise_kernel" - 203: Application replay pass 10
==PROF== Profiling "vectorized_elementwise_kernel" - 204: Application replay pass 10
==PROF== Profiling "vectorized_elementwise_kernel" - 205: Application replay pass 10
==PROF== Profiling "sm80_xmma_gemm_f32f32_f32f32_..." - 206: Application replay pass 10
==PROF== Profiling "Kernel" - 207: Application replay pass 10
==PROF== Profiling "splitKreduce_kernel" - 208: Application replay pass 10
==PROF== Profiling "reduce_kernel" - 209: Application replay pass 10
==PROF== Profiling "vectorized_elementwise_kernel" - 210: Application replay pass 10
==PROF== Profiling "vectorized_elementwise_kernel" - 211: Application replay pass 10
==PROF== Profiling "elementwise_kernel" - 212: Application replay pass 10
==PROF== Profiling "sm80_xmma_gemm_f32f32_f32f32_..." - 213: Application replay pass 10
==PROF== Profiling "sm80_xmma_gemm_f32f32_f32f32_..." - 214: Application replay pass 10
==PROF== Profiling "vectorized_elementwise_kernel" - 215: Application replay pass 10
==PROF== Profiling "vectorized_elementwise_kernel" - 216: Application replay pass 10
==PROF== Profiling "softmax_warp_backward" - 217: Application replay pass 10
==PROF== Profiling "vectorized_elementwise_kernel" - 218: Application replay pass 10
==PROF== Profiling "elementwise_kernel" - 219: Application replay pass 10
==PROF== Profiling "elementwise_kernel" - 220: Application replay pass 10
==PROF== Profiling "sm80_xmma_gemm_f32f32_f32f32_..." - 221: Application replay pass 10
==PROF== Profiling "sm80_xmma_gemm_f32f32_f32f32_..." - 222: Application replay pass 10
==PROF== Profiling "elementwise_kernel" - 223: Application replay pass 10
==PROF== Profiling "elementwise_kernel" - 224: Application replay pass 10
==PROF== Profiling "CatArrayBatchedCopy" - 225: Application replay pass 10
==PROF== Profiling "sm80_xmma_gemm_f32f32_f32f32_..." - 226: Application replay pass 10
==PROF== Profiling "Kernel" - 227: Application replay pass 10
==PROF== Profiling "reduce_kernel" - 228: Application replay pass 10
==PROF== Profiling "vectorized_elementwise_kernel" - 229: Application replay pass 10
==PROF== Profiling "vectorized_elementwise_kernel" - 230: Application replay pass 10
==PROF== Profiling "layer_norm_grad_input_kernel" - 231: Application replay pass 10
==PROF== Profiling "GammaBetaBackwardCUDAKernel_3..." - 232: Application replay pass 10
==PROF== Profiling "vectorized_elementwise_kernel" - 233: Application replay pass 10
==PROF== Profiling "vectorized_elementwise_kernel" - 234: Application replay pass 10
==PROF== Profiling "vectorized_elementwise_kernel" - 235: Application replay pass 10
==PROF== Profiling "vectorized_elementwise_kernel" - 236: Application replay pass 10
==PROF== Profiling "sm80_xmma_gemm_f32f32_f32f32_..." - 237: Application replay pass 10
==PROF== Profiling "Kernel" - 238: Application replay pass 10
==PROF== Profiling "reduce_kernel" - 239: Application replay pass 10
==PROF== Profiling "vectorized_elementwise_kernel" - 240: Application replay pass 10
==PROF== Profiling "vectorized_elementwise_kernel" - 241: Application replay pass 10
==PROF== Profiling "vectorized_elementwise_kernel" - 242: Application replay pass 10
==PROF== Profiling "vectorized_elementwise_kernel" - 243: Application replay pass 10
==PROF== Profiling "vectorized_elementwise_kernel" - 244: Application replay pass 10
==PROF== Profiling "vectorized_elementwise_kernel" - 245: Application replay pass 10
==PROF== Profiling "vectorized_elementwise_kernel" - 246: Application replay pass 10
==PROF== Profiling "vectorized_elementwise_kernel" - 247: Application replay pass 10
==PROF== Profiling "vectorized_elementwise_kernel" - 248: Application replay pass 10
==PROF== Profiling "vectorized_elementwise_kernel" - 249: Application replay pass 10
==PROF== Profiling "vectorized_elementwise_kernel" - 250: Application replay pass 10
==PROF== Profiling "vectorized_elementwise_kernel" - 251: Application replay pass 10
==PROF== Profiling "vectorized_elementwise_kernel" - 252: Application replay pass 10
==PROF== Profiling "sm80_xmma_gemm_f32f32_f32f32_..." - 253: Application replay pass 10
==PROF== Profiling "Kernel" - 254: Application replay pass 10
==PROF== Profiling "reduce_kernel" - 255: Application replay pass 10
==PROF== Profiling "vectorized_elementwise_kernel" - 256: Application replay pass 10
==PROF== Profiling "vectorized_elementwise_kernel" - 257: Application replay pass 10
==PROF== Profiling "layer_norm_grad_input_kernel" - 258: Application replay pass 10
==PROF== Profiling "GammaBetaBackwardCUDAKernel_3..." - 259: Application replay pass 10
==PROF== Profiling "vectorized_elementwise_kernel" - 260: Application replay pass 10
==PROF== Profiling "vectorized_elementwise_kernel" - 261: Application replay pass 10
==PROF== Profiling "vectorized_elementwise_kernel" - 262: Application replay pass 10
==PROF== Profiling "vectorized_elementwise_kernel" - 263: Application replay pass 10
==PROF== Profiling "sm80_xmma_gemm_f32f32_f32f32_..." - 264: Application replay pass 10
==PROF== Profiling "Kernel" - 265: Application replay pass 10
==PROF== Profiling "splitKreduce_kernel" - 266: Application replay pass 10
==PROF== Profiling "reduce_kernel" - 267: Application replay pass 10
==PROF== Profiling "vectorized_elementwise_kernel" - 268: Application replay pass 10
==PROF== Profiling "vectorized_elementwise_kernel" - 269: Application replay pass 10
==PROF== Profiling "elementwise_kernel" - 270: Application replay pass 10
==PROF== Profiling "sm80_xmma_gemm_f32f32_f32f32_..." - 271: Application replay pass 10
==PROF== Profiling "sm80_xmma_gemm_f32f32_f32f32_..." - 272: Application replay pass 10
==PROF== Profiling "vectorized_elementwise_kernel" - 273: Application replay pass 10
==PROF== Profiling "vectorized_elementwise_kernel" - 274: Application replay pass 10
==PROF== Profiling "softmax_warp_backward" - 275: Application replay pass 10
==PROF== Profiling "vectorized_elementwise_kernel" - 276: Application replay pass 10
==PROF== Profiling "elementwise_kernel" - 277: Application replay pass 10
==PROF== Profiling "elementwise_kernel" - 278: Application replay pass 10
==PROF== Profiling "sm80_xmma_gemm_f32f32_f32f32_..." - 279: Application replay pass 10
==PROF== Profiling "sm80_xmma_gemm_f32f32_f32f32_..." - 280: Application replay pass 10
==PROF== Profiling "elementwise_kernel" - 281: Application replay pass 10
==PROF== Profiling "elementwise_kernel" - 282: Application replay pass 10
==PROF== Profiling "CatArrayBatchedCopy" - 283: Application replay pass 10
==PROF== Profiling "sm80_xmma_gemm_f32f32_f32f32_..." - 284: Application replay pass 10
==PROF== Profiling "Kernel" - 285: Application replay pass 10
==PROF== Profiling "reduce_kernel" - 286: Application replay pass 10
==PROF== Profiling "vectorized_elementwise_kernel" - 287: Application replay pass 10
==PROF== Profiling "vectorized_elementwise_kernel" - 288: Application replay pass 10
==PROF== Profiling "layer_norm_grad_input_kernel" - 289: Application replay pass 10
==PROF== Profiling "GammaBetaBackwardCUDAKernel_3..." - 290: Application replay pass 10
==PROF== Profiling "vectorized_elementwise_kernel" - 291: Application replay pass 10
==PROF== Profiling "vectorized_elementwise_kernel" - 292: Application replay pass 10
==PROF== Profiling "vectorized_elementwise_kernel" - 293: Application replay pass 10
==PROF== Profiling "vectorized_elementwise_kernel" - 294: Application replay pass 10
==PROF== Profiling "sm80_xmma_gemm_f32f32_f32f32_..." - 295: Application replay pass 10
==PROF== Profiling "Kernel" - 296: Application replay pass 10
==PROF== Profiling "reduce_kernel" - 297: Application replay pass 10
==PROF== Profiling "vectorized_elementwise_kernel" - 298: Application replay pass 10
==PROF== Profiling "vectorized_elementwise_kernel" - 299: Application replay pass 10
==PROF== Profiling "vectorized_elementwise_kernel" - 300: Application replay pass 10
==PROF== Profiling "vectorized_elementwise_kernel" - 301: Application replay pass 10
==PROF== Profiling "vectorized_elementwise_kernel" - 302: Application replay pass 10
==PROF== Profiling "vectorized_elementwise_kernel" - 303: Application replay pass 10
==PROF== Profiling "vectorized_elementwise_kernel" - 304: Application replay pass 10
==PROF== Profiling "vectorized_elementwise_kernel" - 305: Application replay pass 10
==PROF== Profiling "vectorized_elementwise_kernel" - 306: Application replay pass 10
==PROF== Profiling "vectorized_elementwise_kernel" - 307: Application replay pass 10
==PROF== Profiling "vectorized_elementwise_kernel" - 308: Application replay pass 10
==PROF== Profiling "vectorized_elementwise_kernel" - 309: Application replay pass 10
==PROF== Profiling "vectorized_elementwise_kernel" - 310: Application replay pass 10
==PROF== Profiling "sm80_xmma_gemm_f32f32_f32f32_..." - 311: Application replay pass 10
==PROF== Profiling "Kernel" - 312: Application replay pass 10
==PROF== Profiling "reduce_kernel" - 313: Application replay pass 10
==PROF== Profiling "vectorized_elementwise_kernel" - 314: Application replay pass 10
==PROF== Profiling "vectorized_elementwise_kernel" - 315: Application replay pass 10
==PROF== Profiling "layer_norm_grad_input_kernel" - 316: Application replay pass 10
==PROF== Profiling "GammaBetaBackwardCUDAKernel_3..." - 317: Application replay pass 10
==PROF== Profiling "vectorized_elementwise_kernel" - 318: Application replay pass 10
==PROF== Profiling "vectorized_elementwise_kernel" - 319: Application replay pass 10
==PROF== Profiling "vectorized_elementwise_kernel" - 320: Application replay pass 10
==PROF== Profiling "vectorized_elementwise_kernel" - 321: Application replay pass 10
==PROF== Profiling "sm80_xmma_gemm_f32f32_f32f32_..." - 322: Application replay pass 10
==PROF== Profiling "Kernel" - 323: Application replay pass 10
==PROF== Profiling "splitKreduce_kernel" - 324: Application replay pass 10
==PROF== Profiling "reduce_kernel" - 325: Application replay pass 10
==PROF== Profiling "vectorized_elementwise_kernel" - 326: Application replay pass 10
==PROF== Profiling "vectorized_elementwise_kernel" - 327: Application replay pass 10
==PROF== Profiling "elementwise_kernel" - 328: Application replay pass 10
==PROF== Profiling "sm80_xmma_gemm_f32f32_f32f32_..." - 329: Application replay pass 10
==PROF== Profiling "sm80_xmma_gemm_f32f32_f32f32_..." - 330: Application replay pass 10
==PROF== Profiling "vectorized_elementwise_kernel" - 331: Application replay pass 10
==PROF== Profiling "vectorized_elementwise_kernel" - 332: Application replay pass 10
==PROF== Profiling "softmax_warp_backward" - 333: Application replay pass 10
==PROF== Profiling "vectorized_elementwise_kernel" - 334: Application replay pass 10
==PROF== Profiling "elementwise_kernel" - 335: Application replay pass 10
==PROF== Profiling "elementwise_kernel" - 336: Application replay pass 10
==PROF== Profiling "sm80_xmma_gemm_f32f32_f32f32_..." - 337: Application replay pass 10
==PROF== Profiling "sm80_xmma_gemm_f32f32_f32f32_..." - 338: Application replay pass 10
==PROF== Profiling "elementwise_kernel" - 339: Application replay pass 10
==PROF== Profiling "elementwise_kernel" - 340: Application replay pass 10
==PROF== Profiling "CatArrayBatchedCopy" - 341: Application replay pass 10
==PROF== Profiling "sm80_xmma_gemm_f32f32_f32f32_..." - 342: Application replay pass 10
==PROF== Profiling "Kernel" - 343: Application replay pass 10
==PROF== Profiling "reduce_kernel" - 344: Application replay pass 10
==PROF== Profiling "vectorized_elementwise_kernel" - 345: Application replay pass 10
==PROF== Profiling "vectorized_elementwise_kernel" - 346: Application replay pass 10
==PROF== Profiling "layer_norm_grad_input_kernel" - 347: Application replay pass 10
==PROF== Profiling "GammaBetaBackwardCUDAKernel_3..." - 348: Application replay pass 10
==PROF== Profiling "vectorized_elementwise_kernel" - 349: Application replay pass 10
==PROF== Profiling "vectorized_elementwise_kernel" - 350: Application replay pass 10
==PROF== Profiling "vectorized_elementwise_kernel" - 351: Application replay pass 10
==PROF== Profiling "vectorized_elementwise_kernel" - 352: Application replay pass 10
==PROF== Profiling "sm80_xmma_gemm_f32f32_f32f32_..." - 353: Application replay pass 10
==PROF== Profiling "Kernel" - 354: Application replay pass 10
==PROF== Profiling "reduce_kernel" - 355: Application replay pass 10
==PROF== Profiling "vectorized_elementwise_kernel" - 356: Application replay pass 10
==PROF== Profiling "vectorized_elementwise_kernel" - 357: Application replay pass 10
==PROF== Profiling "vectorized_elementwise_kernel" - 358: Application replay pass 10
==PROF== Profiling "vectorized_elementwise_kernel" - 359: Application replay pass 10
==PROF== Profiling "vectorized_elementwise_kernel" - 360: Application replay pass 10
==PROF== Profiling "vectorized_elementwise_kernel" - 361: Application replay pass 10
==PROF== Profiling "vectorized_elementwise_kernel" - 362: Application replay pass 10
==PROF== Profiling "vectorized_elementwise_kernel" - 363: Application replay pass 10
==PROF== Profiling "vectorized_elementwise_kernel" - 364: Application replay pass 10
==PROF== Profiling "vectorized_elementwise_kernel" - 365: Application replay pass 10
==PROF== Profiling "vectorized_elementwise_kernel" - 366: Application replay pass 10
==PROF== Profiling "vectorized_elementwise_kernel" - 367: Application replay pass 10
==PROF== Profiling "vectorized_elementwise_kernel" - 368: Application replay pass 10
==PROF== Profiling "sm80_xmma_gemm_f32f32_f32f32_..." - 369: Application replay pass 10
==PROF== Profiling "Kernel" - 370: Application replay pass 10
==PROF== Profiling "reduce_kernel" - 371: Application replay pass 10
==PROF== Profiling "vectorized_elementwise_kernel" - 372: Application replay pass 10
==PROF== Profiling "vectorized_elementwise_kernel" - 373: Application replay pass 10
==PROF== Profiling "layer_norm_grad_input_kernel" - 374: Application replay pass 10
==PROF== Profiling "GammaBetaBackwardCUDAKernel_3..." - 375: Application replay pass 10
==PROF== Profiling "vectorized_elementwise_kernel" - 376: Application replay pass 10
==PROF== Profiling "vectorized_elementwise_kernel" - 377: Application replay pass 10
==PROF== Profiling "vectorized_elementwise_kernel" - 378: Application replay pass 10
==PROF== Profiling "vectorized_elementwise_kernel" - 379: Application replay pass 10
==PROF== Profiling "sm80_xmma_gemm_f32f32_f32f32_..." - 380: Application replay pass 10
==PROF== Profiling "Kernel" - 381: Application replay pass 10
==PROF== Profiling "splitKreduce_kernel" - 382: Application replay pass 10
==PROF== Profiling "reduce_kernel" - 383: Application replay pass 10
==PROF== Profiling "vectorized_elementwise_kernel" - 384: Application replay pass 10
==PROF== Profiling "vectorized_elementwise_kernel" - 385: Application replay pass 10
==PROF== Profiling "elementwise_kernel" - 386: Application replay pass 10
==PROF== Profiling "sm80_xmma_gemm_f32f32_f32f32_..." - 387: Application replay pass 10
==PROF== Profiling "sm80_xmma_gemm_f32f32_f32f32_..." - 388: Application replay pass 10
==PROF== Profiling "vectorized_elementwise_kernel" - 389: Application replay pass 10
==PROF== Profiling "vectorized_elementwise_kernel" - 390: Application replay pass 10
==PROF== Profiling "softmax_warp_backward" - 391: Application replay pass 10
==PROF== Profiling "vectorized_elementwise_kernel" - 392: Application replay pass 10
==PROF== Profiling "elementwise_kernel" - 393: Application replay pass 10
==PROF== Profiling "elementwise_kernel" - 394: Application replay pass 10
==PROF== Profiling "sm80_xmma_gemm_f32f32_f32f32_..." - 395: Application replay pass 10
==PROF== Profiling "sm80_xmma_gemm_f32f32_f32f32_..." - 396: Application replay pass 10
==PROF== Profiling "elementwise_kernel" - 397: Application replay pass 10
==PROF== Profiling "elementwise_kernel" - 398: Application replay pass 10
==PROF== Profiling "CatArrayBatchedCopy" - 399: Application replay pass 10
==PROF== Profiling "sm80_xmma_gemm_f32f32_f32f32_..." - 400: Application replay pass 10
==PROF== Profiling "Kernel" - 401: Application replay pass 10
==PROF== Profiling "reduce_kernel" - 402: Application replay pass 10
==PROF== Profiling "vectorized_elementwise_kernel" - 403: Application replay pass 10
==PROF== Profiling "vectorized_elementwise_kernel" - 404: Application replay pass 10
==PROF== Profiling "layer_norm_grad_input_kernel" - 405: Application replay pass 10
==PROF== Profiling "GammaBetaBackwardCUDAKernel_3..." - 406: Application replay pass 10
==PROF== Profiling "vectorized_elementwise_kernel" - 407: Application replay pass 10
==PROF== Profiling "vectorized_elementwise_kernel" - 408: Application replay pass 10
==PROF== Profiling "vectorized_elementwise_kernel" - 409: Application replay pass 10
==PROF== Profiling "vectorized_elementwise_kernel" - 410: Application replay pass 10
==PROF== Profiling "sm80_xmma_gemm_f32f32_f32f32_..." - 411: Application replay pass 10
==PROF== Profiling "Kernel" - 412: Application replay pass 10
==PROF== Profiling "reduce_kernel" - 413: Application replay pass 10
==PROF== Profiling "vectorized_elementwise_kernel" - 414: Application replay pass 10
==PROF== Profiling "vectorized_elementwise_kernel" - 415: Application replay pass 10
==PROF== Profiling "vectorized_elementwise_kernel" - 416: Application replay pass 10
==PROF== Profiling "vectorized_elementwise_kernel" - 417: Application replay pass 10
==PROF== Profiling "vectorized_elementwise_kernel" - 418: Application replay pass 10
==PROF== Profiling "vectorized_elementwise_kernel" - 419: Application replay pass 10
==PROF== Profiling "vectorized_elementwise_kernel" - 420: Application replay pass 10
==PROF== Profiling "vectorized_elementwise_kernel" - 421: Application replay pass 10
==PROF== Profiling "vectorized_elementwise_kernel" - 422: Application replay pass 10
==PROF== Profiling "vectorized_elementwise_kernel" - 423: Application replay pass 10
==PROF== Profiling "vectorized_elementwise_kernel" - 424: Application replay pass 10
==PROF== Profiling "vectorized_elementwise_kernel" - 425: Application replay pass 10
==PROF== Profiling "vectorized_elementwise_kernel" - 426: Application replay pass 10
==PROF== Profiling "sm80_xmma_gemm_f32f32_f32f32_..." - 427: Application replay pass 10
==PROF== Profiling "Kernel" - 428: Application replay pass 10
==PROF== Profiling "reduce_kernel" - 429: Application replay pass 10
==PROF== Profiling "vectorized_elementwise_kernel" - 430: Application replay pass 10
==PROF== Profiling "vectorized_elementwise_kernel" - 431: Application replay pass 10
==PROF== Profiling "layer_norm_grad_input_kernel" - 432: Application replay pass 10
==PROF== Profiling "GammaBetaBackwardCUDAKernel_3..." - 433: Application replay pass 10
==PROF== Profiling "vectorized_elementwise_kernel" - 434: Application replay pass 10
==PROF== Profiling "vectorized_elementwise_kernel" - 435: Application replay pass 10
==PROF== Profiling "vectorized_elementwise_kernel" - 436: Application replay pass 10
==PROF== Profiling "vectorized_elementwise_kernel" - 437: Application replay pass 10
==PROF== Profiling "sm80_xmma_gemm_f32f32_f32f32_..." - 438: Application replay pass 10
==PROF== Profiling "Kernel" - 439: Application replay pass 10
==PROF== Profiling "splitKreduce_kernel" - 440: Application replay pass 10
==PROF== Profiling "reduce_kernel" - 441: Application replay pass 10
==PROF== Profiling "vectorized_elementwise_kernel" - 442: Application replay pass 10
==PROF== Profiling "vectorized_elementwise_kernel" - 443: Application replay pass 10
==PROF== Profiling "elementwise_kernel" - 444: Application replay pass 10
==PROF== Profiling "sm80_xmma_gemm_f32f32_f32f32_..." - 445: Application replay pass 10
==PROF== Profiling "sm80_xmma_gemm_f32f32_f32f32_..." - 446: Application replay pass 10
==PROF== Profiling "vectorized_elementwise_kernel" - 447: Application replay pass 10
==PROF== Profiling "vectorized_elementwise_kernel" - 448: Application replay pass 10
==PROF== Profiling "softmax_warp_backward" - 449: Application replay pass 10
==PROF== Profiling "vectorized_elementwise_kernel" - 450: Application replay pass 10
==PROF== Profiling "elementwise_kernel" - 451: Application replay pass 10
==PROF== Profiling "elementwise_kernel" - 452: Application replay pass 10
==PROF== Profiling "sm80_xmma_gemm_f32f32_f32f32_..." - 453: Application replay pass 10
==PROF== Profiling "sm80_xmma_gemm_f32f32_f32f32_..." - 454: Application replay pass 10
==PROF== Profiling "elementwise_kernel" - 455: Application replay pass 10
==PROF== Profiling "elementwise_kernel" - 456: Application replay pass 10
==PROF== Profiling "CatArrayBatchedCopy" - 457: Application replay pass 10
==PROF== Profiling "sm80_xmma_gemm_f32f32_f32f32_..." - 458: Application replay pass 10
==PROF== Profiling "Kernel" - 459: Application replay pass 10
==PROF== Profiling "reduce_kernel" - 460: Application replay pass 10
==PROF== Profiling "vectorized_elementwise_kernel" - 461: Application replay pass 10
==PROF== Profiling "vectorized_elementwise_kernel" - 462: Application replay pass 10
==PROF== Profiling "layer_norm_grad_input_kernel" - 463: Application replay pass 10
==PROF== Profiling "GammaBetaBackwardCUDAKernel_3..." - 464: Application replay pass 10
==PROF== Profiling "vectorized_elementwise_kernel" - 465: Application replay pass 10
==PROF== Profiling "vectorized_elementwise_kernel" - 466: Application replay pass 10
==PROF== Profiling "vectorized_elementwise_kernel" - 467: Application replay pass 10
==PROF== Profiling "vectorized_elementwise_kernel" - 468: Application replay pass 10
==PROF== Profiling "sm80_xmma_gemm_f32f32_f32f32_..." - 469: Application replay pass 10
==PROF== Profiling "Kernel" - 470: Application replay pass 10
==PROF== Profiling "reduce_kernel" - 471: Application replay pass 10
==PROF== Profiling "vectorized_elementwise_kernel" - 472: Application replay pass 10
==PROF== Profiling "vectorized_elementwise_kernel" - 473: Application replay pass 10
==PROF== Profiling "vectorized_elementwise_kernel" - 474: Application replay pass 10
==PROF== Profiling "vectorized_elementwise_kernel" - 475: Application replay pass 10
==PROF== Profiling "vectorized_elementwise_kernel" - 476: Application replay pass 10
==PROF== Profiling "vectorized_elementwise_kernel" - 477: Application replay pass 10
==PROF== Profiling "vectorized_elementwise_kernel" - 478: Application replay pass 10
==PROF== Profiling "vectorized_elementwise_kernel" - 479: Application replay pass 10
==PROF== Profiling "vectorized_elementwise_kernel" - 480: Application replay pass 10
==PROF== Profiling "vectorized_elementwise_kernel" - 481: Application replay pass 10
==PROF== Profiling "vectorized_elementwise_kernel" - 482: Application replay pass 10
==PROF== Profiling "vectorized_elementwise_kernel" - 483: Application replay pass 10
==PROF== Profiling "vectorized_elementwise_kernel" - 484: Application replay pass 10
==PROF== Profiling "sm80_xmma_gemm_f32f32_f32f32_..." - 485: Application replay pass 10
==PROF== Profiling "Kernel" - 486: Application replay pass 10
==PROF== Profiling "reduce_kernel" - 487: Application replay pass 10
==PROF== Profiling "vectorized_elementwise_kernel" - 488: Application replay pass 10
==PROF== Profiling "vectorized_elementwise_kernel" - 489: Application replay pass 10
==PROF== Profiling "layer_norm_grad_input_kernel" - 490: Application replay pass 10
==PROF== Profiling "GammaBetaBackwardCUDAKernel_3..." - 491: Application replay pass 10
==PROF== Profiling "vectorized_elementwise_kernel" - 492: Application replay pass 10
==PROF== Profiling "vectorized_elementwise_kernel" - 493: Application replay pass 10
==PROF== Profiling "vectorized_elementwise_kernel" - 494: Application replay pass 10
==PROF== Profiling "vectorized_elementwise_kernel" - 495: Application replay pass 10
==PROF== Profiling "sm80_xmma_gemm_f32f32_f32f32_..." - 496: Application replay pass 10
==PROF== Profiling "Kernel" - 497: Application replay pass 10
==PROF== Profiling "splitKreduce_kernel" - 498: Application replay pass 10
==PROF== Profiling "reduce_kernel" - 499: Application replay pass 10
==PROF== Profiling "vectorized_elementwise_kernel" - 500: Application replay pass 10
==PROF== Profiling "vectorized_elementwise_kernel" - 501: Application replay pass 10
==PROF== Profiling "elementwise_kernel" - 502: Application replay pass 10
==PROF== Profiling "sm80_xmma_gemm_f32f32_f32f32_..." - 503: Application replay pass 10
==PROF== Profiling "sm80_xmma_gemm_f32f32_f32f32_..." - 504: Application replay pass 10
==PROF== Profiling "vectorized_elementwise_kernel" - 505: Application replay pass 10
==PROF== Profiling "vectorized_elementwise_kernel" - 506: Application replay pass 10
==PROF== Profiling "softmax_warp_backward" - 507: Application replay pass 10
==PROF== Profiling "vectorized_elementwise_kernel" - 508: Application replay pass 10
==PROF== Profiling "elementwise_kernel" - 509: Application replay pass 10
==PROF== Profiling "elementwise_kernel" - 510: Application replay pass 10
==PROF== Profiling "sm80_xmma_gemm_f32f32_f32f32_..." - 511: Application replay pass 10
==PROF== Profiling "sm80_xmma_gemm_f32f32_f32f32_..." - 512: Application replay pass 10
==PROF== Profiling "elementwise_kernel" - 513: Application replay pass 10
==PROF== Profiling "elementwise_kernel" - 514: Application replay pass 10
==PROF== Profiling "CatArrayBatchedCopy" - 515: Application replay pass 10
==PROF== Profiling "sm80_xmma_gemm_f32f32_f32f32_..." - 516: Application replay pass 10
==PROF== Profiling "Kernel" - 517: Application replay pass 10
==PROF== Profiling "reduce_kernel" - 518: Application replay pass 10
==PROF== Profiling "vectorized_elementwise_kernel" - 519: Application replay pass 10
==PROF== Profiling "vectorized_elementwise_kernel" - 520: Application replay pass 10
==PROF== Profiling "layer_norm_grad_input_kernel" - 521: Application replay pass 10
==PROF== Profiling "GammaBetaBackwardCUDAKernel_3..." - 522: Application replay pass 10
==PROF== Profiling "vectorized_elementwise_kernel" - 523: Application replay pass 10
==PROF== Profiling "vectorized_elementwise_kernel" - 524: Application replay pass 10
==PROF== Profiling "vectorized_elementwise_kernel" - 525: Application replay pass 10
==PROF== Profiling "vectorized_elementwise_kernel" - 526: Application replay pass 10
==PROF== Profiling "sm80_xmma_gemm_f32f32_f32f32_..." - 527: Application replay pass 10
==PROF== Profiling "Kernel" - 528: Application replay pass 10
==PROF== Profiling "reduce_kernel" - 529: Application replay pass 10
==PROF== Profiling "vectorized_elementwise_kernel" - 530: Application replay pass 10
==PROF== Profiling "vectorized_elementwise_kernel" - 531: Application replay pass 10
==PROF== Profiling "vectorized_elementwise_kernel" - 532: Application replay pass 10
==PROF== Profiling "vectorized_elementwise_kernel" - 533: Application replay pass 10
==PROF== Profiling "vectorized_elementwise_kernel" - 534: Application replay pass 10
==PROF== Profiling "vectorized_elementwise_kernel" - 535: Application replay pass 10
==PROF== Profiling "vectorized_elementwise_kernel" - 536: Application replay pass 10
==PROF== Profiling "vectorized_elementwise_kernel" - 537: Application replay pass 10
==PROF== Profiling "vectorized_elementwise_kernel" - 538: Application replay pass 10
==PROF== Profiling "vectorized_elementwise_kernel" - 539: Application replay pass 10
==PROF== Profiling "vectorized_elementwise_kernel" - 540: Application replay pass 10
==PROF== Profiling "vectorized_elementwise_kernel" - 541: Application replay pass 10
==PROF== Profiling "vectorized_elementwise_kernel" - 542: Application replay pass 10
==PROF== Profiling "sm80_xmma_gemm_f32f32_f32f32_..." - 543: Application replay pass 10
==PROF== Profiling "Kernel" - 544: Application replay pass 10
==PROF== Profiling "reduce_kernel" - 545: Application replay pass 10
==PROF== Profiling "vectorized_elementwise_kernel" - 546: Application replay pass 10
==PROF== Profiling "vectorized_elementwise_kernel" - 547: Application replay pass 10
==PROF== Profiling "layer_norm_grad_input_kernel" - 548: Application replay pass 10
==PROF== Profiling "GammaBetaBackwardCUDAKernel_3..." - 549: Application replay pass 10
==PROF== Profiling "vectorized_elementwise_kernel" - 550: Application replay pass 10
==PROF== Profiling "vectorized_elementwise_kernel" - 551: Application replay pass 10
==PROF== Profiling "vectorized_elementwise_kernel" - 552: Application replay pass 10
==PROF== Profiling "vectorized_elementwise_kernel" - 553: Application replay pass 10
==PROF== Profiling "sm80_xmma_gemm_f32f32_f32f32_..." - 554: Application replay pass 10
==PROF== Profiling "Kernel" - 555: Application replay pass 10
==PROF== Profiling "splitKreduce_kernel" - 556: Application replay pass 10
==PROF== Profiling "reduce_kernel" - 557: Application replay pass 10
==PROF== Profiling "vectorized_elementwise_kernel" - 558: Application replay pass 10
==PROF== Profiling "vectorized_elementwise_kernel" - 559: Application replay pass 10
==PROF== Profiling "elementwise_kernel" - 560: Application replay pass 10
==PROF== Profiling "sm80_xmma_gemm_f32f32_f32f32_..." - 561: Application replay pass 10
==PROF== Profiling "sm80_xmma_gemm_f32f32_f32f32_..." - 562: Application replay pass 10
==PROF== Profiling "vectorized_elementwise_kernel" - 563: Application replay pass 10
==PROF== Profiling "vectorized_elementwise_kernel" - 564: Application replay pass 10
==PROF== Profiling "softmax_warp_backward" - 565: Application replay pass 10
==PROF== Profiling "vectorized_elementwise_kernel" - 566: Application replay pass 10
==PROF== Profiling "elementwise_kernel" - 567: Application replay pass 10
==PROF== Profiling "elementwise_kernel" - 568: Application replay pass 10
==PROF== Profiling "sm80_xmma_gemm_f32f32_f32f32_..." - 569: Application replay pass 10
==PROF== Profiling "sm80_xmma_gemm_f32f32_f32f32_..." - 570: Application replay pass 10
==PROF== Profiling "elementwise_kernel" - 571: Application replay pass 10
==PROF== Profiling "elementwise_kernel" - 572: Application replay pass 10
==PROF== Profiling "CatArrayBatchedCopy" - 573: Application replay pass 10
==PROF== Profiling "sm80_xmma_gemm_f32f32_f32f32_..." - 574: Application replay pass 10
==PROF== Profiling "Kernel" - 575: Application replay pass 10
==PROF== Profiling "reduce_kernel" - 576: Application replay pass 10
==PROF== Profiling "vectorized_elementwise_kernel" - 577: Application replay pass 10
==PROF== Profiling "vectorized_elementwise_kernel" - 578: Application replay pass 10
==PROF== Profiling "layer_norm_grad_input_kernel" - 579: Application replay pass 10
==PROF== Profiling "GammaBetaBackwardCUDAKernel_3..." - 580: Application replay pass 10
==PROF== Profiling "vectorized_elementwise_kernel" - 581: Application replay pass 10
==PROF== Profiling "vectorized_elementwise_kernel" - 582: Application replay pass 10
==PROF== Profiling "vectorized_elementwise_kernel" - 583: Application replay pass 10
==PROF== Profiling "vectorized_elementwise_kernel" - 584: Application replay pass 10
==PROF== Profiling "sm80_xmma_gemm_f32f32_f32f32_..." - 585: Application replay pass 10
==PROF== Profiling "Kernel" - 586: Application replay pass 10
==PROF== Profiling "reduce_kernel" - 587: Application replay pass 10
==PROF== Profiling "vectorized_elementwise_kernel" - 588: Application replay pass 10
==PROF== Profiling "vectorized_elementwise_kernel" - 589: Application replay pass 10
==PROF== Profiling "vectorized_elementwise_kernel" - 590: Application replay pass 10
==PROF== Profiling "vectorized_elementwise_kernel" - 591: Application replay pass 10
==PROF== Profiling "vectorized_elementwise_kernel" - 592: Application replay pass 10
==PROF== Profiling "vectorized_elementwise_kernel" - 593: Application replay pass 10
==PROF== Profiling "vectorized_elementwise_kernel" - 594: Application replay pass 10
==PROF== Profiling "vectorized_elementwise_kernel" - 595: Application replay pass 10
==PROF== Profiling "vectorized_elementwise_kernel" - 596: Application replay pass 10
==PROF== Profiling "vectorized_elementwise_kernel" - 597: Application replay pass 10
==PROF== Profiling "vectorized_elementwise_kernel" - 598: Application replay pass 10
==PROF== Profiling "vectorized_elementwise_kernel" - 599: Application replay pass 10
==PROF== Profiling "vectorized_elementwise_kernel" - 600: Application replay pass 10
==PROF== Profiling "sm80_xmma_gemm_f32f32_f32f32_..." - 601: Application replay pass 10
==PROF== Profiling "Kernel" - 602: Application replay pass 10
==PROF== Profiling "reduce_kernel" - 603: Application replay pass 10
==PROF== Profiling "vectorized_elementwise_kernel" - 604: Application replay pass 10
==PROF== Profiling "vectorized_elementwise_kernel" - 605: Application replay pass 10
==PROF== Profiling "layer_norm_grad_input_kernel" - 606: Application replay pass 10
==PROF== Profiling "GammaBetaBackwardCUDAKernel_3..." - 607: Application replay pass 10
==PROF== Profiling "vectorized_elementwise_kernel" - 608: Application replay pass 10
==PROF== Profiling "vectorized_elementwise_kernel" - 609: Application replay pass 10
==PROF== Profiling "vectorized_elementwise_kernel" - 610: Application replay pass 10
==PROF== Profiling "vectorized_elementwise_kernel" - 611: Application replay pass 10
==PROF== Profiling "sm80_xmma_gemm_f32f32_f32f32_..." - 612: Application replay pass 10
==PROF== Profiling "Kernel" - 613: Application replay pass 10
==PROF== Profiling "splitKreduce_kernel" - 614: Application replay pass 10
==PROF== Profiling "reduce_kernel" - 615: Application replay pass 10
==PROF== Profiling "vectorized_elementwise_kernel" - 616: Application replay pass 10
==PROF== Profiling "vectorized_elementwise_kernel" - 617: Application replay pass 10
==PROF== Profiling "elementwise_kernel" - 618: Application replay pass 10
==PROF== Profiling "sm80_xmma_gemm_f32f32_f32f32_..." - 619: Application replay pass 10
==PROF== Profiling "sm80_xmma_gemm_f32f32_f32f32_..." - 620: Application replay pass 10
==PROF== Profiling "vectorized_elementwise_kernel" - 621: Application replay pass 10
==PROF== Profiling "vectorized_elementwise_kernel" - 622: Application replay pass 10
==PROF== Profiling "softmax_warp_backward" - 623: Application replay pass 10
==PROF== Profiling "vectorized_elementwise_kernel" - 624: Application replay pass 10
==PROF== Profiling "elementwise_kernel" - 625: Application replay pass 10
==PROF== Profiling "elementwise_kernel" - 626: Application replay pass 10
==PROF== Profiling "sm80_xmma_gemm_f32f32_f32f32_..." - 627: Application replay pass 10
==PROF== Profiling "sm80_xmma_gemm_f32f32_f32f32_..." - 628: Application replay pass 10
==PROF== Profiling "elementwise_kernel" - 629: Application replay pass 10
==PROF== Profiling "elementwise_kernel" - 630: Application replay pass 10
==PROF== Profiling "CatArrayBatchedCopy" - 631: Application replay pass 10
==PROF== Profiling "sm80_xmma_gemm_f32f32_f32f32_..." - 632: Application replay pass 10
==PROF== Profiling "Kernel" - 633: Application replay pass 10
==PROF== Profiling "reduce_kernel" - 634: Application replay pass 10
==PROF== Profiling "vectorized_elementwise_kernel" - 635: Application replay pass 10
==PROF== Profiling "vectorized_elementwise_kernel" - 636: Application replay pass 10
==PROF== Profiling "layer_norm_grad_input_kernel" - 637: Application replay pass 10
==PROF== Profiling "GammaBetaBackwardCUDAKernel_3..." - 638: Application replay pass 10
==PROF== Profiling "vectorized_elementwise_kernel" - 639: Application replay pass 10
==PROF== Profiling "vectorized_elementwise_kernel" - 640: Application replay pass 10
==PROF== Profiling "vectorized_elementwise_kernel" - 641: Application replay pass 10
==PROF== Profiling "vectorized_elementwise_kernel" - 642: Application replay pass 10
==PROF== Profiling "sm80_xmma_gemm_f32f32_f32f32_..." - 643: Application replay pass 10
==PROF== Profiling "Kernel" - 644: Application replay pass 10
==PROF== Profiling "reduce_kernel" - 645: Application replay pass 10
==PROF== Profiling "vectorized_elementwise_kernel" - 646: Application replay pass 10
==PROF== Profiling "vectorized_elementwise_kernel" - 647: Application replay pass 10
==PROF== Profiling "vectorized_elementwise_kernel" - 648: Application replay pass 10
==PROF== Profiling "vectorized_elementwise_kernel" - 649: Application replay pass 10
==PROF== Profiling "vectorized_elementwise_kernel" - 650: Application replay pass 10
==PROF== Profiling "vectorized_elementwise_kernel" - 651: Application replay pass 10
==PROF== Profiling "vectorized_elementwise_kernel" - 652: Application replay pass 10
==PROF== Profiling "vectorized_elementwise_kernel" - 653: Application replay pass 10
==PROF== Profiling "vectorized_elementwise_kernel" - 654: Application replay pass 10
==PROF== Profiling "vectorized_elementwise_kernel" - 655: Application replay pass 10
==PROF== Profiling "vectorized_elementwise_kernel" - 656: Application replay pass 10
==PROF== Profiling "vectorized_elementwise_kernel" - 657: Application replay pass 10
==PROF== Profiling "vectorized_elementwise_kernel" - 658: Application replay pass 10
==PROF== Profiling "sm80_xmma_gemm_f32f32_f32f32_..." - 659: Application replay pass 10
==PROF== Profiling "Kernel" - 660: Application replay pass 10
==PROF== Profiling "reduce_kernel" - 661: Application replay pass 10
==PROF== Profiling "vectorized_elementwise_kernel" - 662: Application replay pass 10
==PROF== Profiling "vectorized_elementwise_kernel" - 663: Application replay pass 10
==PROF== Profiling "layer_norm_grad_input_kernel" - 664: Application replay pass 10
==PROF== Profiling "GammaBetaBackwardCUDAKernel_3..." - 665: Application replay pass 10
==PROF== Profiling "vectorized_elementwise_kernel" - 666: Application replay pass 10
==PROF== Profiling "vectorized_elementwise_kernel" - 667: Application replay pass 10
==PROF== Profiling "vectorized_elementwise_kernel" - 668: Application replay pass 10
==PROF== Profiling "vectorized_elementwise_kernel" - 669: Application replay pass 10
==PROF== Profiling "sm80_xmma_gemm_f32f32_f32f32_..." - 670: Application replay pass 10
==PROF== Profiling "Kernel" - 671: Application replay pass 10
==PROF== Profiling "splitKreduce_kernel" - 672: Application replay pass 10
==PROF== Profiling "reduce_kernel" - 673: Application replay pass 10
==PROF== Profiling "vectorized_elementwise_kernel" - 674: Application replay pass 10
==PROF== Profiling "vectorized_elementwise_kernel" - 675: Application replay pass 10
==PROF== Profiling "elementwise_kernel" - 676: Application replay pass 10
==PROF== Profiling "sm80_xmma_gemm_f32f32_f32f32_..." - 677: Application replay pass 10
==PROF== Profiling "sm80_xmma_gemm_f32f32_f32f32_..." - 678: Application replay pass 10
==PROF== Profiling "vectorized_elementwise_kernel" - 679: Application replay pass 10
==PROF== Profiling "vectorized_elementwise_kernel" - 680: Application replay pass 10
==PROF== Profiling "softmax_warp_backward" - 681: Application replay pass 10
==PROF== Profiling "vectorized_elementwise_kernel" - 682: Application replay pass 10
==PROF== Profiling "elementwise_kernel" - 683: Application replay pass 10
==PROF== Profiling "elementwise_kernel" - 684: Application replay pass 10
==PROF== Profiling "sm80_xmma_gemm_f32f32_f32f32_..." - 685: Application replay pass 10
==PROF== Profiling "sm80_xmma_gemm_f32f32_f32f32_..." - 686: Application replay pass 10
==PROF== Profiling "elementwise_kernel" - 687: Application replay pass 10
==PROF== Profiling "elementwise_kernel" - 688: Application replay pass 10
==PROF== Profiling "CatArrayBatchedCopy" - 689: Application replay pass 10
==PROF== Profiling "sm80_xmma_gemm_f32f32_f32f32_..." - 690: Application replay pass 10
==PROF== Profiling "Kernel" - 691: Application replay pass 10
==PROF== Profiling "reduce_kernel" - 692: Application replay pass 10
==PROF== Profiling "vectorized_elementwise_kernel" - 693: Application replay pass 10
==PROF== Profiling "vectorized_elementwise_kernel" - 694: Application replay pass 10
==PROF== Profiling "layer_norm_grad_input_kernel" - 695: Application replay pass 10
==PROF== Profiling "GammaBetaBackwardCUDAKernel_3..." - 696: Application replay pass 10
==PROF== Profiling "vectorized_elementwise_kernel" - 697: Application replay pass 10
==PROF== Profiling "vectorized_elementwise_kernel" - 698: Application replay pass 10
==PROF== Profiling "vectorized_elementwise_kernel" - 699: Application replay pass 10
==PROF== Profiling "vectorized_elementwise_kernel" - 700: Application replay pass 10
==PROF== Profiling "reduce_kernel" - 701: Application replay pass 10
==PROF== Profiling "vectorized_elementwise_kernel" - 702: Application replay pass 10
==PROF== Profiling "embedding_backward_feature_ke..." - 703: Application replay pass 10
==PROF== Profiling "vectorized_elementwise_kernel" - 704: Application replay pass 10
==PROF== Profiling "elementwise_kernel_with_index" - 705: Application replay pass 10
==PROF== Profiling "DeviceRadixSortHistogramKernel" - 706: Application replay pass 10
==PROF== Profiling "DeviceRadixSortExclusiveSumKe..." - 707: Application replay pass 10
==PROF== Profiling "DeviceRadixSortOnesweepKernel" - 708: Application replay pass 10
==PROF== Profiling "DeviceRadixSortOnesweepKernel" - 709: Application replay pass 10
==PROF== Profiling "DeviceRadixSortOnesweepKernel" - 710: Application replay pass 10
==PROF== Profiling "DeviceRadixSortOnesweepKernel" - 711: Application replay pass 10
==PROF== Profiling "DeviceRadixSortOnesweepKernel" - 712: Application replay pass 10
==PROF== Profiling "DeviceRadixSortOnesweepKernel" - 713: Application replay pass 10
==PROF== Profiling "DeviceRadixSortOnesweepKernel" - 714: Application replay pass 10
==PROF== Profiling "DeviceRadixSortOnesweepKernel" - 715: Application replay pass 10
==PROF== Profiling "vectorized_elementwise_kernel" - 716: Application replay pass 10
==PROF== Profiling "DeviceCompactInitKernel" - 717: Application replay pass 10
==PROF== Profiling "DeviceUniqueByKeySweepKernel" - 718: Application replay pass 10
==PROF== Profiling "krn_partials_per_segment" - 719: Application replay pass 10
==PROF== Profiling "DeviceScanInitKernel" - 720: Application replay pass 10
==PROF== Profiling "DeviceScanKernel" - 721: Application replay pass 10
==PROF== Profiling "compute_num_of_partial_segments" - 722: Application replay pass 10
==PROF== Profiling "krn_partial_segment_offset" - 723: Application replay pass 10
==PROF== Profiling "compute_grad_weight" - 724: Application replay pass 10
==PROF== Profiling "sum_and_scatter" - 725: Application replay pass 10
==PROF== Profiling "vectorized_elementwise_kernel" - 726: Application replay pass 10
debug: Rank 0: Stopping profiler
Rank 0, Epoch [3/3], Finished epoch.
debug: Cleaning up process group
debug: Rank 0: Training process completed
==PROF== Disconnected from process 7516
debug: mp.spawn completed
==PROF== Creating report from application replay data: 0%.....................100%
==PROF== Report: /data/ycfeng/SC26-AE/output_gpu_20260722T2224_qwen3_df940_task2/_work/task2.task2-20260722T142810Z-192-11368/source/kernel_metric/temp/output.ncu-rep
/data/ycfeng/SC26-AE/output_gpu_20260722T2224_qwen3_df940_task2/_work/task2.task2-20260722T142810Z-192-11368/source/kernel_metric/ncu_report_process.py:1: DeprecationWarning: 
Pyarrow will become a required dependency of pandas in the next major release of pandas (pandas 3.0),
(to allow more performant data types, such as the Arrow string type, and better interoperability with other libraries)
but was not found to be installed on your system.
If this would cause problems for you,
please provide us feedback at https://github.com/pandas-dev/pandas/issues/54466
        
  import pandas as pd
Running slowdown_collection module...
Collecting slowdown cases...
PyTorch CUDA version: 12.1 matches with CUDA version required in environment config.
Configuration Values:
cuda version check: 12.1
world_size: 1
cap_size: 2
epochs: 3
batchsize: 16
debug: Starting mp.spawn...
debug: Rank 0: Running training process
debug: Rank 0: Preparing model and data
debug: Rank 0: Setting up process group
debug: Rank 0: Process group setup complete
debug: Rank 0: Starting training for 3 epochs
debug: Rank 0: Actual epoch 1/3 starting
Rank 0, Epoch [1/3], Finished epoch.
debug: Rank 0: Actual epoch 2/3 starting
Rank 0, Epoch [2/3], Finished epoch.
debug: Rank 0: Actual epoch 3/3 starting
debug: Rank 0: Starting backward pass profiling
debug: Rank 0: Stopping profiler
/opt/conda/envs/echo_slowdown/lib/python3.10/multiprocessing/resource_tracker.py:224: UserWarning: resource_tracker: There appear to be 2 leaked semaphore objects to clean up at shutdown
  warnings.warn('resource_tracker: There appear to be %d '
The target application terminated. One or more process it created re-parented.
Waiting for termination of re-parented processes.
Use the `--wait` option to modify this behavior.
Capture range started in the application.
Capture range ended in the application.
Generating '/data/ycfeng/tmp/qwen3-df940-task2/nsys-report-1866.qdstrm'
[1/1] [0%                          ] output_ws1.nsys-rep[1/1] [0%                          ] output_ws1.nsys-rep[1/1] [==========48%               ] output_ws1.nsys-rep[1/1] [========================97% ] output_ws1.nsys-rep[1/1] [================68%         ] output_ws1.nsys-rep[1/1] [================70%         ] output_ws1.nsys-rep[1/1] [================71%         ] output_ws1.nsys-rep[1/1] [========================100%] output_ws1.nsys-rep[1/1] [========================100%] output_ws1.nsys-rep
Generated:
    /data/ycfeng/SC26-AE/output_gpu_20260722T2224_qwen3_df940_task2/_work/task2.task2-20260722T142810Z-192-11368/source/slowdown_collection/temp/output_ws1.nsys-rep
Processing 2896 events: [1%                                                    ]Processing 2896 events: [2%                                                    ]Processing 2896 events: [3%                                                    ]Processing 2896 events: [4%                                                    ]Processing 2896 events: [5%                                                    ]Processing 2896 events: [=6%                                                   ]Processing 2896 events: [=7%                                                   ]Processing 2896 events: [==8%                                                  ]Processing 2896 events: [==9%                                                  ]Processing 2896 events: [==10%                                                 ]Processing 2896 events: [==11%                                                 ]Processing 2896 events: [===12%                                                ]Processing 2896 events: [====13%                                               ]Processing 2896 events: [====14%                                               ]Processing 2896 events: [=====15%                                              ]Processing 2896 events: [=====16%                                              ]Processing 2896 events: [======17%                                             ]Processing 2896 events: [======18%                                             ]Processing 2896 events: [=======19%                                            ]Processing 2896 events: [=======20%                                            ]Processing 2896 events: [========21%                                           ]Processing 2896 events: [========22%                                           ]Processing 2896 events: [=========23%                                          ]Processing 2896 events: [=========24%                                          ]Processing 2896 events: [==========25%                                         ]Processing 2896 events: [===========26%                                        ]Processing 2896 events: [===========27%                                        ]Processing 2896 events: [============28%                                       ]Processing 2896 events: [============29%                                       ]Processing 2896 events: [=============30%                                      ]Processing 2896 events: [=============31%                                      ]Processing 2896 events: [==============32%                                     ]Processing 2896 events: [==============33%                                     ]Processing 2896 events: [===============34%                                    ]Processing 2896 events: [===============35%                                    ]Processing 2896 events: [================36%                                   ]Processing 2896 events: [================37%                                   ]Processing 2896 events: [=================38%                                  ]Processing 2896 events: [==================39%                                 ]Processing 2896 events: [==================40%                                 ]Processing 2896 events: [===================41%                                ]Processing 2896 events: [===================42%                                ]Processing 2896 events: [====================43%                               ]Processing 2896 events: [====================44%                               ]Processing 2896 events: [=====================45%                              ]Processing 2896 events: [=====================46%                              ]Processing 2896 events: [======================47%                             ]Processing 2896 events: [======================48%                             ]Processing 2896 events: [=======================49%                            ]Processing 2896 events: [========================50%                           ]Processing 2896 events: [========================51%                           ]Processing 2896 events: [=========================52%                          ]Processing 2896 events: [=========================53%                          ]Processing 2896 events: [==========================54%                         ]Processing 2896 events: [==========================55%                         ]Processing 2896 events: [===========================56%                        ]Processing 2896 events: [===========================57%                        ]Processing 2896 events: [============================58%                       ]Processing 2896 events: [============================59%                       ]Processing 2896 events: [=============================60%                      ]Processing 2896 events: [=============================61%                      ]Processing 2896 events: [==============================62%                     ]Processing 2896 events: [===============================63%                    ]Processing 2896 events: [===============================64%                    ]Processing 2896 events: [================================65%                   ]Processing 2896 events: [================================66%                   ]Processing 2896 events: [=================================67%                  ]Processing 2896 events: [=================================68%                  ]Processing 2896 events: [==================================69%                 ]Processing 2896 events: [==================================70%                 ]Processing 2896 events: [===================================71%                ]Processing 2896 events: [===================================72%                ]Processing 2896 events: [====================================73%               ]Processing 2896 events: [====================================74%               ]Processing 2896 events: [=====================================75%              ]Processing 2896 events: [======================================76%             ]Processing 2896 events: [======================================77%             ]Processing 2896 events: [=======================================78%            ]Processing 2896 events: [=======================================79%            ]Processing 2896 events: [========================================80%           ]Processing 2896 events: [========================================81%           ]Processing 2896 events: [=========================================82%          ]Processing 2896 events: [=========================================83%          ]Processing 2896 events: [==========================================84%         ]Processing 2896 events: [==========================================85%         ]Processing 2896 events: [===========================================86%        ]Processing 2896 events: [===========================================87%        ]Processing 2896 events: [============================================88%       ]Processing 2896 events: [=============================================89%      ]Processing 2896 events: [=============================================90%      ]Processing 2896 events: [==============================================91%     ]Processing 2896 events: [==============================================92%     ]Processing 2896 events: [===============================================93%    ]Processing 2896 events: [===============================================94%    ]Processing 2896 events: [================================================95%   ]Processing 2896 events: [================================================96%   ]Processing 2896 events: [=================================================97%  ]Processing 2896 events: [=================================================98%  ]Processing 2896 events: [==================================================99% ]Processing 2896 events: [==================================================100%]
Profiling and analysis complete. Output saved to temp/stats_output_ws1.sqlite
PyTorch CUDA version: 12.1 matches with CUDA version required in environment config.
Configuration Values:
cuda version check: 12.1
world_size: 2
cap_size: 2
epochs: 3
batchsize: 16
debug: Starting mp.spawn...
debug: Rank 1: Running training process
debug: Rank 1: Preparing model and data
debug: Rank 1: Setting up process group
debug: Rank 0: Running training process
debug: Rank 0: Preparing model and data
debug: Rank 0: Setting up process group
debug: Rank 0: Process group setup complete
debug: Rank 1: Process group setup complete
debug: Rank 1: Starting training for 3 epochs
debug: Rank 0: Starting training for 3 epochs
debug: Rank 0: Actual epoch 1/3 starting
debug: Rank 1: Actual epoch 1/3 starting
Rank 1, Epoch [1/3], Finished epoch.
debug: Rank 1: Actual epoch 2/3 starting
Rank 0, Epoch [1/3], Finished epoch.
debug: Rank 0: Actual epoch 2/3 starting
Rank 0, Epoch [2/3], Finished epoch.
debug: Rank 0: Actual epoch 3/3 starting
Rank 1, Epoch [2/3], Finished epoch.
debug: Rank 1: Actual epoch 3/3 starting
debug: Rank 0: Starting backward pass profiling
debug: Rank 1: Starting backward pass profiling
debug: Rank 1: Stopping profiler
debug: Rank 0: Stopping profiler
/opt/conda/envs/echo_slowdown/lib/python3.10/multiprocessing/resource_tracker.py:224: UserWarning: resource_tracker: There appear to be 4 leaked semaphore objects to clean up at shutdown
  warnings.warn('resource_tracker: There appear to be %d '
The target application terminated. One or more process it created re-parented.
Waiting for termination of re-parented processes.
Use the `--wait` option to modify this behavior.
Capture range started in the application.
Capture range ended in the application.
Generating '/data/ycfeng/tmp/qwen3-df940-task2/nsys-report-a2d9.qdstrm'
[1/1] [0%                          ] output_ws2.nsys-rep[1/1] [0%                          ] output_ws2.nsys-rep[1/1] [==========48%               ] output_ws2.nsys-rep[1/1] [========================97% ] output_ws2.nsys-rep[1/1] [=================72%        ] output_ws2.nsys-rep[1/1] [=================74%        ] output_ws2.nsys-rep[1/1] [========================100%] output_ws2.nsys-rep[1/1] [========================100%] output_ws2.nsys-rep
Generated:
    /data/ycfeng/SC26-AE/output_gpu_20260722T2224_qwen3_df940_task2/_work/task2.task2-20260722T142810Z-192-11368/source/slowdown_collection/temp/output_ws2.nsys-rep
Processing 6863 events: [1%                                                    ]Processing 6863 events: [2%                                                    ]Processing 6863 events: [3%                                                    ]Processing 6863 events: [4%                                                    ]Processing 6863 events: [5%                                                    ]Processing 6863 events: [=6%                                                   ]Processing 6863 events: [=7%                                                   ]Processing 6863 events: [==8%                                                  ]Processing 6863 events: [==9%                                                  ]Processing 6863 events: [==10%                                                 ]Processing 6863 events: [==11%                                                 ]Processing 6863 events: [===12%                                                ]Processing 6863 events: [====13%                                               ]Processing 6863 events: [====14%                                               ]Processing 6863 events: [=====15%                                              ]Processing 6863 events: [=====16%                                              ]Processing 6863 events: [======17%                                             ]Processing 6863 events: [======18%                                             ]Processing 6863 events: [=======19%                                            ]Processing 6863 events: [=======20%                                            ]Processing 6863 events: [========21%                                           ]Processing 6863 events: [========22%                                           ]Processing 6863 events: [=========23%                                          ]Processing 6863 events: [=========24%                                          ]Processing 6863 events: [==========25%                                         ]Processing 6863 events: [===========26%                                        ]Processing 6863 events: [===========27%                                        ]Processing 6863 events: [============28%                                       ]Processing 6863 events: [============29%                                       ]Processing 6863 events: [=============30%                                      ]Processing 6863 events: [=============31%                                      ]Processing 6863 events: [==============32%                                     ]Processing 6863 events: [==============33%                                     ]Processing 6863 events: [===============34%                                    ]Processing 6863 events: [===============35%                                    ]Processing 6863 events: [================36%                                   ]Processing 6863 events: [================37%                                   ]Processing 6863 events: [=================38%                                  ]Processing 6863 events: [==================39%                                 ]Processing 6863 events: [==================40%                                 ]Processing 6863 events: [===================41%                                ]Processing 6863 events: [===================42%                                ]Processing 6863 events: [====================43%                               ]Processing 6863 events: [====================44%                               ]Processing 6863 events: [=====================45%                              ]Processing 6863 events: [=====================46%                              ]Processing 6863 events: [======================47%                             ]Processing 6863 events: [======================48%                             ]Processing 6863 events: [=======================49%                            ]Processing 6863 events: [========================50%                           ]Processing 6863 events: [========================51%                           ]Processing 6863 events: [=========================52%                          ]Processing 6863 events: [=========================53%                          ]Processing 6863 events: [==========================54%                         ]Processing 6863 events: [==========================55%                         ]Processing 6863 events: [===========================56%                        ]Processing 6863 events: [===========================57%                        ]Processing 6863 events: [============================58%                       ]Processing 6863 events: [============================59%                       ]Processing 6863 events: [=============================60%                      ]Processing 6863 events: [=============================61%                      ]Processing 6863 events: [==============================62%                     ]Processing 6863 events: [===============================63%                    ]Processing 6863 events: [===============================64%                    ]Processing 6863 events: [================================65%                   ]Processing 6863 events: [================================66%                   ]Processing 6863 events: [=================================67%                  ]Processing 6863 events: [=================================68%                  ]Processing 6863 events: [==================================69%                 ]Processing 6863 events: [==================================70%                 ]Processing 6863 events: [===================================71%                ]Processing 6863 events: [===================================72%                ]Processing 6863 events: [====================================73%               ]Processing 6863 events: [====================================74%               ]Processing 6863 events: [=====================================75%              ]Processing 6863 events: [======================================76%             ]Processing 6863 events: [======================================77%             ]Processing 6863 events: [=======================================78%            ]Processing 6863 events: [=======================================79%            ]Processing 6863 events: [========================================80%           ]Processing 6863 events: [========================================81%           ]Processing 6863 events: [=========================================82%          ]Processing 6863 events: [=========================================83%          ]Processing 6863 events: [==========================================84%         ]Processing 6863 events: [==========================================85%         ]Processing 6863 events: [===========================================86%        ]Processing 6863 events: [===========================================87%        ]Processing 6863 events: [============================================88%       ]Processing 6863 events: [=============================================89%      ]Processing 6863 events: [=============================================90%      ]Processing 6863 events: [==============================================91%     ]Processing 6863 events: [==============================================92%     ]Processing 6863 events: [===============================================93%    ]Processing 6863 events: [===============================================94%    ]Processing 6863 events: [================================================95%   ]Processing 6863 events: [================================================96%   ]Processing 6863 events: [=================================================97%  ]Processing 6863 events: [=================================================98%  ]Processing 6863 events: [==================================================99% ]Processing 6863 events: [==================================================100%]
Profiling and analysis complete. Output saved to temp/stats_output_ws2.sqlite
/data/ycfeng/SC26-AE/output_gpu_20260722T2224_qwen3_df940_task2/_work/task2.task2-20260722T142810Z-192-11368/source/slowdown_collection/analyse.py:4: DeprecationWarning: 
Pyarrow will become a required dependency of pandas in the next major release of pandas (pandas 3.0),
(to allow more performant data types, such as the Arrow string type, and better interoperability with other libraries)
but was not found to be installed on your system.
If this would cause problems for you,
please provide us feedback at https://github.com/pandas-dev/pandas/issues/54466
        
  import pandas as pd
./temp/stats_output_ws1.sqlite
Database ./temp/stats_output_ws1.sqlite has been backed up as processing-db.sqlite
Data for device 0 has been saved to table stats_output_ws1_device_0 in the compute database.
Data from ./temp/stats_output_ws1.sqlite has been successfully saved to separate tables in the main databases.
Processing completed, temporary database file processing-db.sqlite has been deleted 

./temp/stats_output_ws2.sqlite
Database ./temp/stats_output_ws2.sqlite has been backed up as processing-db.sqlite
Data for device 0 has been saved to table stats_output_ws2_device_0 in the compute database.
Data for device 1 has been saved to table stats_output_ws2_device_1 in the compute database.
Data from ./temp/stats_output_ws2.sqlite has been successfully saved to separate tables in the main databases.
Processing completed, temporary database file processing-db.sqlite has been deleted 

Warning: No matching ws1 table for base name: stats_output and device 1
Slowdown result saved to output/slowdown_stats_output_device_0.xlsx
Slowdown table stats_output_ws2_device_0_slowdown created in slowdown_results.sqlite.
Running merge module...
/data/ycfeng/SC26-AE/output_gpu_20260722T2224_qwen3_df940_task2/_work/task2.task2-20260722T142810Z-192-11368/source/merge/merge_script.py:4: DeprecationWarning: 
Pyarrow will become a required dependency of pandas in the next major release of pandas (pandas 3.0),
(to allow more performant data types, such as the Arrow string type, and better interoperability with other libraries)
but was not found to be installed on your system.
If this would cause problems for you,
please provide us feedback at https://github.com/pandas-dev/pandas/issues/54466
        
  import pandas as pd
slowdown_df.head()    id                         kShortName  ... overlap_ratio  slowdown
0   1       layer_norm_grad_input_kernel  ...           0.0       0.0
1   2  GammaBetaBackwardCUDAKernel_32x32  ...           0.0       0.0
2   3      vectorized_elementwise_kernel  ...           0.0       0.0
3   4      vectorized_elementwise_kernel  ...           0.0       0.0
4   5      vectorized_elementwise_kernel  ...           0.0       0.0

[5 rows x 7 columns]
features_df.head()    ID                        Kernel Name  ...  L1 hit rate  L2 hit rate
0   0       layer_norm_grad_input_kernel  ...        79.58        37.60
1   1  GammaBetaBackwardCUDAKernel_32x32  ...         0.09         4.94
2   2      vectorized_elementwise_kernel  ...         0.00        99.06
3   3      vectorized_elementwise_kernel  ...         0.00        99.07
4   4      vectorized_elementwise_kernel  ...         0.00        47.56

[5 rows x 10 columns]
Merged rows: 727
Merged kernels: 28 slowdown names, 28 feature names
Merged file saved to: output/merged_features.csv
Running training_testing module...
Running create_dataset.py...
/data/ycfeng/SC26-AE/output_gpu_20260722T2224_qwen3_df940_task2/_work/task2.task2-20260722T142810Z-192-11368/source/training_testing/create_dataset.py:2: DeprecationWarning: 
Pyarrow will become a required dependency of pandas in the next major release of pandas (pandas 3.0),
(to allow more performant data types, such as the Arrow string type, and better interoperability with other libraries)
but was not found to be installed on your system.
If this would cause problems for you,
please provide us feedback at https://github.com/pandas-dev/pandas/issues/54466
        
  import pandas as pd
Merged DataFrame head:
   id                         kShortName                                     kDemangledName  ground_truth  duration  overlap_ratio  slowdown  ID                        Kernel Name  Compute throughput   SM  Memory throughput  DRAM throughput  Achieved occupancy  Maximum occupancy  L1 hit rate  L2 hit rate
0   1       layer_norm_grad_input_kernel  void at::native::<unnamed>::layer_norm_grad_in...         29535     29280            0.0       0.0   0       layer_norm_grad_input_kernel               51.68  132              64.90            61.52               89.79              100.0        79.58        37.60
1   2  GammaBetaBackwardCUDAKernel_32x32  void at::native::<unnamed>::GammaBetaBackwardC...         46944     46303            0.0       0.0   1  GammaBetaBackwardCUDAKernel_32x32                9.36  132              35.12            35.12               50.20              100.0         0.09         4.94
2   3      vectorized_elementwise_kernel  void at::native::vectorized_elementwise_kernel...          1568      1632            0.0       0.0   2      vectorized_elementwise_kernel                0.01  132               8.47             0.06                6.19              100.0         0.00        99.06
3   4      vectorized_elementwise_kernel  void at::native::vectorized_elementwise_kernel...          1504      1504            0.0       0.0   3      vectorized_elementwise_kernel                0.02  132              10.43             0.07                6.68              100.0         0.00        99.07
4   5      vectorized_elementwise_kernel  void at::native::vectorized_elementwise_kernel...         15968     15808            0.0       0.0   4      vectorized_elementwise_kernel               15.09  132              66.30            66.30               82.48              100.0         0.00        47.56
Features and target saved to output/train_dataset.csv
Features shape: (727, 8)
Target shape: (727,)
Running train.py...
/data/ycfeng/SC26-AE/output_gpu_20260722T2224_qwen3_df940_task2/_work/task2.task2-20260722T142810Z-192-11368/source/training_testing/train.py:4: DeprecationWarning: 
Pyarrow will become a required dependency of pandas in the next major release of pandas (pandas 3.0),
(to allow more performant data types, such as the Arrow string type, and better interoperability with other libraries)
but was not found to be installed on your system.
If this would cause problems for you,
please provide us feedback at https://github.com/pandas-dev/pandas/issues/54466
        
  import pandas as pd
X.head()    ground_truth  Compute throughput  ...  L1 hit rate  L2 hit rate
0         29535               51.68  ...        79.58        37.60
1         46944                9.36  ...         0.09         4.94
2          1568                0.01  ...         0.00        99.06
3          1504                0.02  ...         0.00        99.07
4         15968               15.09  ...         0.00        47.56

[5 rows x 8 columns]
y.head() 0    0.0
1    0.0
2    0.0
3    0.0
4    0.0
Name: slowdown, dtype: float64
MSE for each fold (validation set): [0.025510066943321086, 0.05853339433492776, 0.06497570805221323, 0.019521841326430207, 0.037700424674066445]
Average MSE (validation set): 0.04124828706619175
Test MSE: 0.061428837844613504
Model loaded successfully and predictions match.
Running predict.py...
/data/ycfeng/SC26-AE/output_gpu_20260722T2224_qwen3_df940_task2/_work/task2.task2-20260722T142810Z-192-11368/source/training_testing/predict.py:1: DeprecationWarning: 
Pyarrow will become a required dependency of pandas in the next major release of pandas (pandas 3.0),
(to allow more performant data types, such as the Arrow string type, and better interoperability with other libraries)
but was not found to be installed on your system.
If this would cause problems for you,
please provide us feedback at https://github.com/pandas-dev/pandas/issues/54466
        
  import pandas as pd
{'original_execution_time': 1.0, 'predicted_execution_time': 1.2976043224334717, 'predicted_execution_time_clipped': 1.2976043224334717, 'predicted_slowdown_factor': 0.59520864, 'predicted_slowdown_factor_clipped': 0.59520864}
All modules ran successfully.
