Kernel Name,Compute throughput,Memory throughput,DRAM throughput,Achieved occupancy,Maximum occupancy,L1 hit rate,L2 hit rate
distribution_elementwise_grid_stride_kernel,0.22,9.31,0.06,12.32,50,45.83,99.00
distribution_elementwise_grid_stride_kernel,34.24,6.90,0.04,41.76,50,46.31,99.39
elementwise_kernel,6.36,6.63,1.81,17.61,100,33.36,78.51
vectorized_elementwise_kernel,2.85,11.17,3.45,16.65,100,0,78.10
vectorized_elementwise_kernel,2.92,11.55,3.54,19.76,100,0,78.41
vectorized_elementwise_kernel,2.90,11.40,3.48,16.63,100,0,78.16
vectorized_elementwise_kernel,2.85,10.66,5.96,17.60,100,0,63.79
vectorized_elementwise_kernel,3.39,11.28,3.46,16.37,100,0,77.52
vectorized_elementwise_kernel,3.23,11.93,6.72,16.74,100,0,63.06
vectorized_elementwise_kernel,5.29,9.63,2.94,16.79,100,0,77.69
vectorized_elementwise_kernel,3.16,10.59,3.24,17.26,100,0,77.51
vectorized_elementwise_kernel,3.05,11.30,6.37,16.71,100,0,62.88
elementwise_kernel,7.44,7.95,2.12,15.90,100,33.69,76.80
vectorized_elementwise_kernel,2.42,9.44,2.92,19.00,100,0,76.54
vectorized_elementwise_kernel,2.78,10.96,3.36,16.71,100,0,77.53
vectorized_elementwise_kernel,2.84,11.17,3.43,16.61,100,0,77.41
vectorized_elementwise_kernel,3.10,11.57,6.45,20.53,100,0,63.58
vectorized_elementwise_kernel,3.22,10.91,3.31,14.28,100,0,78.51
vectorized_elementwise_kernel,3.05,11.26,6.37,16.61,100,0,62.87
vectorized_elementwise_kernel,4.92,8.91,2.74,18.85,100,0,77.45
vectorized_elementwise_kernel,3.29,10.90,3.36,15.28,100,0,77.06
vectorized_elementwise_kernel,3.06,11.33,6.40,16.79,100,0,62.78
kernel1,8.79,18.67,2.46,18.98,100,7.08,90.87
kernel1,8.80,18.84,2.47,18.82,100,7.08,92.41
kernel1,8.78,18.83,2.46,18.90,100,7.08,91.27
elementwise_kernel,7.03,7.45,2.00,17.22,100,33.45,78.37
vectorized_elementwise_kernel,2.76,10.96,3.34,16.62,100,0,77.29
vectorized_elementwise_kernel,2.75,10.88,3.31,19.92,100,0,76.98
vectorized_elementwise_kernel,2.84,11.26,3.43,16.47,100,0,77.31
vectorized_elementwise_kernel,3.11,11.70,6.52,14.37,100,0,63.11
vectorized_elementwise_kernel,3.43,11.55,3.51,16.50,100,0,77.51
vectorized_elementwise_kernel,3.24,11.97,6.78,16.51,100,0,62.79
vectorized_elementwise_kernel,5.44,9.96,3.02,17.39,100,0,77.52
vectorized_elementwise_kernel,3.32,11.02,3.42,15.60,100,0,76.76
vectorized_elementwise_kernel,3.06,11.47,6.41,16.14,100,0,62.72
elementwise_kernel,6.87,7.32,1.95,16.13,100,33.37,78.59
vectorized_elementwise_kernel,2.80,11.13,3.37,16.28,100,0,77.71
vectorized_elementwise_kernel,2.63,10.38,3.17,18.32,100,0,77.04
vectorized_elementwise_kernel,2.81,11.13,3.38,19.63,100,0,77.27
vectorized_elementwise_kernel,3.08,11.55,6.42,17.12,100,0,62.93
vectorized_elementwise_kernel,3.30,11.10,3.36,16.39,100,0,77.34
vectorized_elementwise_kernel,3.04,11.21,6.33,16.52,100,0,62.61
vectorized_elementwise_kernel,5.42,9.91,3.02,17.11,100,0,77.29
vectorized_elementwise_kernel,3.29,10.87,3.36,16.87,100,0,76.95
vectorized_elementwise_kernel,2.94,11.00,6.13,16.52,100,0,63.32
kernel1,8.67,18.67,2.44,18.80,100,7.08,92.11
kernel1,8.80,18.82,2.46,18.97,100,7.08,91.80
kernel1,8.71,18.72,2.44,19.97,100,7.08,91.40
distribution_elementwise_grid_stride_kernel,40.41,7.91,0.03,44.88,50,46.90,100.51
distribution_elementwise_grid_stride_kernel,40.50,7.82,0.03,43.14,50,46.90,100.51
distribution_elementwise_grid_stride_kernel,0.58,9.59,0.06,12.48,50,41.27,100.14
elementwise_kernel,18.95,11.15,5.18,42.28,100,42.86,67.51
fused_dropout_kernel_vec,26.26,10.44,5.53,46.28,50,0,71.70
vectorized_elementwise_kernel,6.15,14.59,14.59,44.88,100,0,49.25
elementwise_kernel,19.42,11.33,5.31,40.72,100,42.83,67.31
fused_dropout_kernel_vec,27.33,10.69,5.79,45.60,50,0,71.18
vectorized_elementwise_kernel,6.33,15.01,15.01,38.40,100,0,49.31
elementwise_kernel,19.05,11.21,5.20,45.08,100,42.77,67.05
kernel2,22.51,12.09,11.38,20.47,56.25,0,55.58
elementwise_kernel,18.95,11.22,5.17,42.80,100,42.93,67.71
kernel2,22.48,12.17,11.37,20.47,56.25,0,55.81
elementwise_kernel,18.95,11.14,5.16,44.43,100,42.86,67.38
kernel2,22.68,11.72,11.47,20.30,56.25,0,54.96
elementwise_kernel,19.16,11.25,5.23,44.24,100,42.81,67.34
kernel2,22.97,11.86,11.58,20.81,56.25,0,54.88
elementwise_kernel,19.36,11.40,5.28,43.94,100,42.91,67.38
kernel2,22.48,11.62,11.36,20.99,56.25,0,54.87
elementwise_kernel,19.12,11.29,5.22,45.88,100,42.80,67.41
kernel2,22.45,11.60,11.35,20.58,56.25,0,54.93
elementwise_kernel,19.07,11.19,5.20,44.94,100,42.88,67.39
kernel2,22.77,11.78,11.50,21.72,56.25,0,54.93
elementwise_kernel,19.15,11.31,5.23,42.70,100,42.90,67.27
kernel2,22.91,11.83,11.57,21.42,56.25,0,54.91
distribution_elementwise_grid_stride_kernel,16.07,8.79,0.05,27.11,50,46.35,98.98
Kernel,2.40,7.06,3.16,6.39,25,0,76.89
splitKreduce_kernel,0.47,7.24,1.71,25.31,100,0,77.84
gatherTopK,2.00,2.97,0.10,6.32,62.50,88.93,95.64
bitonicSortKVInPlace,0.36,3.90,0.07,1.56,50,50,97.91
unrolled_elementwise_kernel,0.01,7.51,0.15,6.45,100,0,97.30
softmax_warp_forward,0.02,7.97,0.06,6.61,100,25,99.14
unrolled_elementwise_kernel,0.01,7.58,0.17,6.26,100,16.67,96.85
vectorized_elementwise_kernel,0.55,11.83,0.03,4.88,100,0,99.87
_scatter_gather_elementwise_kernel,0.01,7.53,0.18,5.86,100,0,97.54
reduce_kernel,0.23,5.06,1.31,6.06,37.50,40,78.97
distribution_elementwise_grid_stride_kernel,15.58,8.53,0.05,23.68,50,46.76,99.36
Kernel,2.69,7.95,3.54,6.38,25,0,77.05
splitKreduce_kernel,0.51,7.85,1.84,22.97,100,0,77.94
gatherTopK,2.16,3.25,0.11,6.17,62.50,88.62,95.94
bitonicSortKVInPlace,0.37,3.97,0.07,1.57,50,50,97.73
unrolled_elementwise_kernel,0.01,7.62,0.16,6.91,100,0,97.45
softmax_warp_forward,0.02,9.18,0.06,5.48,100,25,100.58
unrolled_elementwise_kernel,0.01,7.68,0.17,5.78,100,16.67,98.28
vectorized_elementwise_kernel,0.58,12.53,0.03,5.81,100,0,100.72
_scatter_gather_elementwise_kernel,0.01,7.58,0.19,6.22,100,0,97.94
reduce_kernel,0.25,5.56,1.41,6.28,37.50,40.74,81.11
distribution_elementwise_grid_stride_kernel,15.57,8.63,0.05,22.75,50,46.92,100.86
Kernel,2.69,7.91,3.53,6.26,25,0,74.73
splitKreduce_kernel,0.51,8.02,1.85,23.31,100,0,79.50
gatherTopK,2.19,3.42,0.11,6.17,62.50,88.69,98.75
bitonicSortKVInPlace,0.37,3.98,0.07,1.59,50,50,97.72
unrolled_elementwise_kernel,0.01,7.20,0.15,6.16,100,0,97.47
softmax_warp_forward,0.02,8.96,0.06,6.27,100,25,99.24
unrolled_elementwise_kernel,0.01,7.58,0.17,6.29,100,9.09,97.14
vectorized_elementwise_kernel,0.59,12.66,0.03,4.72,100,0,99.84
_scatter_gather_elementwise_kernel,0.01,7.09,0.18,6.02,100,0,96.53
reduce_kernel,0.23,5.17,1.35,6.28,37.50,40.51,78.74
distribution_elementwise_grid_stride_kernel,15.86,8.65,0.05,23.11,50,46.69,99.01
Kernel,2.61,7.70,3.43,6.21,25,0,76.92
splitKreduce_kernel,0.50,7.76,1.83,23.66,100,0,77.82
gatherTopK,2.19,3.30,0.11,6.46,62.50,88.80,96.00
bitonicSortKVInPlace,0.38,4.06,0.08,1.51,50,50,97.40
unrolled_elementwise_kernel,0.01,7.50,0.15,5.69,100,0,97.09
softmax_warp_forward,0.02,8.82,0.06,6.32,100,25,99.25
unrolled_elementwise_kernel,0.01,7.96,0.18,7.00,100,16.67,97.01
vectorized_elementwise_kernel,0.58,12.33,0.03,5.92,100,0,99.72
_scatter_gather_elementwise_kernel,0.01,7.09,0.18,6.21,100,0,98.53
reduce_kernel,0.23,5.03,1.31,6.76,37.50,40,78.75
unrolled_elementwise_kernel,0.01,9.17,0.18,4.18,100,0,97.04
vectorized_elementwise_kernel,0.00,9.87,0.04,4.14,100,0,99.44
vectorized_elementwise_kernel,0.01,9.34,0.04,4.18,100,0,99.35
vectorized_elementwise_kernel,0.01,9.81,0.05,4.80,100,40,99.15
vectorized_elementwise_kernel,0.01,9.63,0.05,4.54,100,0,99.07
vectorized_elementwise_kernel,0.01,9.87,0.04,5.07,100,0,99.58
vectorized_elementwise_kernel,0.01,8.71,0.05,4.78,100,0,99.46
DeviceReduceSingleTileKernel,0.02,8.69,0.11,12.02,100,0,98.42
DeviceCompactInitKernel,0.01,10.55,0.03,4.95,100,0,99.58
DeviceSelectSweepKernel,0.02,8.75,0.23,7.71,100,62.50,96.54
index_elementwise_kernel,0.01,6.89,0.30,2.90,75,0,94.61
vectorized_elementwise_kernel,0.00,10.38,0.04,4.49,100,0,99.64
unrolled_elementwise_kernel,0.01,9.69,0.20,3.62,62.50,0,97.17
reduce_kernel,0.02,5.58,0.32,1.43,50,0,93.07
reduce_kernel,0.02,6.18,0.35,1.62,50,0,93.39
vectorized_elementwise_kernel,0.00,9.66,0.03,5.06,100,0,100.08
vectorized_elementwise_kernel,0.01,9.48,0.04,4.35,100,0,99.36
vectorized_elementwise_kernel,0.02,8.74,0.07,4.01,62.50,0,99.11
vectorized_elementwise_kernel,0.03,8.82,0.05,6.03,100,0,99.39
vectorized_elementwise_kernel,0.02,8.60,0.05,5.31,100,0,98.97
vectorized_elementwise_kernel,0.03,9.30,0.05,5.66,100,0,98.99
unrolled_elementwise_kernel,0.01,9.38,0.18,3.28,100,0,97.39
vectorized_elementwise_kernel,0.00,9.99,0.04,4.42,100,0,99.20
vectorized_elementwise_kernel,0.01,9.59,0.04,4.65,100,0,99.13
vectorized_elementwise_kernel,0.01,10.00,0.05,3.68,100,40,99.32
vectorized_elementwise_kernel,0.01,9.22,0.05,4.76,100,0,99.24
vectorized_elementwise_kernel,0.01,9.50,0.04,5.93,100,0,99.28
vectorized_elementwise_kernel,0.01,9.63,0.05,4.60,100,0,99.33
DeviceReduceSingleTileKernel,0.02,9.04,0.11,13.54,100,0,100.02
DeviceCompactInitKernel,0.01,10.68,0.03,7.67,100,0,101.21
DeviceSelectSweepKernel,0.02,8.35,0.21,5.56,100,62.50,96.48
index_elementwise_kernel,0.01,6.92,0.30,3.15,75,0,94.48
vectorized_elementwise_kernel,0.00,9.84,0.03,4.23,100,0,99.56
unrolled_elementwise_kernel,0.01,9.41,0.19,3.96,62.50,0,97.17
reduce_kernel,0.02,6.04,0.34,1.57,50,0,93.23
reduce_kernel,0.02,6.46,0.37,1.57,50,0,93.23
vectorized_elementwise_kernel,0.00,10.36,0.04,4.50,100,0,99.43
vectorized_elementwise_kernel,0.01,9.73,0.05,3.92,100,0,99.20
vectorized_elementwise_kernel,0.02,8.33,0.07,4.38,62.50,0,98.69
vectorized_elementwise_kernel,0.03,8.78,0.04,6.09,100,0,99.06
vectorized_elementwise_kernel,0.03,9.21,0.05,6.00,100,0,99.04
vectorized_elementwise_kernel,0.03,9.27,0.05,5.05,100,0,98.96
unrolled_elementwise_kernel,0.01,9.30,0.19,4.24,100,0,96.97
vectorized_elementwise_kernel,0.00,10.34,0.04,4.49,100,0,99.43
vectorized_elementwise_kernel,0.01,9.86,0.04,4.64,100,0,99.46
vectorized_elementwise_kernel,0.01,9.89,0.05,4.28,100,40,99.20
vectorized_elementwise_kernel,0.01,9.33,0.05,5.25,100,0,98.91
vectorized_elementwise_kernel,0.01,9.72,0.04,4.67,100,0,99.35
vectorized_elementwise_kernel,0.01,9.69,0.05,4.27,100,0,99.25
DeviceReduceSingleTileKernel,0.02,9.14,0.11,11.72,100,0,98.12
DeviceCompactInitKernel,0.01,10.15,0.03,4.46,100,0,99.54
DeviceSelectSweepKernel,0.02,7.83,0.20,6.54,100,62.50,96.26
index_elementwise_kernel,0.01,7.42,0.32,3.46,75,0,94.59
vectorized_elementwise_kernel,0.00,9.77,0.04,4.26,100,0,99.47
unrolled_elementwise_kernel,0.01,9.42,0.19,3.76,62.50,0,97.14
reduce_kernel,0.02,5.95,0.34,1.67,50,0,93.34
reduce_kernel,0.02,6.80,0.39,1.51,50,0,93.29
vectorized_elementwise_kernel,0.00,10.39,0.04,4.35,100,0,99.64
vectorized_elementwise_kernel,0.01,9.50,0.04,4.42,100,0,99.36
vectorized_elementwise_kernel,0.02,8.43,0.07,3.94,62.50,0,98.51
vectorized_elementwise_kernel,0.03,9.28,0.05,6.13,100,0,99.20
vectorized_elementwise_kernel,0.03,9.25,0.05,6.30,100,0,98.94
vectorized_elementwise_kernel,0.03,8.90,0.05,6.00,100,0,98.99
unrolled_elementwise_kernel,0.01,9.32,0.19,4.27,100,0,97.22
vectorized_elementwise_kernel,0.00,10.49,0.04,5.46,100,0,99.39
vectorized_elementwise_kernel,0.01,10.27,0.04,6.02,100,0,99.35
vectorized_elementwise_kernel,0.01,9.84,0.05,5.41,100,40,99.30
vectorized_elementwise_kernel,0.01,9.49,0.05,5.52,100,0,99.47
vectorized_elementwise_kernel,0.01,10.25,0.04,4.59,100,0,99.47
vectorized_elementwise_kernel,0.01,9.62,0.05,4.40,100,0,99.25
DeviceReduceSingleTileKernel,0.02,8.30,0.10,10.66,100,0,98.24
DeviceCompactInitKernel,0.01,9.97,0.03,6.43,100,0,99.38
DeviceSelectSweepKernel,0.02,8.72,0.23,5.68,100,62.50,96.48
index_elementwise_kernel,0.01,7.53,0.33,3.26,75,0,94.37
vectorized_elementwise_kernel,0.00,10.31,0.03,3.65,100,0,99.69
unrolled_elementwise_kernel,0.01,9.68,0.20,3.17,62.50,0,97.01
reduce_kernel,0.02,6.33,0.36,1.60,50,0,93.27
reduce_kernel,0.02,6.32,0.36,1.58,50,0,93.14
vectorized_elementwise_kernel,0.00,9.85,0.04,5.35,100,0,99.32
vectorized_elementwise_kernel,0.01,9.26,0.04,4.33,100,0,99.20
vectorized_elementwise_kernel,0.02,8.44,0.07,3.75,62.50,0,98.60
vectorized_elementwise_kernel,0.03,9.22,0.05,5.39,100,0,99.17
vectorized_elementwise_kernel,0.03,9.07,0.05,6.57,100,0,99.18
vectorized_elementwise_kernel,0.03,8.80,0.05,6.12,100,0,99.18
unrolled_elementwise_kernel,0.01,7.73,0.17,5.75,100,0,96.98
vectorized_elementwise_kernel,0.01,11.33,0.04,6.12,100,0,99.45
kernelHistogram1D,0.04,5.04,0.08,26.58,75,0,97.81
unrolled_elementwise_kernel,0.01,9.18,0.19,5.99,100,0,97.05
unrolled_elementwise_kernel,0.01,8.14,0.18,6.80,100,0,97.07
vectorized_elementwise_kernel,0.01,11.45,0.04,5.01,100,0,99.46
kernelHistogram1D,0.04,5.43,0.08,27.19,75,0,97.88
unrolled_elementwise_kernel,0.01,9.29,0.19,6.70,100,0,95.09
unrolled_elementwise_kernel,0.01,7.88,0.17,5.79,100,0,95.57
vectorized_elementwise_kernel,0.01,11.35,0.04,7.43,100,0,98.60
kernelHistogram1D,0.05,5.21,0.08,23.58,75,0,94.84
unrolled_elementwise_kernel,0.01,9.18,0.19,6.06,100,0,96.22
unrolled_elementwise_kernel,0.01,8.09,0.18,6.44,100,0,96.13
vectorized_elementwise_kernel,0.01,9.57,0.03,7.92,100,0,98.26
kernelHistogram1D,0.04,5.47,0.08,25.39,75,0,95.43
unrolled_elementwise_kernel,0.01,9.17,0.19,6.14,100,0,95.22
CatArrayBatchedCopy_aligned16_contig,0.04,8.19,0.06,3.88,100,33.33,97.70
distribution_elementwise_grid_stride_kernel,74.44,16.57,14.89,56.78,75,45.75,99.16
elementwise_kernel_with_index,0.00,10.81,0.03,2.42,100,0,98.26
vectorized_elementwise_kernel,0.01,9.69,0.04,4.15,100,0,99.46
vectorized_elementwise_kernel,0.01,11.39,0.04,4.62,100,0,98.16
elementwise_kernel,0.01,7.52,0.38,4.40,100,5.56,93.61
vectorized_elementwise_kernel,0.01,9.04,0.06,4.61,100,0,99.02
vectorized_elementwise_kernel,0.01,9.78,0.04,4.88,100,0,99.47
distribution_elementwise_grid_stride_kernel,44.70,8.61,0.03,58.68,75,46.84,99.42
vectorized_elementwise_kernel,0.03,11.62,0.04,6.60,100,0,98.22
distribution_elementwise_grid_stride_kernel,52.59,8.46,0.02,58.47,75,46.97,99.79
vectorized_elementwise_kernel,0.01,11.09,0.03,6.35,100,50,98.46
vectorized_elementwise_kernel,0.01,9.46,0.03,6.17,100,40,99.47
vectorized_elementwise_kernel,0.03,11.94,0.04,6.21,100,0,100.01
distribution_elementwise_grid_stride_kernel,70.08,15.00,1.39,57.17,75,45.85,99.75
distribution_elementwise_grid_stride_kernel,65.47,13.71,0.01,57.50,75,45.95,99.76
distribution_elementwise_grid_stride_kernel,44.88,8.71,0.03,59.37,75,46.89,98.80
vectorized_elementwise_kernel,0.03,11.54,0.04,5.52,100,0,99.71
distribution_elementwise_grid_stride_kernel,52.62,8.53,0.03,58.16,75,46.93,99.67
vectorized_elementwise_kernel,0.01,11.06,0.03,6.30,100,50,99.49
vectorized_elementwise_kernel,0.01,11.60,0.04,6.47,100,50,99.36
vectorized_elementwise_kernel,0.03,11.96,0.03,6.15,100,0,100.48
distribution_elementwise_grid_stride_kernel,70.02,14.99,1.77,57.17,75,45.83,99.89
distribution_elementwise_grid_stride_kernel,65.35,13.74,0.01,57.27,75,45.97,100.33
distribution_elementwise_grid_stride_kernel,44.67,9.09,0.03,58.89,75,47.41,101.24
vectorized_elementwise_kernel,0.03,11.80,0.04,6.18,100,0,100.54
distribution_elementwise_grid_stride_kernel,52.24,8.55,0.02,60.11,75,46.86,100.70
vectorized_elementwise_kernel,0.01,11.09,0.03,6.24,100,50,100.88
vectorized_elementwise_kernel,0.01,11.88,0.04,5.17,100,50,100.55
vectorized_elementwise_kernel,0.03,11.56,0.04,8.36,100,0,99.34
distribution_elementwise_grid_stride_kernel,70.30,15.03,1.79,57.21,75,45.82,100.02
distribution_elementwise_grid_stride_kernel,64.80,13.60,0.03,57.38,75,45.90,100.56
distribution_elementwise_grid_stride_kernel,44.95,9.28,0.03,57.17,75,47.38,100.30
vectorized_elementwise_kernel,0.03,11.79,0.04,6.20,100,0,99.99
distribution_elementwise_grid_stride_kernel,52.57,8.76,0.02,58.42,75,46.83,100.00
vectorized_elementwise_kernel,0.01,11.09,0.03,5.13,100,50,98.21
vectorized_elementwise_kernel,0.01,11.58,0.04,6.20,100,50,98.15
vectorized_elementwise_kernel,0.03,11.09,0.03,6.21,100,0,100.81
distribution_elementwise_grid_stride_kernel,69.38,14.83,1.48,57.17,75,45.81,100.21
distribution_elementwise_grid_stride_kernel,65.40,13.70,0.01,57.35,75,45.94,99.57
distribution_elementwise_grid_stride_kernel,44.55,9.65,0.03,59.21,75,47.33,99.10
vectorized_elementwise_kernel,0.02,9.71,0.03,6.64,100,0,100.35
distribution_elementwise_grid_stride_kernel,52.42,8.92,0.03,58.60,75,46.79,100.98
vectorized_elementwise_kernel,0.01,11.05,0.03,7.59,100,33.33,99.46
vectorized_elementwise_kernel,0.01,11.62,0.04,6.33,100,50,99.43
vectorized_elementwise_kernel,0.03,11.72,0.04,6.22,100,0,99.65
distribution_elementwise_grid_stride_kernel,70.27,15.01,1.66,57.12,75,45.88,99.52
distribution_elementwise_grid_stride_kernel,65.54,13.73,0.01,57.62,75,45.99,98.95
distribution_elementwise_grid_stride_kernel,44.23,9.51,0.03,60.02,75,46.75,98.72
vectorized_elementwise_kernel,0.03,11.59,0.04,6.33,100,0,99.58
distribution_elementwise_grid_stride_kernel,52.44,9.16,0.02,58.53,75,46.93,99.58
vectorized_elementwise_kernel,0.01,11.07,0.03,5.39,100,50,98.13
vectorized_elementwise_kernel,0.01,11.63,0.04,6.24,100,50,99.47
vectorized_elementwise_kernel,0.03,11.76,0.04,5.09,100,0,99.64
distribution_elementwise_grid_stride_kernel,70.36,15.04,1.63,56.90,75,45.85,99.67
distribution_elementwise_grid_stride_kernel,65.43,13.70,0.01,57.51,75,45.92,99.24
unrolled_elementwise_kernel,8.53,9.79,5.55,22.98,100,14.12,65.84
unrolled_elementwise_kernel,8.43,9.67,5.50,24.25,100,14.25,66.35
unrolled_elementwise_kernel,8.38,9.69,5.47,22.67,100,14.46,65.90
unrolled_elementwise_kernel,8.36,9.58,5.45,23.44,100,14.18,64.41
unrolled_elementwise_kernel,8.54,9.89,5.58,23.71,100,14.34,66.00
unrolled_elementwise_kernel,8.52,9.78,5.57,23.60,100,14.36,64.87
vectorized_elementwise_kernel,23.72,84.40,84.40,41.88,100,0,99.79
vectorized_elementwise_kernel,24.06,90.96,90.96,55.19,100,0,100.40
unrolled_elementwise_kernel,54.78,48.78,48.78,92.46,100,0,68.33
unrolled_elementwise_kernel,28.68,20.14,9.46,86.01,100,0,71.62
unrolled_elementwise_kernel,32.99,22.24,10.86,71.04,100,0,70.10
unrolled_elementwise_kernel,8.42,8.77,2.84,22.79,100,0,80.52
unrolled_elementwise_kernel,28.29,19.84,9.35,86.01,100,0,71.58
unrolled_elementwise_kernel,31.44,21.16,10.36,71.07,100,0,70.79
unrolled_elementwise_kernel,8.22,8.57,2.76,22.74,100,0,79.37
unrolled_elementwise_kernel,28.52,20.04,9.39,82.54,100,0,72.01
unrolled_elementwise_kernel,31.67,21.33,10.45,71.06,100,0,71.25
unrolled_elementwise_kernel,8.17,8.44,2.75,22.33,100,0,79.29
unrolled_elementwise_kernel,28.97,20.30,9.57,77.57,100,0,71.67
unrolled_elementwise_kernel,32.35,21.84,10.68,74.98,100,0,71.89
unrolled_elementwise_kernel,8.45,8.73,2.85,22.86,100,0,78.69
unrolled_elementwise_kernel,28.74,20.20,9.47,78.80,100,0,73.16
unrolled_elementwise_kernel,32.35,21.79,10.67,71.24,100,0,71.56
unrolled_elementwise_kernel,8.40,8.81,2.83,22.88,100,0,79.15
unrolled_elementwise_kernel,28.37,19.90,9.36,77.97,100,0,72.16
unrolled_elementwise_kernel,32.83,22.23,10.81,71.08,100,0,71.66
unrolled_elementwise_kernel,8.43,8.76,2.84,22.74,100,0,79.47
unrolled_elementwise_kernel,0.07,5.72,0.14,6.03,100,0,94.46
unrolled_elementwise_kernel,0.01,9.19,0.18,6.56,100,0,97.24
unrolled_elementwise_kernel,0.01,9.01,0.18,6.80,100,0,97.26
unrolled_elementwise_kernel,0.07,6.20,0.15,6.35,100,0,96.91
unrolled_elementwise_kernel,0.07,6.29,0.15,5.98,100,0,97.00
unrolled_elementwise_kernel,0.01,9.49,0.19,7.26,100,0,98.43
unrolled_elementwise_kernel,0.01,9.09,0.18,6.15,100,0,97.16
unrolled_elementwise_kernel,0.07,6.47,0.15,6.68,100,0,97.93
unrolled_elementwise_kernel,0.07,6.35,0.15,6.26,100,0,98.99
unrolled_elementwise_kernel,0.01,9.12,0.18,5.87,100,0,97.26
unrolled_elementwise_kernel,0.01,9.15,0.18,5.53,100,0,97.58
unrolled_elementwise_kernel,0.07,6.41,0.15,6.70,100,0,98.20
unrolled_elementwise_kernel,0.07,6.14,0.14,5.97,100,0,98.06
unrolled_elementwise_kernel,0.01,8.77,0.18,5.85,100,0,97.21
unrolled_elementwise_kernel,0.01,8.68,0.18,5.10,100,0,96.04
unrolled_elementwise_kernel,0.07,5.81,0.14,6.11,100,0,97.78
unrolled_elementwise_kernel,0.06,5.56,0.13,6.31,100,0,95.89
unrolled_elementwise_kernel,0.01,9.55,0.19,5.59,100,0,98.58
unrolled_elementwise_kernel,0.01,8.90,0.18,6.50,100,0,97.06
unrolled_elementwise_kernel,0.07,5.83,0.14,6.01,100,0,96.90
unrolled_elementwise_kernel,0.07,5.84,0.13,6.51,100,0,98.90
unrolled_elementwise_kernel,0.01,9.47,0.19,7.26,100,0,96.47
unrolled_elementwise_kernel,0.01,8.97,0.18,6.33,100,0,95.20
unrolled_elementwise_kernel,0.07,5.94,0.14,6.48,100,0,95.82
unrolled_elementwise_kernel,54.21,36.71,36.71,91.35,100,0,71.21
unrolled_elementwise_kernel,51.46,32.75,20.07,87.33,100,0,71.39
unrolled_elementwise_kernel,53.49,36.85,36.85,92.13,100,0,70.36
unrolled_elementwise_kernel,52.86,33.62,20.57,87.72,100,0,70.05
unrolled_elementwise_kernel,54.40,37.22,37.22,90.26,100,0,70.09
unrolled_elementwise_kernel,51.90,33.00,20.53,82.31,100,0,70.33
unrolled_elementwise_kernel,54.23,37.10,37.10,89.53,100,0,70.19
unrolled_elementwise_kernel,52.88,33.67,19.90,89.33,100,0,70.37
unrolled_elementwise_kernel,54.36,36.70,36.70,90.25,100,0,69.43
unrolled_elementwise_kernel,50.67,32.12,19.29,87.79,100,0,70.30
unrolled_elementwise_kernel,53.14,36.29,36.29,90.54,100,0,69.09
unrolled_elementwise_kernel,52.63,33.48,20.46,87.36,100,0,69.56
vectorized_elementwise_kernel,23.86,84.78,84.78,49.31,100,0,99.89
vectorized_elementwise_kernel,24.35,92.10,92.10,49.75,100,0,99.71
vectorized_elementwise_kernel,0.01,8.12,0.07,6.66,100,8.33,99.14
vectorized_elementwise_kernel,0.01,9.31,0.07,6.88,100,8.33,98.92
vectorized_elementwise_kernel,0.01,7.89,0.04,5.95,100,25,99.34
vectorized_elementwise_kernel,0.01,9.76,0.06,5.02,100,0,99.14
vectorized_elementwise_kernel,0.01,8.50,0.06,6.21,100,47.06,99.51
index_elementwise_kernel,25.99,6.61,0.25,47.63,75,66.18,96.60
elementwise_kernel,17.65,10.73,5.23,44.48,100,48.22,66.21
elementwise_kernel_with_index,0.02,11.81,0.03,2.32,100,0,99.77
vectorized_elementwise_kernel,0.01,10.04,0.05,6.06,100,0,100.72
elementwise_kernel,0.91,8.14,0.11,6.26,100,43.06,97.27
CatArrayBatchedCopy_aligned16_contig,0.90,7.53,0.47,6.26,100,58.93,93.28
rmsnorm_fwd_tuned_kernel,5.45,10.18,6.10,15.77,25,25.13,67.24
Kernel,15.07,26.72,12.52,6.16,6.25,0,56.41
splitKreduce_kernel,17.71,13.66,10.87,63.48,100,0,42.25
elementwise_kernel,3.79,6.85,1.48,12.04,100,23.24,81.81
rmsnorm_fwd_general_kernel,5.07,8.61,1.87,12.84,100,30.26,82.50
elementwise_kernel,0.96,5.94,0.46,6.44,100,24.98,92.73
rmsnorm_fwd_general_kernel,1.30,7.74,0.53,6.74,100,26.85,93.16
fused_rope_forward,6.53,6.24,1.76,12.06,100,60,74.73
fused_rope_forward,4.40,6.53,1.13,10.98,100,68.18,82.26
elementwise_kernel,0.98,6.09,0.47,6.11,100,25,92.34
elementwise_kernel_with_index,0.00,11.04,0.03,3.15,100,0,99.65
elementwise_kernel_with_index,0.00,10.75,0.03,2.89,100,0,99.68
flash_fwd_kernel,0.85,2.11,0.69,6.42,12.50,8.54,78.50
Kernel,10.53,16.60,7.40,6.21,18.75,0,69.75
vectorized_elementwise_kernel,6.13,14.57,14.57,39.22,100,0,50.48
rmsnorm_fwd_tuned_kernel,5.56,10.26,6.25,16.61,25,25.12,66.52
Kernel,6.03,12.64,7.08,6.34,25,0,77.28
splitKreduce_kernel,4.02,10.61,7.65,24.07,100,0,51.05
_scatter_gather_elementwise_kernel,0.01,6.35,0.22,6.46,100,3.03,96.29
unrolled_elementwise_kernel,0.01,8.30,0.17,6.09,100,0,98.56
softmax_warp_forward,0.02,9.34,0.06,6.56,100,25,101.30
unrolled_elementwise_kernel,0.01,7.63,0.17,5.63,100,16.67,98.67
unrolled_elementwise_kernel,1.04,5.99,0.45,6.18,100,0,92.62
softmax_warp_forward,1.28,7.75,0.95,6.46,100,0,88.29
gatherTopK,12.64,3.27,0.32,11.33,62.50,89.45,85.34
bitonicSortKVInPlace,2.91,4.35,0.16,3.01,46.88,50,95.99
vectorized_elementwise_kernel,0.43,11.48,0.03,6.10,100,0,101.43
unrolled_elementwise_kernel,1.07,6.20,0.46,6.48,100,0,93.45
_scatter_gather_elementwise_kernel,0.09,6.32,0.22,6.30,100,0,97.28
unrolled_elementwise_kernel,1.00,6.02,0.80,5.89,100,14.12,88.32
vectorized_elementwise_kernel,0.57,12.51,0.03,6.00,100,0,100.69
_scatter_gather_elementwise_kernel,0.01,7.70,0.19,5.44,100,0,98.36
reduce_kernel,0.24,5.43,1.40,5.86,37.50,40.74,79.84
reduce_kernel,0.03,2.62,0.43,6.18,56.25,1.15,84.74
vectorized_elementwise_kernel,0.01,9.46,0.05,7.74,100,8.33,99.28
unrolled_elementwise_kernel,0.01,9.07,0.18,6.04,100,0,97.38
reduce_kernel,0.02,7.07,0.39,6.35,100,0,94.20
unrolled_elementwise_kernel,0.13,5.83,0.29,6.29,100,0,94.55
reduce_kernel,0.02,4.44,0.32,3.77,56.25,8.33,91.91
elementwise_kernel,0.02,7.61,0.36,6.16,100,8.33,93.89
vectorized_elementwise_kernel,0.01,10.12,0.05,7.35,100,0,99.34
reduce_kernel,0.02,6.44,0.34,5.70,100,0,93.74
vectorized_elementwise_kernel,0.00,9.63,0.04,4.69,100,0,98.48
vectorized_elementwise_kernel,0.00,9.98,0.03,4.07,100,50,100.80
vectorized_elementwise_kernel,0.00,9.82,0.03,3.59,100,0,100.26
vectorized_elementwise_kernel,0.01,11.10,0.03,6.01,100,0,100.30
vectorized_elementwise_kernel,0.00,9.60,0.04,4.09,100,33.33,99.40
vectorized_elementwise_kernel,0.58,12.26,0.03,7.29,100,0,98.79
_scatter_gather_elementwise_kernel,0.01,7.29,0.18,6.14,100,0,95.12
reduce_kernel,0.23,4.99,1.30,6.33,37.50,40.51,79.31
reduce_kernel,0.02,6.28,0.36,6.44,100,8.33,93.51
index_elementwise_kernel,0.01,7.19,0.32,5.66,75,25,94.67
reduce_kernel,0.02,7.04,0.40,6.23,100,8.33,93.43
reduce_kernel,0.01,4.94,0.30,1.53,37.50,58.33,92.91
DeviceScanInitKernel,0.01,9.27,0.02,6.69,100,0,99.56
DeviceScanKernel,0.03,7.40,0.17,5.14,75,5.88,96.54
vectorized_elementwise_kernel,0.01,9.59,0.07,6.36,100,8.33,98.91
reduce_kernel,0.02,6.43,0.35,5.55,100,0,93.57
compute_cuda_kernel,0.27,8.16,0.06,25.75,100,76.03,98.82
indexSelectLargeIndex,0.02,7.48,0.04,6.31,100,5.45,99.30
elementwise_kernel_with_index,0.02,11.09,0.03,3.08,100,0,97.98
radixSortKVInPlace,0.06,1.00,0.06,1.56,12.50,50,93.49
vectorized_elementwise_kernel,0.02,8.53,0.15,5.46,75,0,97.89
indexSelectLargeIndex,28.36,7.82,0.53,45.63,100,35.70,91.90
vectorized_elementwise_kernel,5.03,12.64,0.03,42.65,100,0,101.17
elementwise_kernel_with_index,0.02,11.05,0.03,3.15,100,0,99.57
radixSortKVInPlace,0.05,1.42,0.09,1.57,12.50,50,92.32
vectorized_elementwise_kernel,0.02,8.76,0.15,6.67,75,0,97.69
indexSelectLargeIndex,24.64,7.89,3.47,43.11,100,32.51,70.65
kernel,2.14,14.61,3.59,5.95,18.75,5.55,76.56
Kernel,3.94,6.60,3.85,6.28,25,0,59.80
splitKreduce_kernel,0.23,7.61,0.23,10.98,100,0,96.49
Kernel,8.05,10.78,6.03,6.14,25,0,73.55
splitKreduce_kernel,2.62,10.55,9.25,22.64,100,0,44.50
kernel,2.25,15.81,3.77,6.48,18.75,5.55,75.96
kernel,2.35,16.79,3.95,6.16,18.75,5.55,80.66
Kernel,4.31,7.42,4.29,6.21,25,0,60.57
splitKreduce_kernel,0.25,7.34,0.63,15.75,100,0,91.05
Kernel,4.18,7.50,4.28,6.39,25,0,62.34
splitKreduce_kernel,0.33,7.81,1.17,21.45,100,0,83.86
Kernel,5.02,9.01,4.97,6.40,25,0,71.82
splitKreduce_kernel,1.82,9.41,3.11,21.16,100,0,72.07
Kernel,4.18,7.21,4.19,5.94,25,0,60.69
splitKreduce_kernel,0.26,7.47,0.72,16.11,100,0,90.03
kernel,2.40,17.06,4.03,6.07,18.75,5.55,75.76
kernel,2.33,16.38,3.92,6.52,18.75,5.55,79.59
Kernel,4.15,7.83,4.44,6.30,25,0,64.02
splitKreduce_kernel,0.58,7.67,1.85,18.59,100,0,75.39
elementwise_kernel,1.26,5.17,0.32,6.08,100,20.64,92.99
elementwise_kernel,0.82,5.76,0.57,6.12,100,15.47,88.83
gemvNSP_kernel,6.72,8.85,2.37,34.52,75,31.09,80.23
Kernel,2.38,6.01,1.97,6.05,25,0,72.40
Kernel,12.28,20.28,1.99,12.40,56.25,13.78,89.70
gemvNSP_kernel,7.37,9.75,2.60,37.04,75,31.09,79.91
gemvNSP_kernel,7.62,9.97,2.69,35.06,75,31.09,80.44
Kernel,2.60,6.42,2.15,6.52,25,0,72.37
Kernel,3.98,7.88,2.41,6.47,43.75,0,81.53
Kernel,9.04,14.71,1.92,9.55,56.25,3.06,88.15
Kernel,2.62,6.61,2.16,6.62,25,0,73.10
gemvNSP_kernel,7.21,9.55,2.53,31.57,75,31.09,79.83
gemvNSP_kernel,7.23,9.47,2.54,33.48,75,31.09,77.84
Kernel,4.21,7.38,2.19,6.08,31.25,0,81.56
elementwise_kernel,10.86,33.13,3.99,43.12,100,39.64,89.75
elementwise_kernel,10.75,50.52,3.94,39.79,100,2.85,92.65
vectorized_elementwise_kernel,5.08,12.88,0.03,38.73,100,0,98.40
index_elementwise_kernel,18.38,8.46,4.03,42.83,100,36.50,67.59
reduce_kernel,14.58,12.40,3.92,41.09,56.25,41.49,80.62
vectorized_elementwise_kernel,5.45,12.60,0.03,46.51,100,0,99.91
vectorized_elementwise_kernel,5.42,12.60,0.03,40.31,100,0,103.88
index_elementwise_kernel,21.44,9.67,4.69,47.56,100,36.35,67.57
elementwise_kernel,18.43,11.11,5.12,43.79,100,36.61,68.92
reduce_kernel,3.39,5.92,4.13,6.17,56.25,19.85,59.15
vectorized_elementwise_kernel,5.40,12.32,0.03,42.61,100,0,99.75
fused_dropout_kernel_vec,26.91,10.57,5.70,45.04,50,0,71.94
vectorized_elementwise_kernel,6.23,14.83,14.83,41.32,100,0,52.34
rmsnorm_fwd_tuned_kernel,5.52,10.86,6.20,15.57,25,25.12,69.98
Kernel,15.62,27.58,12.91,6.26,6.25,0,61.73
splitKreduce_kernel,19.44,15.05,11.94,64.80,100,0,41.69
elementwise_kernel,3.82,6.97,1.49,11.95,100,23.52,81.45
rmsnorm_fwd_general_kernel,4.83,8.48,1.78,12.73,100,30.28,82.63
elementwise_kernel,0.97,6.07,0.47,5.83,100,25,92.15
rmsnorm_fwd_general_kernel,1.33,7.93,0.54,6.31,100,26.79,92.79
fused_rope_forward,6.79,6.57,1.83,11.96,100,60,76.55
fused_rope_forward,4.46,6.79,1.14,11.22,100,68.18,85.23
elementwise_kernel,0.96,6.01,0.46,6.19,100,25,92.82
elementwise_kernel_with_index,0.00,9.88,0.03,2.74,100,0,100.91
elementwise_kernel_with_index,0.00,11.60,0.03,2.88,100,0,99.62
flash_fwd_kernel,0.83,2.09,0.68,6.21,12.50,8.54,77.63
Kernel,10.92,17.22,7.66,6.19,18.75,0,72.43
kernel2,22.14,12.45,11.19,18.64,56.25,0,59.24
rmsnorm_fwd_tuned_kernel,5.61,10.79,6.31,14.94,25,25.11,67.95
Kernel,6.05,12.78,7.08,5.96,25,0,76.84
splitKreduce_kernel,4.12,10.59,7.89,22.76,100,0,49.79
_scatter_gather_elementwise_kernel,0.01,6.45,0.23,5.96,100,2.99,96.69
unrolled_elementwise_kernel,0.01,8.23,0.17,6.44,100,0,98.44
softmax_warp_forward,0.02,8.51,0.06,7.13,100,25,100.44
unrolled_elementwise_kernel,0.01,7.87,0.18,6.43,100,16.67,96.07
unrolled_elementwise_kernel,1.02,5.81,0.44,6.28,100,0,92.04
softmax_warp_forward,1.35,8.18,1.00,6.43,100,0,86.73
gatherTopK,14.37,3.67,0.32,11.24,62.50,90.59,86.70
bitonicSortKVInPlace,2.86,4.21,0.15,3.09,46.88,50,96.25
vectorized_elementwise_kernel,0.43,11.53,0.04,6.23,100,0,100.89
unrolled_elementwise_kernel,1.05,5.99,0.45,6.30,100,0,91.90
_scatter_gather_elementwise_kernel,0.09,5.93,0.21,6.01,100,0,93.92
unrolled_elementwise_kernel,0.98,5.79,0.78,6.24,100,14.15,85.06
vectorized_elementwise_kernel,0.57,12.13,0.03,6.23,100,0,98.09
_scatter_gather_elementwise_kernel,0.01,7.11,0.18,6.25,100,0,94.69
reduce_kernel,0.23,5.06,1.30,6.32,37.50,40,79.52
reduce_kernel,0.03,2.67,0.44,6.08,56.25,1.15,85.52
vectorized_elementwise_kernel,0.01,9.53,0.05,5.91,100,8.33,100.18
unrolled_elementwise_kernel,0.01,9.35,0.19,6.56,100,0,98.14
reduce_kernel,0.02,7.17,0.40,6.49,100,0,94.98
unrolled_elementwise_kernel,0.14,6.07,0.30,6.34,100,0,95.65
reduce_kernel,0.02,4.52,0.33,3.76,56.25,8.33,92.74
elementwise_kernel,0.02,7.44,0.36,6.15,100,8.33,94.04
vectorized_elementwise_kernel,0.01,10.06,0.05,5.80,100,0,99.39
reduce_kernel,0.02,7.14,0.38,6.18,100,0,94.60
vectorized_elementwise_kernel,0.00,10.13,0.03,4.19,100,0,100.36
vectorized_elementwise_kernel,0.00,10.20,0.04,3.70,100,50,100.41
vectorized_elementwise_kernel,0.00,10.00,0.04,3.88,100,0,100.80
unrolled_elementwise_kernel,0.01,10.12,0.03,4.17,100,33.33,99.36
vectorized_elementwise_kernel,0.58,12.39,0.03,7.77,100,0,99.68
_scatter_gather_elementwise_kernel,0.01,7.06,0.18,6.17,100,0,95.42
reduce_kernel,0.23,5.01,1.31,6.48,37.50,40,79.51
reduce_kernel,0.02,6.94,0.39,6.78,100,8.33,93.94
index_elementwise_kernel,0.01,7.33,0.32,6.54,75,25,95.16
reduce_kernel,0.02,6.62,0.38,6.40,100,8.33,93.23
reduce_kernel,0.01,5.22,0.32,1.43,37.50,58.33,92.42
DeviceScanInitKernel,0.01,10.48,0.03,10.78,100,0,98.69
DeviceScanKernel,0.03,8.43,0.20,5.94,75,5.88,96.60
vectorized_elementwise_kernel,0.01,9.47,0.07,6.68,100,8.33,98.66
reduce_kernel,0.02,6.53,0.36,5.68,100,0,93.52
compute_cuda_kernel,0.29,8.67,0.06,23.40,100,77.34,101.19
indexSelectLargeIndex,0.02,7.13,0.04,5.21,100,5.45,101.01
elementwise_kernel_with_index,0.02,11.94,0.03,2.98,100,0,100.01
radixSortKVInPlace,0.06,1.01,0.06,1.59,12.50,50,91.33
vectorized_elementwise_kernel,0.02,8.63,0.15,6.20,75,0,98.96
indexSelectLargeIndex,28.02,8.01,0.52,45.68,100,35.62,95.72
vectorized_elementwise_kernel,5.03,12.67,0.03,38.36,100,0,98.69
elementwise_kernel_with_index,0.02,11.91,0.03,3.08,100,0,100.98
radixSortKVInPlace,0.05,1.40,0.09,1.56,12.50,50,93.27
vectorized_elementwise_kernel,0.02,8.63,0.15,6.13,75,0,98.64
indexSelectLargeIndex,25.23,8.29,3.55,47.41,100,32.39,70.64
kernel,2.22,16.97,3.72,5.90,18.75,5.55,87.13
Kernel,4.30,7.29,4.16,5.79,25,0,60.34
splitKreduce_kernel,0.22,7.61,0.23,11.93,100,0,96.46
Kernel,7.94,11.05,5.96,5.75,25,0,75.66
splitKreduce_kernel,2.43,9.66,8.57,21.88,100,0,44.22
kernel,2.33,17.77,3.90,6.70,18.75,5.55,84.50
kernel,2.26,17.56,3.79,6.18,18.75,5.55,85.62
Kernel,4.38,7.59,4.34,6.46,25,0,62.23
splitKreduce_kernel,0.28,8.08,0.68,18.83,100,0,91.79
Kernel,4.21,7.69,4.33,6.26,25,0,63.55
splitKreduce_kernel,0.33,7.78,1.15,23.27,100,0,86.48
Kernel,5.03,8.72,4.96,5.89,25,0,64.13
splitKreduce_kernel,1.73,8.81,2.95,20.99,100,0,71.43
Kernel,4.30,7.45,4.31,6.34,25,0,61.05
splitKreduce_kernel,0.27,7.72,0.75,17.38,100,0,89.75
kernel,2.30,17.58,3.87,6.27,18.75,5.55,84.05
kernel,2.29,17.57,3.85,6.05,18.75,5.55,83.70
Kernel,4.35,8.51,4.65,6.24,25,0,66.70
splitKreduce_kernel,0.60,7.77,1.89,18.52,100,0,76.81
elementwise_kernel,1.23,5.19,0.31,6.10,100,22.13,96.60
elementwise_kernel,0.83,5.81,0.58,6.27,100,15.62,90.32
gemvNSP_kernel,7.36,9.71,2.59,33.09,75,31.09,80.45
Kernel,2.57,6.40,2.12,6.19,25,0,72.77
Kernel,12.19,20.13,1.98,12.87,56.25,13.78,90.01
gemvNSP_kernel,7.77,10.32,2.73,32.55,75,31.09,81.15
gemvNSP_kernel,7.66,10.13,2.69,33.76,75,31.09,80.88
Kernel,2.62,6.71,2.17,6.72,25,0,73.89
Kernel,3.94,7.89,2.39,6.03,43.75,0,82.12
Kernel,9.52,15.51,2.01,9.33,56.25,3.06,89.15
Kernel,2.68,6.78,2.21,6.40,25,0,73.75
gemvNSP_kernel,7.30,9.57,2.56,35.79,75,31.09,79.91
gemvNSP_kernel,7.59,9.97,2.67,33.15,75,31.09,80.36
Kernel,3.99,7.01,2.08,6.14,31.25,0,82.83
elementwise_kernel,11.63,36.76,4.26,40.07,100,36.89,91.08
elementwise_kernel,10.52,49.72,3.86,40.82,100,2.86,93.04
vectorized_elementwise_kernel,4.89,12.38,0.03,38.37,100,0,99.77
index_elementwise_kernel,19.60,9.06,4.29,41.42,100,36.40,67.97
reduce_kernel,13.80,11.78,3.71,44.03,56.25,47.13,88.84
vectorized_elementwise_kernel,5.26,12.32,0.03,38.85,100,0,99.23
vectorized_elementwise_kernel,5.33,12.57,0.03,38.28,100,0,100.40
index_elementwise_kernel,21.84,9.97,4.77,45.13,100,36.39,68.13
elementwise_kernel,18.71,11.26,5.21,43.67,100,36.56,68.50
reduce_kernel,3.43,6.02,4.18,6.07,56.25,18.71,58.68
vectorized_elementwise_kernel,5.24,12.06,0.03,42.59,100,0,100.20
kernel2,22.50,12.63,11.37,20.10,56.25,0,58.54
rmsnorm_fwd_tuned_kernel,5.70,11.15,6.39,14.88,25,25.12,68.54
Kernel,16.15,28.56,13.31,6.29,6.25,0,66.23
splitKreduce_kernel,19.41,14.87,11.93,63.08,100,0,41.27
elementwise_kernel,3.81,6.81,1.48,11.74,100,23.58,81.29
rmsnorm_fwd_general_kernel,5.02,8.58,1.84,12.22,100,30.22,82.17
elementwise_kernel,0.98,6.10,0.47,6.83,100,24.85,92.49
rmsnorm_fwd_general_kernel,1.23,7.34,0.50,6.31,100,26.80,92.53
fused_rope_forward,6.52,6.28,1.76,12.49,100,60,75.67
fused_rope_forward,4.42,6.77,1.13,11.70,100,68.18,85.99
elementwise_kernel,1.00,6.39,0.48,6.20,100,25,92.60
elementwise_kernel_with_index,0.00,11.01,0.03,3.06,100,0,99.47
elementwise_kernel_with_index,0.00,11.42,0.03,2.93,100,0,99.93
flash_fwd_kernel,0.83,2.04,0.67,6.25,12.50,8.55,76.11
Kernel,10.65,16.79,7.47,6.20,18.75,0,72.62
kernel2,21.84,12.44,11.06,20.37,56.25,0,58.93
rmsnorm_fwd_tuned_kernel,5.58,10.89,6.26,15.46,25,25.11,69.01
Kernel,6.17,13.04,7.24,6.30,25,0,78.29
splitKreduce_kernel,4.16,10.59,7.93,23.43,100,0,48.93
_scatter_gather_elementwise_kernel,0.01,6.29,0.22,5.72,100,2.29,95.57
unrolled_elementwise_kernel,0.01,7.54,0.15,6.28,100,0,97.33
softmax_warp_forward,0.02,8.53,0.06,6.92,100,25,99.09
unrolled_elementwise_kernel,0.01,7.52,0.17,6.86,100,16.67,96.68
unrolled_elementwise_kernel,1.05,6.00,0.45,5.99,100,0,92.00
softmax_warp_forward,1.30,7.95,0.97,5.76,100,0,88.90
gatherTopK,12.93,3.34,0.32,11.28,62.50,89.56,85.19
bitonicSortKVInPlace,2.90,4.27,0.16,3.01,46.88,50,94.85
vectorized_elementwise_kernel,0.43,11.56,0.04,5.97,100,0,101.36
unrolled_elementwise_kernel,1.03,5.90,0.45,6.45,100,0,93.12
_scatter_gather_elementwise_kernel,0.09,5.98,0.22,6.20,100,0,95.51
unrolled_elementwise_kernel,0.99,5.82,0.78,6.23,100,14.34,86.50
vectorized_elementwise_kernel,0.59,12.54,0.03,7.40,100,0,99.03
_scatter_gather_elementwise_kernel,0.01,7.18,0.18,6.13,100,0,96.53
reduce_kernel,0.23,5.10,1.33,5.91,37.50,40,78.16
reduce_kernel,0.03,2.64,0.44,6.00,56.25,1.15,82.91
vectorized_elementwise_kernel,0.01,9.96,0.05,7.45,100,8.33,100.26
unrolled_elementwise_kernel,0.01,9.00,0.18,6.37,100,0,95.95
reduce_kernel,0.02,6.69,0.38,5.78,100,0,92.60
unrolled_elementwise_kernel,0.14,6.02,0.29,6.26,100,0,93.45
reduce_kernel,0.02,4.51,0.33,3.74,56.25,8.33,91.06
elementwise_kernel,0.02,7.80,0.38,6.94,100,8.33,94.13
vectorized_elementwise_kernel,0.01,9.70,0.05,5.73,100,0,98.72
reduce_kernel,0.02,7.29,0.39,5.88,100,0,92.67
vectorized_elementwise_kernel,0.00,10.17,0.04,4.18,100,0,98.22
vectorized_elementwise_kernel,0.00,10.13,0.04,4.45,100,50,98.21
vectorized_elementwise_kernel,0.00,9.59,0.03,4.82,100,0,98.72
vectorized_elementwise_kernel,0.01,9.79,0.04,4.20,100,33.33,97.27
vectorized_elementwise_kernel,0.58,12.44,0.03,5.89,100,0,98.42
_scatter_gather_elementwise_kernel,0.01,7.18,0.18,6.09,100,0,94.99
reduce_kernel,0.22,4.85,1.26,6.24,37.50,40,77.15
reduce_kernel,0.02,7.31,0.41,6.28,100,8.33,91.76
index_elementwise_kernel,0.01,7.30,0.32,6.48,75,25,94.32
reduce_kernel,0.02,6.32,0.38,6.43,100,8.33,92.20
reduce_kernel,0.01,4.88,0.30,1.45,37.50,58.33,91.22
DeviceScanInitKernel,0.01,10.57,0.03,6.34,100,0,98.00
DeviceScanKernel,0.03,8.20,0.19,4.90,75,5.88,95.87
vectorized_elementwise_kernel,0.01,9.37,0.07,5.68,100,8.33,97.78
reduce_kernel,0.02,6.68,0.37,5.76,100,0,93.36
compute_cuda_kernel,0.28,8.39,0.06,19.62,100,77.54,99.00
indexSelectLargeIndex,0.02,7.53,0.04,6.57,100,5.45,98.00
elementwise_kernel_with_index,0.02,11.54,0.03,3.24,100,0,99.70
radixSortKVInPlace,0.06,1.00,0.06,1.57,12.50,50,93.05
vectorized_elementwise_kernel,0.02,8.87,0.15,6.30,75,0,97.53
indexSelectLargeIndex,26.85,7.67,0.50,45.55,100,35.32,94.17
vectorized_elementwise_kernel,4.88,12.08,0.03,46.87,100,0,97.66
elementwise_kernel_with_index,0.02,11.56,0.03,3.07,100,0,98.40
radixSortKVInPlace,0.05,1.40,0.09,1.56,12.50,50,91.37
vectorized_elementwise_kernel,0.02,8.87,0.15,6.21,75,0,97.77
indexSelectLargeIndex,25.43,8.17,3.57,45.10,100,32.46,70.69
kernel,2.21,16.33,3.70,6.24,18.75,5.55,83.41
Kernel,4.23,7.10,4.11,6.20,25,0,60.03
splitKreduce_kernel,0.22,7.40,0.22,11.58,100,0,96.68
Kernel,8.03,10.90,6.02,6.28,25,0,74.82
splitKreduce_kernel,2.51,9.76,8.86,22.58,100,0,42.49
kernel,2.34,17.43,3.93,6.05,18.75,5.55,81.20
kernel,2.30,16.96,3.86,5.86,18.75,5.55,81.11
Kernel,4.23,7.37,4.21,6.40,25,0,62.13
splitKreduce_kernel,0.26,7.41,0.64,14.87,100,0,90.66
Kernel,4.22,7.69,4.33,5.76,25,0,63.02
splitKreduce_kernel,0.32,7.57,1.14,22.00,100,0,84.65
Kernel,4.94,8.66,4.88,6.39,25,0,66.27
splitKreduce_kernel,1.71,8.74,2.92,20.49,100,0,71.39
Kernel,4.29,7.55,4.30,5.97,25,0,63.52
splitKreduce_kernel,0.28,7.85,0.75,16.85,100,0,90.17
kernel,2.41,18.18,4.04,6.21,18.75,5.55,87.43
kernel,2.33,17.45,3.92,6.16,18.75,5.55,81.16
Kernel,4.34,8.49,4.64,6.41,25,0,65.72
splitKreduce_kernel,0.61,8.02,1.94,17.41,100,0,77.07
elementwise_kernel,1.23,5.04,0.31,6.11,100,21.26,93.22
elementwise_kernel,0.84,5.88,0.58,6.08,100,15.89,90.12
gemvNSP_kernel,7.66,10.27,2.69,34.78,75,31.09,81.45
Kernel,2.72,7.00,2.24,6.07,25,0,74.52
Kernel,12.12,20.01,1.97,11.49,56.25,13.78,90.05
gemvNSP_kernel,7.75,10.53,2.74,35.77,75,31.09,81.97
gemvNSP_kernel,7.63,10.32,2.67,36.93,75,31.09,82.59
Kernel,2.66,6.70,2.19,6.10,25,0,73.19
Kernel,3.79,7.65,2.31,6.07,43.75,0,82.26
Kernel,9.00,14.65,1.91,9.39,56.25,3.06,86.94
Kernel,2.55,6.47,2.11,6.21,25,0,73.40
gemvNSP_kernel,7.39,9.84,2.60,31.60,75,31.09,79.08
gemvNSP_kernel,7.28,9.66,2.56,31.14,75,31.09,81.43
Kernel,4.25,7.43,2.20,6.24,31.25,0,82.19
elementwise_kernel,11.68,36.90,4.28,41.74,100,38.54,91.24
elementwise_kernel,10.34,48.88,3.79,41.31,100,2.86,92.36
vectorized_elementwise_kernel,5.05,12.68,0.03,31.20,100,0,99.35
index_elementwise_kernel,20.25,9.36,4.44,39.99,100,36.51,67.77
reduce_kernel,13.76,11.69,3.70,42.10,56.25,38.53,72.97
vectorized_elementwise_kernel,5.41,12.72,0.03,42.10,100,0,101.25
vectorized_elementwise_kernel,5.29,12.76,0.03,40.75,100,0,101.22
index_elementwise_kernel,21.49,9.86,4.70,44.26,100,36.32,68.54
elementwise_kernel,17.95,10.83,4.98,42.55,100,35.88,69.43
reduce_kernel,3.46,6.14,4.22,6.20,56.25,19.48,59.30
vectorized_elementwise_kernel,5.42,12.46,0.17,37.67,100,0,99.53
kernel2,23.06,12.95,11.68,20.40,56.25,0,58.25
rmsnorm_fwd_tuned_kernel,5.64,11.01,6.33,15.13,25,25.11,68.43
Kernel,15.51,27.48,12.87,6.20,6.25,0,65.73
splitKreduce_kernel,17.90,13.83,10.98,63.78,100,0,42.50
elementwise_kernel,3.79,6.85,1.48,11.60,100,23.42,82.13
rmsnorm_fwd_general_kernel,5.17,8.93,1.91,12.53,100,30.23,82.99
elementwise_kernel,0.93,5.83,0.45,6.22,100,25,92.51
rmsnorm_fwd_general_kernel,1.23,7.36,0.50,6.82,100,26.87,92.91
fused_rope_forward,6.83,6.60,1.85,11.54,100,60,76.69
fused_rope_forward,4.36,6.62,1.12,10.58,100,68.18,85.83
elementwise_kernel,0.98,6.11,0.47,6.21,100,25,92.05
elementwise_kernel_with_index,0.00,11.41,0.03,2.76,100,0,101.02
elementwise_kernel_with_index,0.00,11.70,0.03,3.34,100,0,100.89
flash_fwd_kernel,0.84,2.05,0.68,6.06,12.50,8.54,77.15
Kernel,10.46,16.49,7.36,6.01,18.75,0,71.87
kernel2,22.98,12.99,11.60,20.76,56.25,0,58.70
rmsnorm_fwd_tuned_kernel,5.60,10.75,6.27,14.65,25,25.12,67.77
Kernel,6.14,13.16,7.18,6.29,25,0,78.79
splitKreduce_kernel,4.05,10.43,7.75,23.91,100,0,50.69
_scatter_gather_elementwise_kernel,0.01,6.50,0.22,6.47,100,3.03,96.88
unrolled_elementwise_kernel,0.01,8.10,0.17,6.14,100,0,97.26
softmax_warp_forward,0.02,8.79,0.06,6.09,100,25,98.84
unrolled_elementwise_kernel,0.01,7.54,0.17,5.65,100,16.67,97.75
unrolled_elementwise_kernel,1.04,5.94,0.45,6.13,100,0,92.58
softmax_warp_forward,1.35,8.22,1.00,6.39,100,0,88.25
gatherTopK,12.47,3.25,0.32,11.62,62.50,89.00,87.31
bitonicSortKVInPlace,2.89,4.26,0.15,2.98,46.88,50,96.28
vectorized_elementwise_kernel,0.43,11.36,0.04,6.10,100,0,99.48
unrolled_elementwise_kernel,1.02,5.88,0.45,6.96,100,0,92.39
_scatter_gather_elementwise_kernel,0.09,5.92,0.21,6.08,100,0,96.70
unrolled_elementwise_kernel,1.01,6.11,0.80,5.63,100,14.22,89.10
vectorized_elementwise_kernel,0.61,13.29,0.03,5.97,100,0,100.15
_scatter_gather_elementwise_kernel,0.01,7.40,0.18,6.10,100,0,97.73
reduce_kernel,0.23,5.18,1.35,6.12,37.50,40,79.38
reduce_kernel,0.03,2.82,0.45,6.34,56.25,1.15,87.27
vectorized_elementwise_kernel,0.01,9.91,0.05,6.22,100,8.33,100.11
unrolled_elementwise_kernel,0.01,9.23,0.19,6.39,100,0,97.21
reduce_kernel,0.02,6.89,0.39,6.05,100,0,93.17
unrolled_elementwise_kernel,0.14,6.26,0.30,6.02,100,0,96.59
reduce_kernel,0.02,4.56,0.33,3.63,56.25,8.33,93.80
elementwise_kernel,0.02,7.34,0.35,7.05,100,8.33,94.85
vectorized_elementwise_kernel,0.01,9.43,0.05,6.47,100,0,99.47
reduce_kernel,0.02,6.83,0.36,6.00,100,0,93.69
vectorized_elementwise_kernel,0.00,10.44,0.04,4.00,100,0,99.59
vectorized_elementwise_kernel,0.00,9.78,0.03,3.29,100,50,99.33
vectorized_elementwise_kernel,0.00,10,0.03,4.99,100,0,99.50
unrolled_elementwise_kernel,0.01,10.11,0.04,4.22,100,33.33,99.39
vectorized_elementwise_kernel,0.57,12.14,0.03,5.84,100,0,99.03
_scatter_gather_elementwise_kernel,0.01,7.10,0.18,6.18,100,0,96.31
reduce_kernel,0.21,4.73,1.23,6.64,37.50,40,79.02
reduce_kernel,0.02,7.30,0.41,5.79,100,8.33,93.24
index_elementwise_kernel,0.01,7.38,0.33,5.48,75,25,94.33
reduce_kernel,0.02,6.57,0.37,5.91,100,8.33,93.43
reduce_kernel,0.01,5.22,0.32,1.73,37.50,58.33,93.16
DeviceScanInitKernel,0.01,11.16,0.03,6.17,100,0,99.87
DeviceScanKernel,0.03,8.95,0.21,5.74,75,5.88,96.57
vectorized_elementwise_kernel,0.01,9.30,0.06,6.19,100,8.33,99.19
reduce_kernel,0.02,6.59,0.36,5.49,100,0,93.68
compute_cuda_kernel,0.29,8.71,0.06,24.95,100,76.23,99.12
indexSelectLargeIndex,0.03,7.76,0.05,6.21,100,5.45,99.21
elementwise_kernel_with_index,0.02,11.76,0.03,3.17,100,0,99.61
radixSortKVInPlace,0.06,0.99,0.06,1.54,12.50,50,92.52
vectorized_elementwise_kernel,0.02,8.53,0.15,6.26,75,0,97.43
indexSelectLargeIndex,29.28,8.41,0.55,46.04,100,35.59,94.59
vectorized_elementwise_kernel,4.97,12.70,0.03,31.88,100,0,100.90
elementwise_kernel_with_index,0.02,10.95,0.03,2.24,100,0,99.58
radixSortKVInPlace,0.05,1.40,0.09,1.58,12.50,50,92.65
vectorized_elementwise_kernel,0.02,8.96,0.15,6.16,75,0,97.80
indexSelectLargeIndex,24.98,8.08,3.52,45.90,100,32.45,71.74
kernel,2.20,16.77,3.70,6.34,18.75,5.55,91.28
Kernel,4.33,7.42,4.21,6.06,25,0,61.17
splitKreduce_kernel,0.22,7.53,0.23,11.32,100,0,96.16
Kernel,8.25,11.38,6.17,6.47,25,0,73.63
splitKreduce_kernel,2.48,9.70,8.76,23.16,100,0,42.83
kernel,2.39,18.31,4.00,6.16,18.75,5.55,89.47
kernel,2.35,18.17,3.96,6.26,18.75,5.55,88.09
Kernel,4.19,7.27,4.18,6.27,25,0,61.76
splitKreduce_kernel,0.26,7.62,0.66,19.25,100,0,90.62
Kernel,4.09,7.57,4.20,5.68,25,0,64.33
splitKreduce_kernel,0.33,7.74,1.17,21.20,100,0,84.59
Kernel,4.79,8.70,4.75,6.08,25,0,65.92
splitKreduce_kernel,1.81,9.10,3.08,23.10,100,0,70.51
Kernel,4.27,7.66,4.28,5.80,25,0,62.94
splitKreduce_kernel,0.29,8.18,0.79,16.83,100,0,89.82
kernel,2.38,18.22,4.01,6.27,18.75,5.55,89.51
kernel,2.30,17.82,3.86,6.38,18.75,5.55,90.12
Kernel,4.26,8.24,4.56,5.89,25,0,65.97
splitKreduce_kernel,0.60,7.80,1.89,21.05,100,0,76.75
elementwise_kernel,1.26,5.16,0.32,6.26,100,21.72,93.36
elementwise_kernel,0.85,5.96,0.59,6.54,100,15.26,89.63
gemvNSP_kernel,7.40,9.83,2.61,35.80,75,31.09,80.60
Kernel,2.61,6.50,2.15,5.94,25,0,73.02
Kernel,12.41,20.49,2.01,12.42,56.25,13.78,89.68
gemvNSP_kernel,7.40,10.04,2.59,32.60,75,31.09,82.89
gemvNSP_kernel,7.31,9.82,2.57,35.93,75,31.09,81.29
Kernel,2.60,6.69,2.16,6.22,25,0,75.50
Kernel,3.69,7.56,2.25,5.95,43.75,0,82.15
Kernel,9.05,14.73,1.92,9.28,56.25,3.06,88.21
Kernel,2.56,6.49,2.12,6.47,25,0,73.37
gemvNSP_kernel,7.56,10.19,2.65,34.83,75,31.09,80.97
gemvNSP_kernel,7.52,10.18,2.66,32.62,75,31.09,82.16
Kernel,4.22,7.49,2.19,6.56,31.25,0,82.82
elementwise_kernel,11.69,36.87,4.29,39.01,100,36.85,91.37
elementwise_kernel,10.49,49.56,3.84,40.99,100,2.86,92.58
vectorized_elementwise_kernel,4.91,12.48,0.03,37.11,100,0,99.81
index_elementwise_kernel,19.30,8.80,4.23,42.08,100,36.44,67.47
reduce_kernel,13.96,13.53,3.75,40.46,56.25,41.70,88.63
vectorized_elementwise_kernel,5.46,13.27,0.03,39.98,100,0,99.18
vectorized_elementwise_kernel,5.22,12.40,0.03,32.56,100,0,98.89
index_elementwise_kernel,21.79,9.83,4.76,43.05,100,36.43,67.43
elementwise_kernel,17.63,10.61,4.89,42.24,100,36.50,67.98
reduce_kernel,3.31,5.78,4.03,6.22,56.25,20.10,58.20
vectorized_elementwise_kernel,5.30,12.10,0.03,32.25,100,0,99.85
kernel2,21.73,12.03,10.98,20.04,56.25,0,58.03
rmsnorm_fwd_tuned_kernel,5.71,11.04,6.40,14.44,25,25.12,67.93
Kernel,15.53,27.45,12.90,6.31,6.25,0,66.89
splitKreduce_kernel,19.48,15.11,11.94,64.01,100,0,42.37
elementwise_kernel,3.75,6.81,1.46,11.68,100,23.66,83.07
rmsnorm_fwd_general_kernel,5.02,8.56,1.84,11.76,100,30.29,81.97
elementwise_kernel,0.98,6.11,0.47,5.97,100,25,92.37
rmsnorm_fwd_general_kernel,1.27,7.60,0.52,6.76,100,26.76,92.04
fused_rope_forward,6.77,6.56,1.83,11.73,100,60,74.55
fused_rope_forward,4.45,6.67,1.14,10.44,100,68.18,82.67
elementwise_kernel,0.96,5.97,0.47,6.16,100,25,92.05
elementwise_kernel_with_index,0.00,10.85,0.03,2.11,100,0,99.94
elementwise_kernel_with_index,0.00,11.39,0.03,3.05,100,0,99.66
flash_fwd_kernel,0.83,2.03,0.67,6.15,12.50,8.54,79.04
Kernel,10.51,16.58,7.39,6.27,18.75,0,71.54
kernel2,22.21,13.15,11.25,20.04,56.25,0,62.37
rmsnorm_fwd_tuned_kernel,5.59,11.00,6.28,15.01,25,25.12,68.34
Kernel,6.08,13.12,7.13,6.24,25,0,78.30
splitKreduce_kernel,4.13,10.70,7.92,23.68,100,0,50.22
_scatter_gather_elementwise_kernel,0.01,6.19,0.22,6.50,100,3.03,95.83
unrolled_elementwise_kernel,0.01,7.81,0.16,6.91,100,0,97.14
softmax_warp_forward,0.02,8.44,0.06,6.64,100,25,99.03
unrolled_elementwise_kernel,0.01,7.51,0.17,7.33,100,16.67,96.76
unrolled_elementwise_kernel,1.01,5.74,0.43,6.17,100,0,91.92
softmax_warp_forward,1.37,8.30,1.02,5.77,100,0,88.43
gatherTopK,12.42,3.22,0.33,11.48,62.50,88.93,87.86
bitonicSortKVInPlace,2.93,4.30,0.16,3.04,46.88,50,95.83
vectorized_elementwise_kernel,0.43,11.37,0.03,5.99,100,0,100.08
unrolled_elementwise_kernel,1.03,5.89,0.45,6.35,100,0,91.77
_scatter_gather_elementwise_kernel,0.08,5.83,0.21,6.17,100,0,95.50
unrolled_elementwise_kernel,0.99,5.84,0.78,6.27,100,14.36,86.50
vectorized_elementwise_kernel,0.59,12.67,0.03,5.10,100,0,99.96
_scatter_gather_elementwise_kernel,0.01,7.19,0.18,6.14,100,0,96.35
reduce_kernel,0.23,5.00,1.30,6.44,37.50,40.51,79.13
reduce_kernel,0.03,2.69,0.45,5.86,56.25,1.15,84.50
vectorized_elementwise_kernel,0.01,9.84,0.06,5.76,100,8.33,99.19
unrolled_elementwise_kernel,0.01,8.95,0.18,6.53,100,0,97.26
reduce_kernel,0.02,6.88,0.39,6.09,100,0,93.26
unrolled_elementwise_kernel,0.14,6.03,0.30,6.10,100,0,94.37
reduce_kernel,0.01,4.26,0.31,3.61,56.25,8.33,91.87
elementwise_kernel,0.02,7.68,0.37,6.48,100,8.33,94.01
vectorized_elementwise_kernel,0.01,9.92,0.05,6.60,100,0,99.28
reduce_kernel,0.02,7.23,0.38,6.88,100,0,95.06
vectorized_elementwise_kernel,0.00,10.53,0.04,4.23,100,0,101.04
vectorized_elementwise_kernel,0.00,9.89,0.04,4.89,100,50,101.50
vectorized_elementwise_kernel,0.00,9.85,0.04,4.89,100,0,100.78
vectorized_elementwise_kernel,0.00,9.61,0.04,4.11,100,33.33,99.47
vectorized_elementwise_kernel,0.58,12.45,0.03,4.77,100,0,98.98
_scatter_gather_elementwise_kernel,0.01,7.17,0.18,6.19,100,0,96.49
reduce_kernel,0.23,5.08,1.32,6.38,37.50,41.25,79.34
reduce_kernel,0.02,7.15,0.41,6.27,100,8.33,93.36
index_elementwise_kernel,0.01,7.39,0.33,6.37,75,25,94.75
reduce_kernel,0.02,6.45,0.37,6.39,100,8.33,93.40
reduce_kernel,0.01,5.14,0.31,1.59,37.50,58.33,92.99
DeviceScanInitKernel,0.01,10.62,0.03,6.22,100,0,99.45
DeviceScanKernel,0.03,8.06,0.19,6.44,75,5.88,96.55
vectorized_elementwise_kernel,0.01,9.35,0.07,5.66,100,8.33,98.84
reduce_kernel,0.02,6.63,0.37,5.15,100,0,93.13
compute_cuda_kernel,0.29,8.55,0.06,25.46,100,76.51,99.16
indexSelectLargeIndex,0.02,7.39,0.04,6.66,100,5.45,99.60
elementwise_kernel_with_index,0.02,11.53,0.03,2.47,100,0,99.57
radixSortKVInPlace,0.06,1.00,0.06,1.57,12.50,50,92.14
vectorized_elementwise_kernel,0.02,8.62,0.15,5.83,75,0,97.53
indexSelectLargeIndex,27.33,7.85,0.51,45.99,100,35.25,94.86
vectorized_elementwise_kernel,4.89,12.32,0.03,37.09,100,0,98.79
elementwise_kernel_with_index,0.02,11.51,0.03,3.29,100,0,99.55
radixSortKVInPlace,0.05,1.38,0.09,1.56,12.50,50,92.27
vectorized_elementwise_kernel,0.02,8.34,0.14,6.85,75,0,97.35
indexSelectLargeIndex,24.14,7.94,3.39,44.71,100,32.21,73.04
kernel,2.19,16.81,3.68,6.07,18.75,5.55,85.57
Kernel,4.38,7.41,4.24,6.22,25,0,59.01
splitKreduce_kernel,0.24,7.99,0.24,12.79,100,0,96.36
Kernel,7.96,11.34,5.97,6.77,25,0,74.09
splitKreduce_kernel,2.52,9.90,8.89,22.52,100,0,43.28
kernel,2.33,18.43,3.90,6.13,18.75,5.55,87.29
kernel,2.21,17.54,3.71,5.99,18.75,5.55,87.21
Kernel,4.27,7.68,4.25,5.91,25,0,61.28
splitKreduce_kernel,0.26,7.50,0.64,16.72,100,0,90.46
Kernel,4.29,7.91,4.39,6.61,25,0,61.93
splitKreduce_kernel,0.34,7.97,1.20,19.03,100,0,84.89
Kernel,4.87,8.70,4.84,6.22,25,0,70.48
splitKreduce_kernel,1.76,8.85,3.00,23.65,100,0,70.43
Kernel,4.36,7.61,4.36,6.24,25,0,60.57
splitKreduce_kernel,0.26,7.38,0.72,17.03,100,0,89.57
kernel,2.31,18.49,3.88,6.15,18.75,5.55,87.02
kernel,2.27,18.08,3.81,5.93,18.75,5.55,87.40
Kernel,4.21,8.31,4.51,6.32,25,0,64.74
splitKreduce_kernel,0.58,7.67,1.85,19.59,100,0,76.93
elementwise_kernel,1.27,5.19,0.32,5.85,100,22.21,92.77
elementwise_kernel,0.81,5.67,0.56,6.20,100,15.24,89.88
gemvNSP_kernel,7.56,10.10,2.67,34.52,75,31.09,81.43
Kernel,2.56,6.41,2.12,6.38,25,0,72.97
Kernel,11.85,19.57,1.93,12.14,56.25,13.78,89.85
gemvNSP_kernel,7.59,10.29,2.68,34.05,75,31.09,80.24
gemvNSP_kernel,7.92,10.70,2.78,34.30,75,31.09,81.60
Kernel,2.63,6.72,2.17,6.20,25,0,73.83
Kernel,3.78,7.77,2.29,6.24,43.75,0,82.89
Kernel,9.52,15.52,2.01,9.30,56.25,3.06,89.83
Kernel,2.57,6.60,2.12,6.42,25,0,74.38
gemvNSP_kernel,7.31,9.82,2.58,33.32,75,31.09,81.87
gemvNSP_kernel,6.98,9.34,2.45,31.83,75,31.09,81.72
Kernel,4.20,7.55,2.18,6.10,31.25,0,83.02
elementwise_kernel,11.35,36.34,4.16,39.53,100,36.93,91.39
elementwise_kernel,10.47,50.23,3.85,40.96,100,2.85,93.86
vectorized_elementwise_kernel,4.87,12.56,0.03,34.90,100,0,99.41
index_elementwise_kernel,19.91,9.29,4.37,39.87,100,36.48,68.39
reduce_kernel,14.23,13.19,3.82,41.08,56.25,47.02,75.34
vectorized_elementwise_kernel,5.35,12.38,0.03,48.73,100,0,100.03
vectorized_elementwise_kernel,5.23,12.82,0.03,29.17,100,0,98.96
index_elementwise_kernel,21.10,9.53,4.61,42.02,100,36.45,67.73
elementwise_kernel,18.33,11.32,5.09,43.63,100,36.58,69.44
reduce_kernel,3.40,6.08,4.13,6.19,56.25,20.34,59.64
vectorized_elementwise_kernel,5.10,11.63,0.03,42.26,100,0,99.68
kernel2,22.63,12.81,11.41,21.11,56.25,0,59.02
rmsnorm_fwd_tuned_kernel,5.57,10.67,6.26,14.05,25,25.12,67.93
Kernel,15.83,28.02,13.10,6.33,6.25,0,66.69
splitKreduce_kernel,19.08,14.86,11.74,65.22,100,0,42.46
elementwise_kernel,3.73,6.78,1.45,12.26,100,23.81,81.44
rmsnorm_fwd_general_kernel,5.00,8.81,1.85,11.48,100,30.21,82.77
elementwise_kernel,0.95,5.92,0.46,6.70,100,25,92.12
rmsnorm_fwd_general_kernel,1.29,7.71,0.53,6.33,100,26.81,92.80
fused_rope_forward,6.48,6.21,1.75,11.85,100,60,75.98
fused_rope_forward,4.18,6.35,1.07,11.29,100,68.18,86.00
elementwise_kernel,0.98,6.21,0.47,6.79,100,25,93.73
elementwise_kernel_with_index,0.00,10.52,0.03,2.87,100,0,99.45
elementwise_kernel_with_index,0.00,11.45,0.03,2.13,100,0,99.65
flash_fwd_kernel,0.84,2.06,0.68,6.28,12.50,8.54,78.48
Kernel,10.21,16.10,7.19,6.19,18.75,0,73.06
kernel2,21.91,12.95,11.08,20.50,56.25,0,60.88
rmsnorm_fwd_tuned_kernel,5.55,11.12,6.23,15.90,25,25.12,69.41
Kernel,6.16,13.59,7.21,6.29,25,0,80.34
splitKreduce_kernel,4.09,10.74,7.83,23.79,100,0,51.15
_scatter_gather_elementwise_kernel,0.01,6.17,0.21,6.26,100,2.29,96.88
unrolled_elementwise_kernel,0.01,7.93,0.16,6.09,100,0,98.47
softmax_warp_forward,0.02,9.06,0.06,5.70,100,25,99.06
unrolled_elementwise_kernel,0.01,7.94,0.18,5.72,100,16.67,98.02
unrolled_elementwise_kernel,1.04,5.99,0.45,6.42,100,0,93.44
softmax_warp_forward,1.35,8.30,1.01,5.89,100,0,89.89
gatherTopK,12.66,3.28,0.32,11.25,62.50,89.62,87.07
bitonicSortKVInPlace,2.95,4.39,0.16,3.05,46.88,50,97.10
vectorized_elementwise_kernel,0.43,11.50,0.04,5.96,100,0,99.59
unrolled_elementwise_kernel,1.04,5.98,0.45,5.94,100,0,92.09
_scatter_gather_elementwise_kernel,0.08,5.97,0.21,6.10,100,0,97.57
unrolled_elementwise_kernel,1.00,6.07,0.79,6.24,100,14.26,88.72
vectorized_elementwise_kernel,0.58,12.50,0.03,5.94,100,0,100.93
_scatter_gather_elementwise_kernel,0.01,6.90,0.17,6.16,100,0,97.70
reduce_kernel,0.22,5.08,1.28,6.44,37.50,40,81.24
reduce_kernel,0.03,2.72,0.44,5.88,56.25,1.15,86.38
vectorized_elementwise_kernel,0.01,10.27,0.06,6.39,100,8.33,101.44
unrolled_elementwise_kernel,0.01,9.27,0.19,5.49,100,0,98.10
reduce_kernel,0.02,7.04,0.39,5.49,100,0,95.36
unrolled_elementwise_kernel,0.13,6.01,0.29,6.28,100,0,96.42
reduce_kernel,0.02,4.74,0.34,3.53,56.25,8.33,93.69
elementwise_kernel,0.02,7.71,0.37,5.84,100,8.33,95.38
vectorized_elementwise_kernel,0.01,10.12,0.05,6.29,100,0,100.76
reduce_kernel,0.02,7.36,0.39,6.02,100,0,94.76
vectorized_elementwise_kernel,0.00,10.73,0.04,4.96,100,0,101.03
vectorized_elementwise_kernel,0.00,10.30,0.04,4.64,100,50,100.97
vectorized_elementwise_kernel,0.00,9.87,0.04,4.86,100,0,99.31
unrolled_elementwise_kernel,0.01,10.08,0.04,4.60,100,33.33,99.55
vectorized_elementwise_kernel,0.57,12.37,0.03,5.98,100,0,100.72
_scatter_gather_elementwise_kernel,0.01,7.04,0.17,5.99,100,0,96.79
reduce_kernel,0.23,5.07,1.32,6.19,37.50,40,79.47
reduce_kernel,0.02,7.38,0.42,6.18,100,8.33,94.38
index_elementwise_kernel,0.01,7.43,0.32,6.67,75,25,96.41
reduce_kernel,0.02,6.65,0.38,6.01,100,8.33,93.24
reduce_kernel,0.01,4.98,0.30,1.58,37.50,58.33,93.71
DeviceScanInitKernel,0.01,10.32,0.03,6.43,100,0,100.58
DeviceScanKernel,0.03,8.17,0.19,6.34,75,5.88,96.69
vectorized_elementwise_kernel,0.01,9.33,0.06,6.75,100,8.33,100.30
reduce_kernel,0.02,6.40,0.35,5.59,100,0,93.27
compute_cuda_kernel,0.29,8.49,0.06,26.18,100,77.52,99.03
indexSelectLargeIndex,0.03,7.96,0.05,6.32,100,5.45,100.48
elementwise_kernel_with_index,0.02,11.01,0.03,3.08,100,0,99.62
radixSortKVInPlace,0.06,1.00,0.06,1.57,12.50,50,93.34
vectorized_elementwise_kernel,0.02,8.36,0.14,7.90,75,0,97.65
indexSelectLargeIndex,27.93,8.07,0.52,48.61,100,35.19,94.91
vectorized_elementwise_kernel,4.93,13.25,0.03,37.77,100,0,99.77
elementwise_kernel_with_index,0.02,11.86,0.03,3.08,100,0,101.18
radixSortKVInPlace,0.05,1.42,0.09,1.58,12.50,50,93.51
vectorized_elementwise_kernel,0.02,8.91,0.15,6.21,75,0,98.73
indexSelectLargeIndex,25.65,8.54,3.61,43.14,100,32.53,71.58
kernel,2.38,18.26,4.00,6.07,18.75,5.55,84.02
Kernel,4.36,7.67,4.22,6.25,25,0,62.49
splitKreduce_kernel,0.23,7.93,0.24,13.87,100,0,96.16
Kernel,7.76,10.87,5.83,5.78,25,0,74.07
splitKreduce_kernel,2.65,10.44,9.36,23.58,100,0,44.13
kernel,2.28,17.40,3.84,6.12,18.75,5.55,84.34
kernel,2.31,18.12,3.90,5.95,18.75,5.55,85.68
Kernel,4.13,7.45,4.13,6.35,25,0,63.24
splitKreduce_kernel,0.27,7.65,0.66,15.30,100,0,90.48
Kernel,4.32,8.10,4.41,6.50,25,0,65.09
splitKreduce_kernel,0.35,8.28,1.25,20.83,100,0,84.63
Kernel,4.88,9.02,4.83,6.34,25,0,70.09
splitKreduce_kernel,1.82,9.13,3.11,21.84,100,0,69.61
Kernel,4.43,8.00,4.42,6.57,25,0,63.09
splitKreduce_kernel,0.27,7.69,0.75,17.21,100,0,89.18
kernel,2.37,17.87,3.98,6.07,18.75,5.55,81.20
kernel,2.34,18.31,3.95,5.93,18.75,5.55,82.71
Kernel,4.33,8.19,4.63,6.26,25,0,64.12
splitKreduce_kernel,0.62,8.00,1.93,18.72,100,0,75.94
elementwise_kernel,1.27,5.23,0.32,5.92,100,21.80,91.32
elementwise_kernel,0.84,5.93,0.59,5.77,100,15.33,87.48
gemvNSP_kernel,7.61,10.27,2.68,36.06,75,31.09,81.81
Kernel,2.55,6.47,2.10,6.05,25,0,72.42
Kernel,11.55,19.08,1.88,12.36,56.25,13.78,88.74
gemvNSP_kernel,7.31,9.74,2.57,37.16,75,31.09,81.40
gemvNSP_kernel,7.04,9.34,2.48,33.83,75,31.09,79.12
Kernel,2.53,6.48,2.10,6.34,25,0,72.29
Kernel,3.77,7.75,2.30,6.40,43.75,0,82.76
Kernel,9.43,15.36,2.00,9.13,56.25,2.80,88.36
Kernel,2.64,6.83,2.19,5.70,25,0,73.87
gemvNSP_kernel,7.41,10.02,2.61,37.92,75,31.09,81.13
gemvNSP_kernel,7.44,10.01,2.62,34.53,75,31.09,80.51
Kernel,4.11,7.42,2.14,6.13,31.25,0,83.34
elementwise_kernel,11.61,35.07,4.25,39.99,100,41.15,90.43
elementwise_kernel,10.58,50.37,3.88,39.52,100,2.84,93.83
vectorized_elementwise_kernel,4.85,12.56,0.03,39.10,100,0,99.29
index_elementwise_kernel,19.48,9.01,4.27,40.15,100,36.42,67.73
reduce_kernel,14.44,13.25,3.88,42.06,56.25,38.33,83.12
vectorized_elementwise_kernel,5.50,12.74,0.03,41.71,100,0,99.73
vectorized_elementwise_kernel,5.39,13.60,0.03,40.59,100,0,98.82
index_elementwise_kernel,21.85,10.04,4.77,43.10,100,36.30,68.13
elementwise_kernel,18.72,11.64,5.20,44.22,100,36.50,69.07
reduce_kernel,3.46,6.20,4.21,6.70,56.25,18.96,59.45
vectorized_elementwise_kernel,5.29,12.11,0.03,42.83,100,0,99.95
kernel2,22.95,12.70,11.64,20.34,56.25,0,57.08
distribution_elementwise_grid_stride_kernel,43.63,7.13,0.03,59.92,75,47.26,99.82
vectorized_elementwise_kernel,6.03,14.18,8.37,39.02,100,50,67.70
vectorized_elementwise_kernel,6.60,14.41,11.76,39.88,100,0,57.32
vectorized_elementwise_kernel,0.82,11.15,0.03,5.50,100,0,99.91
elementwise_kernel,22.52,12.75,5.66,44.91,100,14.71,68.65
elementwise_kernel,23.56,9.98,0.77,43.80,100,35.90,92.58
reduce_kernel,1.19,3.64,2.71,24.77,100,0.72,53.29
indexSelectLargeIndex,26.83,8.25,3.83,47.43,100,32.41,68.37
vectorized_elementwise_kernel,4.89,11.94,0.03,32.26,100,0,98.85
indexSelectLargeIndex,25.94,7.86,3.65,46.87,100,32.52,67.94
kernel,1.44,7.80,2.38,6.29,18.75,37.65,73.04
Kernel,2.61,6.72,2.14,6.20,25,0,80.71
splitKreduce_kernel,0.11,7.49,0.14,11.69,100,0,97.53
Kernel,5.29,10.16,4.40,6.16,25,0,80.43
splitKreduce_kernel,1.29,8.60,4.58,23.69,100,0,58.15
kernel,1.43,7.67,2.34,6.25,18.75,37.65,71.39
kernel,1.44,7.71,2.36,5.97,18.75,37.65,71.67
Kernel,2.71,6.99,2.32,6.38,25,0,79.18
splitKreduce_kernel,0.14,8.06,0.38,16.91,100,0,93.47
Kernel,2.79,7.36,2.51,6.22,25,0,78.93
splitKreduce_kernel,0.17,7.79,0.63,19.80,100,0,91.16
Kernel,5.36,9.08,3.51,6.08,25,0,80.40
splitKreduce_kernel,0.80,8.00,2.73,20.05,100,0,70.39
Kernel,2.71,6.99,2.34,6.04,25,0,79.19
splitKreduce_kernel,0.14,7.71,0.41,15.10,100,0,93.84
kernel,1.44,7.70,2.36,6.19,18.75,37.65,71.91
kernel,1.36,7.27,2.23,6.14,18.75,37.65,72.44
Kernel,2.81,7.70,2.74,6.32,25,0,80.41
splitKreduce_kernel,0.29,7.32,0.95,19.25,100,0,86.65
Kernel,6.59,6.37,0.16,6.01,25,57.26,97.00
Kernel,9.89,10.62,0.13,9.15,50,0.46,98.05
Kernel,10.02,17.15,2.22,9.16,50,3.63,89.42
Kernel,6.81,6.58,0.17,6.32,25,57.17,95.91
Kernel,6.75,6.46,0.17,6.07,25,57.20,95.40
Kernel,9.35,10.22,0.24,9.27,50,1.27,97.12
Kernel,9.34,10.35,0.38,8.98,50,1.87,95.86
Kernel,10.66,17.18,1.44,9.06,50,3.34,89.99
Kernel,10.00,10.96,0.28,9.51,50,1.39,97.20
Kernel,6.86,6.58,0.17,6.14,25,57.11,97.27
Kernel,6.58,6.27,0.16,6.35,25,57.17,96.31
Kernel,9.70,11.02,0.62,9.42,50,2.41,94.47
vectorized_elementwise_kernel,0.41,9.98,0.84,6.23,100,0.10,90.21
elementwise_kernel,0.87,6.11,0.60,6.07,100,15.67,89.68
elementwise_kernel,1.12,5.68,0.58,5.78,100,15.73,89.09
CatArrayBatchedCopy,12.34,7.98,0.64,77.64,100,16.50,90.75
kernel,12.02,6.64,3.79,15.90,18.75,90.99,60.03
Kernel,2.30,6.45,3.77,1.59,31.25,0,57.34
Kernel,14.03,21.35,3.63,11.69,50,14.49,82.32
kernel,11.79,6.50,3.73,17.01,18.75,90.98,55.86
kernel,12.26,6.77,3.87,16.13,18.75,90.99,55.83
Kernel,2.32,6.76,3.80,1.56,31.25,0,62.65
Kernel,2.30,6.87,3.78,1.55,31.25,0,63.04
Kernel,11.20,16.82,3.78,9.07,50,3.26,71.47
Kernel,2.34,6.91,3.83,1.65,31.25,0,64.07
kernel,11.87,6.55,3.76,16.00,18.75,90.99,56.14
kernel,12.31,6.78,3.88,17.32,18.75,90.99,56.25
Kernel,4.84,6.75,3.88,6.17,37.50,0,59.54
Kernel,10.17,9.41,0.17,6.20,25,56.88,97.83
Kernel,17.37,18.66,0.11,18.50,50,2.04,98.70
Kernel,8.16,11.46,2.60,6.34,25,0,82.59
Kernel,9.67,8.94,0.16,6.39,25,56.88,96.49
Kernel,9.67,8.94,0.16,6.20,25,56.88,97.84
Kernel,17.97,19.64,0.23,19.49,50,5.55,97.25
Kernel,17.03,18.95,0.36,19.17,50,8.12,98.61
Kernel,7.50,10.67,1.58,6.27,25,0,86.74
Kernel,17.24,18.89,0.25,19.28,50,6.07,97.97
Kernel,10.05,9.30,0.17,6.13,25,56.78,97.06
Kernel,10.12,9.36,0.17,6.13,25,56.87,97.90
Kernel,16.16,13.70,0.61,18.76,75,10.42,95.92
unrolled_elementwise_kernel,61.59,44.94,44.94,87.95,100,37.76,49.58
unrolled_elementwise_kernel,62.39,57.58,57.58,90.57,100,35.80,48.13
elementwise_kernel,11.60,34.70,4.25,39.99,100,40.61,90.58
elementwise_kernel,10.50,49.35,3.86,40.06,100,2.85,93.65
vectorized_elementwise_kernel,4.96,12.44,0.03,32.80,100,0,101.57
indexFuncLargeIndex,28.82,10.14,6.12,44.89,100,10.71,61.24
vectorized_elementwise_kernel,5.39,12.76,0.03,40.52,100,0,99.49
vectorized_elementwise_kernel,5.52,12.81,0.03,50.77,100,0,98.94
indexFuncLargeIndex,31.96,11.13,3.86,46.53,100,10.71,73.32
vectorized_elementwise_kernel,0.01,10.98,0.03,6.03,100,0,99.49
vectorized_elementwise_kernel,0.00,10.03,0.04,4.52,100,0,99.43
vectorized_elementwise_kernel,0.00,9.65,0.03,3.53,100,0,99.58
vectorized_elementwise_kernel,0.00,10.55,0.04,4.32,100,0,99.75
elementwise_kernel,0.01,8.61,0.12,6.09,100,8.33,97.91
elementwise_kernel,1.62,8.64,0.10,6.79,100,25,98.09
vectorized_elementwise_kernel,0.65,10.35,2.33,6.15,100,0,80.05
softmax_warp_backward,0.65,10.22,2.31,5.89,100,0,79.61
unrolled_elementwise_kernel,1.05,5.88,0.79,6.18,100,15.60,87.07
unrolled_elementwise_kernel,0.01,7.70,0.16,6.38,100,0,97.40
vectorized_elementwise_kernel,0.01,9.48,0.06,5.91,100,0,99.45
softmax_warp_backward,0.01,10.04,0.06,5.89,100,14.89,99.59
unrolled_elementwise_kernel,0.01,7.57,0.17,5.20,100,13.04,96.88
vectorized_elementwise_kernel,0.43,11.42,0.04,6.20,100,0,100.60
_scatter_gather_elementwise_kernel,0.02,5.88,0.22,5.55,100,0,96.10
vectorized_elementwise_kernel,0.58,9.97,1.21,6.08,100,33.33,87.79
Kernel,6.26,9.12,5.16,5.70,25,0,63.06
Kernel,10.30,14.14,2.89,6.06,25,0,76.87
vectorized_elementwise_kernel,6.26,14.85,14.85,38.35,100,0,49.97
unrolled_elementwise_kernel,11.16,9.64,7.49,22.43,100,40,59.43
rmsnorm_bwd_tuned_kernel,6.32,44.19,8.26,20.42,31.25,26.20,86.20
rmsnorm_bwd_finalize_tuned_kernel,6.87,24.01,24.01,52.88,100,0,21.79
vectorized_elementwise_kernel,6.44,16.22,15.27,38.00,100,0,55.56
unrolled_elementwise_kernel,0.09,5.45,0.21,6.34,100,40,95.25
vectorized_elementwise_kernel,6.59,14.19,11.73,41.47,100,0,57.16
Kernel,12.95,27.82,11.21,6.18,6.25,0,47.16
splitKreduce_kernel,13.41,15.79,13.44,45.19,100,0,37.56
Kernel,13.59,28.97,4.85,6.25,6.25,0,84.64
flash_bwd_dot_do_o_kernel,0.77,6.80,2.33,11.76,62.50,47.99,80.62
flash_bwd_dq_dk_dv_loop_seqk_parallel_kernel,1.51,2.35,1.24,12.50,12.50,1.66,66.70
flash_bwd_convert_dq_kernel,0.90,6.08,2.44,12.17,62.50,0.97,69.96
reduce_kernel,1.69,5.54,1.43,6.39,56.25,26.96,78.75
reduce_kernel,1.73,5.69,1.46,5.91,56.25,27.49,80.55
fused_rope_backward,6.79,5.49,0.93,10.45,100,81.58,84.16
fused_rope_backward,7.94,5.90,1.66,11.99,100,71.43,75.36
rmsnorm_bwd_general_kernel,1.53,7.01,0.87,6.23,100,18.24,87.83
rmsnorm_bwd_finalize_general_kernel,0.05,6.07,0.21,5.98,100,0,96.10
unrolled_elementwise_kernel,0.01,8.94,0.26,6.32,100,40,96.16
rmsnorm_bwd_general_kernel,5.80,8.04,3.14,11.62,100,20.86,73.77
rmsnorm_bwd_finalize_general_kernel,0.06,2.94,0.36,6.27,100,0,87.28
unrolled_elementwise_kernel,0.01,8.65,0.25,7.10,100,40,96.06
CatArrayBatchedCopy,18.12,7.66,2.04,75.91,100,21.71,77.47
Kernel,17.10,28.79,10.96,6.31,25,0,80.75
Kernel,15.59,28.50,4.46,9.06,18.75,0,89.02
rmsnorm_bwd_tuned_kernel,6.60,46.46,8.61,18.87,31.25,25.90,85.28
rmsnorm_bwd_finalize_tuned_kernel,6.85,23.92,23.92,46.58,100,0,16.54
vectorized_elementwise_kernel,6.04,14.30,14.30,37.19,100,33.33,50.00
unrolled_elementwise_kernel,0.09,5.64,0.22,6.19,100,40,95.19
vectorized_elementwise_kernel,6.67,14.50,11.82,39.95,100,0,57.06
vectorized_elementwise_kernel,0.84,11.54,0.03,6.61,100,0,99.45
elementwise_kernel,22.45,12.80,5.63,44.18,100,14.73,68.57
elementwise_kernel,23.82,9.90,0.78,46.32,100,35.86,94.98
reduce_kernel,1.19,3.59,2.72,25.23,100,0.73,52.16
indexSelectLargeIndex,26.03,7.90,3.70,47.69,100,32.34,67.17
vectorized_elementwise_kernel,4.88,12.25,0.03,38.74,100,0,98.83
indexSelectLargeIndex,25.29,7.61,3.56,47.03,100,32.56,66.73
kernel,1.36,7.26,2.23,7.14,18.75,37.65,72.25
Kernel,2.71,6.81,2.21,6.27,25,0,80.03
splitKreduce_kernel,0.10,7.01,0.13,13.21,100,0,97.92
Kernel,5.37,10.29,4.47,6.45,25,0,80.61
splitKreduce_kernel,1.27,8.57,4.54,23.60,100,0,58.41
kernel,1.43,7.77,2.35,6.70,18.75,37.65,73.20
kernel,1.42,7.66,2.32,6.44,18.75,37.65,73.53
Kernel,2.56,6.58,2.19,6.60,25,0,79.79
splitKreduce_kernel,0.12,7.20,0.34,16.57,100,0,94.41
Kernel,2.72,7.17,2.45,6.23,25,0,80.56
splitKreduce_kernel,0.17,7.57,0.61,20.74,100,0,91.18
Kernel,5.21,8.85,3.43,6.63,25,0,82.05
splitKreduce_kernel,0.77,7.73,2.64,20.63,100,0,71.39
Kernel,2.61,6.73,2.26,5.97,25,0,79.64
splitKreduce_kernel,0.14,7.42,0.39,16.93,100,0,94.06
kernel,1.48,7.87,2.43,6.66,18.75,37.65,71.56
kernel,1.50,8.03,2.47,6.19,18.75,37.65,72.20
Kernel,2.77,7.69,2.69,6.42,25,0,80.13
splitKreduce_kernel,0.30,7.48,0.97,18.06,100,0,87.04
Kernel,6.74,6.37,0.17,6.17,25,57.26,97.19
Kernel,9.73,10.44,0.13,8.78,50,0.46,99.50
Kernel,10.14,17.37,2.25,8.95,50,3.63,88.15
Kernel,6.62,6.41,0.17,6.43,25,57.20,99.27
Kernel,6.97,6.68,0.17,6.32,25,57.18,98.52
Kernel,9.78,10.69,0.25,8.58,50,1.27,98.59
Kernel,9.72,10.77,0.40,9.29,50,1.87,98.38
Kernel,10.17,16.40,1.37,8.70,50,3.34,91.49
Kernel,9.64,10.56,0.27,9.15,50,1.39,98.09
Kernel,6.71,6.40,0.17,6.17,25,57.05,97.82
Kernel,6.73,6.51,0.17,6.21,25,57.19,99.15
Kernel,9.43,10.72,0.60,9.32,50,2.41,96.42
vectorized_elementwise_kernel,0.41,10.22,0.85,6.07,100,0.10,92.38
elementwise_kernel,0.83,5.87,0.58,6.22,100,15.75,88.76
elementwise_kernel,1.11,5.61,0.57,5.89,100,15.83,90.21
CatArrayBatchedCopy,11.87,7.70,0.61,67.96,100,16.21,92.36
kernel,11.90,6.57,3.76,16.06,18.75,90.99,60.57
Kernel,2.36,6.78,3.85,1.67,31.25,0,60.87
Kernel,14.25,21.67,3.69,11.65,50,15.95,75.39
kernel,12.25,6.79,3.86,14.92,18.75,90.98,57.04
kernel,12.37,6.96,3.91,15.28,18.75,91.00,61.10
Kernel,2.27,6.79,3.71,1.56,31.25,0,63.22
Kernel,2.30,7.06,3.77,1.57,31.25,0,65.94
Kernel,10.63,15.96,3.60,9.20,50,3.54,72.52
Kernel,2.37,7.12,3.90,1.54,31.25,0,64.34
kernel,11.88,6.54,3.76,15.68,18.75,90.99,59.92
kernel,11.98,6.77,3.79,16.13,18.75,90.99,61.80
Kernel,4.78,7.20,3.85,5.75,37.50,0,64.82
Kernel,9.92,9.17,0.16,6.41,25,56.88,96.72
Kernel,17.90,19.23,0.12,18.87,50,1.54,101.82
Kernel,8.26,11.55,2.63,6.27,25,0,78.64
Kernel,10.21,9.44,0.17,6.21,25,56.88,96.89
Kernel,9.81,9.07,0.16,6.07,25,56.87,97.24
Kernel,17.24,18.82,0.23,18.61,50,4.24,97.37
Kernel,16.75,18.62,0.35,19.29,50,6.28,97.41
Kernel,7.78,11.03,1.64,5.98,25,0,86.43
Kernel,17.42,19.10,0.25,17.47,50,4.65,97.82
Kernel,10.31,9.53,0.17,6.24,25,56.78,97.90
Kernel,9.74,9.01,0.16,6.18,25,56.88,98.06
Kernel,15.47,13.12,0.58,19.40,75,8.14,95.95
unrolled_elementwise_kernel,62.20,45.01,45.01,86.44,100,37.87,47.94
unrolled_elementwise_kernel,62.24,57.32,57.32,91.43,100,35.83,47.42
elementwise_kernel,11.20,35.56,4.11,39.46,100,37.15,92.42
elementwise_kernel,10.76,50.10,3.94,39.88,100,2.86,92.04
vectorized_elementwise_kernel,4.95,12.54,0.03,51.57,100,0,99.80
indexFuncLargeIndex,28.96,10.20,6.14,45.21,100,10.71,60.32
vectorized_elementwise_kernel,5.26,12.19,0.03,50.74,100,0,99.63
vectorized_elementwise_kernel,5.51,12.04,0.03,40.60,100,0,99.81
indexFuncLargeIndex,31.38,10.89,3.79,46.48,100,10.71,72.69
vectorized_elementwise_kernel,0.01,11.32,0.04,5.58,100,0,99.47
vectorized_elementwise_kernel,0.00,10.15,0.04,4.00,100,0,99.67
vectorized_elementwise_kernel,0.00,9.94,0.04,4.44,100,0,100.87
vectorized_elementwise_kernel,0.00,10.20,0.04,6.21,100,0,100.99
elementwise_kernel,0.01,9.15,0.13,5.13,100,8.33,99.69
elementwise_kernel,1.58,8.62,0.10,6.41,100,25,100.11
vectorized_elementwise_kernel,0.63,10.24,2.29,4.13,100,0,80.04
softmax_warp_backward,0.65,10.17,2.29,5.91,100,0,79.20
unrolled_elementwise_kernel,1.06,6.02,0.80,6.39,100,15.20,87.84
unrolled_elementwise_kernel,0.01,8.02,0.16,7.11,100,0,98.62
vectorized_elementwise_kernel,0.01,9.15,0.05,6.61,100,0,101.02
softmax_warp_backward,0.01,9.91,0.05,6.19,100,16.67,100.59
unrolled_elementwise_kernel,0.01,8.20,0.18,6.44,100,16.67,98.37
vectorized_elementwise_kernel,0.43,11.42,0.03,6.24,100,0,101.71
_scatter_gather_elementwise_kernel,0.02,5.49,0.20,6.16,100,0,97.75
vectorized_elementwise_kernel,0.54,9.33,1.11,6.97,100,33.33,89.33
Kernel,6.29,9.33,5.16,5.80,25,0,67.30
Kernel,10.41,14.16,2.91,6.29,25,0,86.03
vectorized_elementwise_kernel,6.24,14.77,14.77,39.05,100,0,49.48
unrolled_elementwise_kernel,11.59,10.13,7.81,25.07,100,40,59.76
rmsnorm_bwd_tuned_kernel,6.65,47.31,8.69,18.21,31.25,25.42,84.30
rmsnorm_bwd_finalize_tuned_kernel,6.74,23.54,23.54,53.56,100,0,15.52
vectorized_elementwise_kernel,6.24,14.78,14.78,38.80,100,33.33,48.99
unrolled_elementwise_kernel,0.09,5.43,0.21,6.20,100,40,93.48
vectorized_elementwise_kernel,6.64,14.30,11.82,39.64,100,0,57.15
Kernel,12.91,27.77,11.19,5.85,6.25,0,59.91
splitKreduce_kernel,13.96,16.39,13.91,41.52,100,0,38.10
Kernel,13.47,28.62,4.81,6.25,6.25,0,85.28
flash_bwd_dot_do_o_kernel,0.78,6.85,2.37,11.89,62.50,47.69,79.85
flash_bwd_dq_dk_dv_loop_seqk_parallel_kernel,1.52,2.38,1.26,12.38,12.50,1.66,67.99
flash_bwd_convert_dq_kernel,0.91,6.32,2.47,12.76,62.50,0.97,71.19
reduce_kernel,1.74,5.72,1.47,6.15,56.25,29.18,79.04
reduce_kernel,1.68,5.50,1.42,6.35,56.25,26.37,79.43
fused_rope_backward,6.48,5.14,0.89,10.85,100,81.58,83.30
fused_rope_backward,8.24,6.10,1.72,11.78,100,71.43,75.74
rmsnorm_bwd_general_kernel,1.53,7.14,0.88,6.10,100,18.24,89.04
rmsnorm_bwd_finalize_general_kernel,0.06,6.48,0.22,6.05,100,0,97.63
unrolled_elementwise_kernel,0.01,9.59,0.27,6.63,100,40,97.28
rmsnorm_bwd_general_kernel,5.84,8.39,3.14,11.52,100,20.86,74.43
rmsnorm_bwd_finalize_general_kernel,0.07,3.15,0.37,6.42,100,0,90.83
unrolled_elementwise_kernel,0.01,9.60,0.27,6.49,100,40,98.03
CatArrayBatchedCopy,18.69,8.13,2.09,70.07,100,22.65,79.31
Kernel,17.39,29.27,11.10,6.14,25,0,65.65
Kernel,15.43,28.20,4.42,8.87,18.75,0,86.96
rmsnorm_bwd_tuned_kernel,6.67,47.13,8.71,19.46,31.25,26.75,85.92
rmsnorm_bwd_finalize_tuned_kernel,6.78,23.63,23.63,50.21,100,0,15.90
vectorized_elementwise_kernel,6.15,14.63,14.63,38.50,100,33.33,49.03
unrolled_elementwise_kernel,0.09,5.29,0.21,6.27,100,40,95.62
vectorized_elementwise_kernel,6.50,14.46,11.60,41.86,100,0,59.07
vectorized_elementwise_kernel,0.83,11.33,0.03,6.15,100,0,97.88
elementwise_kernel,22.43,13.33,5.64,44.05,100,14.66,70.42
elementwise_kernel,23.06,9.94,0.76,43.81,100,36.12,94.76
reduce_kernel,1.21,3.63,2.75,24.64,100,0.72,51.83
indexSelectLargeIndex,25.63,7.88,3.66,45.52,100,32.38,66.33
vectorized_elementwise_kernel,4.99,12.76,0.03,38.76,100,0,99.16
indexSelectLargeIndex,25.12,8.08,3.53,46.24,100,32.30,69.10
kernel,1.43,7.81,2.35,6.15,18.75,37.65,72.91
Kernel,2.70,7.18,2.20,6.31,25,0,84.76
splitKreduce_kernel,0.12,7.97,0.15,10.24,100,0,98.02
Kernel,5.46,10.65,4.53,6.09,25,0,78.75
splitKreduce_kernel,1.29,8.63,4.56,22.61,100,0,58.57
kernel,1.36,7.59,2.23,6.21,18.75,37.65,74.39
kernel,1.44,7.91,2.36,5.85,18.75,37.65,74.22
Kernel,2.78,7.41,2.38,6.31,25,0,81.68
splitKreduce_kernel,0.13,7.47,0.35,17.76,100,0,95.95
Kernel,2.63,7.14,2.37,6.13,25,0,82.77
splitKreduce_kernel,0.16,7.51,0.59,20.25,100,0,92.48
Kernel,5.36,9.29,3.52,5.92,25,0,80.47
splitKreduce_kernel,0.83,8.35,2.86,19.54,100,0,68.97
Kernel,2.66,7.17,2.30,6.15,25,0,82.77
splitKreduce_kernel,0.13,7.50,0.39,16.84,100,0,94.34
kernel,1.40,7.74,2.31,6.36,18.75,37.65,74.41
kernel,1.45,7.96,2.38,6.17,18.75,37.65,73.11
Kernel,2.64,7.45,2.57,5.84,25,0,81.57
splitKreduce_kernel,0.30,7.70,0.99,19.25,100,0,88.27
Kernel,6.78,6.30,0.17,6.17,25,57.26,93.70
Kernel,9.61,10.31,0.13,9.68,50,0.46,100.47
Kernel,10.16,17.37,2.25,10.04,50,3.65,87.32
Kernel,6.71,6.36,0.17,6.25,25,57.25,98.19
Kernel,6.70,6.31,0.17,6.07,25,57.21,97.34
Kernel,9.57,10.45,0.25,9.28,50,1.27,97.33
Kernel,9.54,10.57,0.39,8.47,50,1.87,96.50
Kernel,10.73,17.28,1.44,9.28,50,3.36,88.79
Kernel,9.59,10.52,0.27,8.40,50,1.39,97.41
Kernel,6.82,6.44,0.17,6.48,25,57.14,97.57
Kernel,6.75,6.42,0.17,5.85,25,57.16,97.74
Kernel,9.57,10.88,0.61,9.14,50,2.42,95.85
vectorized_elementwise_kernel,0.38,9.45,0.79,6.85,100,0.10,91.44
elementwise_kernel,0.83,6.01,0.58,5.71,100,15.31,91.75
elementwise_kernel,1.08,5.55,0.56,6.08,100,15.93,90.52
CatArrayBatchedCopy,11.96,7.79,0.62,73.94,100,16.64,92.04
kernel,11.70,6.55,3.70,15.77,18.75,90.99,61.52
Kernel,2.27,6.91,3.71,1.61,31.25,0,63.46
Kernel,13.83,21.05,3.60,11.90,50,15.84,75.59
kernel,11.91,6.66,3.76,16.31,18.75,90.99,59.97
kernel,11.43,6.31,3.61,16.18,18.75,90.98,59.22
Kernel,2.31,6.69,3.79,1.61,31.25,0,59.59
Kernel,2.30,7.11,3.78,1.53,31.25,0,64.55
Kernel,10.64,15.98,3.61,9.18,50,3.80,73.31
Kernel,2.35,7.14,3.84,1.53,31.25,0,63.51
kernel,11.81,6.54,3.73,16.03,18.75,90.99,59.46
kernel,11.79,6.80,3.72,16.95,18.75,90.98,63.45
Kernel,4.60,6.95,3.71,6.15,37.50,0,63.77
Kernel,10.10,9.34,0.17,6.29,25,56.88,100.16
Kernel,17.68,18.98,0.11,20.05,50,2.05,100.00
Kernel,7.91,11.05,2.52,6.32,25,0,79.74
Kernel,9.93,9.18,0.31,6.20,25,56.88,97.54
Kernel,10.28,9.50,0.17,6.16,25,56.88,97.92
Kernel,17.83,19.50,0.23,18.25,50,5.60,98.77
Kernel,16.54,18.38,0.35,18.77,50,8.23,99.51
Kernel,7.44,10.53,1.58,6.09,25,0,86.19
Kernel,17.91,19.65,0.26,18.59,50,6.13,99.71
Kernel,9.67,8.94,0.16,6.12,25,56.80,97.80
Kernel,10.01,9.26,0.17,6.25,25,56.88,100.62
Kernel,15.77,13.37,0.59,19.94,75,10.61,98.02
unrolled_elementwise_kernel,62.30,45.55,45.55,88.20,100,37.69,46.70
reduce_kernel,10.92,81.60,81.60,97.68,100,0,14.80
vectorized_elementwise_kernel,0.01,8.88,0.04,5.57,100,33.33,100.65
vectorized_elementwise_kernel,11.59,86.32,86.32,83.22,100,43.48,52.22
unrolled_elementwise_kernel,61.81,57.12,57.12,90.51,100,35.94,41.33
elementwise_kernel,11.50,36.01,4.22,39.09,100,38.38,90.19
elementwise_kernel,10.69,49.55,3.92,40.10,100,3.40,91.60
vectorized_elementwise_kernel,4.91,12.54,0.03,41.06,100,0,100.20
indexFuncLargeIndex,29.65,10.37,6.27,43.85,100,10.71,59.74
vectorized_elementwise_kernel,5.53,12.58,0.03,42.67,100,0,99.60
vectorized_elementwise_kernel,5.09,11.24,0.03,40.80,100,0,99.61
indexFuncLargeIndex,31.89,11.15,3.85,46.10,100,10.71,74.09
vectorized_elementwise_kernel,0.01,11.37,0.04,5.70,100,0,99.60
vectorized_elementwise_kernel,0.00,9.44,0.04,4.96,100,0,100.51
vectorized_elementwise_kernel,0.00,9.66,0.03,4.83,100,0,100.95
vectorized_elementwise_kernel,0.00,10.10,0.04,4.01,100,0,99.58
elementwise_kernel,0.01,9.08,0.12,6.09,100,8.33,99.16
elementwise_kernel,1.54,8.33,0.10,6.29,100,25,99.37
vectorized_elementwise_kernel,0.64,10.21,2.30,6.25,100,0,80.01
softmax_warp_backward,0.60,9.31,2.11,5.31,100,0,79.87
unrolled_elementwise_kernel,1.05,5.97,0.79,5.84,100,15.65,88.24
unrolled_elementwise_kernel,0.01,7.57,0.15,5.81,100,0,97.92
vectorized_elementwise_kernel,0.01,9.55,0.06,5.90,100,0,99.29
softmax_warp_backward,0.01,9.10,0.05,5.13,100,16.33,100.29
unrolled_elementwise_kernel,0.01,7.77,0.18,5.67,100,16.67,98.11
vectorized_elementwise_kernel,0.42,11.08,0.03,7.51,100,0,99.01
_scatter_gather_elementwise_kernel,0.02,5.52,0.21,6.60,100,0,95.68
vectorized_elementwise_kernel,0.57,9.92,1.18,7.00,100,33.33,90.31
Kernel,6.24,9.31,5.13,6.28,25,0,68.83
Kernel,9.95,13.70,2.80,6.19,25,0,75.74
vectorized_elementwise_kernel,6.27,14.88,14.88,35.10,100,0,49.55
unrolled_elementwise_kernel,11.40,9.40,7.65,23.94,100,40,57.13
rmsnorm_bwd_tuned_kernel,6.66,47.22,8.71,19.34,31.25,25.66,86.79
rmsnorm_bwd_finalize_tuned_kernel,6.90,24.11,24.11,47.88,100,0,15.46
vectorized_elementwise_kernel,6.32,15.07,15.07,37.32,100,33.33,50.36
unrolled_elementwise_kernel,0.10,5.66,0.22,6.72,100,40,95.30
vectorized_elementwise_kernel,6.66,13.98,11.86,39.20,100,0,55.77
Kernel,13.03,27.75,11.27,6.19,6.25,0,45.86
splitKreduce_kernel,13.77,16.22,13.77,44.41,100,0,37.71
Kernel,13.19,28.08,4.71,6.14,6.25,0,82.26
flash_bwd_dot_do_o_kernel,0.84,7.17,2.55,12.65,62.50,49.17,80.12
flash_bwd_dq_dk_dv_loop_seqk_parallel_kernel,1.52,2.37,1.25,12.33,12.50,1.66,66.78
flash_bwd_convert_dq_kernel,0.89,5.94,2.41,12.75,62.50,0.97,70.11
reduce_kernel,1.74,5.73,1.47,6.75,56.25,28.89,79.95
reduce_kernel,1.73,5.68,1.47,6.05,56.25,26.19,79.76
fused_rope_backward,6.67,5.36,0.92,10.39,100,81.58,85.30
fused_rope_backward,8.03,5.96,1.68,12.00,100,71.43,76.00
rmsnorm_bwd_general_kernel,1.48,6.80,0.85,6.65,100,18.24,87.03
rmsnorm_bwd_finalize_general_kernel,0.06,6.46,0.22,6.29,100,0,96.27
unrolled_elementwise_kernel,0.01,9.59,0.27,6.53,100,40,97.52
rmsnorm_bwd_general_kernel,6.08,8.41,3.27,11.57,100,20.86,72.07
rmsnorm_bwd_finalize_general_kernel,0.06,3.03,0.36,6.40,100,0,89.74
unrolled_elementwise_kernel,0.01,9.81,0.28,5.59,100,40,97.27
CatArrayBatchedCopy,18.66,7.97,2.10,70.85,100,22.63,78.01
Kernel,17.22,28.99,11.03,6.30,25,0,63.12
Kernel,15.42,28.18,4.43,9.13,18.75,0,86.92
rmsnorm_bwd_tuned_kernel,6.64,46.32,8.69,19.69,31.25,25.85,87.15
rmsnorm_bwd_finalize_tuned_kernel,6.58,22.97,22.97,49.41,100,0,15.05
vectorized_elementwise_kernel,6.38,15.16,15.16,37.30,100,33.33,51.24
unrolled_elementwise_kernel,0.10,5.71,0.22,6.61,100,40,96.34
vectorized_elementwise_kernel,6.65,14.42,11.92,39.00,100,0,57.19
vectorized_elementwise_kernel,0.79,10.78,0.03,6.15,100,0,100.76
elementwise_kernel,22.43,12.78,5.63,45.43,100,14.81,70.07
elementwise_kernel,23.44,10.16,0.77,45.46,100,36.35,94.43
reduce_kernel,1.19,3.67,2.73,24.86,100,0.72,53.13
indexSelectLargeIndex,26.38,8.11,3.77,45.79,100,32.37,66.51
vectorized_elementwise_kernel,4.89,12.09,0.03,37.21,100,0,100.56
indexSelectLargeIndex,25.62,7.99,3.61,45.16,100,32.55,69.20
kernel,1.42,7.59,2.34,6.33,18.75,37.65,71.76
Kernel,2.67,6.92,2.18,6.27,25,0,82.46
splitKreduce_kernel,0.12,7.96,0.15,12.23,100,0,99.89
Kernel,5.32,10.37,4.44,6.00,25,0,82.75
splitKreduce_kernel,1.23,8.40,4.38,22.75,100,0,61.21
kernel,1.39,7.61,2.28,6.07,18.75,37.65,73.60
kernel,1.39,7.58,2.28,6.04,18.75,37.65,73.90
Kernel,2.69,7.07,2.31,6.04,25,0,81.67
splitKreduce_kernel,0.13,7.37,0.34,15.12,100,0,95.54
Kernel,2.65,7.05,2.39,6.65,25,0,81.13
splitKreduce_kernel,0.16,7.45,0.60,19.92,100,0,91.48
Kernel,5.41,9.38,3.55,6.54,25,0,83.45
splitKreduce_kernel,0.76,7.58,2.59,19.00,100,0,69.13
Kernel,2.67,7.04,2.31,6.22,25,0,82.14
splitKreduce_kernel,0.14,7.90,0.42,17.39,100,0,94.52
kernel,1.44,7.90,2.37,6.35,18.75,37.65,72.66
kernel,1.44,7.87,2.37,6.35,18.75,37.65,73.73
Kernel,2.65,7.42,2.58,6.52,25,0,80.73
splitKreduce_kernel,0.30,7.52,0.97,21.45,100,0,86.89
Kernel,6.76,6.31,0.17,6.21,25,57.26,96.25
Kernel,9.61,10.32,0.13,9.70,50,0.55,99.84
Kernel,10.16,17.38,2.26,9.84,50,4.31,88.26
Kernel,6.87,6.56,0.17,6.34,25,57.19,99.58
Kernel,6.76,6.30,0.17,6.20,25,57.14,97.63
Kernel,9.23,10.09,0.24,8.55,50,1.51,98.38
Kernel,9.32,10.33,0.38,9.40,50,2.22,96.14
Kernel,10.71,17.27,1.44,10.18,50,3.97,90.40
Kernel,9.36,10.27,0.26,9.90,50,1.65,98.49
Kernel,6.60,6.30,0.17,6.16,25,57.22,99.16
Kernel,6.67,6.40,0.17,6.45,25,57.16,101.48
Kernel,9.55,10.86,0.61,9.84,50,2.86,96.09
vectorized_elementwise_kernel,0.39,9.65,0.81,5.31,100,0.10,92.20
elementwise_kernel,0.83,5.97,0.58,6.28,100,15.51,91.90
elementwise_kernel,1.09,5.67,0.56,6.18,100,15.76,92.50
CatArrayBatchedCopy,11.68,7.55,0.61,70.13,100,15.89,90.05
kernel,11.87,6.54,3.75,15.79,18.75,90.99,56.59
Kernel,2.26,6.24,3.69,1.52,31.25,0,57.09
Kernel,14.73,22.40,3.81,11.67,50,15.62,77.52
kernel,11.99,6.70,3.79,15.94,18.75,90.99,61.16
kernel,11.59,6.51,3.67,16.54,18.75,90.99,61.07
Kernel,2.37,6.91,3.87,1.62,31.25,0,61.03
Kernel,2.40,7.20,3.92,1.52,31.25,0,63.14
Kernel,10.61,15.92,3.60,9.23,50,3.54,76.25
Kernel,2.35,6.77,3.86,1.62,31.25,0,58.11
kernel,12.20,6.73,3.86,16.94,18.75,90.99,57.51
kernel,12.15,6.71,3.84,16.15,18.75,90.99,57.25
Kernel,4.60,6.70,3.70,6.36,37.50,0,63.77
Kernel,10.02,9.27,0.17,6.19,25,56.88,95.33
Kernel,17.38,18.68,0.11,19.28,50,2.05,97.41
Kernel,7.87,11.04,2.52,6.45,25,0,79.15
Kernel,9.96,9.21,0.17,6.14,25,56.88,98.05
Kernel,9.93,9.18,0.17,5.77,25,56.87,94.92
Kernel,17.17,18.79,0.22,17.86,50,5.63,97.45
Kernel,17.69,19.69,0.37,19.79,50,8.29,94.95
Kernel,7.77,11.10,1.64,6.13,25,0,85.98
Kernel,17.72,19.43,0.25,17.94,50,6.16,97.57
Kernel,9.74,9.00,0.16,6.28,25,56.73,96.84
Kernel,10.09,9.33,0.17,6.11,25,56.87,96.71
Kernel,15.50,13.12,0.58,18.08,75,10.70,96.77
unrolled_elementwise_kernel,61.90,45.00,45.00,89.63,100,37.78,45.10
unrolled_elementwise_kernel,62.28,57.46,57.46,90.48,100,35.86,44.67
elementwise_kernel,11.54,36.49,4.23,39.48,100,37.62,91.40
elementwise_kernel,10.20,48.12,3.74,40.10,100,2.85,93.40
vectorized_elementwise_kernel,5.06,12.88,0.03,36.05,100,0,99.80
indexFuncLargeIndex,29.49,10.46,6.24,45.28,100,10.71,60.33
vectorized_elementwise_kernel,5.18,12.28,0.03,41.18,100,0,98.86
vectorized_elementwise_kernel,5.44,11.96,0.03,44.72,100,0,98.97
indexFuncLargeIndex,31.20,10.93,3.76,45.19,100,10.71,73.37
vectorized_elementwise_kernel,0.01,11.12,0.03,6.39,100,0,101.47
vectorized_elementwise_kernel,0.00,10.25,0.04,4.54,100,0,99.20
vectorized_elementwise_kernel,0.00,9.99,0.04,4.28,100,0,101.05
vectorized_elementwise_kernel,0.00,10.28,0.04,4.75,100,0,100.64
elementwise_kernel,0.01,8.58,0.12,6.34,100,8.33,99.29
elementwise_kernel,1.63,8.90,0.10,6.51,100,25,100.13
vectorized_elementwise_kernel,0.67,11.02,2.43,8.64,100,0,81.58
softmax_warp_backward,0.63,9.91,2.23,5.34,100,0,79.04
unrolled_elementwise_kernel,1.01,5.85,0.76,6.30,100,15.73,89.40
unrolled_elementwise_kernel,0.01,8.22,0.16,5.88,100,0,99.44
vectorized_elementwise_kernel,0.01,9.80,0.05,6.30,100,0,101.07
softmax_warp_backward,0.01,9.57,0.05,6.91,100,16.33,100.92
unrolled_elementwise_kernel,0.01,7.26,0.16,5.91,100,13.04,96.87
vectorized_elementwise_kernel,0.44,11.64,0.04,6.13,100,0,98.09
_scatter_gather_elementwise_kernel,0.02,5.96,0.23,6.18,100,0,94.26
vectorized_elementwise_kernel,0.59,10.17,1.22,6.03,100,33.33,87.22
Kernel,6.33,9.81,5.20,6.10,25,0,68.74
Kernel,10.35,14.04,2.90,6.49,25,0,85.23
vectorized_elementwise_kernel,6.40,15.15,15.15,33.20,100,0,49.78
unrolled_elementwise_kernel,11.06,9.20,7.45,23.43,100,40,57.30
rmsnorm_bwd_tuned_kernel,6.66,47.32,8.71,19.21,31.25,26.00,84.34
rmsnorm_bwd_finalize_tuned_kernel,6.78,23.75,23.75,49.34,100,0,15.06
vectorized_elementwise_kernel,6.31,14.93,14.93,34.58,100,33.33,46.82
unrolled_elementwise_kernel,0.09,5.50,0.21,6.16,100,40,94.17
vectorized_elementwise_kernel,6.67,14.10,11.76,42.56,100,0,56.19
Kernel,12.81,27.56,11.14,6.37,6.25,0,55.68
splitKreduce_kernel,13.80,16.38,13.89,44.53,100,0,38.23
Kernel,13.58,29.18,4.84,6.32,6.25,0,80.56
flash_bwd_dot_do_o_kernel,0.77,6.61,2.33,10.99,62.50,47.40,71.62
flash_bwd_dq_dk_dv_loop_seqk_parallel_kernel,1.53,2.39,1.26,12.49,12.50,1.66,67.64
flash_bwd_convert_dq_kernel,0.92,6.26,2.50,12.00,62.50,0.97,69.82
reduce_kernel,1.71,5.76,1.44,5.86,56.25,29.23,81.67
reduce_kernel,1.72,5.77,1.46,6.31,56.25,29.15,81.36
fused_rope_backward,6.74,5.54,0.93,10.57,100,81.58,83.24
fused_rope_backward,8.29,6.29,1.73,11.42,100,71.43,75.71
rmsnorm_bwd_general_kernel,1.54,7.25,0.88,6.03,100,18.24,87.82
rmsnorm_bwd_finalize_general_kernel,0.05,6.12,0.21,5.45,100,0,96.17
unrolled_elementwise_kernel,0.01,9.90,0.28,5.81,100,40,96.96
rmsnorm_bwd_general_kernel,6.08,8.68,3.28,12.03,100,20.86,73.22
rmsnorm_bwd_finalize_general_kernel,0.06,3.03,0.36,6.19,100,0,90.27
unrolled_elementwise_kernel,0.01,8.57,0.24,7.12,100,40,96.88
CatArrayBatchedCopy,19.13,8.24,2.15,71.28,100,22.77,79.02
Kernel,17.43,29.34,11.15,6.34,25,0,71.43
Kernel,15.48,28.29,4.44,8.96,18.75,0,88.81
rmsnorm_bwd_tuned_kernel,6.51,45.59,8.49,18.99,31.25,26.04,86.37
rmsnorm_bwd_finalize_tuned_kernel,6.84,23.85,23.85,47.27,100,0,16.23
vectorized_elementwise_kernel,5.61,13.33,13.33,41.64,100,33.33,49.99
unrolled_elementwise_kernel,0.09,5.43,0.21,6.34,100,40,93.46
vectorized_elementwise_kernel,6.69,14.44,11.78,38.75,100,0,58.09
vectorized_elementwise_kernel,0.84,11.35,0.03,5.85,100,0,98.72
elementwise_kernel,22.28,12.75,5.59,44.96,100,14.59,69.62
elementwise_kernel,23.57,10.02,0.78,45.58,100,35.94,93.44
reduce_kernel,1.18,3.57,2.68,25.39,100,0.73,52.55
indexSelectLargeIndex,26.60,8.10,3.79,45.93,100,32.43,66.95
vectorized_elementwise_kernel,5.09,13.09,0.03,35.91,100,0,100.40
indexSelectLargeIndex,24.78,7.91,3.49,43.05,100,32.53,68.66
kernel,1.40,7.79,2.30,6.35,18.75,37.65,74.65
Kernel,2.64,6.96,2.33,5.85,25,0,80.24
splitKreduce_kernel,0.12,7.94,0.15,11.46,100,0,99.04
Kernel,5.13,10.17,4.29,6.06,25,0,81.01
splitKreduce_kernel,1.24,8.41,4.40,23.56,100,0,58.75
kernel,1.38,7.80,2.27,6.29,18.75,37.65,75.11
kernel,1.40,7.79,2.29,6.16,18.75,37.65,74.15
Kernel,2.62,7.07,2.25,6.12,25,0,82.64
splitKreduce_kernel,0.13,7.59,0.35,14.74,100,0,95.50
Kernel,2.64,7.14,2.38,6.24,25,0,81.27
splitKreduce_kernel,0.17,7.70,0.61,19.93,100,0,92.41
Kernel,5.20,8.92,3.42,6.22,25,0,79.75
splitKreduce_kernel,0.82,8.30,2.82,22.26,100,0,69.36
Kernel,2.75,7.26,2.36,6.27,25,0,80.77
splitKreduce_kernel,0.14,7.74,0.41,16.58,100,0,93.40
kernel,1.47,8.08,2.42,6.34,18.75,37.65,72.44
kernel,1.44,7.94,2.37,6.15,18.75,37.65,74.01
Kernel,2.68,7.63,2.62,6.08,25,0,81.51
splitKreduce_kernel,0.29,7.48,0.97,23.02,100,0,86.89
Kernel,6.92,6.47,0.17,6.43,25,57.26,95.07
Kernel,10.03,10.78,0.13,9.17,50,0.46,97.04
Kernel,10.44,17.88,2.31,8.89,50,3.65,87.98
Kernel,6.65,6.28,0.17,6.47,25,57.15,97.66
Kernel,7.00,6.67,0.17,6.17,25,57.24,97.92
Kernel,9.86,10.78,0.25,9.20,50,1.27,97.07
Kernel,9.38,10.40,0.38,10.51,50,1.87,97.15
Kernel,10.48,16.88,1.40,8.83,50,3.36,91.00
Kernel,9.62,10.54,0.27,8.72,50,1.39,96.91
Kernel,6.57,6.17,0.16,5.80,25,57.10,95.86
Kernel,6.93,6.54,0.17,6.13,25,57.16,97.43
Kernel,9.63,10.95,0.61,8.64,50,2.42,96.11
vectorized_elementwise_kernel,0.39,9.81,0.82,5.65,100,0.10,91.90
elementwise_kernel,0.82,5.94,0.58,6.16,100,15.24,91.14
elementwise_kernel,1.08,5.63,0.56,5.84,100,15.75,91.18
CatArrayBatchedCopy,12.38,8.17,0.64,86.50,100,16.26,92.81
kernel,12.31,6.94,3.89,17.16,18.75,90.99,61.00
Kernel,2.39,6.61,3.90,1.62,31.25,0,57.66
Kernel,14.55,22.14,3.77,12.07,50,14.96,73.61
kernel,12.09,6.67,3.82,16.81,18.75,90.99,58.10
kernel,11.68,6.54,3.68,16.02,18.75,90.99,59.40
Kernel,2.36,7.09,3.87,1.61,31.25,0,61.48
Kernel,2.35,7.25,3.85,1.65,31.25,0,62.82
Kernel,10.70,16.06,3.63,8.94,50,3.54,74.55
Kernel,2.31,6.96,3.78,1.60,31.25,0,61.79
kernel,12.05,6.65,3.80,15.47,18.75,90.99,58.38
kernel,11.79,6.50,3.73,16.49,18.75,90.99,59.13
Kernel,4.84,7.06,3.89,5.90,37.50,0,62.89
Kernel,9.63,8.90,0.16,6.33,25,56.88,98.57
Kernel,17.42,18.70,0.11,19.85,50,1.97,100.71
Kernel,7.97,11.11,2.54,6.73,25,0,80.95
Kernel,9.85,9.11,0.16,6.24,25,56.88,99.33
Kernel,10.22,9.45,0.17,6.22,25,56.87,98.85
Kernel,17.27,18.89,0.23,19.16,50,5.38,99.00
Kernel,17.96,19.99,0.37,19.05,50,7.91,100.21
Kernel,8.13,11.57,1.71,6.22,25,0,86.82
Kernel,18.10,19.85,0.26,20.70,50,5.89,99.84
Kernel,10.10,9.34,0.17,6.18,25,56.76,98.55
Kernel,9.47,8.76,0.16,6.09,25,56.87,97.51
Kernel,15.91,13.48,0.60,19.36,75,10.21,97.74
unrolled_elementwise_kernel,61.04,44.31,44.31,88.40,100,37.84,45.63
unrolled_elementwise_kernel,62.31,57.71,57.71,90.51,100,35.84,46.46
reduce_kernel,10.67,83.36,83.36,97.85,100,0,10.94
vectorized_elementwise_kernel,0.01,9.80,0.04,5.62,100,33.33,99.35
vectorized_elementwise_kernel,11.60,87.09,87.09,84.10,100,43.26,51.52
elementwise_kernel,11.66,36.74,4.28,39.79,100,37.33,92.03
elementwise_kernel,10.54,50.23,3.87,40.44,100,2.85,94.59
vectorized_elementwise_kernel,4.88,12.42,0.03,38.76,100,0,99.95
indexFuncLargeIndex,28.94,10.10,6.14,45.42,100,10.71,59.38
vectorized_elementwise_kernel,5.35,12.73,0.03,39.25,100,0,99.74
vectorized_elementwise_kernel,5.40,12.08,0.03,39.49,100,0,99.72
indexFuncLargeIndex,31.28,10.80,3.77,47.06,100,10.71,71.72
vectorized_elementwise_kernel,0.01,10.86,0.03,6.77,100,0,99.54
vectorized_elementwise_kernel,0.00,9.68,0.04,4.38,100,0,98.33
vectorized_elementwise_kernel,0.00,9.80,0.03,4.40,100,0,101.23
vectorized_elementwise_kernel,0.00,9.66,0.03,4.78,100,0,101.34
elementwise_kernel,0.01,9.27,0.12,5.23,100,8.33,99.93
elementwise_kernel,1.61,8.56,0.10,6.10,100,25,98.57
vectorized_elementwise_kernel,0.63,10.14,2.29,5.39,100,0,80.28
softmax_warp_backward,0.66,10.18,2.32,5.62,100,0,78.55
unrolled_elementwise_kernel,1.06,5.95,0.80,6.31,100,15.57,87.06
unrolled_elementwise_kernel,0.01,8.03,0.16,5.86,100,0,97.23
vectorized_elementwise_kernel,0.01,9.06,0.05,7.34,100,0,99.30
softmax_warp_backward,0.01,9.27,0.05,6.64,100,13.04,100.35
unrolled_elementwise_kernel,0.01,7.41,0.17,6.31,100,16.67,96.17
vectorized_elementwise_kernel,0.44,11.62,0.03,5.51,100,0,99.46
_scatter_gather_elementwise_kernel,0.02,5.94,0.22,6.55,100,0,97.74
vectorized_elementwise_kernel,0.60,10.45,1.25,6.10,100,33.33,88.42
Kernel,6.15,8.96,5.06,6.20,25,0,66.43
Kernel,10.52,14.35,2.95,6.13,25,0,91.75
vectorized_elementwise_kernel,6.27,14.92,14.92,38.66,100,0,50.49
unrolled_elementwise_kernel,11.48,9.47,7.73,23.53,100,40,56.82
rmsnorm_bwd_tuned_kernel,6.30,44.65,8.22,19.43,31.25,26.11,85.86
rmsnorm_bwd_finalize_tuned_kernel,6.57,22.94,22.94,49.70,100,0,15.38
vectorized_elementwise_kernel,6.39,15.20,15.20,36.92,100,33.33,49.63
unrolled_elementwise_kernel,0.09,5.43,0.21,6.04,100,40,95.82
vectorized_elementwise_kernel,6.49,13.87,11.59,41.36,100,0,57.25
Kernel,13.04,28.01,11.28,6.23,6.25,0,67.44
splitKreduce_kernel,13.62,15.94,13.66,41.57,100,0,37.24
Kernel,13.15,28.08,4.71,6.63,6.25,0,81.71
flash_bwd_dot_do_o_kernel,0.79,6.80,2.40,10.78,62.50,47.12,74.23
flash_bwd_dq_dk_dv_loop_seqk_parallel_kernel,1.51,2.36,1.25,12.31,12.50,1.66,66.68
flash_bwd_convert_dq_kernel,0.89,5.95,2.43,11.98,62.50,0.97,69.49
reduce_kernel,1.70,5.62,1.44,5.88,56.25,30.49,78.95
reduce_kernel,1.69,5.56,1.43,6.42,56.25,28.34,80.21
fused_rope_backward,6.69,5.48,0.92,11.12,100,81.58,85.59
fused_rope_backward,8.04,6.17,1.68,12.44,100,71.43,76.99
rmsnorm_bwd_general_kernel,1.48,6.80,0.85,6.19,100,18.24,89.15
rmsnorm_bwd_finalize_general_kernel,0.05,6.22,0.21,6.61,100,0,95.06
unrolled_elementwise_kernel,0.01,9.57,0.28,5.25,100,40,95.38
rmsnorm_bwd_general_kernel,5.96,8.21,3.22,11.34,100,20.86,71.41
rmsnorm_bwd_finalize_general_kernel,0.06,3.04,0.36,6.12,100,0,87.53
unrolled_elementwise_kernel,0.01,9.68,0.27,6.21,100,40,96.42
CatArrayBatchedCopy,18.60,7.86,2.09,72.04,100,22.49,77.96
Kernel,17.40,29.29,11.12,6.26,25,0,73.27
Kernel,15.51,28.35,4.44,9.08,18.75,0,87.31
rmsnorm_bwd_tuned_kernel,6.43,45.18,8.40,19.46,31.25,25.88,85.59
rmsnorm_bwd_finalize_tuned_kernel,6.72,23.47,23.47,47.39,100,0,15.20
vectorized_elementwise_kernel,6.39,15.11,15.11,39.48,100,33.33,49.27
unrolled_elementwise_kernel,0.09,5.45,0.21,6.42,100,40,93.16
vectorized_elementwise_kernel,6.60,14.10,11.79,38.62,100,0,56.73
vectorized_elementwise_kernel,0.82,11.34,0.03,4.54,100,0,99.58
elementwise_kernel,22.19,12.60,5.58,44.04,100,14.65,68.83
elementwise_kernel,23.72,10.17,0.78,43.63,100,36.14,92.28
reduce_kernel,1.20,3.62,2.74,25.26,100,0.73,52.04
indexSelectLargeIndex,26.75,8.19,3.82,46.21,100,32.40,66.32
vectorized_elementwise_kernel,4.85,12.06,0.03,41.64,100,0,100.38
indexSelectLargeIndex,25.33,7.68,3.56,44.50,100,32.42,67.14
kernel,1.45,7.76,2.38,6.83,18.75,37.65,71.19
Kernel,2.70,6.84,2.20,6.12,25,0,79.99
splitKreduce_kernel,0.11,7.52,0.14,12.27,100,0,96.62
Kernel,5.20,9.79,4.35,6.03,25,0,81.30
splitKreduce_kernel,1.29,8.81,4.59,26.26,100,0,61.20
kernel,1.47,7.80,2.41,5.98,18.75,37.65,71.88
kernel,1.46,7.91,2.40,6.18,18.75,37.65,72.75
Kernel,2.78,7.34,2.36,6.13,25,0,81.61
splitKreduce_kernel,0.13,7.45,0.35,17.48,100,0,94.55
Kernel,2.59,6.97,2.35,6.27,25,0,80.82
splitKreduce_kernel,0.17,7.96,0.63,23.97,100,0,91.40
Kernel,5.29,8.95,3.48,6.24,25,0,81.11
splitKreduce_kernel,0.82,8.25,2.79,21.43,100,0,70.79
Kernel,2.74,7.12,2.36,6.15,25,0,80.27
splitKreduce_kernel,0.14,7.66,0.40,15.06,100,0,95.80
kernel,1.44,7.75,2.36,6.11,18.75,37.65,71.85
kernel,1.40,7.43,2.29,6.64,18.75,37.65,70.11
Kernel,2.62,7.14,2.55,6.03,25,0,80.92
splitKreduce_kernel,0.30,7.80,0.99,18.40,100,0,89.14
Kernel,6.63,6.15,0.17,6.24,25,57.26,95.33
Kernel,9.93,10.67,0.13,9.25,50,0.55,98.91
Kernel,9.76,16.69,2.17,9.02,50,4.29,88.35
Kernel,6.75,6.44,0.17,6.27,25,57.14,96.91
Kernel,6.51,6.22,0.16,6.47,25,57.20,97.15
Kernel,9.31,10.18,0.24,8.82,50,1.50,97.44
Kernel,9.23,10.24,0.38,8.77,50,2.21,95.33
Kernel,10.39,16.74,1.40,9.25,50,3.95,91.72
Kernel,9.67,10.60,0.27,8.36,50,1.65,97.86
Kernel,6.56,6.21,0.16,6.26,25,57.07,97.90
Kernel,6.94,6.66,0.17,6.58,25,57.22,99.35
Kernel,9.18,10.45,0.59,9.19,50,2.85,94.33
vectorized_elementwise_kernel,0.38,9.27,0.79,6.17,100,0.10,91.67
elementwise_kernel,0.83,5.97,0.58,6.21,100,16.00,91.11
elementwise_kernel,1.10,5.62,0.56,6.06,100,15.80,90.83
CatArrayBatchedCopy,12.17,7.98,0.63,70.02,100,15.43,91.57
kernel,11.98,6.61,3.79,16.07,18.75,90.99,57.74
Kernel,2.34,6.31,3.82,1.55,31.25,0,55.97
Kernel,14.53,22.11,3.76,12.19,50,14.49,71.05
kernel,11.98,6.60,3.79,16.07,18.75,90.99,57.28
kernel,12.07,6.65,3.82,15.57,18.75,90.99,57.29
Kernel,2.26,6.36,3.70,1.58,31.25,0,57.63
Kernel,2.28,6.74,3.76,1.60,31.25,0,59.54
Kernel,10.72,16.09,3.63,9.35,50,3.27,72.74
Kernel,2.16,6.32,3.55,1.53,31.25,0,58.67
kernel,12.40,6.85,3.91,16.41,18.75,90.99,59.15
kernel,12.09,6.70,3.82,15.06,18.75,90.99,59.71
Kernel,4.72,6.79,3.80,6.31,37.50,0,61.09
Kernel,10.11,9.35,0.17,6.19,25,56.88,96.52
Kernel,17.63,18.93,0.12,19.36,50,2.05,98.85
Kernel,7.98,11.07,2.54,6.18,25,0,80.07
Kernel,9.93,9.18,0.17,5.79,25,56.88,96.24
Kernel,10.15,9.39,0.17,6.15,25,56.88,97.17
Kernel,17.57,19.19,0.23,19.52,50,5.63,96.87
Kernel,16.74,18.62,0.35,18.93,50,8.29,94.76
Kernel,7.43,10.55,1.57,6.28,25,0,83.92
Kernel,17.07,18.73,0.24,18.81,50,6.16,97.67
Kernel,10.09,9.34,0.17,6.25,25,56.78,97.47
Kernel,10.20,9.44,0.17,6.08,25,56.87,97.53
Kernel,16.05,13.59,0.60,18.68,75,10.70,94.64
unrolled_elementwise_kernel,62.45,45.21,45.21,89.67,100,37.81,43.63
unrolled_elementwise_kernel,62.32,57.43,57.43,90.96,100,35.88,44.55
reduce_kernel,13.42,67.91,67.91,98.40,100,0,11.14
vectorized_elementwise_kernel,0.01,9.83,0.05,4.78,100,33.33,101.00
vectorized_elementwise_kernel,11.94,79.95,79.95,83.09,100,44.22,52.36
elementwise_kernel,11.79,36.81,4.32,39.30,100,36.56,90.75
elementwise_kernel,10.83,50.68,3.97,39.95,100,2.85,93.12
vectorized_elementwise_kernel,4.72,12.03,0.03,40.91,100,0,101.03
indexFuncLargeIndex,28.94,10.10,6.14,44.23,100,10.71,60.23
vectorized_elementwise_kernel,5.34,12.67,0.03,42.82,100,0,100.74
vectorized_elementwise_kernel,5.42,11.85,0.03,50.81,100,0,100.76
indexFuncLargeIndex,32.14,11.09,3.86,45.43,100,10.71,71.57
vectorized_elementwise_kernel,0.01,11.52,0.04,5.52,100,0,99.53
vectorized_elementwise_kernel,0.00,10.24,0.04,4.43,100,0,98.10
vectorized_elementwise_kernel,0.00,9.95,0.03,4.32,100,0,98.18
vectorized_elementwise_kernel,0.00,10.27,0.04,3.28,100,0,98.34
elementwise_kernel,0.01,9.07,0.12,6.08,100,8.33,98.01
elementwise_kernel,1.61,8.77,0.10,6.38,100,25,98.52
vectorized_elementwise_kernel,0.63,10.33,2.30,6.08,100,0,80.31
softmax_warp_backward,0.63,10.08,2.22,6.04,100,0,79.59
unrolled_elementwise_kernel,1.04,5.90,0.78,6.08,100,15.28,85.28
unrolled_elementwise_kernel,0.01,7.71,0.16,5.40,100,0,96.46
vectorized_elementwise_kernel,0.01,9.00,0.05,6.25,100,0,99.53
softmax_warp_backward,0.01,10.16,0.06,5.45,100,16.67,99.31
unrolled_elementwise_kernel,0.01,7.45,0.17,6.21,100,16.67,96.29
vectorized_elementwise_kernel,0.40,10.44,0.03,4.90,100,0,99.17
_scatter_gather_elementwise_kernel,0.02,5.53,0.21,6.02,100,0,95.44
vectorized_elementwise_kernel,0.57,9.87,1.19,6.09,100,33.33,87.66
Kernel,6.30,9.18,5.17,6.01,25,0,63.47
Kernel,10.62,14.56,2.97,6.27,25,0,80.51
vectorized_elementwise_kernel,6.44,15.28,15.28,31.74,100,0,49.49
unrolled_elementwise_kernel,11.61,9.56,7.82,22.06,100,40,56.90
rmsnorm_bwd_tuned_kernel,6.09,42.46,7.97,18.55,31.25,26.03,85.24
rmsnorm_bwd_finalize_tuned_kernel,6.73,23.47,23.47,49.03,100,0,15.27
vectorized_elementwise_kernel,6.27,14.85,14.85,38.34,100,33.33,51.04
unrolled_elementwise_kernel,0.09,5.42,0.21,6.81,100,40,95.45
Kernel,13.10,27.96,11.31,6.12,6.25,0,47.71
splitKreduce_kernel,13.91,16.25,13.96,43.50,100,0,37.03
Kernel,13.24,28.31,4.73,6.11,6.25,0,81.31
flash_bwd_dot_do_o_kernel,0.80,6.78,2.42,11.85,62.50,46.55,76.75
flash_bwd_dq_dk_dv_loop_seqk_parallel_kernel,1.52,2.38,1.26,12.40,12.50,1.66,67.76
flash_bwd_convert_dq_kernel,0.91,6.15,2.46,12.36,62.50,0.97,71.07
reduce_kernel,1.76,5.83,1.48,6.51,56.25,28.41,79.28
reduce_kernel,1.68,5.55,1.41,6.33,56.25,29.12,79.56
fused_rope_backward,6.94,5.49,0.95,10.51,100,81.58,82.74
fused_rope_backward,8.16,6.04,1.70,12.09,100,71.43,74.88
rmsnorm_bwd_general_kernel,1.55,7.18,0.89,6.76,100,18.24,89.28
rmsnorm_bwd_finalize_general_kernel,0.06,6.46,0.22,5.92,100,0,98.33
unrolled_elementwise_kernel,0.01,9.37,0.27,6.47,100,40,97.08
rmsnorm_bwd_general_kernel,5.82,8.08,3.14,11.53,100,20.86,72.83
rmsnorm_bwd_finalize_general_kernel,0.06,3.05,0.36,6.15,100,0,90.70
unrolled_elementwise_kernel,0.01,9.46,0.27,5.19,100,40,96.34
CatArrayBatchedCopy,18.87,8.08,2.12,72.12,100,22.51,76.34
Kernel,17.58,29.59,11.25,6.42,25,0,80.31
Kernel,15.64,28.58,4.48,9.12,18.75,0,91.17
rmsnorm_bwd_tuned_kernel,6.52,46.55,8.52,18.98,31.25,24.70,86.27
rmsnorm_bwd_finalize_tuned_kernel,6.56,22.88,22.88,50.27,100,0,15.81
vectorized_elementwise_kernel,6.23,14.78,14.78,38.63,100,33.33,49.37
unrolled_elementwise_kernel,0.09,5.58,0.21,6.21,100,40,97.13
elementwise_kernel,17.50,10.96,5.17,43.13,100,48.67,65.65
vectorized_elementwise_kernel,17.80,36.50,32.00,11.17,100,0,100.73
vectorized_elementwise_kernel,0.01,7.36,0.09,5.76,75,0,96.97
vectorized_elementwise_kernel,0.01,9.66,0.06,6.30,100,0,99.27
vectorized_elementwise_kernel,0.01,8.96,0.10,6.53,100,50,100.47
elementwise_kernel_with_index,0.02,9.81,0.03,2.35,100,0,101.11
DeviceRadixSortSingleTileKernel,0.23,3.45,0.08,12.38,12.50,60,97.23
indexing_backward_kernel,0.35,0.27,0.12,3.88,100,69.25,68.53
unrolled_elementwise_kernel,62.06,65.70,65.70,92.23,100,34.51,42.83
reduce_kernel,10.26,83.17,83.17,99.19,100,0,6.56
vectorized_elementwise_kernel,0.01,9.42,0.04,4.54,100,33.33,99.37
vectorized_elementwise_kernel,11.58,87.47,87.47,84.43,100,43.14,51.57
vectorized_elementwise_kernel,0.01,11.06,0.04,6.11,100,0,99.87
multi_tensor_apply_kernel,8.06,74.17,74.17,59.90,100,0.01,3.76
multi_tensor_apply_kernel,7.96,73.27,73.27,59.15,100,0.01,4.54
multi_tensor_apply_kernel,7.38,66.47,66.47,41.00,100,0.01,7.85
cleanup,0.06,9.27,0.06,21.17,100,0,100.87
vectorized_elementwise_kernel,0.00,10.15,0.04,4.22,100,0,101.15
multi_tensor_apply_kernel,7.81,76.32,76.32,58.36,100,49.27,51.74
multi_tensor_apply_kernel,7.75,75.96,75.96,57.31,100,48.83,51.41
multi_tensor_apply_kernel,7.56,67.84,67.84,38.59,100,49.89,50.56
vectorized_elementwise_kernel,22.81,76.58,76.58,29.54,100,0,100.26
vectorized_elementwise_kernel,23.65,79.22,79.22,35.48,100,0,100.11
vectorized_elementwise_kernel,9.15,27.03,0.02,77.97,100,0,99.29
vectorized_elementwise_kernel,9.48,27.85,0.02,59.68,100,0,98.98
vectorized_elementwise_kernel,10.94,32.79,0.02,63.84,100,0,100.14
vectorized_elementwise_kernel,11.47,34.39,0.02,56.35,100,0,100.57
vectorized_elementwise_kernel,3.77,12.92,0.03,21.51,100,0,98.82
vectorized_elementwise_kernel,3.81,13.13,0.03,21.60,100,0,99.00
vectorized_elementwise_kernel,9.44,27.92,0.02,59.21,100,0,99.56
vectorized_elementwise_kernel,9.14,26.97,0.02,59.80,100,0,98.68
vectorized_elementwise_kernel,11.24,33.58,0.02,80.96,100,0,98.85
vectorized_elementwise_kernel,11.56,34.53,0.02,57.56,100,0,100.33
vectorized_elementwise_kernel,3.80,13.26,0.03,21.74,100,0,101.26
vectorized_elementwise_kernel,3.73,13.08,0.03,16.72,100,0,99.08
vectorized_elementwise_kernel,9.38,27.67,0.02,59.58,100,0,100.34
vectorized_elementwise_kernel,9.34,27.49,0.02,62.01,100,0,100.06
vectorized_elementwise_kernel,11.52,34.48,0.02,57.26,100,0,99.97
vectorized_elementwise_kernel,11.35,34.00,0.02,62.83,100,0,100.18
vectorized_elementwise_kernel,4.04,14.19,0.03,15.52,100,0,102.03
vectorized_elementwise_kernel,4.19,14.62,0.03,21.37,100,0,101.01
vectorized_elementwise_kernel,9.75,28.70,0.03,60.34,100,0,101.03
vectorized_elementwise_kernel,9.81,29.02,0.03,59.67,100,0,100.57
vectorized_elementwise_kernel,11.97,35.80,0.02,59.05,100,0,99.86
vectorized_elementwise_kernel,11.92,35.65,0.02,57.16,100,0,99.23
vectorized_elementwise_kernel,3.77,13.43,0.03,24.36,100,0,100.11
vectorized_elementwise_kernel,4.06,14.36,0.03,21.94,100,0,99.59
vectorized_elementwise_kernel,9.29,27.40,0.02,58.71,100,0,100.69
vectorized_elementwise_kernel,9.44,27.85,0.03,47.26,100,0,99.64
vectorized_elementwise_kernel,11.26,33.61,0.02,57.65,100,0,98.75
vectorized_elementwise_kernel,11.48,34.26,0.02,56.38,100,0,100.07
vectorized_elementwise_kernel,3.55,13.03,0.03,21.75,100,0,99.36
vectorized_elementwise_kernel,3.96,14.39,0.03,21.69,100,0,99.55
vectorized_elementwise_kernel,8.94,26.48,0.02,60.65,100,0,100.68
vectorized_elementwise_kernel,9.41,27.85,0.02,60.15,100,0,99.41
vectorized_elementwise_kernel,11.68,34.95,0.02,56.15,100,0,99.49
vectorized_elementwise_kernel,11.57,34.59,0.02,56.88,100,0,100.41
vectorized_elementwise_kernel,3.67,13.16,0.03,19.09,100,0,97.34
vectorized_elementwise_kernel,3.98,14.36,0.03,21.91,100,0,97.94
multi_tensor_apply_kernel,15.10,76.24,76.24,47.33,50,28.49,47.83
multi_tensor_apply_kernel,15.11,76.28,76.28,47.74,50,27.77,45.60
multi_tensor_apply_kernel,15.23,75.11,75.11,40.49,50,30.62,44.93
vectorized_elementwise_kernel,0.04,10.68,0.04,6.21,100,0,100.86
vectorized_elementwise_kernel,0.04,11.17,0.04,6.21,100,0,99.58
vectorized_elementwise_kernel,0.01,11.66,0.04,6.09,100,0,100.48
vectorized_elementwise_kernel,0.01,11.15,0.03,6.27,100,0,100.84
vectorized_elementwise_kernel,0.01,10.96,0.03,6.13,100,0,99.49
vectorized_elementwise_kernel,0.01,10.94,0.03,6.36,100,0,100.85
vectorized_elementwise_kernel,0.04,11.26,0.04,4.46,100,0,99.58
vectorized_elementwise_kernel,0.04,11.39,0.03,6.20,100,0,99.62
vectorized_elementwise_kernel,0.04,11.04,0.03,4.97,100,0,98.47
vectorized_elementwise_kernel,0.04,11.22,0.04,6.02,100,0,98.74
vectorized_elementwise_kernel,0.01,11.53,0.04,5.11,100,0,98.45
vectorized_elementwise_kernel,0.01,11.31,0.04,5.46,100,0,98.23
vectorized_elementwise_kernel,0.01,10.89,0.03,6.25,100,0,98.46
vectorized_elementwise_kernel,0.01,10.79,0.03,6.32,100,0,98.28
vectorized_elementwise_kernel,0.04,11.28,0.04,6.32,100,0,98.70
vectorized_elementwise_kernel,0.04,11.24,0.04,7.06,100,0,99.61
vectorized_elementwise_kernel,0.04,11.08,0.03,6.16,100,0,98.84
vectorized_elementwise_kernel,0.04,11.17,0.04,6.19,100,0,98.21
vectorized_elementwise_kernel,0.01,11.45,0.03,6.27,100,0,98.49
vectorized_elementwise_kernel,0.01,10.57,0.03,6.36,100,0,98.49
vectorized_elementwise_kernel,0.01,10.88,0.03,6.35,100,0,98.06
vectorized_elementwise_kernel,0.01,10.89,0.03,6.03,100,0,98.48
vectorized_elementwise_kernel,0.04,11.26,0.04,6.56,100,0,98.70
vectorized_elementwise_kernel,0.03,8.91,0.03,6.28,100,0,97.46
vectorized_elementwise_kernel,0.04,11.10,0.03,5.48,100,0,98.86
vectorized_elementwise_kernel,0.04,11.18,0.03,6.14,100,0,98.59
vectorized_elementwise_kernel,0.01,11.57,0.04,7.49,100,0,98.63
vectorized_elementwise_kernel,0.01,11.31,0.04,5.71,100,0,98.44
vectorized_elementwise_kernel,0.01,10.27,0.03,5.34,100,0,98.36
vectorized_elementwise_kernel,0.01,9.30,0.03,6.23,100,0,98.09
vectorized_elementwise_kernel,0.04,11.26,0.04,6.06,100,0,98.24
vectorized_elementwise_kernel,0.04,11.50,0.04,4.81,100,0,98.68
vectorized_elementwise_kernel,0.04,10.63,0.03,6.27,100,0,99.71
vectorized_elementwise_kernel,0.04,11.20,0.04,9.36,100,0,99.69
vectorized_elementwise_kernel,0.01,11.59,0.22,6.14,100,0,98.02
vectorized_elementwise_kernel,0.01,11.37,0.04,4.58,100,0,99.63
vectorized_elementwise_kernel,0.01,10.85,0.03,6.26,100,0,99.61
vectorized_elementwise_kernel,0.01,10.21,0.03,6.24,100,0,99.42
vectorized_elementwise_kernel,0.04,11.27,0.04,6.32,100,0,98.27
vectorized_elementwise_kernel,0.04,11.49,0.04,4.68,100,0,99.57
vectorized_elementwise_kernel,0.03,8.57,0.03,6.21,100,0,98.38
vectorized_elementwise_kernel,0.04,11.02,0.03,6.20,100,0,99.56
vectorized_elementwise_kernel,0.01,11.40,0.04,4.62,100,0,99.61
vectorized_elementwise_kernel,0.01,11.37,0.04,6.37,100,0,99.57
vectorized_elementwise_kernel,0.01,10.96,0.03,6.18,100,0,98.10
vectorized_elementwise_kernel,0.01,10.88,0.03,4.87,100,0,99.48
vectorized_elementwise_kernel,0.04,10.42,0.03,7.06,100,0,98.28
vectorized_elementwise_kernel,0.04,11.51,0.04,6.22,100,0,98.44
multi_tensor_apply_kernel,1.96,7.16,2.36,23.50,50,42.86,74.01
unrolled_elementwise_kernel,57.01,52.52,52.52,90.95,100,15.17,35.76
unrolled_elementwise_kernel,27.99,18.04,18.04,77.46,100,14.90,42.83
unrolled_elementwise_kernel,32.79,21.16,21.16,70.23,100,15.14,41.01
unrolled_elementwise_kernel,8.44,8.49,5.52,23.19,100,14.14,58.94
unrolled_elementwise_kernel,29.02,18.67,18.67,86.70,100,14.94,44.10
unrolled_elementwise_kernel,32.48,20.95,20.95,72.21,100,15.14,42.03
unrolled_elementwise_kernel,8.67,8.82,5.65,22.38,100,14.49,60.27
unrolled_elementwise_kernel,28.74,18.52,18.52,81.68,100,14.95,44.73
unrolled_elementwise_kernel,32.48,20.94,20.94,71.91,100,15.16,43.09
unrolled_elementwise_kernel,8.47,8.73,5.54,26.20,100,14.31,61.38
unrolled_elementwise_kernel,28.43,18.35,18.35,76.62,100,14.93,45.96
unrolled_elementwise_kernel,32.82,21.19,21.19,67.46,100,15.17,45.37
unrolled_elementwise_kernel,8.18,8.76,5.33,22.57,100,14.34,62.78
unrolled_elementwise_kernel,28.82,18.62,18.62,81.79,100,14.87,49.93
unrolled_elementwise_kernel,32.40,20.92,20.92,71.31,100,15.15,44.94
unrolled_elementwise_kernel,8.48,9.28,5.54,23.20,100,14.41,64.85
unrolled_elementwise_kernel,29.26,18.84,18.84,83.07,100,14.96,46.51
unrolled_elementwise_kernel,32.15,20.74,20.74,72.19,100,15.08,46.73
unrolled_elementwise_kernel,8.44,9.10,5.51,22.82,100,14.32,63.70
unrolled_elementwise_kernel,0.07,5.75,0.16,6.40,100,13.68,98.54
unrolled_elementwise_kernel,0.01,8.85,0.20,6.18,100,16.67,97.98
unrolled_elementwise_kernel,0.01,9.38,0.21,6.28,100,16.67,97.90
unrolled_elementwise_kernel,0.07,5.76,0.17,6.51,100,14.14,96.43
unrolled_elementwise_kernel,0.07,5.80,0.17,6.37,100,15.03,96.55
unrolled_elementwise_kernel,0.01,9.18,0.21,6.51,100,16.67,96.94
unrolled_elementwise_kernel,0.01,9.13,0.21,6.00,100,16.67,97.01
unrolled_elementwise_kernel,0.07,5.63,0.17,6.28,100,13.23,96.38
unrolled_elementwise_kernel,0.07,5.74,0.17,6.16,100,14.66,96.57
unrolled_elementwise_kernel,0.01,8.88,0.20,5.73,100,16.67,97.11
unrolled_elementwise_kernel,0.01,9.44,0.21,6.05,100,16.67,98.13
unrolled_elementwise_kernel,0.07,5.67,0.17,6.27,100,15.03,96.48
unrolled_elementwise_kernel,0.07,6.01,0.17,6.17,100,14.29,98.59
unrolled_elementwise_kernel,0.01,9.41,0.21,6.37,100,16.67,97.44
unrolled_elementwise_kernel,0.01,9.29,0.21,6.11,100,16.67,97.28
unrolled_elementwise_kernel,0.07,5.86,0.17,6.22,100,14.66,98.49
unrolled_elementwise_kernel,0.07,5.85,0.17,5.94,100,15.46,98.31
unrolled_elementwise_kernel,0.01,9.09,0.20,6.58,100,16.67,98.80
unrolled_elementwise_kernel,0.01,9.59,0.21,6.44,100,16.67,99.21
unrolled_elementwise_kernel,0.07,5.82,0.17,6.26,100,14.14,96.33
unrolled_elementwise_kernel,0.07,5.85,0.17,6.35,100,13.76,97.58
unrolled_elementwise_kernel,0.01,9.62,0.22,5.80,100,16.67,98.26
unrolled_elementwise_kernel,0.01,9.49,0.21,6.35,100,16.67,96.94
unrolled_elementwise_kernel,0.07,5.62,0.17,6.40,100,15.46,96.36
vectorized_elementwise_kernel,0.01,10.78,0.03,6.20,100,0,99.44
multi_tensor_apply_kernel,7.87,72.31,72.31,58.09,100,0.01,15.98
multi_tensor_apply_kernel,8.06,74.06,74.06,59.85,100,0.01,15.03
multi_tensor_apply_kernel,7.89,72.47,72.47,60.30,100,0.01,14.78
multi_tensor_apply_kernel,8.18,74.95,74.95,60.09,100,0.01,15.09
multi_tensor_apply_kernel,8.14,74.55,74.55,62.44,100,0.01,16.49
multi_tensor_apply_kernel,5.17,47.28,47.28,24.90,100,0.01,16.36
cleanup,0.05,8.94,0.06,23.27,100,0,100.01
vectorized_elementwise_kernel,0.00,9.91,0.04,4.63,100,0,99.55
vectorized_elementwise_kernel,21.36,65.57,43.78,24.30,100,0,100.72
vectorized_elementwise_kernel,21.34,65.43,42.53,28.84,100,0,99.65
vectorized_elementwise_kernel,18.72,57.24,2.41,34.39,100,0,99.91
vectorized_elementwise_kernel,18.63,57.01,3.95,37.21,100,0,101.01
vectorized_elementwise_kernel,21.17,64.98,42.61,22.85,100,0,100.17
vectorized_elementwise_kernel,21.38,65.53,43.18,25.50,100,0,101.49
vectorized_elementwise_kernel,18.49,56.55,2.33,37.92,100,0,101.48
vectorized_elementwise_kernel,18.54,56.75,2.73,34.67,100,0,100.49
vectorized_elementwise_kernel,20.42,62.66,41.49,23.20,100,0,99.85
vectorized_elementwise_kernel,21.28,65.26,42.15,23.25,100,0,99.02
vectorized_elementwise_kernel,18.66,57.09,3.36,34.70,100,0,99.85
vectorized_elementwise_kernel,18.51,56.62,2.63,32.97,100,0,99.94
vectorized_elementwise_kernel,21.25,65.19,42.49,31.91,100,0,99.62
vectorized_elementwise_kernel,21.44,65.81,43.14,24.80,100,0,100.56
vectorized_elementwise_kernel,18.65,56.99,3.18,29.73,100,0,99.71
vectorized_elementwise_kernel,18.64,57.03,2.81,33.86,100,0,99.93
vectorized_elementwise_kernel,21.40,65.64,42.89,22.39,100,0,100.28
vectorized_elementwise_kernel,21.20,65.07,42.40,22.65,100,0,100.87
vectorized_elementwise_kernel,17.24,52.70,2.83,33.52,100,0,101.57
vectorized_elementwise_kernel,18.49,56.58,3.90,33.86,100,0,100.16
vectorized_elementwise_kernel,21.49,65.91,43.30,22.21,100,0,100.06
vectorized_elementwise_kernel,21.45,65.78,43.41,22.35,100,0,99.57
vectorized_elementwise_kernel,18.33,56.01,4.32,34.27,100,0,99.38
vectorized_elementwise_kernel,18.63,57.05,2.93,44.31,100,0,100.57
multi_tensor_apply_kernel,14.90,75.18,75.18,47.50,50,27.69,48.26
multi_tensor_apply_kernel,15.12,76.32,76.32,47.61,50,28.91,45.67
multi_tensor_apply_kernel,15.16,76.41,76.41,47.61,50,29.90,45.20
multi_tensor_apply_kernel,15.18,76.56,76.56,47.44,50,31.51,44.84
multi_tensor_apply_kernel,15.07,76.04,76.04,47.74,50,29.44,44.68
multi_tensor_apply_kernel,16.40,77.77,77.77,24.41,50,41.81,45.43
unrolled_elementwise_kernel,55.03,44.99,44.99,89.34,100,15.28,38.28
unrolled_elementwise_kernel,51.78,34.93,34.93,86.71,100,15.43,40.97
unrolled_elementwise_kernel,54.69,44.84,44.84,87.69,100,15.29,41.41
unrolled_elementwise_kernel,52.06,35.12,35.12,86.90,100,15.43,41.83
unrolled_elementwise_kernel,54.69,44.82,44.82,89.17,100,15.26,43.84
unrolled_elementwise_kernel,51.90,35.67,35.67,87.54,100,15.42,44.18
unrolled_elementwise_kernel,55.08,44.99,44.99,89.18,100,15.27,46.04
unrolled_elementwise_kernel,52.41,35.13,35.13,88.39,100,15.40,46.61
unrolled_elementwise_kernel,54.93,44.71,44.71,89.22,100,15.28,46.71
unrolled_elementwise_kernel,52.23,35.02,35.02,87.06,100,15.43,46.50
unrolled_elementwise_kernel,54.89,44.87,44.87,89.09,100,15.26,47.38
unrolled_elementwise_kernel,52.53,35.15,35.15,87.56,100,15.44,47.15
vectorized_elementwise_kernel,23.61,84.07,84.07,41.11,100,0,99.54
vectorized_elementwise_kernel,24.57,92.86,92.86,48.54,100,0,99.68
vectorized_elementwise_kernel,0.01,7.72,0.06,6.44,100,8.33,97.68
vectorized_elementwise_kernel,0.01,9.44,0.08,6.36,100,8.33,99.03
vectorized_elementwise_kernel,0.01,8.54,0.05,6.17,100,25,99.23
vectorized_elementwise_kernel,0.01,9.43,0.06,6.15,100,0,100.39
vectorized_elementwise_kernel,0.01,8.94,0.06,5.76,100,47.06,99.49
index_elementwise_kernel,27.20,6.88,0.26,48.03,75,66.09,94.96
elementwise_kernel,17.61,10.57,5.19,43.44,100,48.57,66.15
elementwise_kernel_with_index,0.02,11.34,0.03,4.73,100,0,99.56
vectorized_elementwise_kernel,0.01,9.99,0.05,7.36,100,0,99.45
elementwise_kernel,0.88,7.84,0.11,6.22,100,43.06,98.91
CatArrayBatchedCopy_aligned16_contig,0.93,7.81,0.48,6.06,100,60,92.78
rmsnorm_fwd_tuned_kernel,5.61,10.50,6.31,14.33,25,25.12,66.85
Kernel,15.81,27.88,13.08,6.09,6.25,0,63.78
splitKreduce_kernel,17.50,13.68,10.76,62.28,100,0,43.56
elementwise_kernel,3.94,7.04,1.54,10.77,100,23.71,80.43
rmsnorm_fwd_general_kernel,5.11,8.79,1.87,11.31,100,30.28,83.38
elementwise_kernel,0.98,6.15,0.48,6.28,100,25,92.57
rmsnorm_fwd_general_kernel,1.25,7.44,0.51,6.08,100,26.75,91.99
fused_rope_forward,6.76,6.62,1.82,11.58,100,60,75.93
fused_rope_forward,4.25,6.37,1.09,10.84,100,68.18,81.90
elementwise_kernel,0.98,6.07,0.47,6.20,100,25,89.59
elementwise_kernel_with_index,0.00,11.48,0.03,2.58,100,0,99.67
elementwise_kernel_with_index,0.00,11.06,0.03,2.92,100,0,99.58
flash_fwd_kernel,0.83,2.08,0.68,6.20,12.50,8.54,78.40
Kernel,10.59,16.70,7.44,6.45,18.75,0,70.36
kernel2,22.43,12.00,11.35,20.46,56.25,0,56.19
rmsnorm_fwd_tuned_kernel,5.49,10.50,6.15,14.35,25,25.11,67.98
Kernel,6.03,12.57,7.08,6.38,25,0,76.29
splitKreduce_kernel,4.04,10.70,7.73,24.01,100,0,51.70
_scatter_gather_elementwise_kernel,0.02,6.61,0.22,5.80,100,2.99,94.87
unrolled_elementwise_kernel,0.01,7.72,0.16,6.35,100,0,98.26
softmax_warp_forward,0.02,8.53,0.06,5.68,100,25,96.80
unrolled_elementwise_kernel,0.01,7.22,0.17,5.89,100,16.67,96.34
unrolled_elementwise_kernel,1.04,5.99,0.44,6.40,100,0,93.52
softmax_warp_forward,1.34,8.15,1.00,6.26,100,0,88.93
gatherTopK,12.04,3.15,0.32,11.46,62.50,88.96,87.91
bitonicSortKVInPlace,2.81,4.16,0.15,3.00,46.88,50,95.92
vectorized_elementwise_kernel,0.44,11.67,0.04,6.47,100,0,100.36
unrolled_elementwise_kernel,1.06,6.13,0.46,6.07,100,0,92.58
_scatter_gather_elementwise_kernel,0.09,6.13,0.22,6.49,100,0,96.48
unrolled_elementwise_kernel,1.01,5.97,0.80,6.27,100,14.26,86.50
vectorized_elementwise_kernel,0.58,12.53,0.03,5.74,100,0,100.29
_scatter_gather_elementwise_kernel,0.01,7.23,0.18,5.62,100,0,97.74
reduce_kernel,0.23,5.23,1.34,6.48,37.50,40,79.16
reduce_kernel,0.03,2.65,0.44,6.19,56.25,1.15,84.47
vectorized_elementwise_kernel,0.01,9.83,0.05,6.30,100,8.33,99.07
unrolled_elementwise_kernel,0.01,9.04,0.18,6.01,100,0,97.11
reduce_kernel,0.02,7.46,0.42,5.91,100,0,93.67
unrolled_elementwise_kernel,0.13,5.78,0.28,6.08,100,0,95.06
reduce_kernel,0.01,4.28,0.31,4.02,56.25,8.33,91.99
elementwise_kernel,0.02,7.55,0.36,5.77,100,8.33,94.08
vectorized_elementwise_kernel,0.01,10.04,0.05,6.29,100,0,98.95
reduce_kernel,0.02,7.32,0.38,6.14,100,0,94.46
vectorized_elementwise_kernel,0.00,9.32,0.03,4.70,100,0,99.93
vectorized_elementwise_kernel,0.00,9.05,0.03,4.27,100,50,99.57
vectorized_elementwise_kernel,0.00,10.21,0.04,4.18,100,0,99.50
vectorized_elementwise_kernel,0.01,10.08,0.04,3.08,100,33.33,99.91
vectorized_elementwise_kernel,0.58,12.47,0.03,5.90,100,0,100.38
_scatter_gather_elementwise_kernel,0.01,7.03,0.18,6.03,100,0,96.63
reduce_kernel,0.24,5.34,1.39,6.23,37.50,40,78.28
reduce_kernel,0.02,6.92,0.54,6.04,100,8.33,91.27
index_elementwise_kernel,0.01,6.82,0.30,6.34,75,25,92.68
reduce_kernel,0.02,6.68,0.38,6.79,100,8.33,91.75
reduce_kernel,0.01,5.34,0.33,1.56,37.50,58.33,91.81
DeviceScanInitKernel,0.01,9.49,0.03,6.17,100,0,99.47
DeviceScanKernel,0.03,8.10,0.19,5.76,75,5.88,96.63
vectorized_elementwise_kernel,0.01,9.38,0.07,6.24,100,8.33,97.77
reduce_kernel,0.02,6.89,0.38,5.70,100,0,93.30
compute_cuda_kernel,0.29,8.54,0.06,24.42,100,75.74,99.28
indexSelectLargeIndex,0.02,7.01,0.04,6.16,100,5.45,97.83
elementwise_kernel_with_index,0.02,11.11,0.03,3.10,100,0,99.56
radixSortKVInPlace,0.06,1.01,0.06,1.57,12.50,50,91.01
vectorized_elementwise_kernel,0.02,7.95,0.14,5.58,75,0,97.58
indexSelectLargeIndex,27.18,7.52,0.51,45.39,100,35.64,93.62
vectorized_elementwise_kernel,4.93,12.58,0.03,42.16,100,0,98.88
elementwise_kernel_with_index,0.02,11.02,0.03,2.19,100,0,100.08
radixSortKVInPlace,0.05,1.42,0.09,1.57,12.50,50,91.06
vectorized_elementwise_kernel,0.02,8.78,0.15,6.62,75,0,96.70
indexSelectLargeIndex,25.47,8.32,3.59,45.83,100,32.45,71.27
kernel,2.41,17.21,4.05,6.68,18.75,5.55,78.49
Kernel,4.34,7.15,4.22,6.23,25,0,58.24
splitKreduce_kernel,0.23,7.65,0.23,11.12,100,0,96.35
Kernel,7.97,10.81,5.97,6.25,25,0,73.94
splitKreduce_kernel,2.54,10.44,8.97,22.10,100,0,46.46
kernel,2.45,17.66,4.11,5.98,18.75,5.55,80.87
kernel,2.29,16.55,3.84,6.31,18.75,5.55,81.99
Kernel,4.26,7.43,4.24,5.62,25,0,61.95
splitKreduce_kernel,0.27,7.88,0.68,15.21,100,0,90.79
Kernel,4.35,7.78,4.45,6.43,25,0,61.01
splitKreduce_kernel,0.31,7.29,1.09,19.64,100,0,85.48
Kernel,4.83,8.17,4.79,6.65,25,0,63.19
splitKreduce_kernel,1.78,9.09,3.03,24.73,100,0,72.36
Kernel,4.28,7.44,4.29,6.21,25,0,60.80
splitKreduce_kernel,0.26,7.33,0.71,18.32,100,0,90.30
kernel,2.30,16.43,3.86,6.01,18.75,5.55,79.53
kernel,2.31,16.46,3.87,6.33,18.75,5.55,79.81
Kernel,4.14,7.93,4.42,6.42,25,0,64.57
splitKreduce_kernel,0.59,7.84,1.87,20.04,100,0,77.35
elementwise_kernel,1.28,5.29,0.32,6.14,100,21.17,93.52
elementwise_kernel,0.82,5.73,0.57,6.20,100,15.40,89.49
gemvNSP_kernel,7.62,10.18,2.67,33.70,75,31.09,82.54
Kernel,2.55,6.43,2.11,6.28,25,0,74.47
Kernel,11.78,19.44,1.91,12.14,56.25,13.78,89.53
gemvNSP_kernel,7.62,10.11,2.67,33.72,75,31.09,81.63
gemvNSP_kernel,7.90,10.43,2.78,37.23,75,31.09,81.93
Kernel,2.63,6.61,2.17,6.19,25,0,73.71
Kernel,3.79,7.69,2.31,6.22,43.75,0,83.72
Kernel,9.54,15.53,2.03,9.13,56.25,3.06,90.25
Kernel,2.61,6.65,2.15,6.49,25,0,74.98
gemvNSP_kernel,7.59,10.12,2.67,37.06,75,31.09,83.21
gemvNSP_kernel,7.05,9.21,2.47,33.85,75,31.09,80.42
Kernel,4.10,7.29,2.14,6.33,31.25,0,84.13
elementwise_kernel,11.64,37.23,4.26,37.62,100,37.02,92.20
elementwise_kernel,10.53,50.20,3.86,41.91,100,2.86,95.22
vectorized_elementwise_kernel,4.62,11.69,0.03,37.90,100,0,99.71
index_elementwise_kernel,19.81,9.07,4.34,39.49,100,36.52,67.36
reduce_kernel,14.13,12.19,3.80,41.15,56.25,42.79,78.95
vectorized_elementwise_kernel,5.29,12.16,0.03,44.88,100,0,98.43
vectorized_elementwise_kernel,5.44,12.88,0.03,43.33,100,0,99.48
index_elementwise_kernel,21.82,9.75,4.77,46.04,100,36.44,69.44
elementwise_kernel,18.84,11.21,5.24,42.61,100,36.57,68.12
reduce_kernel,3.41,5.90,4.15,6.43,56.25,19.98,57.53
vectorized_elementwise_kernel,5.40,12.37,0.03,44.96,100,0,99.79
kernel2,22.62,12.44,11.42,20.35,56.25,0,57.70
rmsnorm_fwd_tuned_kernel,5.73,11.02,6.43,15.74,25,25.12,68.12
Kernel,15.91,28.09,13.16,6.62,6.25,0,64.78
splitKreduce_kernel,18.39,14.28,11.27,69.98,100,0,42.99
elementwise_kernel,3.67,6.60,1.43,10.87,100,23.78,81.53
rmsnorm_fwd_general_kernel,5.10,8.66,1.87,11.40,100,30.28,81.48
elementwise_kernel,0.95,5.90,0.46,6.23,100,24.99,91.93
rmsnorm_fwd_general_kernel,1.33,7.92,0.54,6.69,100,26.74,93.74
fused_rope_forward,6.78,6.53,1.83,11.54,100,60,75.71
fused_rope_forward,4.41,6.54,1.13,11.78,100,68.18,83.99
elementwise_kernel,0.96,5.95,0.46,6.30,100,25,91.72
elementwise_kernel_with_index,0.00,11.36,0.03,2.99,100,0,99.79
elementwise_kernel_with_index,0.00,10.91,0.03,3.51,100,0,99.64
flash_fwd_kernel,0.84,2.02,0.68,6.15,12.50,8.54,77.93
Kernel,10.68,16.85,7.51,6.11,18.75,0,72.34
kernel2,22.58,12.53,11.39,20.50,56.25,0,58.51
rmsnorm_fwd_tuned_kernel,5.54,10.49,6.22,14.24,25,25.12,67.16
Kernel,6.29,13.45,7.36,6.34,25,0,78.41
splitKreduce_kernel,4.11,10.58,7.85,23.92,100,0,50.18
_scatter_gather_elementwise_kernel,0.01,6.30,0.22,5.99,100,3.03,95.42
unrolled_elementwise_kernel,0.01,7.23,0.15,6.27,100,0,96.40
softmax_warp_forward,0.02,8.74,0.06,5.64,100,25,98.34
unrolled_elementwise_kernel,0.01,8.06,0.18,8.02,100,16,97.97
unrolled_elementwise_kernel,1.05,6.02,0.45,6.23,100,0,91.66
softmax_warp_forward,1.31,7.95,0.98,6.15,100,0,87.98
gatherTopK,14.30,3.66,0.32,11.24,62.50,90.36,88.75
bitonicSortKVInPlace,2.88,4.32,0.15,3.10,46.88,50,98.08
vectorized_elementwise_kernel,0.43,11.44,0.03,6.03,100,0,100.65
unrolled_elementwise_kernel,0.98,5.67,0.43,6.50,100,0,93.18
_scatter_gather_elementwise_kernel,0.09,6.17,0.22,6.13,100,0,98.16
unrolled_elementwise_kernel,0.99,6.04,0.79,6.66,100,14.31,89.46
vectorized_elementwise_kernel,0.59,12.79,0.03,5.15,100,0,100.19
_scatter_gather_elementwise_kernel,0.01,7.29,0.18,5.44,100,0,98.36
reduce_kernel,0.23,5.15,1.33,6.03,37.50,40,79.45
reduce_kernel,0.03,2.65,0.44,6.04,56.25,1.15,84.57
vectorized_elementwise_kernel,0.01,8.83,0.05,6.88,100,8.33,99.25
unrolled_elementwise_kernel,0.01,9.03,0.18,6.21,100,0,97.23
reduce_kernel,0.02,7.12,0.40,6.12,100,0,94.18
unrolled_elementwise_kernel,0.14,6.20,0.31,6.28,100,0,94.31
reduce_kernel,0.01,4.34,0.32,3.66,56.25,8.33,91.52
elementwise_kernel,0.02,7.74,0.38,5.54,100,8.33,94.05
vectorized_elementwise_kernel,0.01,10.49,0.05,5.56,100,0,99.39
reduce_kernel,0.02,7.14,0.38,5.58,100,0,93.53
vectorized_elementwise_kernel,0.00,10.02,0.04,4.05,100,0,99.42
vectorized_elementwise_kernel,0.00,9.53,0.03,4.35,100,50,99.43
vectorized_elementwise_kernel,0.00,10.37,0.04,4.38,100,0,99.30
unrolled_elementwise_kernel,0.01,9.96,0.04,3.82,100,33.33,99.55
vectorized_elementwise_kernel,0.59,12.51,0.03,5.76,100,0,98.90
_scatter_gather_elementwise_kernel,0.01,6.97,0.17,5.95,100,0,96.71
reduce_kernel,0.24,5.21,1.36,6.41,37.50,40,79.16
reduce_kernel,0.02,6.81,0.39,6.07,100,8.33,93.39
index_elementwise_kernel,0.01,6.70,0.30,6.86,75,25,94.46
reduce_kernel,0.02,6.27,0.36,6.30,100,8.33,93.37
reduce_kernel,0.01,5.30,0.33,1.67,37.50,58.33,92.89
DeviceScanInitKernel,0.01,10.77,0.03,5.95,100,0,99.59
DeviceScanKernel,0.03,7.47,0.18,5.37,75,5.88,96.84
vectorized_elementwise_kernel,0.01,9.57,0.07,7.22,100,8.33,99.21
reduce_kernel,0.02,6.87,0.38,5.75,100,0,93.40
compute_cuda_kernel,0.30,8.77,0.06,26.04,100,77.73,99.17
indexSelectLargeIndex,0.02,6.86,0.04,6.44,100,5.45,99.32
elementwise_kernel_with_index,0.02,11.74,0.03,3.13,100,0,99.70
radixSortKVInPlace,0.06,1.00,0.06,1.57,12.50,50,92.89
vectorized_elementwise_kernel,0.02,8.35,0.14,5.63,75,0,97.83
indexSelectLargeIndex,28.21,8.13,0.52,44.77,100,35.80,95.54
vectorized_elementwise_kernel,4.91,12.46,0.03,38.46,100,0,99.11
elementwise_kernel_with_index,0.02,11.71,0.03,3.07,100,0,99.71
radixSortKVInPlace,0.05,1.40,0.09,1.56,12.50,50,92.57
vectorized_elementwise_kernel,0.02,8.59,0.15,6.13,75,0,97.51
indexSelectLargeIndex,24.98,8.02,3.52,47.31,100,32.52,69.22
kernel,2.32,17.89,3.90,6.44,18.75,5.55,91.92
Kernel,4.29,7.24,4.18,6.28,25,0,60.17
splitKreduce_kernel,0.23,7.86,0.24,12.54,100,0,96.22
Kernel,7.87,11.00,5.90,6.24,25,0,74.93
splitKreduce_kernel,2.56,10.00,9.06,22.85,100,0,43.24
kernel,2.36,17.96,3.97,6.45,18.75,5.55,87.02
kernel,2.34,17.66,3.93,6.51,18.75,5.55,86.67
Kernel,4.19,7.24,4.18,6.38,25,0,61.38
splitKreduce_kernel,0.26,7.49,0.64,16.53,100,0,90.78
Kernel,4.02,7.33,4.14,6.27,25,0,64.21
splitKreduce_kernel,0.33,7.69,1.16,22.78,100,0,84.82
Kernel,4.76,8.54,4.72,6.16,25,0,67.07
splitKreduce_kernel,1.82,9.14,3.11,23.96,100,0,70.31
Kernel,4.34,7.64,4.34,6.12,25,0,63.16
splitKreduce_kernel,0.26,7.50,0.73,17.11,100,0,89.70
kernel,2.36,17.66,3.97,6.09,18.75,5.55,87.19
kernel,2.34,17.86,3.93,5.90,18.75,5.55,88.60
Kernel,4.33,8.31,4.64,5.96,25,0,65.79
splitKreduce_kernel,0.60,7.82,1.89,19.98,100,0,76.71
elementwise_kernel,1.24,5.07,0.31,6.24,100,21.46,92.81
elementwise_kernel,0.87,6.08,0.61,5.98,100,15.45,89.90
gemvNSP_kernel,7.68,10.14,2.71,33.54,75,31.09,80.67
Kernel,2.53,6.37,2.09,6.26,25,0,74.17
Kernel,12.08,19.94,1.96,12.14,56.25,13.78,90.18
gemvNSP_kernel,7.30,9.63,2.57,32.20,75,31.09,80.92
gemvNSP_kernel,7.42,9.78,2.61,37.61,75,31.09,79.86
Kernel,2.55,6.46,2.11,6.18,25,0,73.99
Kernel,3.78,7.59,2.30,6.52,43.75,0,81.94
Kernel,9.18,14.95,1.95,9.09,56.25,3.06,87.32
Kernel,2.49,6.31,2.06,6.30,25,0,73.73
gemvNSP_kernel,7.38,9.70,2.60,36.90,75,31.09,80.47
gemvNSP_kernel,7.18,9.47,2.53,32.51,75,31.09,81.02
Kernel,4.15,7.29,2.16,6.20,31.25,0,82.84
elementwise_kernel,11.82,37.33,4.34,39.70,100,37.01,90.86
elementwise_kernel,10.40,48.81,3.82,40.03,100,2.85,93.73
vectorized_elementwise_kernel,4.97,12.54,0.03,39.38,100,0,99.75
index_elementwise_kernel,19.92,9.12,4.37,38.21,100,36.24,67.59
reduce_kernel,13.94,11.94,3.74,44.10,56.25,47.13,72.85
vectorized_elementwise_kernel,5.25,12.45,0.03,53.85,100,0,100.00
vectorized_elementwise_kernel,5.37,12.54,0.03,34.53,100,0,99.88
index_elementwise_kernel,21.83,9.78,4.77,44.70,100,36.27,67.70
elementwise_kernel,18.96,11.43,5.26,43.07,100,36.59,68.52
reduce_kernel,3.47,6.10,4.22,6.09,56.25,20.75,59.41
vectorized_elementwise_kernel,5.48,12.56,0.03,39.06,100,0,99.85
kernel2,22.10,12.42,11.17,20.41,56.25,0,59.09
rmsnorm_fwd_tuned_kernel,5.65,10.90,6.36,13.52,25,25.12,68.36
Kernel,15.98,28.23,13.22,6.24,6.25,0,66.92
splitKreduce_kernel,19.40,14.94,11.92,59.93,100,0,41.83
elementwise_kernel,3.49,6.28,1.36,11.66,100,23.67,82.14
rmsnorm_fwd_general_kernel,4.82,8.27,1.77,11.75,100,30.23,81.96
elementwise_kernel,0.96,5.95,0.46,6.26,100,24.90,93.23
rmsnorm_fwd_general_kernel,1.21,7.26,0.49,6.07,100,26.90,93.74
fused_rope_forward,6.85,6.59,1.85,11.18,100,60,73.40
fused_rope_forward,4.34,6.43,1.11,11.19,100,68.18,79.58
elementwise_kernel,0.96,5.95,0.46,6.30,100,24.99,90.59
elementwise_kernel_with_index,0.00,11.49,0.03,2.91,100,0,98.59
elementwise_kernel_with_index,0.00,10.26,0.03,3.63,100,0,98.18
flash_fwd_kernel,0.83,2.02,0.67,6.30,12.50,8.55,75.81
Kernel,10.81,17.04,7.59,6.37,18.75,0,74.35
kernel2,22.30,12.77,11.28,19.94,56.25,0,58.84
rmsnorm_fwd_tuned_kernel,5.52,10.79,6.20,14.58,25,25.12,68.18
Kernel,6.07,12.94,7.09,6.27,25,0,77.18
splitKreduce_kernel,4.09,10.47,7.83,26.54,100,0,49.33
_scatter_gather_elementwise_kernel,0.01,6.17,0.22,6.41,100,2.29,93.57
unrolled_elementwise_kernel,0.01,7.99,0.16,6.61,100,0,95.44
softmax_warp_forward,0.02,8.78,0.06,6.30,100,25,98.82
unrolled_elementwise_kernel,0.01,7.87,0.18,6.81,100,16.67,98.07
unrolled_elementwise_kernel,0.98,5.64,0.42,6.18,100,0,92.96
softmax_warp_forward,1.32,8.03,0.98,5.99,100,0,89.11
gatherTopK,13.71,3.51,0.32,11.13,62.50,90.18,87.54
bitonicSortKVInPlace,2.89,4.26,0.16,3.00,46.88,50,95.89
vectorized_elementwise_kernel,0.44,11.56,0.04,6.41,100,0,98.50
unrolled_elementwise_kernel,1.04,5.96,0.45,5.87,100,0,92.06
_scatter_gather_elementwise_kernel,0.09,5.99,0.22,5.99,100,0,95.54
unrolled_elementwise_kernel,0.97,5.75,0.77,6.27,100,14.29,87.47
vectorized_elementwise_kernel,0.58,12.43,0.03,5.78,100,0,98.34
_scatter_gather_elementwise_kernel,0.01,6.57,0.16,6.01,100,0,94.48
reduce_kernel,0.24,5.35,1.39,5.89,37.50,40,78.00
reduce_kernel,0.03,2.54,0.42,5.97,56.25,1.15,84.38
vectorized_elementwise_kernel,0.01,9.62,0.05,5.24,100,8.33,99.21
unrolled_elementwise_kernel,0.01,9.13,0.19,6.24,100,0,97.41
reduce_kernel,0.02,6.80,0.39,6.15,100,0,92.49
unrolled_elementwise_kernel,0.14,6.02,0.30,6.29,100,0,93.08
reduce_kernel,0.02,4.51,0.33,3.96,56.25,8.33,90.75
elementwise_kernel,0.02,7.37,0.36,6.09,100,8.33,92.90
vectorized_elementwise_kernel,0.01,9.95,0.05,6.79,100,0,99.15
reduce_kernel,0.02,6.90,0.37,5.79,100,0,93.42
vectorized_elementwise_kernel,0.00,9.69,0.03,4.13,100,0,99.39
vectorized_elementwise_kernel,0.00,9.87,0.04,4.53,100,50,99.29
vectorized_elementwise_kernel,0.00,10.46,0.06,4.56,100,0,100.82
vectorized_elementwise_kernel,0.00,9.46,0.04,3.67,100,33.33,98.27
vectorized_elementwise_kernel,0.58,12.45,0.03,5.14,100,0,98.75
_scatter_gather_elementwise_kernel,0.01,7.06,0.18,6.33,100,0,95.23
reduce_kernel,0.24,5.38,1.38,6.36,37.50,40.74,79.77
reduce_kernel,0.02,7.18,0.41,6.07,100,8.33,93.53
index_elementwise_kernel,0.01,7.08,0.31,6.45,75,25,94.43
reduce_kernel,0.02,6.54,0.37,6.31,100,8.33,93.55
reduce_kernel,0.01,5.59,0.34,1.48,37.50,58.33,92.69
DeviceScanInitKernel,0.01,10.84,0.03,6.06,100,0,99.61
DeviceScanKernel,0.03,8.20,0.19,5.72,75,5.88,98.64
vectorized_elementwise_kernel,0.01,8.95,0.06,6.61,100,8.11,99.74
reduce_kernel,0.02,7.05,0.38,6.09,100,0,93.54
compute_cuda_kernel,0.28,8.38,0.06,22.58,100,77.17,99.81
indexSelectLargeIndex,0.02,7.13,0.04,6.38,100,5.45,99.57
elementwise_kernel_with_index,0.02,11.60,0.03,2.94,100,0,99.61
radixSortKVInPlace,0.06,1.00,0.06,1.55,12.50,50,91.01
vectorized_elementwise_kernel,0.02,8.12,0.14,5.58,75,0,96.37
indexSelectLargeIndex,29.15,8.33,0.54,47.29,100,35.56,92.70
vectorized_elementwise_kernel,4.98,12.51,0.03,34.07,100,0,96.13
elementwise_kernel_with_index,0.02,11.60,0.03,2.24,100,0,98.28
radixSortKVInPlace,0.05,1.40,0.09,1.55,12.50,50,92.12
vectorized_elementwise_kernel,0.02,8.69,0.15,6.44,75,0,97.69
indexSelectLargeIndex,25.60,8.27,3.60,46.17,100,32.39,71.02
kernel,2.40,18.21,4.03,6.50,18.75,5.55,82.47
Kernel,4.21,7.28,4.10,6.56,25,0,61.64
splitKreduce_kernel,0.23,7.84,0.23,11.79,100,0,97.83
Kernel,8.31,11.49,6.22,6.25,25,0,74.79
splitKreduce_kernel,2.63,10.43,9.29,25.01,100,0,43.82
kernel,2.32,17.71,3.90,6.14,18.75,5.55,83.36
kernel,2.30,17.63,3.86,6.17,18.75,5.55,81.97
Kernel,4.34,7.43,4.34,7.01,25,0,60.56
splitKreduce_kernel,0.28,7.98,0.69,16.09,100,0,90.81
Kernel,4.33,7.93,4.42,6.23,25,0,64.35
splitKreduce_kernel,0.33,7.71,1.16,21.74,100,0,84.89
Kernel,5.05,8.73,4.99,6.14,25,0,63.70
splitKreduce_kernel,1.79,9.02,3.05,21.92,100,0,70.19
Kernel,4.09,7.14,4.10,6.27,25,0,60.86
splitKreduce_kernel,0.27,7.56,0.73,17.80,100,0,90.68
kernel,2.32,17.46,3.89,6.35,18.75,5.55,83.44
kernel,2.28,17.68,3.82,6.09,18.75,5.55,84.38
Kernel,4.15,8.04,4.45,5.91,25,0,66.33
splitKreduce_kernel,0.61,8.07,1.95,20.91,100,0,77.06
elementwise_kernel,1.31,5.38,0.33,6.37,100,21.14,92.09
elementwise_kernel,0.84,5.91,0.59,5.82,100,15.67,87.41
gemvNSP_kernel,7.12,9.68,2.50,35.17,75,31.09,85.88
Kernel,2.69,6.74,2.21,6.36,25,0,73.88
Kernel,11.95,19.72,1.95,12.66,56.25,13.78,90.90
gemvNSP_kernel,7.33,9.79,2.58,32.64,75,31.09,82.21
gemvNSP_kernel,7.51,10.03,2.65,35.57,75,31.09,82.79
Kernel,2.58,6.94,2.14,6.08,25,0,79.39
Kernel,3.68,7.50,2.24,6.16,43.75,0,83.46
Kernel,9.54,15.53,2.03,9.55,56.25,3.06,89.00
Kernel,2.56,6.61,2.11,6.22,25,0,77.28
gemvNSP_kernel,7.55,10.20,2.66,33.98,75,31.09,83.07
gemvNSP_kernel,7.30,9.74,2.57,32.88,75,31.09,82.52
Kernel,4.01,7.21,2.09,6.53,31.25,0,83.86
elementwise_kernel,11.57,36.03,4.24,39.17,100,36.97,89.10
elementwise_kernel,10.58,49.95,3.88,38.32,100,2.85,92.94
vectorized_elementwise_kernel,4.90,12.40,0.03,38.96,100,0,99.14
index_elementwise_kernel,19.90,9.13,4.36,40.65,100,36.44,68.04
reduce_kernel,14.36,13.91,3.86,40.91,56.25,40.02,89.40
vectorized_elementwise_kernel,5.30,12.27,0.03,43.34,100,0,99.60
vectorized_elementwise_kernel,5.44,13.17,0.03,35.80,100,0,100.02
index_elementwise_kernel,22.30,10.13,4.88,43.65,100,36.29,68.48
elementwise_kernel,18.73,11.31,5.19,44.37,100,36.35,69.08
reduce_kernel,3.30,5.80,4.01,6.28,56.25,19.11,58.96
vectorized_elementwise_kernel,5.48,12.51,0.03,40.12,100,0,99.96
kernel2,22.50,12.83,11.37,20.64,56.25,0,59.57
rmsnorm_fwd_tuned_kernel,5.73,11.12,6.44,15.18,25,25.12,67.52
Kernel,16.18,28.56,13.36,6.31,6.25,0,55.54
splitKreduce_kernel,19.03,14.54,11.70,64.71,100,0,40.39
elementwise_kernel,3.78,6.76,1.48,11.53,100,23.68,80.13
rmsnorm_fwd_general_kernel,4.99,8.51,1.83,11.84,100,30.22,81.89
elementwise_kernel,0.99,6.19,0.48,5.85,100,25,91.17
rmsnorm_fwd_general_kernel,1.31,7.87,0.53,6.30,100,26.92,94.26
fused_rope_forward,6.83,6.58,1.85,11.90,100,60,75.99
fused_rope_forward,4.45,6.68,1.14,11.67,100,68.18,83.62
elementwise_kernel,0.96,5.96,0.46,6.23,100,25,91.35
elementwise_kernel_with_index,0.00,9.31,0.02,3.73,100,0,98.13
elementwise_kernel_with_index,0.00,10.57,0.03,2.96,100,0,98.21
flash_fwd_kernel,0.82,1.99,0.67,6.07,12.50,8.54,75.94
Kernel,10.54,16.62,7.41,6.26,18.75,0,73.49
kernel2,22.22,12.93,11.21,21.72,56.25,0,59.94
rmsnorm_fwd_tuned_kernel,5.65,11.08,6.33,15.24,25,25.12,69.02
Kernel,6.14,13.13,7.16,6.39,25,0,77.05
splitKreduce_kernel,4.14,10.65,7.89,25.77,100,0,49.33
_scatter_gather_elementwise_kernel,0.01,6.28,0.22,6.82,100,0.77,94.00
unrolled_elementwise_kernel,0.01,7.62,0.16,6.78,100,0,95.91
softmax_warp_forward,0.02,8.37,0.06,6.36,100,25,97.10
unrolled_elementwise_kernel,0.01,7.59,0.17,7.18,100,16.67,94.98
unrolled_elementwise_kernel,1.03,5.89,0.45,6.15,100,0,90.99
softmax_warp_forward,1.31,8.31,0.97,6.12,100,0,91.91
gatherTopK,12.13,3.18,0.33,11.46,62.50,88.96,86.37
bitonicSortKVInPlace,2.92,4.29,0.16,2.98,46.88,50,95.84
vectorized_elementwise_kernel,0.40,10.58,0.03,5.87,100,0,100.30
unrolled_elementwise_kernel,1.01,5.79,0.44,6.30,100,0,92.66
_scatter_gather_elementwise_kernel,0.09,6.27,0.23,5.96,100,0,94.02
unrolled_elementwise_kernel,0.97,5.73,0.77,6.47,100,14.20,86.22
vectorized_elementwise_kernel,0.59,12.61,0.03,5.94,100,0,98.97
_scatter_gather_elementwise_kernel,0.01,7.07,0.18,6.55,100,0,95.87
reduce_kernel,0.22,4.95,1.29,6.17,37.50,40,77.21
reduce_kernel,0.03,2.69,0.45,6.22,56.25,1.15,83.44
vectorized_elementwise_kernel,0.01,9.47,0.05,6.21,100,8.11,97.32
unrolled_elementwise_kernel,0.01,9.08,0.19,5.98,100,0,95.38
reduce_kernel,0.02,6.90,0.39,6.37,100,0,91.89
unrolled_elementwise_kernel,0.14,5.91,0.29,6.49,100,0,92.10
reduce_kernel,0.02,4.40,0.32,3.72,56.25,8.33,89.28
elementwise_kernel,0.02,7.46,0.36,6.22,100,8.33,92.84
vectorized_elementwise_kernel,0.01,10.12,0.05,6.34,100,0,97.75
reduce_kernel,0.02,6.99,0.37,6.06,100,0,92.60
vectorized_elementwise_kernel,0.00,9.68,0.04,4.20,100,0,98.32
vectorized_elementwise_kernel,0.00,9.64,0.03,4.04,100,50,98.10
vectorized_elementwise_kernel,0.00,9.83,0.04,3.93,100,0,98.57
unrolled_elementwise_kernel,0.01,10.10,0.04,4.52,100,33.33,98.17
vectorized_elementwise_kernel,0.58,12.42,0.03,6.08,100,0,98.03
_scatter_gather_elementwise_kernel,0.01,6.73,0.17,5.67,100,0,95.49
reduce_kernel,0.23,5.07,1.32,6.00,37.50,40,78.50
reduce_kernel,0.02,7.07,0.40,6.59,100,8.33,91.83
index_elementwise_kernel,0.01,6.44,0.29,6.14,75,25,94.31
reduce_kernel,0.02,6.35,0.36,6.55,100,8.33,93.18
reduce_kernel,0.01,5.44,0.33,1.60,37.50,58.33,92.88
DeviceScanInitKernel,0.01,11.02,0.03,6.21,100,0,99.82
DeviceScanKernel,0.03,8.21,0.19,5.61,75,5.88,96.68
vectorized_elementwise_kernel,0.01,9.64,0.07,6.96,100,8.33,97.68
reduce_kernel,0.02,6.79,0.38,5.61,100,0,91.94
compute_cuda_kernel,0.28,8.43,0.06,23.79,100,77.49,98.97
indexSelectLargeIndex,0.02,6.60,0.04,6.01,100,5.45,97.16
elementwise_kernel_with_index,0.02,8.94,0.02,3.01,100,0,97.77
radixSortKVInPlace,0.06,1.02,0.06,1.56,12.50,50,91.49
vectorized_elementwise_kernel,0.02,8.50,0.15,6.30,75,0,96.31
indexSelectLargeIndex,28.85,8.23,0.54,44.89,100,35.26,93.33
vectorized_elementwise_kernel,4.92,12.74,0.03,40.50,100,0,99.51
elementwise_kernel_with_index,0.02,11.86,0.03,3.14,100,0,100.52
radixSortKVInPlace,0.05,1.39,0.09,1.58,12.50,50,92.53
vectorized_elementwise_kernel,0.02,8.60,0.15,5.89,75,0,96.83
indexSelectLargeIndex,25.71,8.58,3.61,45.08,100,32.55,71.97
kernel,2.41,17.73,4.05,6.34,18.75,5.55,87.16
Kernel,4.23,7.29,4.11,6.04,25,0,61.63
splitKreduce_kernel,0.22,7.42,0.22,12.74,100,0,95.27
Kernel,8.41,11.58,6.28,6.26,25,0,73.43
splitKreduce_kernel,2.61,10.20,9.24,21.46,100,0,42.12
kernel,2.29,16.85,3.84,6.25,18.75,5.55,85.63
kernel,2.28,16.73,3.83,6.28,18.75,5.55,86.36
Kernel,4.20,7.45,4.18,6.41,25,0,63.49
splitKreduce_kernel,0.25,7.43,0.64,17.10,100,0,90.63
Kernel,4.22,7.66,4.33,6.47,25,0,62.75
splitKreduce_kernel,0.32,7.56,1.12,21.45,100,0,85.68
Kernel,4.83,8.41,4.79,6.13,25,0,60.35
splitKreduce_kernel,1.82,9.15,3.11,21.02,100,0,69.97
Kernel,4.12,7.46,4.14,6.16,25,0,62.41
splitKreduce_kernel,0.28,7.83,0.76,16.91,100,0,88.77
kernel,2.35,17.63,3.96,6.25,18.75,5.55,87.26
kernel,2.36,17.67,3.97,6.21,18.75,5.55,87.97
Kernel,4.14,8.06,4.44,6.25,25,0,66.68
splitKreduce_kernel,0.60,7.82,1.89,20.53,100,0,77.15
elementwise_kernel,1.24,5.07,0.31,6.01,100,22.49,92.63
elementwise_kernel,0.83,5.84,0.58,6.25,100,15.30,88.00
gemvNSP_kernel,7.43,9.88,2.61,32.27,75,31.09,82.95
Kernel,2.69,6.75,2.21,6.04,25,0,74.98
Kernel,12.36,20.40,2.01,12.99,56.25,13.78,91.19
gemvNSP_kernel,7.81,10.51,2.75,32.04,75,31.09,82.29
gemvNSP_kernel,7.62,10.23,2.69,34.22,75,31.09,81.23
Kernel,2.61,6.78,2.16,6.51,25,0,77.40
Kernel,3.77,7.82,2.29,6.48,43.75,0,84.16
Kernel,9.34,15.21,1.98,9.37,56.25,3.06,89.88
Kernel,2.63,6.81,2.18,6.24,25,0,76.67
gemvNSP_kernel,6.91,9.47,2.43,36.27,75,31.09,83.99
gemvNSP_kernel,7.27,9.97,2.55,38.31,75,31.09,83.51
Kernel,4.23,7.49,2.19,5.90,31.25,0,84.09
elementwise_kernel,11.88,37.88,4.36,41.31,100,37.10,91.79
elementwise_kernel,10.55,50.48,3.87,42.69,100,2.85,94.36
vectorized_elementwise_kernel,5.02,12.64,0.03,38.18,100,0,99.64
index_elementwise_kernel,20.18,9.26,4.42,39.24,100,36.49,67.09
reduce_kernel,14.49,12.36,3.90,40.50,56.25,41.98,79.66
vectorized_elementwise_kernel,5.32,13.15,0.03,42.91,100,0,100.47
vectorized_elementwise_kernel,5.32,13.14,0.03,41.51,100,0,99.44
index_elementwise_kernel,21.21,9.60,4.64,44.26,100,36.31,67.14
elementwise_kernel,18.68,11.42,5.20,43.82,100,36.60,69.19
reduce_kernel,3.32,5.83,4.05,6.32,56.25,18.76,59.09
vectorized_elementwise_kernel,5.46,12.47,0.03,34.56,100,0,100.03
kernel2,22.05,12.28,11.15,21.60,56.25,0,58.05
rmsnorm_fwd_tuned_kernel,5.63,10.96,6.32,15.04,25,25.13,68.82
Kernel,16.15,28.57,13.36,6.10,6.25,0,67.49
splitKreduce_kernel,18.92,14.59,11.61,62.74,100,0,41.94
elementwise_kernel,3.60,6.52,1.40,10.25,100,23.65,81.55
rmsnorm_fwd_general_kernel,5.08,8.67,1.87,11.79,100,30.28,81.97
elementwise_kernel,0.97,6.06,0.47,6.55,100,25,92.44
rmsnorm_fwd_general_kernel,1.31,7.85,0.54,6.19,100,26.92,91.83
fused_rope_forward,6.75,6.51,1.82,12.09,100,60,74.31
fused_rope_forward,4.45,6.70,1.14,11.32,100,68.18,82.99
elementwise_kernel,0.97,5.99,0.47,6.14,100,25,90.85
elementwise_kernel_with_index,0.00,11.54,0.03,2.80,100,0,98.27
elementwise_kernel_with_index,0.00,11.03,0.03,2.87,100,0,99.44
flash_fwd_kernel,0.83,2.02,0.67,6.18,12.50,8.55,78.91
Kernel,10.63,16.77,7.47,6.22,18.75,0,74.47
kernel2,22.42,12.86,11.35,20.28,56.25,0,58.92
rmsnorm_fwd_tuned_kernel,5.50,10.80,6.15,14.44,25,25.12,69.02
Kernel,6.12,13.18,7.16,6.08,25,0,79.92
splitKreduce_kernel,3.94,10.20,7.52,23.19,100,0,50.52
_scatter_gather_elementwise_kernel,0.02,6.61,0.23,6.54,100,3.03,95.92
unrolled_elementwise_kernel,0.01,7.45,0.15,6.26,100,0,96.05
softmax_warp_forward,0.02,8.74,0.06,5.64,100,25,97.74
unrolled_elementwise_kernel,0.01,7.57,0.17,6.33,100,16.67,97.00
unrolled_elementwise_kernel,1.04,5.93,0.45,6.35,100,0,91.63
softmax_warp_forward,1.31,7.92,0.97,5.90,100,0,87.64
gatherTopK,12.96,3.37,0.32,11.42,62.50,89.53,84.80
bitonicSortKVInPlace,2.89,4.29,0.15,3.00,46.88,50,93.95
vectorized_elementwise_kernel,0.44,11.67,0.04,6.19,100,0,98.96
unrolled_elementwise_kernel,1.08,6.21,0.47,6.01,100,0,90.91
_scatter_gather_elementwise_kernel,0.09,6.29,0.23,6.68,100,0,93.64
unrolled_elementwise_kernel,0.98,5.83,0.78,6.15,100,14.15,85.59
vectorized_elementwise_kernel,0.48,10.29,0.03,5.80,100,0,98.61
_scatter_gather_elementwise_kernel,0.01,7.14,0.18,6.09,100,0,95.87
reduce_kernel,0.24,5.44,1.38,6.37,37.50,40.51,78.66
reduce_kernel,0.03,2.68,0.45,6.13,56.25,1.15,84.65
vectorized_elementwise_kernel,0.01,8.98,0.05,5.54,100,8.33,99.19
unrolled_elementwise_kernel,0.01,9.39,0.19,6.76,100,0,97.50
reduce_kernel,0.02,7.03,0.40,6.08,100,0,91.74
unrolled_elementwise_kernel,0.14,6.14,0.30,6.58,100,0,95.22
reduce_kernel,0.02,4.56,0.32,3.96,56.25,8.33,91.97
elementwise_kernel,0.02,7.72,0.37,6.26,100,8.33,95.06
vectorized_elementwise_kernel,0.01,9.82,0.04,6.32,100,0,100.92
reduce_kernel,0.02,7.39,0.39,5.98,100,0,95.18
vectorized_elementwise_kernel,0.00,10.29,0.04,5.32,100,0,99.44
vectorized_elementwise_kernel,0.00,10.43,0.03,3.96,100,50,99.45
vectorized_elementwise_kernel,0.00,10.13,0.03,5.30,100,0,99.82
vectorized_elementwise_kernel,0.00,9.73,0.04,3.75,100,33.33,97.41
vectorized_elementwise_kernel,0.58,12.34,0.03,6.18,100,0,98.89
_scatter_gather_elementwise_kernel,0.01,7.03,0.18,6.10,100,0,94.78
reduce_kernel,0.23,5.11,1.33,6.28,37.50,41.46,77.63
reduce_kernel,0.02,7.20,0.41,6.55,100,8.33,91.92
index_elementwise_kernel,0.01,6.67,0.29,6.31,75,25,92.73
reduce_kernel,0.02,5.90,0.33,6.45,100,8.33,90.85
reduce_kernel,0.01,5.44,0.33,1.61,37.50,58.33,92.70
DeviceScanInitKernel,0.01,10.52,0.03,6.33,100,0,100.07
DeviceScanKernel,0.03,8.22,0.19,5.65,75,5.88,98.91
vectorized_elementwise_kernel,0.01,9.56,0.07,6.26,100,8.33,101.19
reduce_kernel,0.02,6.84,0.38,5.66,100,0,94.25
compute_cuda_kernel,0.29,8.73,0.06,25.05,100,76.28,100.35
indexSelectLargeIndex,0.02,7.14,0.04,6.64,100,5.45,99.45
elementwise_kernel_with_index,0.02,11.51,0.03,3.05,100,0,99.64
radixSortKVInPlace,0.06,1.00,0.06,1.57,12.50,50,91.04
vectorized_elementwise_kernel,0.02,8.66,0.15,6.09,75,0,97.53
indexSelectLargeIndex,28.61,8.47,0.53,45.19,100,35.57,95.31
vectorized_elementwise_kernel,5.01,13.00,0.03,39.12,100,0,96.30
elementwise_kernel_with_index,0.02,11.59,0.03,3.14,100,0,99.72
radixSortKVInPlace,0.05,1.41,0.09,1.56,12.50,50,91.03
vectorized_elementwise_kernel,0.02,8.73,0.15,7.37,75,0,97.74
indexSelectLargeIndex,25.56,8.46,3.60,47.47,100,32.40,72.05
kernel,2.30,16.92,3.86,6.14,18.75,5.55,83.86
Kernel,4.24,7.32,4.13,5.75,25,0,61.38
splitKreduce_kernel,0.23,7.66,0.23,11.02,100,0,96.40
Kernel,8.25,11.51,6.17,6.20,25,0,75.42
splitKreduce_kernel,2.45,9.72,8.66,23.79,100,0,44.65
kernel,2.30,17.23,3.87,6.17,18.75,5.55,87.11
kernel,2.40,17.90,4.03,6.31,18.75,5.55,83.35
Kernel,4.13,7.27,4.12,6.03,25,0,61.92
splitKreduce_kernel,0.24,7.12,0.61,16.55,100,0,90.73
Kernel,4.03,7.40,4.16,5.96,25,0,63.26
splitKreduce_kernel,0.34,7.91,1.19,20.51,100,0,84.86
Kernel,4.97,8.76,4.92,6.27,25,0,67.81
splitKreduce_kernel,1.83,9.20,3.11,20.98,100,0,70.80
Kernel,4.12,7.50,4.12,6.19,25,0,63.80
splitKreduce_kernel,0.25,7.14,0.69,18.02,100,0,89.77
kernel,2.40,18.41,4.03,6.75,18.75,5.55,86.41
kernel,2.32,18.16,3.90,6.58,18.75,5.55,85.80
Kernel,4.19,8.27,4.49,6.15,25,0,66.14
splitKreduce_kernel,0.58,7.65,1.85,19.55,100,0,76.92
elementwise_kernel,1.28,5.32,0.32,5.97,100,20.81,94.72
elementwise_kernel,0.82,5.71,0.57,6.07,100,15.23,90.12
gemvNSP_kernel,7.13,9.51,2.50,33.26,75,31.09,81.17
Kernel,2.62,6.47,2.16,6.35,25,0,72.04
Kernel,12.36,20.40,2.01,12.03,56.25,13.78,90.26
gemvNSP_kernel,7.32,9.92,2.58,36.27,75,31.09,82.61
gemvNSP_kernel,7.27,9.82,2.55,34.65,75,31.09,82.43
Kernel,2.58,6.60,2.14,6.25,25,0,74.15
Kernel,3.84,7.92,2.33,6.50,43.75,0,83.22
Kernel,9.37,15.25,1.98,9.25,56.25,3.06,89.03
Kernel,2.61,6.69,2.16,5.97,25,0,74.79
gemvNSP_kernel,7.02,9.42,2.47,34.00,75,31.09,81.32
gemvNSP_kernel,7.29,9.74,2.56,36.86,75,31.09,81.94
Kernel,4.20,7.66,2.18,5.92,31.25,0,84.03
elementwise_kernel,11.52,36.66,4.23,41.95,100,37.02,91.55
elementwise_kernel,10.48,49.98,3.84,40.13,100,2.86,93.71
vectorized_elementwise_kernel,4.99,12.66,0.03,38.46,100,0,99.92
index_elementwise_kernel,20.14,9.27,4.41,38.96,100,36.47,68.00
reduce_kernel,13.76,13.37,3.70,41.53,56.25,41.75,82.29
vectorized_elementwise_kernel,5.45,12.56,0.03,42.00,100,0,99.92
vectorized_elementwise_kernel,5.40,12.89,0.03,51.22,100,0,96.86
index_elementwise_kernel,21.86,10.12,4.78,43.09,100,36.27,68.63
elementwise_kernel,17.55,10.42,4.87,41.09,100,35.84,67.21
reduce_kernel,3.46,6.09,4.22,6.53,56.25,19.69,57.00
vectorized_elementwise_kernel,5.20,11.89,0.03,42.61,100,0,99.63
kernel2,21.80,12.33,11.01,22.51,56.25,0,59.99
rmsnorm_fwd_tuned_kernel,5.77,11.45,6.50,14.49,25,25.12,69.78
Kernel,16.08,28.43,13.29,6.16,6.25,0,67.55
splitKreduce_kernel,19.29,14.88,11.90,63.77,100,0,42.54
elementwise_kernel,3.81,6.73,1.48,11.62,100,23.60,79.19
rmsnorm_fwd_general_kernel,5.10,8.74,1.87,11.25,100,30.38,82.08
elementwise_kernel,0.97,6.01,0.47,6.03,100,24.99,92.42
rmsnorm_fwd_general_kernel,1.32,7.87,0.54,5.83,100,26.82,93.08
fused_rope_forward,6.56,6.35,1.77,12.02,100,60,75.30
fused_rope_forward,4.54,6.80,1.16,11.58,100,68.18,82.57
elementwise_kernel,0.97,5.98,0.47,6.21,100,25,91.88
elementwise_kernel_with_index,0.00,11.19,0.03,2.93,100,0,100.06
elementwise_kernel_with_index,0.00,11.18,0.03,2.91,100,0,100.66
flash_fwd_kernel,0.83,2.07,0.67,6.22,12.50,8.54,77.44
Kernel,10.56,16.65,7.41,6.21,18.75,0,73.02
kernel2,22.55,13.60,11.43,20.34,56.25,0,62.48
rmsnorm_fwd_tuned_kernel,5.63,11.40,6.32,14.97,25,25.12,69.83
Kernel,6.21,13.88,7.25,5.99,25,0,84.14
splitKreduce_kernel,4.04,10.61,7.74,23.41,100,0,51.98
_scatter_gather_elementwise_kernel,0.01,6.24,0.21,6.17,100,2.99,95.65
unrolled_elementwise_kernel,0.01,7.74,0.15,6.44,100,0,97.19
softmax_warp_forward,0.02,8.69,0.06,6.20,100,25,96.97
unrolled_elementwise_kernel,0.01,7.63,0.18,6.41,100,16,95.31
unrolled_elementwise_kernel,1.04,5.96,0.45,6.50,100,0,91.17
softmax_warp_forward,1.36,8.27,1.01,6.48,100,0,89.09
gatherTopK,14.12,3.63,0.32,11.04,62.50,90.64,85.74
bitonicSortKVInPlace,2.90,4.32,0.16,3.04,46.88,50,96.94
vectorized_elementwise_kernel,0.43,11.51,0.04,6.21,100,0,100.47
unrolled_elementwise_kernel,1.02,5.81,0.44,5.89,100,0,92.79
_scatter_gather_elementwise_kernel,0.09,6.31,0.23,6.34,100,0,95.87
unrolled_elementwise_kernel,1.01,5.96,0.80,6.24,100,14.15,86.41
vectorized_elementwise_kernel,0.57,12.33,0.03,7.68,100,0,99.91
_scatter_gather_elementwise_kernel,0.01,7.28,0.18,5.77,100,0,97.62
reduce_kernel,0.23,5.21,1.34,6.06,37.50,40.51,79.85
reduce_kernel,0.03,2.64,0.44,6.06,56.25,1.15,84.61
vectorized_elementwise_kernel,0.01,8.89,0.05,6.75,100,8.33,99.29
unrolled_elementwise_kernel,0.01,8.78,0.18,5.93,100,0,97.18
reduce_kernel,0.02,7.14,0.41,5.61,100,0,93.35
unrolled_elementwise_kernel,0.14,5.93,0.29,6.17,100,0,94.29
reduce_kernel,0.02,4.51,0.33,3.84,56.25,8.33,92.08
elementwise_kernel,0.02,7.65,0.37,6.40,100,8.33,93.97
vectorized_elementwise_kernel,0.01,10.09,0.05,6.23,100,0,99.28
reduce_kernel,0.02,7.14,0.37,6.03,100,0,94.51
vectorized_elementwise_kernel,0.00,9.99,0.04,4.36,100,0,100.34
vectorized_elementwise_kernel,0.00,9.57,0.03,4.52,100,50,101.73
vectorized_elementwise_kernel,0.00,9.77,0.03,4.15,100,0,101.12
unrolled_elementwise_kernel,0.01,10.26,0.04,4.16,100,33.33,101.50
vectorized_elementwise_kernel,0.56,12.04,0.03,4.22,100,0,100.60
_scatter_gather_elementwise_kernel,0.01,7.32,0.18,6.35,100,0,98.55
reduce_kernel,0.23,5.22,1.31,6.22,37.50,40,81.22
reduce_kernel,0.02,6.88,0.38,6.24,100,8.33,94.41
index_elementwise_kernel,0.01,6.90,0.30,6.51,75,25,95.23
reduce_kernel,0.02,6.51,0.36,6.28,100,8.33,94.96
reduce_kernel,0.01,5.81,0.35,1.40,37.50,58.33,93.64
DeviceScanInitKernel,0.01,10.93,0.03,6.19,100,0,99.62
DeviceScanKernel,0.03,7.85,0.18,5.92,75,5.88,98.78
vectorized_elementwise_kernel,0.01,9.66,0.06,4.99,100,8.33,101.40
reduce_kernel,0.02,7.18,0.39,5.69,100,0,94.90
compute_cuda_kernel,0.28,8.36,0.06,22.31,100,77.22,97.74
indexSelectLargeIndex,0.02,6.72,0.04,6.54,100,5.45,99.18
elementwise_kernel_with_index,0.02,11.91,0.03,2.97,100,0,99.18
radixSortKVInPlace,0.06,1.01,0.06,1.56,12.50,50,90.80
vectorized_elementwise_kernel,0.02,8.52,0.15,6.34,75,0,96.38
indexSelectLargeIndex,28.68,8.57,0.54,47.37,100,35.51,97.06
vectorized_elementwise_kernel,4.94,12.94,0.03,31.80,100,0,100.29
elementwise_kernel_with_index,0.02,11.91,0.03,3.41,100,0,100.73
radixSortKVInPlace,0.05,1.45,0.09,1.59,12.50,50,94.69
vectorized_elementwise_kernel,0.02,8.33,0.14,7.37,75,0,99.51
indexSelectLargeIndex,23.76,7.88,3.34,42.92,100,32.48,71.45
kernel,2.38,19.02,3.99,6.04,18.75,5.55,89.90
Kernel,4.34,7.62,4.22,6.23,25,0,61.44
splitKreduce_kernel,0.22,7.56,0.23,11.95,100,0,96.42
Kernel,8.38,11.48,6.26,6.28,25,0,73.84
splitKreduce_kernel,2.48,9.78,8.75,22.07,100,0,43.57
kernel,2.35,18.61,3.94,5.75,18.75,5.55,89.31
kernel,2.29,18.19,3.84,5.86,18.75,5.55,86.96
Kernel,4.37,7.99,4.35,6.21,25,0,64.13
splitKreduce_kernel,0.28,8.05,0.69,15.24,100,0,90.51
Kernel,4.13,7.86,4.25,6.36,25,0,64.64
splitKreduce_kernel,0.33,7.90,1.16,20.89,100,0,85.67
Kernel,5.00,9.47,4.93,6.34,25,0,76.52
splitKreduce_kernel,1.73,8.83,2.95,20.59,100,0,70.72
Kernel,4.19,7.71,4.20,6.19,25,0,63.66
splitKreduce_kernel,0.28,8.05,0.77,15.27,100,0,89.60
kernel,2.36,18.72,3.96,6.27,18.75,5.55,88.74
kernel,2.35,18.89,3.94,6.14,18.75,5.55,86.66
Kernel,4.29,8.38,4.57,5.85,25,0,66.30
splitKreduce_kernel,0.60,7.95,1.89,18.83,100,0,77.64
elementwise_kernel,1.23,5.18,0.31,6.24,100,21.02,96.03
elementwise_kernel,0.84,6.05,0.59,6.11,100,15.27,90.83
gemvNSP_kernel,7.29,9.90,2.56,34.16,75,31.09,78.93
Kernel,2.62,6.78,2.16,6.19,25,0,73.65
Kernel,12.06,19.90,1.96,12.07,56.25,13.78,90.35
gemvNSP_kernel,7.64,10.45,2.69,33.04,75,31.09,80.60
gemvNSP_kernel,7.49,10.08,2.64,33.52,75,31.09,79.12
Kernel,2.70,6.99,2.22,6.47,25,0,73.70
Kernel,3.95,8.10,2.39,6.43,43.75,0,80.57
Kernel,9.29,15.11,1.97,8.89,56.25,3.06,87.24
Kernel,2.63,6.84,2.17,6.72,25,0,74.01
gemvNSP_kernel,7.50,10.32,2.64,32.94,75,31.09,81.32
gemvNSP_kernel,7.23,9.88,2.55,40.23,75,31.09,80.63
Kernel,4.12,7.49,2.14,6.13,31.25,0,80.82
elementwise_kernel,11.74,35.85,4.29,39.15,100,40.53,91.15
elementwise_kernel,10.58,50.16,3.88,42.61,100,2.85,92.08
vectorized_elementwise_kernel,5.00,12.94,0.03,36.74,100,0,100.08
index_elementwise_kernel,19.76,9.08,4.32,41.47,100,36.45,66.82
reduce_kernel,14.13,12.01,3.80,45.16,56.25,42.26,78.07
vectorized_elementwise_kernel,5.45,12.42,0.03,47.31,100,0,100.21
vectorized_elementwise_kernel,5.30,13.26,0.03,36.30,100,0,98.54
index_elementwise_kernel,22.37,10.39,4.89,43.16,100,36.35,68.86
elementwise_kernel,18.39,11.26,5.10,45.78,100,36.56,69.03
reduce_kernel,3.50,6.33,4.26,6.43,56.25,18.77,60.19
vectorized_elementwise_kernel,5.37,12.33,0.03,35.64,100,0,99.27
kernel2,22.35,12.67,11.32,20.70,56.25,0,58.76
distribution_elementwise_grid_stride_kernel,43.55,7.02,0.03,62.21,75,47.46,95.09
vectorized_elementwise_kernel,5.58,13.04,7.80,39.39,100,50,68.11
vectorized_elementwise_kernel,6.65,14.73,11.88,35.33,100,0,59.54
vectorized_elementwise_kernel,0.85,11.60,0.03,5.29,100,0,99.50
elementwise_kernel,22.39,12.84,5.63,43.83,100,14.76,69.48
elementwise_kernel,23.25,10.09,0.77,44.53,100,36.59,92.86
reduce_kernel,1.19,3.64,2.71,25.45,100,0.72,52.25
indexSelectLargeIndex,26.10,8.03,3.72,46.05,100,32.42,69.24
vectorized_elementwise_kernel,4.61,11.20,0.03,46.35,100,0,99.04
indexSelectLargeIndex,25.26,7.97,3.55,46.16,100,32.51,67.79
kernel,1.42,7.69,2.34,6.30,18.75,37.65,72.48
Kernel,2.64,6.84,2.15,6.30,25,0,81.79
splitKreduce_kernel,0.12,7.67,0.14,11.94,100,0,95.93
Kernel,5.17,10.13,4.32,6.28,25,0,81.84
splitKreduce_kernel,1.28,8.74,4.56,21.99,100,0,59.58
kernel,1.34,7.33,2.20,6.28,18.75,37.65,73.01
kernel,1.41,7.70,2.31,6.25,18.75,37.65,72.95
Kernel,2.61,6.99,2.24,6.61,25,0,82.62
splitKreduce_kernel,0.13,7.46,0.34,16.48,100,0,94.59
Kernel,2.59,7.01,2.35,6.17,25,0,80.53
splitKreduce_kernel,0.16,7.46,0.59,22.76,100,0,92.28
Kernel,5.23,9.02,3.44,6.20,25,0,83.02
splitKreduce_kernel,0.78,7.90,2.67,20.77,100,0,69.76
Kernel,2.82,7.55,2.43,6.35,25,0,82.68
splitKreduce_kernel,0.14,7.84,0.41,17.54,100,0,94.06
kernel,1.38,7.58,2.27,5.93,18.75,37.65,74.64
kernel,1.46,7.97,2.39,6.19,18.75,37.65,73.88
Kernel,2.66,7.43,2.59,6.10,25,0,79.84
splitKreduce_kernel,0.31,7.89,1.02,18.79,100,0,85.23
Kernel,6.91,6.78,0.17,6.19,25,57.26,97.13
Kernel,9.94,10.67,0.13,8.99,50,0.46,99.34
Kernel,10.20,17.46,2.26,8.75,50,3.63,91.32
Kernel,6.74,6.70,0.17,5.89,25,57.23,98.84
Kernel,6.90,6.70,0.17,6.25,25,57.18,95.37
Kernel,10.00,10.93,0.26,8.73,50,1.27,94.46
Kernel,9.28,10.29,0.38,9.11,50,1.87,97.64
Kernel,10.44,16.82,1.40,9.93,50,3.34,90.51
Kernel,9.30,10.19,0.26,9.22,50,1.39,100.34
Kernel,6.42,6.42,0.16,5.96,25,57.12,99.75
Kernel,6.85,6.78,0.17,6.16,25,57.11,101.96
Kernel,9.61,10.94,0.61,8.97,50,2.41,94.92
elementwise_kernel,0.84,6.04,0.58,6.04,100,15.59,90.12
vectorized_elementwise_kernel,0.39,9.56,0.80,6.74,100,0.10,89.88
elementwise_kernel,0.91,5.75,0.34,6.58,100,22.25,93.68
vectorized_elementwise_kernel,0.36,10.01,0.44,6.20,100,0.14,96.52
vectorized_elementwise_kernel,0.47,10.09,0.44,5.80,100,0.14,95.86
elementwise_kernel,0.82,5.87,0.57,6.09,100,16.09,91.63
vectorized_elementwise_kernel,0.47,10.19,0.45,5.78,100,0.14,96.46
vectorized_elementwise_kernel,0.38,9.42,0.79,5.43,100,0.10,91.72
vectorized_elementwise_kernel,0.39,9.46,0.80,5.94,100,0.05,90.05
CatArrayBatchedCopy,11.95,7.91,0.62,68.66,100,16.97,91.94
kernel,12.33,6.80,3.90,15.16,18.75,90.98,56.81
Kernel,2.34,6.67,3.81,1.59,31.25,0,57.68
Kernel,14.34,21.83,3.72,12.20,50,16.10,78.48
kernel,12.10,6.66,3.83,15.63,18.75,90.99,56.88
kernel,11.73,6.47,3.70,16.38,18.75,90.98,56.12
Kernel,2.32,6.82,3.80,1.58,31.25,0,63.19
Kernel,2.34,7.16,3.84,1.62,31.25,0,64.76
Kernel,10.71,16.07,3.63,9.32,50,3.26,73.29
Kernel,2.29,7.00,3.76,1.57,31.25,0,66.80
kernel,11.97,6.60,3.79,16.08,18.75,90.99,57.58
kernel,11.94,6.59,3.78,16.13,18.75,90.99,56.73
Kernel,4.61,6.72,3.72,5.93,37.50,0,62.12
Kernel,10.06,9.30,0.17,6.07,25,56.88,99.69
Kernel,17.40,18.70,0.11,19.49,50,2.05,98.86
Kernel,8.02,11.38,2.56,6.10,25,0,79.09
Kernel,10.17,9.40,0.17,6.20,25,56.88,97.63
Kernel,10.22,9.45,0.17,6.13,25,56.87,96.57
Kernel,17.34,18.93,0.23,18.29,50,5.63,95.98
Kernel,17.45,19.39,0.37,20.38,50,8.29,101.94
Kernel,7.75,11.08,1.64,6.25,25,0,88.59
Kernel,17.65,19.36,0.25,19.47,50,6.16,97.43
Kernel,9.78,9.04,0.16,6.30,25,56.75,98.89
Kernel,9.87,9.13,0.16,6.35,25,56.85,99.21
Kernel,15.68,13.28,0.59,18.86,75,10.70,96.42
unrolled_elementwise_kernel,60.75,44.50,44.50,88.21,100,37.64,49.67
unrolled_elementwise_kernel,61.81,57.23,57.23,91.17,100,35.84,47.69
elementwise_kernel,11.70,37.11,4.28,37.57,100,37.57,91.09
elementwise_kernel,10.59,50.43,3.89,40.30,100,2.86,94.21
vectorized_elementwise_kernel,5.05,12.79,0.03,37.27,100,0,100.93
indexFuncLargeIndex,28.67,10.02,6.09,44.77,100,10.71,59.66
vectorized_elementwise_kernel,5.12,12.17,0.03,43.13,100,0,99.96
vectorized_elementwise_kernel,5.13,11.50,0.03,42.37,100,0,100.18
indexFuncLargeIndex,30.90,10.80,3.72,45.10,100,10.71,72.98
vectorized_elementwise_kernel,0.01,11.74,0.04,5.67,100,0,99.52
vectorized_elementwise_kernel,0.00,10.17,0.04,4.47,100,0,99.63
vectorized_elementwise_kernel,0.00,9.47,0.03,4.65,100,0,101.61
vectorized_elementwise_kernel,0.00,10.16,0.04,3.53,100,0,100.25
elementwise_kernel,0.01,8.90,0.13,6.76,100,8.33,99.37
elementwise_kernel,1.66,9.10,0.11,6.22,100,25,100.56
vectorized_elementwise_kernel,0.61,10.03,2.22,5.55,100,0,82.74
softmax_warp_backward,0.68,10.84,2.39,6.12,100,0,82.00
unrolled_elementwise_kernel,1.09,6.25,0.82,5.98,100,15.53,88.67
unrolled_elementwise_kernel,0.01,7.89,0.16,6.62,100,0,98.20
vectorized_elementwise_kernel,0.01,10.20,0.06,6.11,100,0,99.02
softmax_warp_backward,0.01,10.08,0.06,6.82,100,16.67,98.01
unrolled_elementwise_kernel,0.01,7.80,0.18,6.74,100,16.67,96.95
vectorized_elementwise_kernel,0.42,11.21,0.03,5.44,100,0,99.46
_scatter_gather_elementwise_kernel,0.02,5.54,0.20,6.27,100,0,97.02
vectorized_elementwise_kernel,0.56,9.70,1.15,5.92,100,33.33,89.19
Kernel,6.40,9.61,5.25,6.10,25,0,71.55
Kernel,10.55,14.29,2.96,6.37,25,0,91.03
vectorized_elementwise_kernel,6.22,14.76,14.76,38.58,100,0,49.64
unrolled_elementwise_kernel,11.61,9.99,7.81,21.60,100,40,58.87
rmsnorm_bwd_tuned_kernel,6.67,46.66,8.71,22.25,31.25,26.10,85.40
rmsnorm_bwd_finalize_tuned_kernel,6.63,23.19,23.19,47.70,100,0,19.19
vectorized_elementwise_kernel,6.23,14.78,14.78,39.52,100,0,48.91
unrolled_elementwise_kernel,0.09,5.51,0.21,6.10,100,40,98.16
vectorized_elementwise_kernel,6.74,14.64,11.89,37.98,100,0,55.90
Kernel,13.05,28.14,11.27,6.17,6.25,0,71.11
splitKreduce_kernel,13.85,16.91,13.93,48.86,100,0,42.03
Kernel,11.74,25.76,16.31,6.20,6.25,20,56.94
flash_bwd_dot_do_o_kernel,0.79,6.94,2.39,12.27,62.50,48.37,78.67
flash_bwd_dq_dk_dv_loop_seqk_parallel_kernel,1.50,2.34,1.24,12.36,12.50,1.66,68.33
flash_bwd_convert_dq_kernel,0.89,6.03,2.42,12.54,62.50,0.97,69.50
reduce_kernel,1.70,5.69,1.44,6.03,56.25,27.10,80.34
reduce_kernel,1.72,5.73,1.45,6.57,56.25,27.17,80.34
fused_rope_backward,6.71,5.50,0.92,10.48,100,81.58,86.85
fused_rope_backward,8.19,6.23,1.71,11.82,100,71.43,78.13
rmsnorm_bwd_general_kernel,1.50,7.06,0.86,6.01,100,18.24,88.68
rmsnorm_bwd_finalize_general_kernel,0.05,6.13,0.21,6.18,100,0,97.26
unrolled_elementwise_kernel,0.01,8.66,0.24,5.28,100,40,97.78
rmsnorm_bwd_general_kernel,5.91,8.41,3.19,11.80,100,20.86,74.86
rmsnorm_bwd_finalize_general_kernel,0.07,3.16,0.37,6.28,100,0,90.25
unrolled_elementwise_kernel,0.01,9.52,0.27,8.28,100,40,98.10
CatArrayBatchedCopy,18.58,7.98,2.07,68.14,100,22.66,78.28
Kernel,17.35,29.22,11.12,6.34,25,0,70.37
Kernel,13.80,26.85,19.79,9.11,18.75,18.24,65.62
rmsnorm_bwd_tuned_kernel,6.77,47.43,8.86,20.34,31.25,26.42,84.45
rmsnorm_bwd_finalize_tuned_kernel,6.52,22.73,22.73,48.13,100,0,14.73
vectorized_elementwise_kernel,6.35,15.09,15.09,38.28,100,33.33,48.30
unrolled_elementwise_kernel,0.09,5.64,0.22,5.82,100,40,96.21
vectorized_elementwise_kernel,6.85,14.95,12.23,39.30,100,0,57.84
vectorized_elementwise_kernel,0.83,11.39,0.03,7.35,100,0,100.27
elementwise_kernel,22.27,12.65,5.61,43.72,100,14.68,71.79
elementwise_kernel,23.58,9.99,0.78,44.00,100,35.85,94.42
reduce_kernel,1.20,3.67,2.73,25.28,100,0.72,53.10
indexSelectLargeIndex,27.01,8.11,3.85,46.53,100,32.33,66.51
vectorized_elementwise_kernel,5.01,12.47,0.03,38.53,100,0,99.27
indexSelectLargeIndex,25.68,7.87,3.61,44.40,100,32.50,67.08
kernel,1.43,7.63,2.34,6.39,18.75,37.65,72.14
Kernel,2.73,6.85,2.23,6.52,25,0,80.66
splitKreduce_kernel,0.11,7.30,0.13,15.74,100,0,100.06
Kernel,5.20,10.04,4.33,6.31,25,0,80.12
splitKreduce_kernel,1.29,8.73,4.58,23.07,100,0,58.88
kernel,1.48,8.11,2.43,5.78,18.75,37.65,75.08
kernel,1.44,7.70,2.37,6.29,18.75,37.65,69.36
Kernel,2.70,6.96,2.30,6.06,25,0,78.94
splitKreduce_kernel,0.13,7.30,0.35,17.47,100,0,94.57
Kernel,2.56,6.87,2.32,6.23,25,0,80.38
splitKreduce_kernel,0.16,7.29,0.59,19.69,100,0,91.18
Kernel,5.34,9.16,3.51,6.21,25,0,80.84
splitKreduce_kernel,0.79,7.95,2.71,20.06,100,0,69.90
Kernel,2.77,7.08,2.39,6.12,25,0,80.30
splitKreduce_kernel,0.15,8.06,0.42,16.21,100,0,94.08
kernel,1.40,7.60,2.30,5.54,18.75,37.65,72.93
kernel,1.39,7.51,2.28,6.09,18.75,37.65,73.18
Kernel,2.64,7.41,2.58,6.46,25,0,80.66
splitKreduce_kernel,0.30,7.64,0.97,21.25,100,0,88.73
Kernel,6.59,6.31,0.17,6.15,25,57.26,98.23
Kernel,9.94,10.67,0.13,9.31,50,0.55,102.12
Kernel,10.15,17.35,2.25,8.75,50,4.29,90.41
Kernel,6.69,6.25,0.17,6.07,25,57.19,97.48
Kernel,6.76,6.32,0.17,6.24,25,57.16,95.15
Kernel,9.45,10.33,0.24,8.82,50,1.50,96.77
Kernel,9.36,10.37,0.38,9.21,50,2.21,96.80
Kernel,10.50,16.93,1.41,9.08,50,3.95,92.42
Kernel,9.77,10.70,0.28,8.64,50,1.65,99.83
Kernel,6.97,6.58,0.17,6.29,25,57.14,98.00
Kernel,6.74,6.33,0.17,6.22,25,57.16,97.12
Kernel,9.46,10.74,0.60,9.36,50,2.85,97.11
elementwise_kernel,0.85,5.99,0.59,6.15,100,15.60,90.59
vectorized_elementwise_kernel,0.38,9.37,0.78,5.68,100,0.10,92.45
elementwise_kernel,0.93,5.84,0.35,6.55,100,21.28,96.27
vectorized_elementwise_kernel,0.34,9.72,0.43,6.28,100,0.14,96.62
vectorized_elementwise_kernel,0.48,10.43,0.46,6.99,100,0.14,97.11
elementwise_kernel,0.85,5.92,0.59,6.42,100,15.68,89.55
vectorized_elementwise_kernel,0.47,10.17,0.45,5.30,100,0.14,96.24
vectorized_elementwise_kernel,0.41,10.13,0.84,6.09,100,0.10,91.90
vectorized_elementwise_kernel,0.41,10.03,0.84,6.22,100,0.10,93.51
CatArrayBatchedCopy,12.27,8.09,0.63,74.67,100,15.94,93.04
kernel,11.59,6.38,3.66,15.05,18.75,90.98,58.15
Kernel,2.29,6.25,3.74,1.56,31.25,0,55.01
Kernel,14.48,22.04,3.75,12.12,50,14.59,68.75
kernel,11.60,6.53,3.66,15.05,18.75,90.98,61.89
kernel,11.98,6.62,3.79,16.09,18.75,90.98,59.09
Kernel,2.30,6.86,3.77,1.61,31.25,0,63.64
Kernel,2.34,7.10,3.83,1.55,31.25,0,61.90
Kernel,10.47,15.71,3.55,8.96,50,3.55,72.71
Kernel,2.31,6.86,3.78,1.60,31.25,0,62.73
kernel,12.16,6.83,3.85,15.69,18.75,90.99,60.28
kernel,11.97,6.63,3.79,16.19,18.75,90.99,60.52
Kernel,4.70,7.05,3.78,6.32,37.50,0,63.09
Kernel,9.95,9.20,0.17,6.19,25,56.88,98.38
Kernel,17.90,19.24,0.12,18.83,50,1.88,98.77
Kernel,8.04,11.22,2.57,6.31,25,0,79.96
Kernel,9.96,9.21,0.17,6.41,25,56.88,98.25
Kernel,10.20,9.44,0.17,6.41,25,56.87,96.29
Kernel,17.62,19.27,0.23,19.63,50,5.16,99.64
Kernel,17.50,19.47,0.36,19.84,50,7.61,98.00
Kernel,7.38,10.48,1.56,6.33,25,0,85.11
Kernel,17.87,19.59,0.26,19.11,50,5.66,99.01
Kernel,10.01,9.26,0.17,6.30,25,56.78,96.35
Kernel,10.22,9.45,0.17,6.05,25,56.88,98.07
Kernel,15.93,13.49,0.59,16.94,75,9.84,96.99
unrolled_elementwise_kernel,62.15,44.72,44.72,88.05,100,37.82,46.67
unrolled_elementwise_kernel,61.13,56.30,56.30,90.56,100,35.81,46.91
elementwise_kernel,11.60,36.51,4.25,39.94,100,36.83,89.85
elementwise_kernel,10.60,49.86,3.89,38.79,100,2.85,92.87
vectorized_elementwise_kernel,5.01,12.88,0.03,38.84,100,0,99.76
indexFuncLargeIndex,29.55,10.31,6.26,44.73,100,10.71,59.73
vectorized_elementwise_kernel,5.44,13.01,0.03,37.86,100,0,100.35
vectorized_elementwise_kernel,5.26,12.06,0.03,42.06,100,0,100.26
indexFuncLargeIndex,32.09,11.13,3.86,44.46,100,10.71,72.12
vectorized_elementwise_kernel,0.01,11.70,0.03,5.77,100,0,100.36
vectorized_elementwise_kernel,0.00,9.71,0.03,3.91,100,0,100.41
vectorized_elementwise_kernel,0.00,10.50,0.04,4.42,100,0,100.08
vectorized_elementwise_kernel,0.00,10.43,0.04,3.85,100,0,99.79
elementwise_kernel,0.01,9.08,0.13,7.00,100,8.33,99.01
elementwise_kernel,1.58,8.67,0.10,6.21,100,25,99.21
vectorized_elementwise_kernel,0.64,10.63,2.30,5.87,100,0,82.95
softmax_warp_backward,0.63,10.15,2.24,5.99,100,0,81.78
unrolled_elementwise_kernel,1.03,6.00,0.78,6.42,100,15.65,89.65
unrolled_elementwise_kernel,0.01,7.45,0.15,5.86,100,0,99.10
vectorized_elementwise_kernel,0.01,10.24,0.06,5.77,100,0,100.53
softmax_warp_backward,0.01,9.47,0.05,6.23,100,14.89,100.32
unrolled_elementwise_kernel,0.01,7.90,0.18,5.90,100,16.67,98.03
vectorized_elementwise_kernel,0.42,11.27,0.03,6.06,100,0,100.01
_scatter_gather_elementwise_kernel,0.02,5.67,0.21,6.57,100,0,97.77
vectorized_elementwise_kernel,0.56,9.74,1.16,5.98,100,33.33,89.97
Kernel,6.36,9.26,5.22,6.40,25,0,65.62
Kernel,10.67,14.63,2.99,6.32,25,0,75.86
vectorized_elementwise_kernel,6.43,15.26,15.26,42.43,100,0,50.57
unrolled_elementwise_kernel,11.71,10.14,7.85,21.41,100,40,59.83
rmsnorm_bwd_tuned_kernel,6.52,46.75,8.49,19.10,31.25,25.17,87.48
rmsnorm_bwd_finalize_tuned_kernel,6.64,23.20,23.20,48.44,100,0,16.12
vectorized_elementwise_kernel,6.11,14.53,14.53,37.72,100,33.33,51.45
unrolled_elementwise_kernel,0.09,5.64,0.21,6.23,100,40,97.64
vectorized_elementwise_kernel,6.67,14.38,11.97,36.64,100,0,57.19
Kernel,13.09,27.99,11.31,6.46,6.25,0,48.92
splitKreduce_kernel,13.97,16.91,14.01,41.63,100,0,40.53
Kernel,11.68,25.71,16.25,6.12,6.25,20,58.25
flash_bwd_dot_do_o_kernel,0.88,7.70,2.66,12.19,62.50,50.53,79.22
flash_bwd_dq_dk_dv_loop_seqk_parallel_kernel,1.51,2.36,1.25,12.32,12.50,1.66,68.63
flash_bwd_convert_dq_kernel,0.89,6.17,2.41,12.87,62.50,0.97,72.40
reduce_kernel,1.71,5.80,1.44,5.60,56.25,28.18,82.20
reduce_kernel,1.68,5.58,1.42,6.33,56.25,29.59,79.18
fused_rope_backward,6.70,5.49,0.92,10.78,100,81.58,87.81
fused_rope_backward,8.14,6.21,1.70,12.05,100,71.43,77.60
rmsnorm_bwd_general_kernel,1.58,7.33,0.90,6.00,100,18.24,89.75
rmsnorm_bwd_finalize_general_kernel,0.06,6.62,0.22,6.49,100,0,98.20
unrolled_elementwise_kernel,0.01,9.10,0.26,7.19,100,40,97.34
rmsnorm_bwd_general_kernel,5.85,8.32,3.16,11.77,100,20.86,73.93
rmsnorm_bwd_finalize_general_kernel,0.07,3.14,0.38,6.02,100,0,89.12
unrolled_elementwise_kernel,0.01,9.62,0.27,6.16,100,40,97.25
CatArrayBatchedCopy,18.62,8.23,2.09,72.07,100,22.47,80.15
Kernel,17.45,29.37,11.18,6.28,25,0,64.36
Kernel,13.47,26.25,19.34,9.12,18.75,18.23,63.89
rmsnorm_bwd_tuned_kernel,6.71,47.16,8.77,19.41,31.25,26.18,85.71
rmsnorm_bwd_finalize_tuned_kernel,6.61,23.08,23.08,49.39,100,0,15.07
vectorized_elementwise_kernel,6.25,14.80,14.80,39.86,100,33.33,49.99
unrolled_elementwise_kernel,0.10,6.00,0.23,6.28,100,40,97.50
vectorized_elementwise_kernel,6.79,15.00,12.15,34.44,100,0,58.47
vectorized_elementwise_kernel,0.83,11.42,0.03,6.28,100,0,99.62
elementwise_kernel,22.07,12.69,5.56,43.16,100,14.63,69.14
elementwise_kernel,23.22,9.99,0.77,43.25,100,35.90,93.35
reduce_kernel,1.20,3.69,2.74,25.20,100,0.72,53.37
indexSelectLargeIndex,26.78,8.23,3.81,47.92,100,32.41,66.78
vectorized_elementwise_kernel,4.78,12.23,0.03,34.94,100,0,100.12
indexSelectLargeIndex,24.64,7.80,3.48,44.00,100,32.45,68.53
kernel,1.47,8.33,2.41,5.94,18.75,37.65,75.61
Kernel,2.70,7.14,2.20,6.29,25,0,80.85
splitKreduce_kernel,0.12,7.95,0.15,12.66,100,0,99.64
Kernel,5.24,10.59,4.37,6.41,25,0,81.80
splitKreduce_kernel,1.27,8.61,4.51,24.35,100,0,58.81
kernel,1.43,7.99,2.36,5.45,18.75,37.65,75.09
kernel,1.38,7.65,2.26,6.45,18.75,37.65,74.66
Kernel,2.66,7.06,2.28,6.79,25,0,79.95
splitKreduce_kernel,0.13,7.53,0.35,14.64,100,0,95.88
Kernel,2.73,7.40,2.47,6.19,25,0,80.83
splitKreduce_kernel,0.17,7.71,0.61,20.42,100,0,93.12
Kernel,5.28,9.21,3.47,6.25,25,0,82.49
splitKreduce_kernel,0.79,8.00,2.71,20.13,100,0,70.15
Kernel,2.72,7.22,2.36,6.52,25,0,80.77
splitKreduce_kernel,0.13,7.61,0.39,18.42,100,0,95.28
kernel,1.43,7.93,2.34,6.04,18.75,37.65,72.88
kernel,1.40,7.62,2.31,5.92,18.75,37.65,71.72
Kernel,2.64,7.43,2.57,6.27,25,0,80.21
splitKreduce_kernel,0.28,7.41,0.94,19.17,100,0,88.01
Kernel,6.56,6.20,0.16,6.15,25,57.26,97.76
Kernel,9.59,10.30,0.13,9.10,50,0.55,90.93
Kernel,10.03,17.15,2.23,9.60,50,4.31,86.77
Kernel,6.85,6.37,0.17,6.13,25,57.23,97.83
Kernel,6.77,6.42,0.17,6.39,25,57.22,98.01
Kernel,9.67,10.56,0.25,9.21,50,1.51,100.09
Kernel,9.83,10.89,0.40,8.92,50,2.22,97.93
Kernel,10.47,16.87,1.41,9.64,50,3.97,91.85
Kernel,9.69,10.63,0.27,9.21,50,1.65,98.60
Kernel,6.57,6.26,0.16,6.44,25,57.16,98.93
Kernel,6.62,6.35,0.16,6.28,25,57.20,97.75
Kernel,9.45,10.74,0.60,9.02,50,2.86,95.66
elementwise_kernel,0.86,6.09,0.60,6.03,100,15.67,89.35
vectorized_elementwise_kernel,0.41,10.16,0.84,6.40,100,0.10,93.39
elementwise_kernel,0.94,5.83,0.35,6.31,100,22.54,94.36
vectorized_elementwise_kernel,0.36,10.05,0.45,6.22,100,0.14,94.36
vectorized_elementwise_kernel,0.48,10.16,0.46,4.85,100,0.14,94.77
elementwise_kernel,0.86,5.98,0.60,6.19,100,15.68,89.18
vectorized_elementwise_kernel,0.43,9.24,0.41,6.27,100,0.14,95.01
vectorized_elementwise_kernel,0.39,9.76,0.82,6.10,100,0.10,90.99
vectorized_elementwise_kernel,0.40,9.80,0.82,5.65,100,0.10,90.33
CatArrayBatchedCopy,12.04,7.80,0.62,73.11,100,14.33,91.30
kernel,12.24,6.78,3.87,15.25,18.75,90.99,59.67
Kernel,2.37,6.72,4.04,1.61,31.25,0,57.29
Kernel,13.88,21.12,3.61,12.42,50,15.52,63.81
kernel,12.00,6.63,3.79,16.54,18.75,91.00,58.44
kernel,11.81,6.51,3.73,16.19,18.75,90.99,58.72
Kernel,2.27,6.61,3.72,1.64,31.25,0,61.49
Kernel,2.26,6.98,3.73,1.61,31.25,0,63.42
Kernel,11.18,16.78,3.78,9.17,50,3.25,73.34
Kernel,2.27,6.85,3.72,1.56,31.25,0,62.14
kernel,11.88,6.64,3.74,17.33,18.75,90.99,58.99
kernel,11.68,6.61,3.68,16.13,18.75,90.99,60.90
Kernel,4.45,6.79,3.59,6.23,37.50,0,62.25
Kernel,9.81,9.07,0.16,6.13,25,56.88,97.99
Kernel,17.78,19.09,0.11,20.43,50,2.05,96.93
Kernel,8.07,11.24,2.57,6.25,25,0,79.66
Kernel,9.99,9.23,0.17,6.14,25,56.88,98.96
Kernel,9.97,9.22,0.17,6.15,25,56.88,99.32
Kernel,16.71,18.27,0.22,18.08,50,5.60,99.72
Kernel,17.72,19.69,0.37,20.14,50,8.23,98.24
Kernel,7.70,10.96,1.62,6.54,25,0,85.59
Kernel,17.19,18.86,0.25,19.22,50,6.13,97.57
Kernel,10.30,9.53,0.17,6.21,25,56.73,96.39
Kernel,10.09,9.33,0.17,5.94,25,56.86,96.53
Kernel,15.45,13.09,0.58,18.77,75,10.61,98.47
unrolled_elementwise_kernel,61.82,44.85,44.85,87.59,100,37.77,47.04
reduce_kernel,10.89,81.34,81.34,99.61,100,0,14.49
vectorized_elementwise_kernel,0.01,9.16,0.04,4.20,100,33.33,99.26
vectorized_elementwise_kernel,11.58,86.29,86.29,84.12,100,43.31,51.85
unrolled_elementwise_kernel,62.58,57.63,57.63,90.06,100,35.86,41.37
elementwise_kernel,11.79,37.37,4.33,40.02,100,36.81,91.87
elementwise_kernel,10.38,49.51,3.81,42.00,100,2.85,94.68
vectorized_elementwise_kernel,4.90,12.42,0.03,37.35,100,0,100.24
indexFuncLargeIndex,29.36,10.24,6.23,46.01,100,10.71,59.36
vectorized_elementwise_kernel,5.41,12.54,0.03,40.51,100,0,100.21
vectorized_elementwise_kernel,5.49,12.33,0.03,57.26,100,0,100.65
indexFuncLargeIndex,32.50,11.22,3.91,46.99,100,10.71,73.57
vectorized_elementwise_kernel,0.01,11.66,0.03,5.76,100,0,100.46
vectorized_elementwise_kernel,0.00,10.23,0.04,4.49,100,0,100.89
vectorized_elementwise_kernel,0.00,10.33,0.03,4.92,100,0,101.67
vectorized_elementwise_kernel,0.00,9.78,0.04,4.47,100,0,100.99
elementwise_kernel,0.01,8.95,0.12,5.91,100,8.33,99.42
elementwise_kernel,1.66,8.99,0.11,6.30,100,25,99.59
vectorized_elementwise_kernel,0.63,10.21,2.29,7.61,100,0,80.82
softmax_warp_backward,0.64,10.20,2.26,6.31,100,0,82.62
unrolled_elementwise_kernel,1.02,5.90,0.77,6.06,100,15.49,88.66
unrolled_elementwise_kernel,0.01,7.66,0.17,6.47,100,0,99.00
vectorized_elementwise_kernel,0.01,9.71,0.06,5.40,100,0,100.77
softmax_warp_backward,0.01,9.60,0.05,6.51,100,16.67,100.33
unrolled_elementwise_kernel,0.01,7.46,0.17,5.65,100,16.67,97.98
vectorized_elementwise_kernel,0.44,11.62,0.04,6.33,100,0,100.38
_scatter_gather_elementwise_kernel,0.02,5.30,0.20,6.17,100,0,96.76
vectorized_elementwise_kernel,0.57,9.92,1.19,6.22,100,33.33,89.18
Kernel,6.32,9.29,5.19,5.93,25,0,69.08
Kernel,10.28,14.04,2.89,6.04,25,0,86.40
vectorized_elementwise_kernel,6.08,14.45,14.45,38.91,100,0,50.64
unrolled_elementwise_kernel,10.77,9.05,7.24,23.47,100,40,56.81
rmsnorm_bwd_tuned_kernel,6.46,45.36,8.45,19.41,31.25,25.57,86.55
rmsnorm_bwd_finalize_tuned_kernel,6.33,22.04,22.04,50.05,100,0,16.41
vectorized_elementwise_kernel,6.39,15.11,15.11,33.78,100,33.33,50.78
unrolled_elementwise_kernel,0.09,5.62,0.21,6.07,100,40,96.47
vectorized_elementwise_kernel,6.73,14.75,12.02,38.35,100,0,58.53
Kernel,13.14,28.14,11.33,6.24,6.25,0,63.40
splitKreduce_kernel,13.55,16.06,13.63,44.36,100,0,38.45
Kernel,11.59,25.15,16.11,6.09,6.25,20,56.13
flash_bwd_dot_do_o_kernel,0.84,7.20,2.56,12.12,62.50,48.16,74.82
flash_bwd_dq_dk_dv_loop_seqk_parallel_kernel,1.49,2.33,1.23,12.43,12.50,1.66,68.40
flash_bwd_convert_dq_kernel,0.91,6.37,2.48,12.04,62.50,0.97,73.61
reduce_kernel,1.78,5.99,1.51,6.16,56.25,29.03,81.18
reduce_kernel,1.71,5.77,1.44,6.70,56.25,28.41,82.73
fused_rope_backward,6.75,5.52,0.93,10.86,100,81.58,86.63
fused_rope_backward,7.80,5.95,1.63,11.62,100,71.43,77.54
rmsnorm_bwd_general_kernel,1.48,6.94,0.85,5.96,100,18.24,89.38
rmsnorm_bwd_finalize_general_kernel,0.06,6.73,0.23,5.99,100,0,98.48
unrolled_elementwise_kernel,0.01,9.62,0.27,5.76,100,40,97.04
rmsnorm_bwd_general_kernel,6.16,8.53,3.33,11.37,100,20.86,71.94
rmsnorm_bwd_finalize_general_kernel,0.06,2.94,0.36,6.26,100,0,88.30
unrolled_elementwise_kernel,0.01,9.07,0.26,6.16,100,40,96.35
CatArrayBatchedCopy,19.05,8.11,2.14,69.93,100,22.74,78.29
Kernel,17.28,29.08,11.07,6.30,25,0,80.03
Kernel,13.68,26.65,19.63,9.00,18.75,18.27,65.01
rmsnorm_bwd_tuned_kernel,6.51,45.32,8.49,18.99,31.25,25.59,84.65
rmsnorm_bwd_finalize_tuned_kernel,6.60,22.99,22.99,48.37,100,0,15.24
vectorized_elementwise_kernel,6.38,15.11,15.11,38.93,100,33.33,48.52
unrolled_elementwise_kernel,0.09,5.43,0.21,6.29,100,40,95.74
vectorized_elementwise_kernel,6.40,13.89,11.42,43.24,100,0,56.86
vectorized_elementwise_kernel,0.82,11.11,0.03,6.16,100,0,98.81
elementwise_kernel,22.53,12.92,5.66,43.29,100,14.85,69.61
elementwise_kernel,23.33,10.01,0.77,43.63,100,36.33,93.11
reduce_kernel,1.19,3.65,2.70,25.34,100,0.73,53.26
indexSelectLargeIndex,26.41,8.01,3.77,45.05,100,32.36,66.77
vectorized_elementwise_kernel,4.92,12.47,0.03,37.07,100,0,99.76
indexSelectLargeIndex,25.23,7.82,3.55,45.01,100,32.37,68.36
kernel,1.41,7.75,2.32,6.11,18.75,37.65,74.82
Kernel,2.77,7.22,2.25,5.98,25,0,82.02
splitKreduce_kernel,0.11,7.85,0.15,12.06,100,0,98.99
Kernel,5.17,10.05,4.30,6.26,25,0,82.02
splitKreduce_kernel,1.28,8.74,4.53,22.13,100,0,60.42
kernel,1.40,7.55,2.30,6.98,18.75,37.65,73.08
kernel,1.45,7.93,2.39,5.99,18.75,37.65,73.61
Kernel,2.68,7.07,2.29,6.29,25,0,81.76
splitKreduce_kernel,0.13,7.21,0.34,14.79,100,0,94.52
Kernel,2.63,6.96,2.38,6.17,25,0,79.33
splitKreduce_kernel,0.17,7.94,0.64,22.43,100,0,91.61
Kernel,5.25,8.94,3.47,6.28,25,0,80.58
splitKreduce_kernel,0.84,8.37,2.87,21.54,100,0,68.19
Kernel,2.72,7.29,2.35,6.22,25,0,82.00
splitKreduce_kernel,0.13,7.32,0.38,17.94,100,0,95.49
kernel,1.44,8.00,2.38,6.33,18.75,37.65,74.08
kernel,1.44,7.89,2.36,6.09,18.75,37.65,74.52
Kernel,2.70,7.58,2.64,5.89,25,0,79.78
splitKreduce_kernel,0.30,7.52,0.97,17.55,100,0,86.90
Kernel,6.90,6.60,0.17,6.55,25,57.26,99.93
Kernel,9.61,10.31,0.13,10.02,50,0.46,92.99
Kernel,9.73,16.67,2.17,9.35,50,3.66,89.68
Kernel,6.62,6.26,0.16,6.26,25,57.17,100.18
Kernel,6.93,6.49,0.17,6.22,25,57.26,97.08
Kernel,9.86,10.77,0.25,9.00,50,1.27,98.55
Kernel,9.81,10.88,0.40,8.73,50,1.87,95.82
Kernel,10.32,16.62,1.39,9.35,50,3.36,91.01
Kernel,9.89,10.83,0.28,8.52,50,1.39,100.77
Kernel,6.97,6.49,0.17,6.23,25,57.14,98.04
Kernel,6.81,6.50,0.17,6.31,25,57.16,98.81
Kernel,9.47,10.78,0.60,10.26,50,2.42,94.89
elementwise_kernel,0.86,6.24,0.60,6.27,100,15.06,91.99
vectorized_elementwise_kernel,0.38,9.48,0.79,5.58,100,0.10,90.27
elementwise_kernel,0.96,5.95,0.36,5.96,100,22.37,94.67
vectorized_elementwise_kernel,0.36,9.91,0.44,6.14,100,0.07,95.51
vectorized_elementwise_kernel,0.46,9.81,0.45,5.33,100,0.14,95.40
elementwise_kernel,0.84,6.04,0.58,6.25,100,15.44,92.23
vectorized_elementwise_kernel,0.46,9.90,0.44,6.04,100,0.14,96.25
vectorized_elementwise_kernel,0.39,9.67,0.81,6.50,100,0.10,92.28
vectorized_elementwise_kernel,0.38,9.51,0.79,6.35,100,0.10,92.06
CatArrayBatchedCopy,12.42,8.21,0.65,74.35,100,16.51,93.70
kernel,12.09,6.67,3.82,15.78,18.75,90.99,54.97
Kernel,2.25,6.43,3.68,1.36,31.25,0,61.59
Kernel,14.31,21.79,3.70,11.86,50,14.49,79.08
kernel,11.93,6.69,3.78,16.22,18.75,90.98,60.64
kernel,11.70,6.64,3.70,16.39,18.75,90.99,60.49
Kernel,2.21,6.48,3.63,1.53,31.25,0,60.05
Kernel,2.30,6.86,3.78,1.54,31.25,0,61.61
Kernel,10.69,16.04,3.74,9.16,50,3.55,77.29
Kernel,2.32,6.98,3.80,1.58,31.25,0,61.42
kernel,11.80,6.62,3.72,15.89,18.75,90.99,59.20
kernel,12.02,6.62,3.79,15.77,18.75,90.98,59.73
Kernel,4.58,6.81,3.69,6.47,37.50,0,65.11
Kernel,10.27,9.50,0.17,6.15,25,56.88,101.19
Kernel,17.36,18.65,0.11,19.20,50,1.97,101.29
Kernel,8.15,11.38,2.60,5.73,25,0,81.70
Kernel,10.09,9.33,0.17,6.14,25,56.88,98.01
Kernel,10.23,9.46,0.17,6.33,25,56.88,97.22
Kernel,17.12,18.70,0.22,19.09,50,5.40,101.16
Kernel,16.59,18.46,0.35,18.92,50,7.97,101.42
Kernel,7.60,10.77,1.61,6.03,25,0,89.32
Kernel,17.23,18.89,0.25,19.38,50,5.92,100.31
Kernel,9.96,9.22,0.31,6.11,25,56.71,98.15
Kernel,9.91,9.16,0.16,6.04,25,56.87,97.47
Kernel,15.39,13.04,0.58,19.55,75,10.30,99.21
unrolled_elementwise_kernel,61.16,44.21,44.21,86.79,100,37.73,45.45
unrolled_elementwise_kernel,62.06,57.12,57.12,90.89,100,35.92,45.69
elementwise_kernel,11.70,37.32,4.29,39.56,100,37.05,93.46
elementwise_kernel,10.61,50.75,3.89,39.28,100,2.85,94.13
vectorized_elementwise_kernel,4.60,11.59,0.03,39.61,100,0,99.57
indexFuncLargeIndex,29.46,10.43,6.25,45.47,100,10.71,58.70
vectorized_elementwise_kernel,5.55,12.89,0.03,42.53,100,0,99.60
vectorized_elementwise_kernel,5.49,12.62,0.03,42.68,100,0,98.75
indexFuncLargeIndex,30.81,10.77,3.72,46.23,100,10.71,72.73
vectorized_elementwise_kernel,0.01,11.49,0.03,6.24,100,0,99.46
vectorized_elementwise_kernel,0.00,9.83,0.03,5.35,100,0,99.35
vectorized_elementwise_kernel,0.00,9.90,0.04,3.67,100,0,99.39
vectorized_elementwise_kernel,0.00,9.38,0.03,4.81,100,0,99.53
elementwise_kernel,0.01,9.20,0.12,5.99,100,8.33,99.80
elementwise_kernel,1.60,8.67,0.10,6.36,100,25,99.50
vectorized_elementwise_kernel,0.64,10.50,2.32,5.92,100,0,80.84
softmax_warp_backward,0.65,10.39,2.29,5.25,100,0,81.37
unrolled_elementwise_kernel,1.04,5.93,0.78,6.25,100,15.29,88.63
unrolled_elementwise_kernel,0.01,7.82,0.15,5.58,100,0,98.82
vectorized_elementwise_kernel,0.01,9.13,0.05,6.92,100,0,100.01
softmax_warp_backward,0.01,9.10,0.05,6.10,100,16.67,100.16
unrolled_elementwise_kernel,0.01,7.10,0.16,6.05,100,16,96.85
vectorized_elementwise_kernel,0.42,11.09,0.03,6.02,100,0,98.56
_scatter_gather_elementwise_kernel,0.02,5.58,0.21,5.74,100,0,95.12
vectorized_elementwise_kernel,0.57,9.71,1.18,6.04,100,33.33,87.94
Kernel,6.22,9.50,5.12,5.93,25,0,68.24
Kernel,10.48,14.28,2.95,6.57,25,0,90.59
vectorized_elementwise_kernel,6.21,14.75,14.74,37.44,100,0,51.72
unrolled_elementwise_kernel,11.23,9.46,7.56,23.23,100,40,58.20
rmsnorm_bwd_tuned_kernel,6.57,46.27,8.57,18.89,31.25,25.95,84.34
rmsnorm_bwd_finalize_tuned_kernel,6.81,23.79,23.79,49.75,100,0,15.52
vectorized_elementwise_kernel,6.30,14.97,14.97,36.75,100,33.33,49.88
unrolled_elementwise_kernel,0.09,5.28,0.20,6.35,100,40,94.87
vectorized_elementwise_kernel,6.71,14.19,11.96,38.56,100,0,56.20
Kernel,12.99,27.96,11.25,6.21,6.25,0,68.59
splitKreduce_kernel,13.64,16.14,13.67,44.98,100,0,37.88
Kernel,11.55,25.11,16.08,6.10,6.25,20,59.08
flash_bwd_dot_do_o_kernel,0.84,7.33,2.56,11.70,62.50,47.50,77.27
flash_bwd_dq_dk_dv_loop_seqk_parallel_kernel,1.53,2.38,1.26,12.35,12.50,1.66,66.98
flash_bwd_convert_dq_kernel,0.88,5.94,2.40,12.31,62.50,0.97,68.82
reduce_kernel,1.76,5.78,1.49,6.41,56.25,26.46,79.82
reduce_kernel,1.70,5.58,1.43,6.37,56.25,30.07,80.70
fused_rope_backward,6.71,5.30,0.92,10.73,100,81.58,83.77
fused_rope_backward,7.97,5.89,1.66,11.56,100,71.43,75.76
rmsnorm_bwd_general_kernel,1.46,6.66,0.84,6.35,100,18.24,86.54
rmsnorm_bwd_finalize_general_kernel,0.06,6.35,0.22,6.37,100,0,95.87
unrolled_elementwise_kernel,0.01,9.51,0.27,5.28,100,40,96.12
rmsnorm_bwd_general_kernel,5.80,7.97,3.13,12.27,100,20.86,71.49
rmsnorm_bwd_finalize_general_kernel,0.07,3.00,0.37,5.92,100,0,87.01
unrolled_elementwise_kernel,0.01,9.56,0.28,6.10,100,40,96.06
CatArrayBatchedCopy,19.47,8.22,2.18,71.18,100,22.87,77.57
Kernel,16.90,28.45,10.82,6.55,25,0,68.05
Kernel,13.62,26.47,19.52,9.34,18.75,18.32,66.19
rmsnorm_bwd_tuned_kernel,6.52,46.37,8.51,19.74,31.25,25.17,85.24
rmsnorm_bwd_finalize_tuned_kernel,6.79,23.75,23.75,46.17,100,0,14.72
vectorized_elementwise_kernel,6.39,15.21,15.21,38.39,100,33.33,45.32
unrolled_elementwise_kernel,0.09,5.46,0.21,6.16,100,40,94.88
vectorized_elementwise_kernel,6.65,14.77,11.88,40.03,100,0,58.29
vectorized_elementwise_kernel,0.81,11.03,0.03,6.07,100,0,99.47
elementwise_kernel,22.34,12.89,5.62,46.59,100,14.71,69.44
elementwise_kernel,23.31,9.97,0.77,44.67,100,36.09,92.30
reduce_kernel,1.20,3.61,2.72,24.91,100,0.73,52.01
indexSelectLargeIndex,25.23,7.57,3.60,44.41,100,32.55,66.03
vectorized_elementwise_kernel,4.88,12.33,0.03,45.26,100,0,99.47
indexSelectLargeIndex,25.29,7.85,3.56,46.02,100,32.58,67.36
kernel,1.44,7.76,2.36,6.55,18.75,37.65,72.62
Kernel,2.55,6.67,2.09,6.55,25,0,83.54
splitKreduce_kernel,0.12,7.94,0.15,10.58,100,0,97.81
Kernel,5.25,10.27,4.37,6.21,25,0,81.65
splitKreduce_kernel,1.28,8.61,4.57,23.04,100,0,58.84
kernel,1.45,7.91,2.38,6.26,18.75,37.65,73.22
kernel,1.48,8.11,2.43,6.20,18.75,37.65,74.23
Kernel,2.72,7.27,2.33,6.18,25,0,84.68
splitKreduce_kernel,0.14,7.70,0.36,16.45,100,0,94.80
Kernel,2.65,7.17,2.39,6.16,25,0,83.36
splitKreduce_kernel,0.17,7.79,0.62,24.51,100,0,92.30
Kernel,5.31,9.07,3.50,6.71,25,0,80.22
splitKreduce_kernel,0.85,8.57,2.90,21.14,100,0,69.30
Kernel,2.66,7.22,2.31,5.96,25,0,84.39
splitKreduce_kernel,0.13,7.44,0.38,17.90,100,0,95.81
kernel,1.39,7.70,2.28,5.95,18.75,37.65,74.84
kernel,1.41,7.68,2.31,6.35,18.75,37.65,74.23
Kernel,2.75,7.89,2.68,6.32,25,0,84.29
splitKreduce_kernel,0.30,7.82,0.99,20.17,100,0,87.98
Kernel,6.62,6.33,0.17,6.28,25,57.26,100.58
Kernel,10.05,10.79,0.13,8.94,50,0.46,102.02
Kernel,9.87,16.88,2.19,8.90,50,3.63,88.60
Kernel,6.76,6.34,0.17,6.31,25,57.22,98.26
Kernel,6.66,6.39,0.16,6.08,25,57.19,99.81
Kernel,9.19,10.03,0.24,8.75,50,1.27,98.85
Kernel,9.89,10.96,0.40,8.94,50,1.87,97.73
Kernel,10.67,17.20,1.44,9.29,50,3.34,91.65
Kernel,10.02,10.98,0.28,8.79,50,1.39,101.54
Kernel,6.95,6.68,0.17,6.12,25,57.10,100.98
Kernel,6.69,6.49,0.17,6.13,25,57.20,99.04
Kernel,9.78,11.11,0.62,9.05,50,2.41,95.93
elementwise_kernel,0.85,6.07,0.59,6.53,100,15.49,90.27
vectorized_elementwise_kernel,0.41,10.17,0.85,5.83,100,0.05,92.45
elementwise_kernel,0.92,5.60,0.35,6.39,100,21.46,94.30
vectorized_elementwise_kernel,0.35,9.76,0.43,6.42,100,0.14,95.49
vectorized_elementwise_kernel,0.45,9.58,0.43,5.96,100,0.14,95.05
elementwise_kernel,0.84,5.86,0.58,6.03,100,15.69,90.03
vectorized_elementwise_kernel,0.45,9.55,0.43,5.54,100,0.07,95.25
vectorized_elementwise_kernel,0.39,9.57,0.81,7.46,100,0.10,91.61
vectorized_elementwise_kernel,0.39,9.50,0.81,6.34,100,0.10,91.94
CatArrayBatchedCopy,12.79,8.27,0.67,69.88,100,16.53,91.26
kernel,11.96,6.59,3.78,16.23,18.75,90.99,58.27
Kernel,2.39,6.47,3.89,1.62,31.25,0,56.27
Kernel,14.09,21.44,3.67,12.84,50,15.95,73.14
kernel,11.71,6.45,3.70,16.11,18.75,90.99,57.36
kernel,11.95,6.75,3.77,15.87,18.75,90.99,60.06
Kernel,2.30,6.78,3.77,1.57,31.25,0,60.76
Kernel,2.30,7.07,3.77,1.58,31.25,0,64.36
Kernel,11.15,16.74,3.76,8.82,50,3.26,73.76
Kernel,2.33,6.99,3.81,1.56,31.25,0,61.44
kernel,11.97,6.59,3.79,16.37,18.75,90.99,57.49
kernel,12.05,6.69,3.82,16.63,18.75,90.99,60.40
Kernel,4.78,7.11,3.84,6.75,37.50,0,63.27
Kernel,10.21,9.45,0.17,6.27,25,56.88,99.35
Kernel,16.92,18.18,0.11,19.72,50,1.88,99.57
Kernel,8.02,11.40,2.56,5.97,25,0,80.66
Kernel,9.89,9.15,0.17,6.13,25,56.88,98.35
Kernel,9.86,9.12,0.16,6.06,25,56.88,97.67
Kernel,17.69,19.35,0.23,19.02,50,5.18,99.59
Kernel,16.68,18.55,0.35,18.72,50,7.64,97.90
Kernel,7.50,10.68,1.58,6.15,25,0,88.66
Kernel,17.25,18.95,0.25,18.51,50,5.67,99.58
Kernel,9.74,9.01,0.16,6.25,25,56.77,98.38
Kernel,9.87,9.12,0.16,6.20,25,56.87,98.65
Kernel,15.61,13.22,0.58,20.25,75,9.89,97.42
unrolled_elementwise_kernel,60.58,44.19,44.19,87.57,100,37.68,45.89
unrolled_elementwise_kernel,62.28,57.52,57.52,90.48,100,35.84,46.38
reduce_kernel,10.58,82.74,82.74,98.82,100,0,10.67
vectorized_elementwise_kernel,0.01,9.75,0.04,4.17,100,33.33,98.61
vectorized_elementwise_kernel,11.51,86.46,86.46,84.60,100,43.20,51.71
elementwise_kernel,11.48,35.95,4.21,38.81,100,37.31,91.73
elementwise_kernel,10.62,49.69,3.90,40.39,100,2.85,92.49
vectorized_elementwise_kernel,4.86,12.31,0.03,37.89,100,0,100.21
indexFuncLargeIndex,28.52,9.95,6.05,45.23,100,10.71,59.12
vectorized_elementwise_kernel,5.54,12.49,0.03,36.77,100,0,101.21
vectorized_elementwise_kernel,5.35,11.82,0.03,42.61,100,0,99.78
indexFuncLargeIndex,31.70,11.08,3.82,45.62,100,10.71,72.20
vectorized_elementwise_kernel,0.01,10.91,0.03,5.68,100,0,98.27
vectorized_elementwise_kernel,0.00,10.23,0.04,4.08,100,0,99.49
vectorized_elementwise_kernel,0.00,9.54,0.03,4.52,100,0,99.36
vectorized_elementwise_kernel,0.00,10.10,0.04,4.28,100,0,99.47
elementwise_kernel,0.01,8.53,0.12,6.70,100,8.33,98.11
elementwise_kernel,1.66,8.81,0.10,6.25,100,25,98.51
vectorized_elementwise_kernel,0.66,10.55,2.41,5.08,100,0,79.64
softmax_warp_backward,0.62,9.66,2.19,5.97,100,0,79.56
unrolled_elementwise_kernel,1.04,5.88,0.79,6.34,100,15.69,86.01
unrolled_elementwise_kernel,0.01,7.47,0.15,6.10,100,0,96.16
vectorized_elementwise_kernel,0.01,9.86,0.06,5.49,100,0,99.18
softmax_warp_backward,0.01,9.44,0.05,5.42,100,16.67,98.35
unrolled_elementwise_kernel,0.01,7.89,0.18,7.41,100,16.67,95.20
vectorized_elementwise_kernel,0.44,11.51,0.03,5.88,100,0,97.86
_scatter_gather_elementwise_kernel,0.02,5.67,0.21,6.36,100,0,93.38
vectorized_elementwise_kernel,0.54,9.15,1.11,6.31,100,33.33,87.01
Kernel,6.07,8.84,5.00,6.50,25,0,68.94
Kernel,10.52,14.38,2.95,6.29,25,0,87.92
vectorized_elementwise_kernel,6.25,14.78,14.78,39.25,100,0,49.25
unrolled_elementwise_kernel,11.49,9.42,7.74,23.45,100,40,56.98
rmsnorm_bwd_tuned_kernel,6.59,46.60,8.60,20.14,31.25,25.33,86.58
rmsnorm_bwd_finalize_tuned_kernel,6.63,23.11,23.11,49.93,100,0,15.25
vectorized_elementwise_kernel,5.82,13.81,13.81,36.96,100,33.33,49.57
unrolled_elementwise_kernel,0.10,5.72,0.22,6.50,100,40,94.80
vectorized_elementwise_kernel,6.60,13.99,11.76,34.88,100,0,56.85
Kernel,13.18,28.02,11.35,6.28,6.25,0,54.72
splitKreduce_kernel,12.90,15.05,12.95,48.70,100,0,36.60
Kernel,11.64,25.61,16.22,6.13,6.25,20,56.33
flash_bwd_dot_do_o_kernel,0.87,7.48,2.62,11.20,62.50,47.39,76.16
flash_bwd_dq_dk_dv_loop_seqk_parallel_kernel,1.55,2.41,1.27,12.45,12.50,1.66,66.00
flash_bwd_convert_dq_kernel,0.90,6.03,2.46,12.17,62.50,0.97,69.87
reduce_kernel,1.78,5.82,1.50,5.94,56.25,29.29,80.48
reduce_kernel,1.63,5.36,1.38,6.21,56.25,28.58,79.52
fused_rope_backward,6.82,5.37,0.94,10.45,100,81.58,81.54
fused_rope_backward,8.07,5.97,1.68,11.93,100,71.43,74.81
rmsnorm_bwd_general_kernel,1.55,7.09,0.88,6.33,100,18.24,86.78
rmsnorm_bwd_finalize_general_kernel,0.05,6.08,0.21,6.34,100,0,96.10
unrolled_elementwise_kernel,0.01,9.57,0.28,6.12,100,40,96.15
rmsnorm_bwd_general_kernel,5.61,7.68,3.04,11.64,100,20.86,72.08
rmsnorm_bwd_finalize_general_kernel,0.07,3.05,0.38,6.41,100,0,87.16
unrolled_elementwise_kernel,0.01,9.18,0.26,5.31,100,40,95.83
CatArrayBatchedCopy,17.87,7.53,2.01,72.56,100,22.57,76.30
Kernel,17.44,29.37,11.16,6.20,25,0,64.03
Kernel,13.72,26.73,19.65,9.18,18.75,18.35,62.17
rmsnorm_bwd_tuned_kernel,6.63,47.36,8.67,19.45,31.25,24.97,85.75
rmsnorm_bwd_finalize_tuned_kernel,6.80,23.75,23.75,47.56,100,0,15.07
vectorized_elementwise_kernel,6.31,14.96,14.96,39.82,100,33.33,49.35
unrolled_elementwise_kernel,0.09,5.49,0.21,6.24,100,40,94.71
vectorized_elementwise_kernel,6.64,14.44,11.87,35.19,100,0,57.65
vectorized_elementwise_kernel,0.83,11.34,0.03,5.00,100,0,99.60
elementwise_kernel,22.08,12.47,5.70,43.87,100,14.64,67.77
elementwise_kernel,23.90,10.12,0.79,42.38,100,36.07,94.41
reduce_kernel,1.18,3.56,2.70,24.99,100,0.72,51.40
indexSelectLargeIndex,26.50,7.93,3.78,46.04,100,32.40,65.56
vectorized_elementwise_kernel,5.08,12.85,0.03,36.49,100,0,100.49
indexSelectLargeIndex,25.07,7.84,3.53,45.38,100,32.43,68.01
kernel,1.46,7.85,2.40,6.12,18.75,37.65,71.63
Kernel,2.62,6.77,2.15,5.81,25,0,82.63
splitKreduce_kernel,0.11,7.68,0.14,12.90,100,0,97.73
Kernel,5.25,10.05,4.39,6.20,25,0,81.41
splitKreduce_kernel,1.28,8.69,4.55,22.73,100,0,61.06
kernel,1.43,7.67,2.36,6.16,18.75,37.65,71.62
kernel,1.41,7.59,2.32,6.15,18.75,37.65,72.31
Kernel,2.71,7.16,2.32,6.03,25,0,79.60
splitKreduce_kernel,0.13,7.37,0.35,15.33,100,0,94.34
Kernel,2.72,7.23,2.45,6.43,25,0,80.97
splitKreduce_kernel,0.17,7.56,0.61,20.62,100,0,91.22
Kernel,4.97,8.30,3.29,5.91,25,0,78.62
splitKreduce_kernel,0.76,7.55,2.59,19.98,100,0,67.84
Kernel,2.61,6.75,2.26,6.39,25,0,80.20
splitKreduce_kernel,0.14,7.59,0.40,17.35,100,0,93.93
kernel,1.40,7.47,2.29,6.21,18.75,37.65,72.03
kernel,1.48,7.86,2.42,6.19,18.75,37.65,71.49
Kernel,2.58,7.08,2.52,6.09,25,0,80.69
splitKreduce_kernel,0.30,7.50,0.96,17.52,100,0,87.44
Kernel,6.85,6.36,0.17,6.38,25,57.26,94.58
Kernel,9.31,9.99,0.12,9.50,50,0.49,95.90
Kernel,10.32,17.65,2.29,9.82,50,3.88,87.40
Kernel,6.66,6.18,0.17,6.24,25,57.17,94.54
Kernel,6.80,6.31,0.17,6.48,25,57.26,94.32
Kernel,9.85,10.77,0.25,8.63,50,1.35,98.48
Kernel,9.96,11.05,0.41,8.97,50,1.99,95.59
Kernel,10.46,16.85,1.41,8.80,50,3.57,87.80
Kernel,9.49,10.40,0.27,9.01,50,1.48,94.33
Kernel,6.52,6.04,0.16,6.33,25,57.19,95.13
Kernel,6.71,6.22,0.17,6.40,25,57.21,96.71
Kernel,9.23,10.49,0.59,9.46,50,2.57,92.37
elementwise_kernel,0.86,6.02,0.59,6.17,100,15.22,90.30
vectorized_elementwise_kernel,0.41,9.99,0.85,5.96,100,0.10,90.77
elementwise_kernel,0.93,5.66,0.34,6.27,100,21.69,93.52
vectorized_elementwise_kernel,0.34,9.31,0.41,6.13,100,0.14,92.70
vectorized_elementwise_kernel,0.46,9.80,0.44,5.81,100,0.14,94.48
elementwise_kernel,0.85,5.93,0.59,6.04,100,15.54,88.11
vectorized_elementwise_kernel,0.45,9.64,0.43,6.17,100,0.14,95.26
vectorized_elementwise_kernel,0.41,10.12,0.86,6.08,100,0.10,90.85
vectorized_elementwise_kernel,0.40,9.79,0.84,5.88,100,0.10,90.66
CatArrayBatchedCopy,11.66,7.55,0.60,73.18,100,16.23,91.12
kernel,12.12,6.68,3.84,14.84,18.75,90.99,56.83
Kernel,2.36,6.44,3.85,1.54,31.25,0,56.44
Kernel,13.96,21.24,3.62,12.32,50,15.06,79.97
kernel,12.13,6.69,3.83,14.93,18.75,90.99,56.65
kernel,12.30,6.78,3.88,16.72,18.75,90.99,58.08
Kernel,2.36,6.72,3.87,1.60,31.25,0,57.90
Kernel,2.40,6.96,3.94,1.62,31.25,0,58.51
Kernel,11.08,16.63,3.74,9.05,50,3.83,73.69
Kernel,2.31,6.61,3.78,1.55,31.25,0,58.67
kernel,11.91,6.57,3.76,16.25,18.75,90.99,57.58
kernel,12.12,6.69,3.83,15.57,18.75,90.99,58.91
Kernel,4.65,6.55,3.74,6.51,37.50,0,60.22
Kernel,9.99,9.24,0.17,5.99,25,56.88,97.57
Kernel,17.73,19.03,0.11,19.91,50,1.88,99.66
Kernel,8.12,11.33,2.59,6.13,25,0,81.53
Kernel,10.18,9.41,0.17,6.12,25,56.88,97.68
Kernel,9.69,8.96,0.16,6.11,25,56.88,95.03
Kernel,17.21,18.82,0.23,18.63,50,5.18,97.47
Kernel,17.12,19.06,0.36,20.18,50,7.64,96.57
Kernel,7.79,11.07,1.64,6.16,25,0,86.54
Kernel,16.85,18.50,0.24,19.51,50,5.67,99.12
Kernel,10.28,9.51,0.17,6.28,25,56.78,98.96
Kernel,9.85,9.11,0.16,6.16,25,56.86,96.33
Kernel,15.74,13.36,0.59,18.55,75,9.89,97.64
unrolled_elementwise_kernel,61.98,45.35,45.35,88.22,100,37.77,43.73
unrolled_elementwise_kernel,61.97,56.97,56.97,91.00,100,35.94,44.58
reduce_kernel,13.63,68.69,68.69,96.85,100,0,11.14
vectorized_elementwise_kernel,0.01,10.09,0.05,4.62,100,33.33,100.81
vectorized_elementwise_kernel,11.78,78.82,78.82,83.12,100,44.26,52.02
elementwise_kernel,11.69,37.26,4.30,40.57,100,36.67,92.60
elementwise_kernel,10.37,49.31,3.80,40.36,100,2.85,94.12
vectorized_elementwise_kernel,4.78,12.21,0.03,39.92,100,0,99.59
indexFuncLargeIndex,29.97,10.45,6.34,43.75,100,10.71,58.65
vectorized_elementwise_kernel,5.29,12.10,0.03,55.43,100,0,99.06
vectorized_elementwise_kernel,5.31,12.18,0.03,44.29,100,0,97.21
indexFuncLargeIndex,32.36,11.19,3.90,45.63,100,10.74,72.02
vectorized_elementwise_kernel,0.01,11.26,0.04,5.76,100,0,100.54
vectorized_elementwise_kernel,0.00,10.26,0.04,4.57,100,0,99.43
vectorized_elementwise_kernel,0.00,10.22,0.04,4.13,100,0,99.57
vectorized_elementwise_kernel,0.00,10.46,0.04,4.71,100,0,99.46
elementwise_kernel,0.01,8.41,0.11,5.44,100,8.33,99.21
elementwise_kernel,1.55,8.35,0.10,6.34,100,25,99.25
vectorized_elementwise_kernel,0.66,10.59,2.38,6.14,100,0,80.13
softmax_warp_backward,0.63,10.04,2.23,5.62,100,0,81.82
unrolled_elementwise_kernel,1.02,5.82,0.77,6.11,100,15.58,87.71
unrolled_elementwise_kernel,0.01,7.74,0.16,5.77,100,0,96.84
vectorized_elementwise_kernel,0.01,10.04,0.06,5.09,100,0,99.35
softmax_warp_backward,0.01,9.99,0.05,5.95,100,16.67,100.25
unrolled_elementwise_kernel,0.01,7.52,0.17,6.47,100,16.67,96.79
vectorized_elementwise_kernel,0.42,11.20,0.03,6.16,100,0,99.75
_scatter_gather_elementwise_kernel,0.02,6.08,0.23,6.07,100,0,95.58
vectorized_elementwise_kernel,0.59,10.12,1.22,5.09,100,33.33,88.00
Kernel,6.04,8.80,4.98,6.38,25,0,65.16
Kernel,10.64,14.64,2.98,6.10,25,0,86.54
vectorized_elementwise_kernel,5.91,14.04,14.04,36.34,100,0,49.97
unrolled_elementwise_kernel,11.20,9.40,7.54,23.41,100,40,57.86
rmsnorm_bwd_tuned_kernel,6.52,45.86,8.50,19.46,31.25,25.67,84.35
rmsnorm_bwd_finalize_tuned_kernel,6.33,22.07,22.07,49.39,100,0,15.46
vectorized_elementwise_kernel,6.26,14.92,14.92,38.32,100,33.33,47.95
unrolled_elementwise_kernel,0.10,5.83,0.22,6.17,100,40,97.51
vectorized_elementwise_kernel,6.63,14.28,11.87,47.75,100,0,57.11
Kernel,13.10,28.11,11.33,6.36,6.25,0,59.65
splitKreduce_kernel,13.81,16.17,13.92,43.20,100,0,36.72
Kernel,11.55,25.18,16.09,5.85,6.25,20,55.14
flash_bwd_dot_do_o_kernel,0.77,6.76,2.35,12.53,62.50,48.26,78.10
flash_bwd_dq_dk_dv_loop_seqk_parallel_kernel,1.53,2.38,1.26,12.23,12.50,1.66,67.76
flash_bwd_convert_dq_kernel,0.91,6.12,2.49,12.41,62.50,0.97,69.17
reduce_kernel,1.70,5.56,1.43,6.37,56.25,30.88,78.29
reduce_kernel,1.74,5.79,1.47,6.40,56.25,27.98,79.74
fused_rope_backward,6.67,5.30,0.92,10.47,100,81.58,82.22
fused_rope_backward,8.06,5.98,1.68,11.49,100,71.43,74.88
rmsnorm_bwd_general_kernel,1.54,7.08,0.88,5.94,100,18.24,88.18
rmsnorm_bwd_finalize_general_kernel,0.05,6.23,0.21,6.40,100,0,96.06
unrolled_elementwise_kernel,0.01,9.41,0.27,6.14,100,40,96.18
rmsnorm_bwd_general_kernel,5.81,7.96,3.13,10.82,100,20.86,70.65
rmsnorm_bwd_finalize_general_kernel,0.07,3.20,0.39,6.15,100,0,85.10
unrolled_elementwise_kernel,0.01,9.12,0.26,6.14,100,40,96.21
CatArrayBatchedCopy,18.09,7.63,2.02,71.68,100,22.78,76.78
Kernel,17.24,29.03,11.04,6.22,25,0,59.28
Kernel,13.80,26.85,19.82,9.12,18.75,18.24,62.05
rmsnorm_bwd_tuned_kernel,6.61,46.54,8.64,19.44,31.25,26.29,87.69
rmsnorm_bwd_finalize_tuned_kernel,6.61,23.09,23.09,49.25,100,0,15.99
vectorized_elementwise_kernel,6.42,15.24,15.24,39.10,100,33.33,51.19
unrolled_elementwise_kernel,0.10,5.67,0.22,6.46,100,40,95.19
elementwise_kernel,17.00,10.84,5.02,41.61,100,47.23,67.16
vectorized_elementwise_kernel,18.05,37.00,32.33,10.55,100,0,99.79
vectorized_elementwise_kernel,0.02,8.83,0.11,3.72,75,0,98.16
vectorized_elementwise_kernel,0.01,9.82,0.06,6.24,100,0,99.26
vectorized_elementwise_kernel,0.01,8.76,0.10,6.52,100,50,98.57
elementwise_kernel_with_index,0.02,11.55,0.03,1.93,100,0,99.67
DeviceRadixSortSingleTileKernel,0.23,3.57,0.08,12.42,12.50,60,99.30
indexing_backward_kernel,0.35,0.28,0.12,3.61,100,69.12,73.06
unrolled_elementwise_kernel,62.40,66.02,66.02,92.17,100,34.42,42.92
reduce_kernel,10.33,83.65,83.65,98.45,100,0,6.58
vectorized_elementwise_kernel,0.01,10.03,0.05,3.70,100,33.33,97.86
vectorized_elementwise_kernel,11.45,86.50,86.50,85.12,100,43.20,51.84
vectorized_elementwise_kernel,0.01,10.93,0.03,6.16,100,0,98.58
multi_tensor_apply_kernel,8.01,73.69,73.69,61.31,100,0.01,4.30
multi_tensor_apply_kernel,7.97,73.34,73.34,60.79,100,0.01,4.94
multi_tensor_apply_kernel,7.24,65.23,65.23,41.26,100,0.01,8.30
cleanup,0.05,8.53,0.06,23.09,100,0,98.68
vectorized_elementwise_kernel,0.00,9.13,0.03,4.48,100,0,98.47
multi_tensor_apply_kernel,7.67,75.16,75.16,57.22,100,49.28,52.04
multi_tensor_apply_kernel,7.69,75.30,75.30,57.27,100,48.84,51.90
multi_tensor_apply_kernel,7.51,67.11,67.11,39.50,100,49.91,51.07
multi_tensor_apply_kernel,15.09,76.09,76.09,47.48,50,28.52,44.73
multi_tensor_apply_kernel,15.06,75.86,75.86,47.34,50,27.96,44.87
multi_tensor_apply_kernel,15.60,76.38,76.38,40.58,50,30.90,45.03
multi_tensor_apply_kernel,1.93,7.25,2.32,23.17,50,42.86,76.91
unrolled_elementwise_kernel,57.00,52.51,52.51,90.68,100,15.17,36.17
unrolled_elementwise_kernel,29.65,19.08,19.08,82.05,100,14.98,43.60
unrolled_elementwise_kernel,32.24,20.76,20.76,69.45,100,15.17,41.49
unrolled_elementwise_kernel,8.43,8.61,5.50,22.75,100,14.23,60.04
unrolled_elementwise_kernel,29.65,19.09,19.09,73.84,100,14.93,43.71
unrolled_elementwise_kernel,33.06,21.32,21.32,71.75,100,15.09,41.29
unrolled_elementwise_kernel,8.45,8.64,5.51,22.45,100,14.31,59.83
unrolled_elementwise_kernel,28.50,18.38,18.38,81.62,100,14.99,45.48
unrolled_elementwise_kernel,32.73,21.10,21.10,70.83,100,15.18,42.76
unrolled_elementwise_kernel,8.64,8.85,5.63,23.37,100,14.18,60.58
unrolled_elementwise_kernel,29.85,19.24,19.24,83.88,100,14.94,46.34
unrolled_elementwise_kernel,32.75,21.10,21.10,70.98,100,15.16,44.62
unrolled_elementwise_kernel,8.51,8.97,5.56,21.64,100,14.29,60.58
unrolled_elementwise_kernel,29.40,18.95,18.95,83.02,100,14.95,50.26
unrolled_elementwise_kernel,32.65,21.06,21.06,68.80,100,15.15,44.94
unrolled_elementwise_kernel,8.25,8.94,5.40,24.08,100,14.47,62.53
unrolled_elementwise_kernel,29.44,18.95,18.95,86.04,100,14.95,45.89
unrolled_elementwise_kernel,32.80,21.10,21.10,71.13,100,15.06,48.80
unrolled_elementwise_kernel,8.25,8.99,5.40,23.24,100,14.36,63.64
unrolled_elementwise_kernel,0.07,5.74,0.16,6.20,100,14.58,97.38
unrolled_elementwise_kernel,0.01,9.58,0.21,6.09,100,16.67,96.95
unrolled_elementwise_kernel,0.01,9.64,0.21,6.20,100,16.67,98.08
unrolled_elementwise_kernel,0.07,5.75,0.16,6.22,100,15.31,99.03
unrolled_elementwise_kernel,0.07,5.92,0.17,6.75,100,13.99,99.57
unrolled_elementwise_kernel,0.01,8.91,0.19,6.34,100,16.67,99.01
unrolled_elementwise_kernel,0.01,9.17,0.20,6.09,100,16.67,98.86
unrolled_elementwise_kernel,0.07,5.86,0.17,6.09,100,14.87,98.57
unrolled_elementwise_kernel,0.07,5.96,0.17,6.12,100,14.21,98.67
unrolled_elementwise_kernel,0.01,9.14,0.20,6.41,100,16.67,98.18
unrolled_elementwise_kernel,0.01,8.98,0.20,7.04,100,16.67,96.77
unrolled_elementwise_kernel,0.07,5.98,0.18,6.05,100,13.99,96.15
unrolled_elementwise_kernel,0.07,5.97,0.18,6.26,100,14.51,96.31
unrolled_elementwise_kernel,0.01,9.31,0.21,6.62,100,16.67,96.89
unrolled_elementwise_kernel,0.01,9.63,0.22,6.09,100,16.67,97.08
unrolled_elementwise_kernel,0.07,5.94,0.17,6.03,100,14.58,98.61
unrolled_elementwise_kernel,0.07,6.08,0.18,5.91,100,14.51,98.76
unrolled_elementwise_kernel,0.01,9.16,0.20,6.65,100,16.67,98.18
unrolled_elementwise_kernel,0.01,9.31,0.21,6.21,100,16.67,98.12
unrolled_elementwise_kernel,0.07,5.71,0.17,6.31,100,14.66,95.96
unrolled_elementwise_kernel,0.07,5.76,0.17,6.18,100,13.83,96.20
unrolled_elementwise_kernel,0.01,9.34,0.21,6.31,100,16.67,99.13
unrolled_elementwise_kernel,0.01,9.47,0.21,6.31,100,16.67,98.31
unrolled_elementwise_kernel,0.07,5.91,0.17,5.98,100,13.61,97.29
vectorized_elementwise_kernel,0.01,10.95,0.03,6.18,100,0,100.39
multi_tensor_apply_kernel,8.10,74.41,74.41,60.29,100,0.01,16.45
multi_tensor_apply_kernel,8.10,74.37,74.37,57.04,100,0.01,15.06
multi_tensor_apply_kernel,8.16,75.09,75.09,58.31,100,0.01,14.97
multi_tensor_apply_kernel,8.08,74.22,74.22,59.58,100,0.01,15.32
multi_tensor_apply_kernel,8.00,73.42,73.42,59.24,100,0.01,16.18
multi_tensor_apply_kernel,5.19,47.54,47.54,24.74,100,0.01,16.13
cleanup,0.06,9.18,0.06,23.58,100,0,99.27
vectorized_elementwise_kernel,0.00,9.69,0.04,5.35,100,0,99.54
multi_tensor_apply_kernel,15.10,76.23,76.23,47.83,50,28.00,47.27
multi_tensor_apply_kernel,15.24,76.74,76.74,47.32,50,28.94,45.48
multi_tensor_apply_kernel,15.29,76.89,76.89,47.56,50,29.68,45.21
multi_tensor_apply_kernel,15.15,76.46,76.46,47.09,50,31.50,44.77
multi_tensor_apply_kernel,15.09,76.18,76.18,47.69,50,29.47,44.75
multi_tensor_apply_kernel,16.40,77.66,77.66,24.61,50,41.84,45.02
unrolled_elementwise_kernel,54.07,44.20,44.20,88.60,100,15.28,38.92
unrolled_elementwise_kernel,52.23,35.04,35.04,87.87,100,15.42,40.95
unrolled_elementwise_kernel,54.79,45.14,45.14,87.91,100,15.29,41.41
unrolled_elementwise_kernel,52.35,35.20,35.20,85.90,100,15.38,42.29
unrolled_elementwise_kernel,54.70,44.97,44.97,88.69,100,15.27,44.23
unrolled_elementwise_kernel,52.16,35.82,35.82,86.97,100,15.42,45.24
unrolled_elementwise_kernel,54.83,44.96,44.96,89.66,100,15.28,46.20
unrolled_elementwise_kernel,51.37,34.86,34.86,86.78,100,15.43,47.44
unrolled_elementwise_kernel,53.87,44.01,44.01,89.39,100,15.26,46.45
unrolled_elementwise_kernel,52.19,34.88,34.88,87.47,100,15.43,45.97
unrolled_elementwise_kernel,54.89,45.03,45.03,89.01,100,15.28,46.10
unrolled_elementwise_kernel,51.87,34.73,34.73,88.23,100,15.43,47.39
vectorized_elementwise_kernel,24.09,85.72,85.72,29.88,100,0,98.80
vectorized_elementwise_kernel,24.24,91.70,91.70,42.43,100,0,99.02
vectorized_elementwise_kernel,0.01,9.28,0.07,6.23,100,8.33,99.97
vectorized_elementwise_kernel,0.01,9.72,0.08,6.19,100,8.33,99.00
vectorized_elementwise_kernel,0.01,8.73,0.05,6.60,100,25,99.08
vectorized_elementwise_kernel,0.01,9.45,0.05,6.49,100,0,98.09
vectorized_elementwise_kernel,0.01,8.55,0.06,5.89,100,47.06,98.06
index_elementwise_kernel,27.84,7.28,0.27,46.29,75,61.71,97.17
elementwise_kernel,17.53,10.62,5.17,40.69,100,47.27,66.58
elementwise_kernel_with_index,0.02,11.12,0.03,3.11,100,0,99.34
vectorized_elementwise_kernel,0.01,9.36,0.04,5.58,100,0,99.69
elementwise_kernel,0.93,8.25,0.12,6.53,100,43.06,97.13
CatArrayBatchedCopy_aligned16_contig,0.97,8.04,0.51,5.66,100,60,92.86
rmsnorm_fwd_tuned_kernel,5.62,10.70,6.30,14.60,25,25.11,69.47
Kernel,15.91,28.12,13.16,6.24,6.25,0,66.58
splitKreduce_kernel,19.01,14.85,11.69,53.81,100,0,43.47
elementwise_kernel,3.80,6.89,1.48,11.39,100,24.01,82.40
rmsnorm_fwd_general_kernel,5.01,8.59,1.85,12.57,100,30.21,81.51
elementwise_kernel,0.94,5.91,0.45,6.24,100,24.96,93.44
rmsnorm_fwd_general_kernel,1.29,7.85,0.53,5.80,100,26.74,94.26
fused_rope_forward,6.84,6.72,1.84,11.41,100,60,76.82
fused_rope_forward,4.36,6.62,1.11,11.02,100,68.18,86.06
elementwise_kernel,0.97,6.20,0.47,6.28,100,24.96,94.47
elementwise_kernel_with_index,0.00,11.45,0.03,2.30,100,0,100.85
elementwise_kernel_with_index,0.00,11.06,0.03,2.91,100,0,101.07
flash_fwd_kernel,0.84,2.15,0.68,6.30,12.50,8.54,79.76
Kernel,10.56,16.66,7.42,6.07,18.75,0,73.21
kernel2,23.05,12.88,11.64,20.16,56.25,0,58.28
rmsnorm_fwd_tuned_kernel,5.71,11.11,6.43,14.53,25,25.11,68.31
Kernel,6.16,12.84,7.20,6.15,25,0,81.49
splitKreduce_kernel,4.04,10.55,7.69,25.36,100,0,50.82
_scatter_gather_elementwise_kernel,0.01,6.26,0.21,6.80,100,2.29,97.51
unrolled_elementwise_kernel,0.01,7.51,0.15,6.02,100,0,98.38
softmax_warp_forward,0.02,9.03,0.06,7.21,100,25,101.08
unrolled_elementwise_kernel,0.01,8.16,0.18,6.74,100,16.67,99.07
unrolled_elementwise_kernel,1.04,6.09,0.45,6.16,100,0,94.54
softmax_warp_forward,1.32,8.15,0.98,6.98,100,0,90.28
gatherTopK,13.48,3.46,0.32,11.35,62.50,89.89,91.03
bitonicSortKVInPlace,2.94,4.44,0.16,3.09,46.88,50,98.30
vectorized_elementwise_kernel,0.43,11.48,0.04,6.23,100,0,100.75
unrolled_elementwise_kernel,1.01,5.93,0.44,6.04,100,0,95.45
_scatter_gather_elementwise_kernel,0.09,6.10,0.22,6.06,100,0,97.63
unrolled_elementwise_kernel,1.00,6.09,0.79,6.30,100,14.39,89.36
vectorized_elementwise_kernel,0.55,11.78,0.03,6.31,100,0,99.92
_scatter_gather_elementwise_kernel,0.01,6.92,0.17,6.82,100,0,99.05
reduce_kernel,0.24,5.39,1.35,6.48,37.50,40,81.31
reduce_kernel,0.03,2.71,0.45,5.92,56.25,1.15,86.09
vectorized_elementwise_kernel,0.01,9.54,0.05,6.28,100,8.33,100.29
unrolled_elementwise_kernel,0.01,9.15,0.19,7.20,100,0,98.67
reduce_kernel,0.02,7.39,0.41,5.94,100,0,95.37
unrolled_elementwise_kernel,0.14,6.31,0.30,6.21,100,0,96.62
reduce_kernel,0.01,4.42,0.32,4.01,56.25,8.33,92.10
elementwise_kernel,0.02,7.27,0.35,6.30,100,8.33,93.85
vectorized_elementwise_kernel,0.01,9.86,0.05,4.91,100,0,99.32
reduce_kernel,0.02,7.52,0.39,6.11,100,0,96.58
vectorized_elementwise_kernel,0.00,10.22,0.04,4.23,100,0,101.49
vectorized_elementwise_kernel,0.00,10.18,0.04,4.55,100,50,101.13
vectorized_elementwise_kernel,0.00,10.51,0.04,4.31,100,0,100.64
vectorized_elementwise_kernel,0.00,9.92,0.04,3.60,100,33.33,101.47
vectorized_elementwise_kernel,0.59,12.55,0.03,6.24,100,0,99.01
_scatter_gather_elementwise_kernel,0.01,7.24,0.17,5.76,100,0,98.65
reduce_kernel,0.23,5.24,1.35,6.39,37.50,40,80.16
reduce_kernel,0.02,7.03,0.39,5.72,100,8.33,95.12
index_elementwise_kernel,0.01,6.95,0.30,6.16,75,25,95.66
reduce_kernel,0.02,6.65,0.37,6.33,100,8.33,95.14
reduce_kernel,0.01,5.75,0.34,1.50,37.50,58.33,95.18
DeviceScanInitKernel,0.01,10.90,0.03,6.18,100,0,101.39
DeviceScanKernel,0.03,8.22,0.19,5.68,75,5.88,97.48
vectorized_elementwise_kernel,0.01,9.64,0.06,6.28,100,8.33,100.36
reduce_kernel,0.02,7.26,0.39,5.23,100,0,94.66
compute_cuda_kernel,0.30,8.95,0.06,21.92,100,77.56,100.62
indexSelectLargeIndex,0.02,6.57,0.04,6.53,100,5.45,99.05
elementwise_kernel_with_index,0.02,11.77,0.03,2.77,100,0,98.80
radixSortKVInPlace,0.06,1.01,0.06,1.56,12.50,50,91.56
vectorized_elementwise_kernel,0.02,8.72,0.15,6.34,75,0,97.75
indexSelectLargeIndex,28.46,7.89,0.53,47.78,100,35.37,94.34
vectorized_elementwise_kernel,4.90,12.22,0.03,38.31,100,0,99.62
elementwise_kernel_with_index,0.02,11.82,0.03,3.65,100,0,99.68
radixSortKVInPlace,0.05,1.48,0.09,1.59,12.50,50,95.62
vectorized_elementwise_kernel,0.02,8.91,0.15,6.24,75,0,98.85
indexSelectLargeIndex,25.39,8.08,3.57,45.03,100,32.44,68.90
kernel,2.32,16.42,3.89,6.52,18.75,5.55,78.34
Kernel,4.30,7.24,4.18,6.29,25,0,60.77
splitKreduce_kernel,0.24,7.94,0.24,11.94,100,0,97.45
Kernel,8.26,11.43,6.19,5.92,25,0,76.57
splitKreduce_kernel,2.49,10.29,8.81,21.21,100,0,46.84
kernel,2.33,16.85,3.90,6.19,18.75,5.55,80.97
kernel,2.36,17.08,3.98,5.87,18.75,5.55,80.41
Kernel,4.25,7.46,4.24,6.42,25,0,61.94
splitKreduce_kernel,0.26,7.80,0.66,16.34,100,0,91.91
Kernel,4.20,7.72,4.30,6.31,25,0,64.31
splitKreduce_kernel,0.33,7.63,1.14,24.89,100,0,84.74
Kernel,5.01,8.85,4.95,6.32,25,0,74.52
splitKreduce_kernel,1.72,8.81,2.94,18.94,100,0,70.48
Kernel,4.12,7.08,4.13,6.65,25,0,60.46
splitKreduce_kernel,0.26,7.55,0.72,18.37,100,0,90.91
kernel,2.39,16.55,4.01,6.08,18.75,5.55,78.65
kernel,2.32,16.78,3.89,6.13,18.75,5.55,80.74
Kernel,4.17,8.00,4.46,6.17,25,0,65.23
splitKreduce_kernel,0.61,8.21,1.94,18.62,100,0,77.61
kernel3,0.63,8.05,0.68,6.00,100,0,91.46
gemvNSP_kernel,7.39,9.84,2.59,36.20,75,31.09,82.25
Kernel,2.55,6.36,2.11,6.04,25,0,72.81
Kernel,11.85,19.55,1.92,12.51,56.25,13.75,90.56
gemvNSP_kernel,7.31,9.79,2.56,35.40,75,31.09,82.13
gemvNSP_kernel,7.33,9.84,2.58,31.79,75,31.09,83.01
Kernel,2.57,6.34,2.13,6.39,25,0,72.22
Kernel,3.87,7.66,2.35,6.27,43.75,0,82.88
Kernel,9.41,15.34,2.00,8.97,56.25,3.07,89.08
Kernel,2.63,6.68,2.18,6.41,25,0,74.29
gemvNSP_kernel,7.38,9.80,2.59,36.19,75,31.09,81.02
gemvNSP_kernel,7.83,10.33,2.76,34.79,75,31.09,80.79
Kernel,4.19,7.38,2.18,6.28,31.25,0,82.92
elementwise_kernel,11.75,37.12,4.30,40.24,100,36.62,91.96
elementwise_kernel,10.25,48.51,3.76,40.58,100,2.85,93.59
vectorized_elementwise_kernel,5.00,12.64,0.03,36.05,100,0,99.11
index_elementwise_kernel,19.52,8.81,4.28,39.89,100,36.47,68.07
reduce_kernel,13.70,13.33,3.68,44.49,56.25,40.37,80.70
vectorized_elementwise_kernel,5.43,12.93,0.03,50.86,100,0,101.15
vectorized_elementwise_kernel,5.37,12.25,0.03,41.33,100,0,99.19
index_elementwise_kernel,21.40,9.54,4.68,44.17,100,36.19,67.25
elementwise_kernel,18.23,11.07,5.05,42.48,100,36.62,70.15
reduce_kernel,3.45,6.12,4.20,6.31,56.25,19.26,59.13
vectorized_elementwise_kernel,5.22,11.89,0.03,54.50,100,0,99.40
kernel2,22.30,12.49,11.27,22.60,56.25,0,59.28
rmsnorm_fwd_tuned_kernel,5.60,10.85,6.28,15.43,25,25.38,68.31
Kernel,15.88,28.08,13.14,6.51,6.25,0,66.53
splitKreduce_kernel,18.98,14.77,11.61,63.34,100,0,42.12
elementwise_kernel,3.85,6.99,1.50,11.58,100,23.76,82.79
rmsnorm_fwd_general_kernel,4.94,8.47,1.81,11.87,100,30.21,82.12
elementwise_kernel,0.96,5.98,0.46,6.13,100,24.93,92.11
rmsnorm_fwd_general_kernel,1.37,8.18,0.56,6.12,100,26.84,93.23
fused_rope_forward,6.83,6.57,1.85,11.18,100,60,75.67
fused_rope_forward,4.40,6.71,1.13,10.90,100,68.18,85.61
elementwise_kernel,1.02,6.45,0.49,6.40,100,24.95,93.58
elementwise_kernel_with_index,0.00,11.96,0.03,3.69,100,0,99.86
elementwise_kernel_with_index,0.00,12.24,0.03,2.95,100,0,100.81
flash_fwd_kernel,0.84,2.11,0.68,6.23,12.50,8.54,80.56
Kernel,10.83,17.07,7.60,6.33,18.75,0,72.80
kernel2,22.75,13.15,11.51,19.86,56.25,0,59.92
rmsnorm_fwd_tuned_kernel,5.50,10.80,6.16,16.48,25,25.11,69.09
Kernel,6.13,13.04,7.19,5.89,25,0,77.86
splitKreduce_kernel,4.01,10.27,7.61,23.66,100,0,49.17
_scatter_gather_elementwise_kernel,0.01,6.60,0.23,6.61,100,2.27,97.69
unrolled_elementwise_kernel,0.01,8.22,0.16,6.42,100,0,98.98
softmax_warp_forward,0.02,9.07,0.06,6.06,100,25,101.24
unrolled_elementwise_kernel,0.01,8.00,0.18,6.16,100,16.67,98.84
unrolled_elementwise_kernel,1.03,5.90,0.44,6.15,100,0,92.09
softmax_warp_forward,1.35,8.35,1.01,6.04,100,0,90.62
gatherTopK,13.30,3.42,0.32,11.59,62.50,90.01,90.31
bitonicSortKVInPlace,2.80,4.23,0.15,3.01,46.88,50,98.66
vectorized_elementwise_kernel,0.41,10.85,0.03,6.48,100,0,100.59
unrolled_elementwise_kernel,1.07,6.26,0.46,6.16,100,0,94.90
_scatter_gather_elementwise_kernel,0.08,5.88,0.21,5.87,100,0,96.14
unrolled_elementwise_kernel,1.00,5.91,0.79,5.97,100,14.24,87.11
vectorized_elementwise_kernel,0.58,12.53,0.03,4.59,100,0,100.61
_scatter_gather_elementwise_kernel,0.01,7.21,0.18,6.37,100,0,98.65
reduce_kernel,0.21,4.86,1.23,6.44,37.50,40,81.68
reduce_kernel,0.03,2.68,0.43,6.11,56.25,1.15,86.62
vectorized_elementwise_kernel,0.01,10.44,0.06,5.83,100,8.33,101.24
unrolled_elementwise_kernel,0.01,9.07,0.19,6.37,100,0,97.04
reduce_kernel,0.02,6.74,0.37,5.62,100,0,95.17
unrolled_elementwise_kernel,0.13,5.92,0.28,6.65,100,0,96.52
reduce_kernel,0.01,4.46,0.31,3.76,56.25,8.33,94.82
elementwise_kernel,0.02,7.66,0.36,6.25,100,8.33,95.93
vectorized_elementwise_kernel,0.01,9.64,0.05,6.41,100,0,99.43
reduce_kernel,0.02,7.24,0.39,6.18,100,0,93.59
vectorized_elementwise_kernel,0.00,9.71,0.04,5.44,100,0,99.31
vectorized_elementwise_kernel,0.00,9.89,0.04,3.59,100,50,99.44
vectorized_elementwise_kernel,0.00,9.45,0.03,4.27,100,0,99.41
unrolled_elementwise_kernel,0.01,10.00,0.04,3.70,100,33.33,99.53
vectorized_elementwise_kernel,0.54,11.74,0.03,7.43,100,0,100.56
_scatter_gather_elementwise_kernel,0.01,7.30,0.18,6.09,100,0,98.84
reduce_kernel,0.23,5.06,1.29,6.57,37.50,40,79.65
reduce_kernel,0.02,7.42,0.42,6.30,100,8.33,94.23
index_elementwise_kernel,0.01,7.22,0.31,6.64,75,25,96.28
reduce_kernel,0.02,6.65,0.37,6.23,100,8.33,94.10
reduce_kernel,0.01,5.27,0.31,1.51,37.50,58.33,95.38
DeviceScanInitKernel,0.01,11.05,0.03,7.90,100,0,100.86
DeviceScanKernel,0.03,8.29,0.19,6.03,75,5.88,98.60
vectorized_elementwise_kernel,0.01,9.25,0.06,5.62,100,8.33,100.31
reduce_kernel,0.02,6.50,0.35,5.89,100,0,95.41
compute_cuda_kernel,0.28,8.39,0.06,24.84,100,77.19,101.17
indexSelectLargeIndex,0.03,7.70,0.04,6.16,100,5.45,100.28
elementwise_kernel_with_index,0.02,11.86,0.03,3.16,100,0,100.67
radixSortKVInPlace,0.06,1.01,0.06,1.55,12.50,50,95.03
vectorized_elementwise_kernel,0.02,8.61,0.15,6.18,75,0,98.00
indexSelectLargeIndex,29.26,8.39,0.55,46.77,100,35.60,94.41
vectorized_elementwise_kernel,4.87,12.30,0.03,38.26,100,0,99.97
elementwise_kernel_with_index,0.02,11.26,0.03,3.87,100,0,99.84
radixSortKVInPlace,0.05,1.42,0.09,1.56,12.50,50,93.55
vectorized_elementwise_kernel,0.02,8.64,0.15,6.62,75,0,98.47
indexSelectLargeIndex,25.09,8.25,3.53,46.21,100,32.36,71.89
kernel,2.33,16.82,3.92,6.03,18.75,5.55,85.61
Kernel,4.27,7.41,4.16,6.03,25,0,62.85
splitKreduce_kernel,0.23,7.82,0.23,14.76,100,0,97.41
Kernel,8.29,11.24,6.21,6.23,25,0,72.19
splitKreduce_kernel,2.48,9.74,8.77,23.35,100,0,43.22
kernel,2.32,16.82,3.90,6.94,18.75,5.55,85.02
kernel,2.28,16.57,3.84,5.89,18.75,5.55,84.02
Kernel,4.31,7.53,4.29,6.67,25,0,62.37
splitKreduce_kernel,0.28,7.96,0.67,17.10,100,0,91.80
Kernel,4.20,7.76,4.32,6.25,25,0,65.11
splitKreduce_kernel,0.32,7.57,1.12,21.06,100,0,85.99
Kernel,4.81,8.82,4.78,5.84,25,0,70.83
splitKreduce_kernel,1.77,8.89,3.00,21.79,100,0,70.51
Kernel,4.24,7.47,4.24,5.62,25,0,61.22
splitKreduce_kernel,0.28,7.94,0.76,15.30,100,0,90.75
kernel,2.35,17.09,3.94,6.47,18.75,5.55,85.21
kernel,2.22,16.06,3.73,6.11,18.75,5.55,84.18
Kernel,4.26,8.13,4.56,5.62,25,0,65.66
splitKreduce_kernel,0.62,8.10,1.96,19.49,100,0,76.87
kernel3,0.63,8.16,0.68,6.19,100,0,91.73
gemvNSP_kernel,7.32,9.74,2.58,34.34,75,31.09,81.10
Kernel,2.57,6.37,2.11,6.58,25,0,72.44
Kernel,12.30,20.30,2.00,11.93,56.25,13.75,92.51
gemvNSP_kernel,7.74,10.23,2.72,32.56,75,31.09,81.34
gemvNSP_kernel,7.57,10.00,2.66,34.38,75,31.09,81.77
Kernel,2.70,6.74,2.22,5.93,25,0,72.59
Kernel,3.92,7.77,2.37,6.51,43.75,0,81.94
Kernel,9.54,15.52,2.02,9.18,56.25,3.08,87.17
Kernel,2.61,6.61,2.16,6.21,25,0,74.25
gemvNSP_kernel,7.33,9.70,2.58,34.51,75,31.09,81.12
gemvNSP_kernel,7.63,10.06,2.69,33.93,75,31.09,81.20
Kernel,4.00,7.02,2.09,5.87,31.25,0,83.05
elementwise_kernel,11.73,37.22,4.31,39.76,100,36.76,92.15
elementwise_kernel,10.60,50.26,3.89,39.41,100,2.84,93.38
vectorized_elementwise_kernel,4.84,12.60,0.03,38.44,100,0,99.81
index_elementwise_kernel,19.83,9.02,4.35,39.86,100,36.48,67.70
reduce_kernel,14.41,12.46,3.88,41.42,56.25,45.80,88.94
vectorized_elementwise_kernel,5.04,11.90,0.03,32.71,100,0,98.94
vectorized_elementwise_kernel,5.54,13.38,0.03,40.71,100,0,102.75
index_elementwise_kernel,21.72,9.81,4.76,44.04,100,36.38,68.28
elementwise_kernel,18.59,11.19,5.16,45.05,100,36.61,70.04
reduce_kernel,3.47,6.13,4.23,6.08,56.25,20.47,59.76
vectorized_elementwise_kernel,5.31,12.24,0.03,45.50,100,0,99.58
kernel2,21.98,12.31,11.09,21.63,56.25,0,59.32
rmsnorm_fwd_tuned_kernel,5.69,11.00,6.40,15.47,25,25.12,68.15
Kernel,16.29,28.78,13.45,6.24,6.25,0,67.95
splitKreduce_kernel,19.19,14.82,11.79,63.86,100,0,42.78
elementwise_kernel,3.78,6.82,1.47,11.60,100,23.82,83.26
rmsnorm_fwd_general_kernel,4.91,8.52,1.81,11.82,100,30.30,83.08
elementwise_kernel,0.96,5.99,0.46,6.36,100,25,91.65
rmsnorm_fwd_general_kernel,1.29,7.87,0.52,6.57,100,26.80,93.84
fused_rope_forward,6.32,6.25,1.71,11.70,100,60,78.91
fused_rope_forward,4.41,6.66,1.13,11.04,100,68.18,86.15
elementwise_kernel,0.97,6.13,0.47,5.40,100,25,93.65
elementwise_kernel_with_index,0.00,11.29,0.03,2.86,100,0,100.53
elementwise_kernel_with_index,0.00,11.67,0.03,2.15,100,0,100.59
flash_fwd_kernel,0.85,2.14,0.69,6.21,12.50,8.54,78.89
Kernel,10.64,16.78,7.46,6.37,18.75,0,73.57
kernel2,22.58,13.03,11.39,20.76,56.25,0,59.53
rmsnorm_fwd_tuned_kernel,5.58,10.96,6.26,17.43,25,25.12,68.93
Kernel,6.30,13.61,7.37,5.98,25,0,79.03
splitKreduce_kernel,4.05,10.55,7.76,23.98,100,0,51.06
_scatter_gather_elementwise_kernel,0.01,6.47,0.22,6.93,100,2.29,97.93
unrolled_elementwise_kernel,0.01,7.57,0.15,6.46,100,0,99.03
softmax_warp_forward,0.02,9.12,0.06,6.20,100,25,100.31
unrolled_elementwise_kernel,0.01,7.65,0.17,6.65,100,16.67,98.90
unrolled_elementwise_kernel,1.03,6.06,0.45,5.92,100,0,93.57
softmax_warp_forward,1.29,8.03,0.96,6.08,100,0,90.09
gatherTopK,12.43,3.21,0.33,11.63,62.50,89.22,86.43
bitonicSortKVInPlace,2.89,4.25,0.15,2.99,46.88,50,96.24
vectorized_elementwise_kernel,0.43,11.62,0.04,6.20,100,0,99.72
unrolled_elementwise_kernel,1.06,6.14,0.46,5.99,100,0,92.59
_scatter_gather_elementwise_kernel,0.09,6.03,0.22,6.05,100,0,95.98
unrolled_elementwise_kernel,0.98,5.81,0.78,6.20,100,14.28,87.69
vectorized_elementwise_kernel,0.58,12.37,0.03,5.97,100,0.02,100.53
_scatter_gather_elementwise_kernel,0.02,7.76,0.19,5.23,100,0,98.58
reduce_kernel,0.23,5.17,1.32,6.52,37.50,40,80.56
reduce_kernel,0.03,2.72,0.44,6.02,56.25,1.15,87.72
vectorized_elementwise_kernel,0.01,10.48,0.06,6.32,100,8.33,101.23
unrolled_elementwise_kernel,0.01,9.33,0.19,5.45,100,0,98.27
reduce_kernel,0.02,6.60,0.37,5.85,100,0,94.72
unrolled_elementwise_kernel,0.13,5.90,0.28,6.10,100,0,96.36
reduce_kernel,0.01,4.42,0.32,3.54,56.25,8.33,92.78
elementwise_kernel,0.02,7.95,0.38,5.92,100,8.33,94.04
vectorized_elementwise_kernel,0.01,9.93,0.05,6.15,100,0,100.57
reduce_kernel,0.02,6.47,0.34,6.21,100,0,94.70
vectorized_elementwise_kernel,0.00,10.61,0.04,3.67,100,0,99.62
vectorized_elementwise_kernel,0.00,10.17,0.04,4.27,100,50,100.51
vectorized_elementwise_kernel,0.00,10.00,0.04,3.36,100,0,100.32
vectorized_elementwise_kernel,0.00,9.27,0.04,4.34,100,33.33,99.18
vectorized_elementwise_kernel,0.55,11.76,0.03,5.98,100,0,100.36
_scatter_gather_elementwise_kernel,0.01,7.64,0.19,6.21,100,0,96.51
reduce_kernel,0.23,5.09,1.31,6.60,37.50,40.74,79.96
reduce_kernel,0.02,6.69,0.37,6.91,100,8.33,94.12
index_elementwise_kernel,0.01,7.27,0.32,6.81,75,25,94.41
reduce_kernel,0.02,6.98,0.39,6.60,100,8.33,93.33
reduce_kernel,0.01,5.08,0.31,1.59,37.50,58.33,92.95
DeviceScanInitKernel,0.01,9.38,0.02,6.25,100,0,99.71
DeviceScanKernel,0.03,8.67,0.20,5.93,75,5.88,97.75
vectorized_elementwise_kernel,0.01,9.90,0.07,7.60,100,8.33,100.05
reduce_kernel,0.02,6.65,0.36,5.76,100,0,94.15
compute_cuda_kernel,0.25,7.51,0.05,20.33,100,76.46,100.96
indexSelectLargeIndex,0.03,7.77,0.05,5.88,100,5.45,100.42
elementwise_kernel_with_index,0.02,11.27,0.03,3.05,100,0,101.06
radixSortKVInPlace,0.06,1.01,0.06,1.58,12.50,50,93.20
vectorized_elementwise_kernel,0.02,8.46,0.14,6.32,75,0,97.58
indexSelectLargeIndex,28.62,8.36,0.53,45.68,100,35.45,98.36
vectorized_elementwise_kernel,4.96,12.47,0.03,29.59,100,0,98.69
elementwise_kernel_with_index,0.02,10.54,0.03,3.18,100,0,98.95
radixSortKVInPlace,0.05,1.39,0.09,1.57,12.50,50,93.92
vectorized_elementwise_kernel,0.02,8.47,0.14,6.41,75,0,99.01
indexSelectLargeIndex,25.51,8.10,3.58,43.86,100,32.56,67.77
kernel,2.33,17.66,3.92,6.22,18.75,5.55,89.18
Kernel,4.25,7.31,4.14,6.27,25,0,61.71
splitKreduce_kernel,0.23,7.50,0.22,11.47,100,0,97.30
Kernel,8.02,11.25,6.02,6.76,25,0,76.41
splitKreduce_kernel,2.54,10.21,8.96,23.04,100,0,45.71
kernel,2.34,17.96,3.92,6.17,18.75,5.55,91.16
kernel,2.28,17.69,3.82,5.72,18.75,5.55,90.17
Kernel,4.20,7.55,4.19,6.09,25,0,64.80
splitKreduce_kernel,0.27,7.75,0.65,19.53,100,0,92.59
Kernel,4.12,7.74,4.25,6.07,25,0,66.26
splitKreduce_kernel,0.32,7.66,1.13,23.72,100,0,86.45
Kernel,4.72,8.67,4.68,6.10,25,0,67.71
splitKreduce_kernel,1.76,8.94,3.00,22.01,100,0,71.58
Kernel,4.33,7.76,4.31,6.31,25,0,63.53
splitKreduce_kernel,0.28,8.03,0.76,16.35,100,0,90.83
kernel,2.27,17.42,3.83,6.63,18.75,5.55,88.09
kernel,2.32,18.04,3.91,6.20,18.75,5.55,90.25
Kernel,4.32,8.65,4.63,6.83,25,0,67.33
splitKreduce_kernel,0.62,8.36,1.97,20.59,100,0,78.74
kernel3,0.62,8.14,0.67,6.85,100,0,93.78
gemvNSP_kernel,7.68,10.44,2.70,34.08,75,31.09,82.88
Kernel,2.66,6.70,2.19,6.48,25,0,74.08
Kernel,12.21,20.13,1.98,11.74,56.25,13.78,92.67
gemvNSP_kernel,7.79,10.52,2.75,30.99,75,31.09,81.90
gemvNSP_kernel,7.27,9.83,2.55,38.34,75,31.09,82.30
Kernel,2.57,6.55,2.13,6.07,25,0,74.62
Kernel,3.81,7.77,2.32,6.08,43.75,0,82.71
Kernel,8.88,14.45,1.88,9.44,56.25,3.06,88.83
Kernel,2.57,6.67,2.13,6.27,25,0,75.66
gemvNSP_kernel,7.45,10.09,2.63,35.13,75,31.09,82.26
gemvNSP_kernel,7.41,10.10,2.61,35.62,75,31.09,85.16
Kernel,4.30,7.70,2.24,6.19,31.25,0,83.80
elementwise_kernel,11.26,35.86,4.13,39.31,100,36.91,92.50
elementwise_kernel,10.43,49.30,3.83,39.00,100,2.85,95.21
vectorized_elementwise_kernel,4.90,12.96,0.03,38.12,100,0,100.73
index_elementwise_kernel,20.18,9.46,4.42,41.30,100,36.43,68.98
reduce_kernel,14.60,13.68,3.92,41.54,56.25,43.37,79.77
vectorized_elementwise_kernel,5.42,12.49,0.03,35.64,100,0,100.79
vectorized_elementwise_kernel,5.12,12.25,0.03,47.04,100,0,99.76
index_elementwise_kernel,21.41,9.76,4.67,44.05,100,36.38,68.23
elementwise_kernel,18.56,11.24,5.14,43.41,100,36.68,68.26
reduce_kernel,3.30,5.81,4.02,6.02,56.25,19.36,58.31
vectorized_elementwise_kernel,5.53,12.82,0.03,39.47,100,0,100.76
kernel2,22.40,12.68,11.30,20.69,56.25,0,59.54
rmsnorm_fwd_tuned_kernel,5.66,11.06,6.38,14.23,25,25.12,68.84
Kernel,16.21,28.60,13.38,6.28,6.25,0,68.65
splitKreduce_kernel,18.85,14.83,11.59,67.64,100,0,44.01
elementwise_kernel,3.77,6.97,1.47,11.61,100,23.67,83.65
rmsnorm_fwd_general_kernel,5.01,8.68,1.85,12.00,100,30.21,83.18
elementwise_kernel,0.98,6.24,0.47,6.47,100,25,93.32
rmsnorm_fwd_general_kernel,1.31,7.98,0.54,5.92,100,26.83,94.57
fused_rope_forward,6.83,6.75,1.84,12.32,100,60,77.80
fused_rope_forward,4.46,6.82,1.14,11.03,100,68.18,86.34
elementwise_kernel,0.96,6.11,0.46,6.24,100,24.98,93.62
elementwise_kernel_with_index,0.00,11.01,0.03,3.31,100,0,101.56
elementwise_kernel_with_index,0.00,11.66,0.03,2.36,100,0,100.57
flash_fwd_kernel,0.84,2.07,0.68,6.37,12.50,8.54,78.45
Kernel,10.49,16.55,7.38,6.21,18.75,0,73.34
kernel2,22.33,12.87,11.28,19.61,56.25,0,59.22
rmsnorm_fwd_tuned_kernel,5.66,11.19,6.34,15.12,25,25.12,69.39
Kernel,6.13,13.17,7.16,6.22,25,0,76.52
splitKreduce_kernel,4.01,10.41,7.66,24.03,100,0,51.24
_scatter_gather_elementwise_kernel,0.01,6.14,0.21,6.06,100,3.01,95.81
unrolled_elementwise_kernel,0.01,7.55,0.15,6.29,100,0,97.46
softmax_warp_forward,0.02,8.69,0.06,5.51,100,25,99.28
unrolled_elementwise_kernel,0.01,8.16,0.19,6.28,100,16.67,97.02
unrolled_elementwise_kernel,1.02,5.85,0.44,6.45,100,0,92.21
softmax_warp_forward,1.32,8.04,0.98,6.46,100,0,88.25
gatherTopK,13.35,3.47,0.33,11.32,62.50,89.84,77.18
bitonicSortKVInPlace,2.90,4.27,0.16,3.04,46.88,50,95.95
vectorized_elementwise_kernel,0.42,11.15,0.03,6.16,100,0,99.96
unrolled_elementwise_kernel,1.06,6.04,0.46,6.30,100,0,93.11
_scatter_gather_elementwise_kernel,0.09,6.12,0.22,6.00,100,0,96.49
unrolled_elementwise_kernel,1.00,5.91,0.79,5.91,100,14.06,87.19
vectorized_elementwise_kernel,0.56,12.26,0.03,5.46,100,0.02,100.82
_scatter_gather_elementwise_kernel,0.01,7.43,0.19,5.71,100,0,96.80
reduce_kernel,0.23,5.07,1.31,6.16,37.50,40.51,79.46
reduce_kernel,0.03,2.63,0.44,6.06,56.25,1.15,84.81
vectorized_elementwise_kernel,0.01,9.84,0.05,5.43,100,8.33,100.72
unrolled_elementwise_kernel,0.01,9.24,0.19,6.74,100,0,98.15
reduce_kernel,0.02,7.19,0.41,5.60,100,0,93.23
unrolled_elementwise_kernel,0.14,6.00,0.29,6.17,100,0,95.50
reduce_kernel,0.01,4.48,0.32,3.85,56.25,8.33,93.72
elementwise_kernel,0.02,8.01,0.38,5.82,100,8.33,95.12
vectorized_elementwise_kernel,0.01,10.28,0.05,6.37,100,0,101.75
reduce_kernel,0.02,6.75,0.36,6.24,100,0,94.62
vectorized_elementwise_kernel,0.00,9.92,0.04,4.32,100,0,100.66
vectorized_elementwise_kernel,0.00,10.22,0.04,3.42,100,50,100.75
vectorized_elementwise_kernel,0.00,10.52,0.04,3.47,100,0,101.21
unrolled_elementwise_kernel,0.01,9.50,0.03,4.03,100,33.33,102.31
vectorized_elementwise_kernel,0.59,12.79,0.03,5.12,100,0,99.43
_scatter_gather_elementwise_kernel,0.01,7.05,0.18,6.02,100,0,96.57
reduce_kernel,0.22,5.03,1.29,6.47,37.50,40,80.05
reduce_kernel,0.02,6.48,0.36,6.70,100,8.33,95.10
index_elementwise_kernel,0.01,6.99,0.30,6.61,75,25,96.16
reduce_kernel,0.02,6.91,0.39,5.88,100,8.33,93.49
reduce_kernel,0.01,5.53,0.34,1.51,37.50,58.33,93.89
DeviceScanInitKernel,0.01,10.14,0.03,6.43,100,0,100.79
DeviceScanKernel,0.03,8.27,0.19,5.74,75,5.88,97.95
vectorized_elementwise_kernel,0.01,9.78,0.07,6.48,100,8.33,99.00
reduce_kernel,0.02,6.92,0.38,5.79,100,0,93.52
compute_cuda_kernel,0.28,8.14,0.06,21.91,100,76.55,98.72
indexSelectLargeIndex,0.02,6.86,0.04,6.42,100,5.45,100.27
elementwise_kernel_with_index,0.02,11.46,0.03,3.10,100,0,100.46
radixSortKVInPlace,0.06,1.05,0.06,1.57,12.50,50,94.92
vectorized_elementwise_kernel,0.02,8.64,0.15,6.19,75,0,99.60
indexSelectLargeIndex,28.23,8.27,0.53,45.94,100,35.48,95.54
vectorized_elementwise_kernel,5.02,12.97,0.03,36.56,100,0,101.38
elementwise_kernel_with_index,0.02,11.43,0.03,3.09,100,0,100.95
radixSortKVInPlace,0.05,1.47,0.09,1.57,12.50,50,95.67
vectorized_elementwise_kernel,0.02,8.66,0.15,6.23,75,0,98.92
indexSelectLargeIndex,25.36,8.25,3.57,47.88,100,32.51,71.44
kernel,2.33,17.04,3.92,6.09,18.75,5.55,87.77
Kernel,4.14,7.26,4.03,6.19,25,0,62.35
splitKreduce_kernel,0.21,7.40,0.22,11.85,100,0,97.94
Kernel,7.92,11.22,5.96,6.38,25,0,76.68
splitKreduce_kernel,2.44,9.60,8.64,24.40,100,0,43.78
kernel,2.36,16.64,3.96,6.40,18.75,5.55,84.03
kernel,2.30,16.51,3.87,6.29,18.75,5.55,81.89
Kernel,4.35,7.66,4.33,6.00,25,0,62.69
splitKreduce_kernel,0.27,7.90,0.68,15.67,100,0,90.69
Kernel,4.20,7.81,4.31,6.14,25,0,65.48
splitKreduce_kernel,0.34,8.00,1.20,22.14,100,0,84.78
Kernel,5.00,9.23,4.95,6.64,25,0,70.22
splitKreduce_kernel,1.83,9.22,3.11,19.58,100,0,70.88
Kernel,4.24,7.53,4.25,6.35,25,0,60.83
splitKreduce_kernel,0.29,8.04,0.78,17.99,100,0,89.95
kernel,2.42,17.36,4.08,6.49,18.75,5.55,82.19
kernel,2.28,16.56,3.83,6.15,18.75,5.55,85.98
Kernel,4.14,8.08,4.44,6.21,25,0,67.39
splitKreduce_kernel,0.57,7.49,1.79,19.42,100,0,78.07
kernel3,0.63,8.17,0.68,6.08,100,0,92.40
gemvNSP_kernel,7.26,9.74,2.55,36.98,75,31.09,81.41
Kernel,2.60,6.59,2.14,5.84,25,0,73.74
Kernel,12.24,20.19,1.98,12.53,56.25,13.75,89.62
gemvNSP_kernel,7.47,10.20,2.63,33.22,75,31.09,83.85
gemvNSP_kernel,7.21,9.77,2.54,36.04,75,31.09,81.85
Kernel,2.55,6.56,2.11,6.31,25,0,74.96
Kernel,3.68,7.53,2.24,6.17,43.75,0,80.45
Kernel,9.22,15.01,1.96,9.32,56.25,3.08,87.04
Kernel,2.52,6.45,2.09,6.26,25,0,72.13
gemvNSP_kernel,7.33,9.89,2.58,35.51,75,31.09,80.18
gemvNSP_kernel,7.46,10.11,2.63,34.09,75,31.09,82.05
Kernel,4.37,7.71,2.27,5.87,31.25,0,83.44
elementwise_kernel,11.83,37.34,4.34,38.97,100,36.67,91.10
elementwise_kernel,10.73,50.72,3.92,39.88,100,2.86,94.11
vectorized_elementwise_kernel,4.97,12.62,0.03,38.12,100,0,99.88
index_elementwise_kernel,19.89,9.12,4.37,40.78,100,36.47,67.51
reduce_kernel,14.64,14.20,3.93,43.98,56.25,46.27,88.40
vectorized_elementwise_kernel,5.12,12.35,0.03,39.92,100,0,101.44
vectorized_elementwise_kernel,5.42,12.86,0.03,41.65,100,0,100.74
index_elementwise_kernel,22.21,10.09,4.87,43.77,100,36.42,68.86
elementwise_kernel,18.89,11.58,5.25,41.43,100,36.45,68.93
reduce_kernel,3.50,6.32,4.26,6.38,56.25,19.82,59.59
vectorized_elementwise_kernel,5.50,12.77,0.03,33.42,100,0,100.81
kernel2,22.33,12.86,11.29,20.77,56.25,0,59.94
rmsnorm_fwd_tuned_kernel,5.49,10.87,6.16,14.86,25,25.12,69.27
Kernel,15.67,27.69,12.97,6.30,6.25,0,67.88
splitKreduce_kernel,19.09,14.98,11.71,62.92,100,0,43.39
elementwise_kernel,3.85,7.04,1.51,11.38,100,23.63,83.04
rmsnorm_fwd_general_kernel,5.01,8.67,1.84,11.57,100,30.20,83.00
elementwise_kernel,0.95,6.02,0.46,6.24,100,25,94.00
rmsnorm_fwd_general_kernel,1.21,7.40,0.49,6.27,100,26.77,95.78
fused_rope_forward,6.81,6.59,1.84,11.93,100,60,75.71
fused_rope_forward,4.46,6.81,1.15,12.20,100,68.18,85.33
elementwise_kernel,0.93,5.91,0.45,6.53,100,25,93.82
elementwise_kernel_with_index,0.00,10.57,0.03,2.25,100,0,101.16
elementwise_kernel_with_index,0.00,11.11,0.03,2.91,100,0,99.72
flash_fwd_kernel,0.84,2.07,0.68,6.23,12.50,8.54,78.36
Kernel,10.56,16.66,7.42,6.35,18.75,0,72.29
kernel2,22.41,13.35,11.36,20.12,56.25,0,61.91
rmsnorm_fwd_tuned_kernel,5.66,11.46,6.34,14.67,25,25.12,70.21
Kernel,6.17,13.24,7.23,6.00,25,0,77.91
splitKreduce_kernel,3.88,10.00,7.41,25.64,100,0,49.90
_scatter_gather_elementwise_kernel,0.01,6.19,0.21,5.99,100,3.01,96.44
unrolled_elementwise_kernel,0.01,7.39,0.15,6.00,100,0,97.33
softmax_warp_forward,0.02,8.76,0.06,6.37,100,25,100.10
unrolled_elementwise_kernel,0.01,8.15,0.18,6.12,100,16.67,98.97
unrolled_elementwise_kernel,1.02,5.86,0.44,6.43,100,0,92.00
softmax_warp_forward,1.30,8.03,0.96,6.62,100,0,90.67
gatherTopK,12.88,3.36,0.32,11.29,62.50,89.64,89.61
bitonicSortKVInPlace,2.90,4.42,0.16,2.99,46.88,50,99.11
vectorized_elementwise_kernel,0.44,11.82,0.04,6.07,100,0,99.69
unrolled_elementwise_kernel,1.07,6.25,0.46,6.63,100,0,94.06
_scatter_gather_elementwise_kernel,0.09,5.97,0.22,5.86,100,0,95.60
unrolled_elementwise_kernel,0.98,5.82,0.78,6.01,100,14.09,86.86
vectorized_elementwise_kernel,0.55,11.90,0.03,6.05,100,0.02,100.28
_scatter_gather_elementwise_kernel,0.01,7.15,0.18,6.02,100,0,97.69
reduce_kernel,0.23,5.10,1.30,5.94,37.50,41.77,80.08
reduce_kernel,0.03,2.75,0.44,6.14,56.25,1.15,87.12
vectorized_elementwise_kernel,0.01,9.67,0.05,5.74,100,8.33,99.52
unrolled_elementwise_kernel,0.01,9.27,0.19,6.38,100,0,97.31
reduce_kernel,0.02,7.20,0.56,5.68,100,0,91.74
unrolled_elementwise_kernel,0.13,6.01,0.29,6.52,100,0,96.59
reduce_kernel,0.02,4.64,0.33,4.09,56.25,8.33,94.40
elementwise_kernel,0.02,7.79,0.37,7.98,100,8.33,95.93
vectorized_elementwise_kernel,0.01,10.29,0.05,6.25,100,0,100.53
reduce_kernel,0.02,7.24,0.38,5.95,100,0,94.83
vectorized_elementwise_kernel,0.00,10.10,0.04,4.03,100,0,101.58
vectorized_elementwise_kernel,0.00,10.30,0.04,4.53,100,50,100.34
vectorized_elementwise_kernel,0.00,9.91,0.04,4.02,100,0,100.25
vectorized_elementwise_kernel,0.00,9.57,0.04,3.92,100,33.33,101.03
vectorized_elementwise_kernel,0.57,12.39,0.03,5.81,100,0,100.60
_scatter_gather_elementwise_kernel,0.01,7.05,0.18,6.19,100,0,96.71
reduce_kernel,0.24,5.41,1.38,6.06,37.50,40,80.55
reduce_kernel,0.02,7.36,0.41,5.43,100,8.33,94.95
index_elementwise_kernel,0.01,6.82,0.30,5.74,75,25,94.42
reduce_kernel,0.02,6.64,0.37,5.63,100,8.33,94.34
reduce_kernel,0.01,5.55,0.33,1.57,37.50,58.33,94.83
DeviceScanInitKernel,0.01,10.84,0.03,6.37,100,0,101.05
DeviceScanKernel,0.03,8.15,0.19,6.23,75,5.88,98.71
vectorized_elementwise_kernel,0.01,9.59,0.07,5.80,100,8.33,101.35
reduce_kernel,0.02,7.09,0.38,5.69,100,0,95.32
compute_cuda_kernel,0.29,8.67,0.06,24.93,100,77.47,99.39
indexSelectLargeIndex,0.02,6.83,0.04,5.64,100,5.45,101.67
elementwise_kernel_with_index,0.02,11.68,0.03,4.53,100,0,101.13
radixSortKVInPlace,0.06,1.01,0.06,1.58,12.50,50,93.71
vectorized_elementwise_kernel,0.02,8.63,0.15,5.78,75,0,97.87
indexSelectLargeIndex,27.25,7.84,0.51,47.05,100,35.60,94.14
vectorized_elementwise_kernel,5.04,12.85,0.03,46.90,100,0,99.66
elementwise_kernel_with_index,0.02,11.63,0.03,3.05,100,0,99.48
radixSortKVInPlace,0.05,1.43,0.09,1.58,12.50,50,94.19
vectorized_elementwise_kernel,0.02,8.67,0.15,7.18,75,0,97.84
indexSelectLargeIndex,25.22,8.16,3.55,45.17,100,32.44,71.48
kernel,2.40,17.45,4.05,6.01,18.75,5.55,84.44
Kernel,4.38,7.58,4.25,6.27,25,0,62.22
splitKreduce_kernel,0.24,7.88,0.24,11.55,100,0,97.58
Kernel,8.16,11.70,6.11,6.14,25,0,75.70
splitKreduce_kernel,2.51,9.90,8.86,22.86,100,0,43.66
kernel,2.43,18.05,4.08,6.19,18.75,5.55,86.54
kernel,2.31,17.38,3.89,6.63,18.75,5.55,86.98
Kernel,4.18,7.54,4.17,6.23,25,0,63.78
splitKreduce_kernel,0.25,7.56,0.64,16.34,100,0,92.00
Kernel,4.34,7.97,4.45,6.24,25,0,63.78
splitKreduce_kernel,0.35,8.28,1.22,19.98,100,0,86.16
Kernel,4.64,8.35,4.61,6.21,25,0,68.63
splitKreduce_kernel,1.80,9.24,3.07,21.69,100,0,71.61
Kernel,4.22,7.82,4.21,7.05,25,0,65.38
splitKreduce_kernel,0.28,8.11,0.77,16.05,100,0,90.03
kernel,2.33,17.87,3.92,6.19,18.75,5.55,83.99
kernel,2.27,17.14,3.82,5.79,18.75,5.55,86.79
Kernel,4.15,8.26,4.45,6.05,25,0,66.79
splitKreduce_kernel,0.59,7.80,1.89,18.76,100,0,76.81
kernel3,0.65,8.30,0.70,5.97,100,0,91.80
gemvNSP_kernel,7.29,9.75,2.57,34.85,75,31.09,81.37
Kernel,2.59,6.72,2.14,6.25,25,0,74.75
Kernel,12.07,19.91,1.96,12.04,56.25,13.78,89.27
gemvNSP_kernel,7.71,10.58,2.71,34.73,75,31.09,82.52
gemvNSP_kernel,7.56,10.32,2.66,34.47,75,31.09,82.92
Kernel,2.63,6.97,2.18,6.13,25,0,75.71
Kernel,3.76,7.81,2.28,5.93,43.75,0,83.28
Kernel,9.32,15.19,1.98,8.92,56.25,3.06,88.39
Kernel,2.53,6.64,2.09,6.31,25,0,75.73
gemvNSP_kernel,7.56,10.21,2.66,33.24,75,31.09,82.48
gemvNSP_kernel,7.31,9.86,2.58,31.80,75,31.09,82.80
Kernel,4.16,7.71,2.17,6.09,31.25,0,84.45
elementwise_kernel,11.82,38.11,4.34,39.32,100,37.03,91.74
elementwise_kernel,10.65,51.53,3.90,40.33,100,2.85,94.60
vectorized_elementwise_kernel,4.89,12.57,0.03,45.54,100,0,100.17
index_elementwise_kernel,18.83,8.89,4.12,39.69,100,36.36,68.40
reduce_kernel,14.62,14.18,3.93,42.12,56.25,39.82,86.00
vectorized_elementwise_kernel,5.49,12.69,0.03,40.89,100,0,99.39
vectorized_elementwise_kernel,5.08,12.59,0.03,36.89,100,0,101.21
index_elementwise_kernel,22.04,10.06,4.83,43.88,100,36.53,67.81
elementwise_kernel,18.96,11.54,5.26,43.77,100,36.41,68.43
reduce_kernel,3.48,6.12,4.24,6.46,56.25,19.33,58.28
vectorized_elementwise_kernel,5.22,11.96,0.03,33.14,100,0,98.71
kernel2,22.31,12.25,11.27,20.32,56.25,0,56.54
rmsnorm_fwd_tuned_kernel,5.65,10.81,6.34,15.03,25,25.12,67.28
Kernel,16.12,28.50,13.31,6.05,6.25,0,66.27
splitKreduce_kernel,18.79,14.64,11.55,64.61,100,0,42.88
elementwise_kernel,3.83,6.87,1.49,11.74,100,23.62,82.48
rmsnorm_fwd_general_kernel,5.09,8.97,1.87,10.95,100,30.31,84.09
elementwise_kernel,0.98,6.21,0.47,6.35,100,24.93,92.58
rmsnorm_fwd_general_kernel,1.31,7.98,0.53,6.08,100,26.84,93.44
fused_rope_forward,6.88,6.73,1.86,11.76,100,60,75.45
fused_rope_forward,4.46,6.81,1.14,10.56,100,68.18,83.93
elementwise_kernel,0.96,6.09,0.46,6.01,100,25,92.10
elementwise_kernel_with_index,0.00,10.85,0.03,2.95,100,0,99.80
elementwise_kernel_with_index,0.00,11.47,0.03,2.97,100,0,100.08
flash_fwd_kernel,0.84,2.11,0.68,6.24,12.50,8.54,78.05
Kernel,10.61,16.73,7.44,6.30,18.75,0,73.27
kernel2,22.56,13.50,11.39,20.33,56.25,0,61.01
rmsnorm_fwd_tuned_kernel,5.62,11.41,6.32,15.06,25,25.12,70.58
Kernel,6.12,13.71,7.19,6.14,25,0,81.13
splitKreduce_kernel,4.23,10.99,8.06,24.65,100,0,50.64
_scatter_gather_elementwise_kernel,0.01,6.38,0.22,5.69,100,3.01,97.30
unrolled_elementwise_kernel,0.01,7.75,0.16,6.12,100,0,98.40
softmax_warp_forward,0.02,8.93,0.06,6.59,100,25,101.32
unrolled_elementwise_kernel,0.01,7.53,0.17,6.22,100,16.67,97.04
unrolled_elementwise_kernel,1.05,6.19,0.45,5.92,100,0,94.99
softmax_warp_forward,1.31,8.07,0.98,6.09,100,0,89.46
gatherTopK,13.91,3.58,0.33,10.98,62.50,90.30,86.51
bitonicSortKVInPlace,2.94,4.31,0.16,3.00,46.88,50,95.89
vectorized_elementwise_kernel,0.42,11.18,0.03,6.80,100,0,99.77
unrolled_elementwise_kernel,1.03,5.89,0.45,6.62,100,0,92.61
_scatter_gather_elementwise_kernel,0.09,6.13,0.23,6.24,100,0,97.39
unrolled_elementwise_kernel,1.01,5.99,0.80,6.93,100,14.22,87.37
vectorized_elementwise_kernel,0.59,12.74,0.03,4.61,100,0.02,99.14
_scatter_gather_elementwise_kernel,0.01,7.24,0.18,6.15,100,0,97.73
reduce_kernel,0.22,5.01,1.29,5.94,37.50,40,79.91
reduce_kernel,0.03,2.64,0.43,6.09,56.25,1.15,85.78
vectorized_elementwise_kernel,0.01,9.87,0.05,5.30,100,8.33,100.21
unrolled_elementwise_kernel,0.01,9.03,0.18,5.85,100,0,98.49
reduce_kernel,0.02,6.96,0.39,5.54,100,0,94.22
unrolled_elementwise_kernel,0.13,5.86,0.29,6.14,100,0,95.40
reduce_kernel,0.02,4.58,0.33,4.09,56.25,8.33,93.66
elementwise_kernel,0.02,7.74,0.38,7.80,100,8.33,93.79
vectorized_elementwise_kernel,0.01,10.36,0.05,6.17,100,0,100.80
reduce_kernel,0.02,7.42,0.39,5.94,100,0,95.49
vectorized_elementwise_kernel,0.00,10.58,0.04,4.26,100,0,100.89
vectorized_elementwise_kernel,0.00,10.19,0.04,4.69,100,50,101.21
vectorized_elementwise_kernel,0.00,10.24,0.04,4.59,100,0,101.30
unrolled_elementwise_kernel,0.01,9.96,0.04,4.20,100,33.33,100.81
vectorized_elementwise_kernel,0.58,12.59,0.03,7.69,100,0,100.10
_scatter_gather_elementwise_kernel,0.01,6.88,0.17,5.97,100,0,98.55
reduce_kernel,0.23,5.09,1.31,6.36,37.50,40,80.10
reduce_kernel,0.02,6.96,0.40,6.41,100,8.33,93.33
index_elementwise_kernel,0.01,7.32,0.32,6.39,75,25,94.50
reduce_kernel,0.02,6.50,0.37,6.11,100,8.33,93.44
reduce_kernel,0.01,5.33,0.32,1.51,37.50,58.33,93.74
DeviceScanInitKernel,0.01,10.61,0.03,5.49,100,0,99.67
DeviceScanKernel,0.03,8.01,0.19,5.94,75,5.88,98.10
vectorized_elementwise_kernel,0.01,9.52,0.06,6.30,100,5.71,99.04
reduce_kernel,0.02,6.68,0.37,5.64,100,0,93.27
compute_cuda_kernel,0.28,8.57,0.06,23.84,100,77.17,100.53
indexSelectLargeIndex,0.03,7.77,0.05,6.14,100,5.45,101.07
elementwise_kernel_with_index,0.02,11.50,0.03,3.13,100,0,100.67
radixSortKVInPlace,0.06,1.03,0.06,1.56,12.50,50,95.49
vectorized_elementwise_kernel,0.02,8.65,0.15,6.15,75,0,98.58
indexSelectLargeIndex,28.84,8.64,0.54,45.23,100,35.47,96.98
vectorized_elementwise_kernel,4.63,12.07,0.03,38.63,100,0,99.06
elementwise_kernel_with_index,0.02,11.61,0.03,3.42,100,0,100.54
radixSortKVInPlace,0.05,1.43,0.09,1.56,12.50,50,95.48
vectorized_elementwise_kernel,0.02,8.90,0.15,6.18,75,0,99.45
indexSelectLargeIndex,25.59,8.65,3.59,43.78,100,32.39,74.41
kernel,2.42,19.33,4.06,6.08,18.75,5.55,91.75
Kernel,4.30,7.59,4.18,6.28,25,0,61.11
splitKreduce_kernel,0.23,7.98,0.24,13.65,100,0,98.83
Kernel,8.35,12.16,6.23,6.29,25,0,76.90
splitKreduce_kernel,2.66,10.51,9.36,23.80,100,0,43.11
kernel,2.35,18.80,3.95,6.00,18.75,5.55,91.03
kernel,2.32,18.80,3.89,6.12,18.75,5.55,93.80
Kernel,4.03,7.43,4.03,6.52,25,0,65.39
splitKreduce_kernel,0.26,7.53,0.64,14.27,100,0,90.72
Kernel,4.32,8.06,4.44,5.93,25,0,64.85
splitKreduce_kernel,0.35,8.38,1.25,22.84,100,0,85.90
Kernel,4.94,9.17,4.88,6.05,25,0,69.66
splitKreduce_kernel,1.84,9.36,3.12,23.09,100,0,71.76
Kernel,4.36,8.06,4.35,6.62,25,0,64.43
splitKreduce_kernel,0.26,7.64,0.73,16.95,100,0,91.79
kernel,2.35,18.79,3.95,6.10,18.75,5.55,91.14
kernel,2.31,18.46,3.87,6.32,18.75,5.55,91.79
Kernel,4.32,8.39,4.61,6.25,25,0,66.22
splitKreduce_kernel,0.63,8.17,1.97,20.53,100,0,77.24
kernel3,0.63,8.01,0.68,6.25,100,0,92.19
gemvNSP_kernel,7.63,10.11,2.68,33.96,75,31.09,80.91
Kernel,2.59,6.65,2.13,6.71,25,0,73.79
Kernel,11.88,19.62,1.94,12.11,56.25,13.78,91.85
gemvNSP_kernel,7.49,10.25,2.64,34.53,75,31.09,83.70
gemvNSP_kernel,7.67,10.34,2.70,31.03,75,31.09,81.44
Kernel,2.60,6.91,2.15,6.46,25,0,76.41
Kernel,3.77,7.98,2.30,6.65,43.75,0,85.39
Kernel,9.20,14.98,1.96,8.69,56.25,3.06,90.14
Kernel,2.63,7.02,2.18,6.31,25,0,77.73
gemvNSP_kernel,7.23,9.90,2.54,36.81,75,31.09,82.48
gemvNSP_kernel,7.36,10.03,2.60,36.48,75,31.09,82.39
Kernel,4.12,7.44,2.14,6.10,31.25,0,83.64
elementwise_kernel,11.31,34.70,4.16,39.34,100,40.58,92.13
elementwise_kernel,10.69,50.66,3.92,41.29,100,2.85,92.65
vectorized_elementwise_kernel,5.11,13.21,0.03,36.36,100,0,98.63
index_elementwise_kernel,19.66,9.28,4.31,42.31,100,36.50,69.21
reduce_kernel,14.67,12.42,3.94,41.41,56.25,44.38,72.74
vectorized_elementwise_kernel,5.32,12.49,0.03,44.45,100,0,100.96
vectorized_elementwise_kernel,5.31,13.43,0.03,40.47,100,0,100.29
index_elementwise_kernel,21.55,10.09,4.71,44.35,100,36.31,70.06
elementwise_kernel,18.17,11.54,5.04,43.39,100,36.59,70.94
reduce_kernel,3.41,6.27,4.15,6.46,56.25,20.30,61.36
vectorized_elementwise_kernel,5.37,12.48,0.03,40.54,100,0,100.90
kernel2,22.70,12.75,11.47,20.44,56.25,0,58.45
distribution_elementwise_grid_stride_kernel,43.58,7.09,0.03,59.38,75,47.11,100.21
vectorized_elementwise_kernel,5.91,14.04,8.22,39.08,100,50,67.39
vectorized_elementwise_kernel,6.56,14.53,11.71,39.81,100,0,56.09
vectorized_elementwise_kernel,0.83,11.53,0.03,7.86,100,0,100.78
elementwise_kernel,22.70,13.03,5.71,44.12,100,14.62,69.67
elementwise_kernel,23.51,10.24,0.78,42.51,100,36.17,94.21
reduce_kernel,1.18,3.69,2.68,25.33,100,0.73,54.37
indexSelectLargeIndex,26.25,8.00,3.74,49.45,100,32.47,69.21
vectorized_elementwise_kernel,5.10,12.55,0.03,51.80,100,0,100.34
indexSelectLargeIndex,24.78,7.47,3.48,45.87,100,32.45,68.44
kernel,1.43,7.71,2.35,6.27,18.75,37.65,73.21
Kernel,2.69,6.87,2.19,6.21,25,0,81.47
splitKreduce_kernel,0.11,7.67,0.30,12.21,100,0,97.90
Kernel,5.28,10.13,4.40,6.16,25,0,80.44
splitKreduce_kernel,1.34,9.00,4.76,23.06,100,0,59.05
kernel,1.46,7.88,2.41,6.19,18.75,37.65,72.44
kernel,1.47,7.87,2.41,6.19,18.75,37.65,72.02
Kernel,2.74,7.12,2.34,6.40,25,0,80.69
splitKreduce_kernel,0.14,7.82,0.37,15.19,100,0,94.74
Kernel,2.73,7.22,2.46,6.58,25,0,80.23
splitKreduce_kernel,0.16,7.51,0.60,22.11,100,0,91.18
Kernel,5.17,8.76,3.41,6.39,25,0,80.48
splitKreduce_kernel,0.82,8.22,2.82,22.16,100,0,70.17
Kernel,2.66,6.88,2.30,6.37,25,0,79.94
splitKreduce_kernel,0.14,7.63,0.40,17.72,100,0,93.93
kernel,1.38,7.42,2.27,6.13,18.75,37.65,72.27
kernel,1.42,7.72,2.34,6.00,18.75,37.65,73.39
Kernel,2.75,7.67,2.68,6.61,25,0,81.29
splitKreduce_kernel,0.30,7.96,1.01,20.03,100,0,88.59
Kernel,6.63,6.49,0.16,6.20,25,57.26,94.60
Kernel,9.59,10.29,0.13,8.97,50,0.46,96.95
Kernel,9.81,16.78,2.18,9.53,50,3.63,90.01
Kernel,6.92,6.69,0.17,5.85,25,57.17,100.75
Kernel,6.79,6.56,0.17,6.09,25,57.20,96.62
Kernel,9.27,10.13,0.24,10.20,50,1.27,96.99
Kernel,9.73,10.80,0.40,9.43,50,1.87,102.02
Kernel,10.80,17.41,1.45,8.88,50,3.34,93.18
Kernel,9.92,10.88,0.28,8.43,50,1.39,100.79
Kernel,6.93,6.83,0.17,6.43,25,57.10,100.49
Kernel,6.62,6.59,0.16,6.19,25,57.17,98.69
Kernel,9.68,10.99,0.61,9.29,50,2.41,94.85
vectorized_elementwise_kernel,0.41,10.44,0.86,6.10,100,0.10,92.49
kernel4,0.75,8.54,1.06,6.75,100,0,86.89
CatArrayBatchedCopy,11.42,7.53,0.59,72.19,100,16.67,92.65
kernel,11.98,6.59,3.78,15.45,18.75,90.99,56.45
Kernel,2.37,6.52,3.85,1.61,31.25,0,54.83
Kernel,14.42,21.94,3.73,11.85,50,15.95,65.90
kernel,11.85,6.53,3.75,16.15,18.75,90.99,57.33
kernel,11.85,6.54,3.74,17.17,18.75,90.99,56.89
Kernel,2.32,6.66,3.80,1.49,31.25,0,56.24
Kernel,2.33,6.97,3.83,1.59,31.25,0,58.85
Kernel,11.13,16.71,3.78,9.18,50,3.55,72.42
Kernel,2.36,6.91,3.86,1.58,31.25,0,58.32
kernel,12.23,6.74,3.87,15.44,18.75,90.99,56.84
kernel,12.26,6.76,3.87,17.06,18.75,90.99,56.43
Kernel,4.79,6.97,3.84,6.26,37.50,0,60.87
Kernel,10.05,9.29,0.17,6.24,25,56.88,99.28
Kernel,16.81,18.04,0.11,19.70,50,1.54,99.28
Kernel,8.29,11.82,2.64,6.25,25,0,83.49
Kernel,10.00,9.25,0.17,6.16,25,56.88,99.50
Kernel,9.63,8.91,0.16,6.06,25,56.88,98.92
Kernel,17.86,19.51,0.23,19.64,50,4.24,97.43
Kernel,17.06,18.99,0.36,18.86,50,6.28,100.14
Kernel,7.50,10.61,1.59,6.13,25,0,87.07
Kernel,17.05,18.69,0.25,18.97,50,4.65,99.81
Kernel,9.78,9.05,0.16,6.14,25,56.76,99.06
Kernel,10.06,9.30,0.17,5.97,25,56.87,96.83
Kernel,16.14,13.67,0.61,20.96,75,8.14,95.84
unrolled_elementwise_kernel,61.75,45.10,45.10,88.41,100,37.86,49.29
unrolled_elementwise_kernel,62.46,57.53,57.53,91.68,100,35.85,48.60
elementwise_kernel,11.46,35.87,4.20,39.04,100,36.90,88.90
elementwise_kernel,10.61,50.31,3.89,40.81,100,2.86,92.72
vectorized_elementwise_kernel,4.95,12.66,0.03,35.20,100,0,100.38
indexFuncLargeIndex,29.48,10.31,6.24,46.53,100,10.71,59.35
vectorized_elementwise_kernel,5.45,12.88,0.03,56.96,100,0,99.21
vectorized_elementwise_kernel,5.33,11.81,0.03,53.93,100,0,99.07
indexFuncLargeIndex,31.78,11.02,3.83,46.44,100,10.71,72.61
vectorized_elementwise_kernel,0.01,11.33,0.04,5.78,100,0,98.24
vectorized_elementwise_kernel,0.00,10.13,0.04,4.26,100,0,99.43
vectorized_elementwise_kernel,0.00,9.68,0.04,4.24,100,0,98.07
vectorized_elementwise_kernel,0.00,9.76,0.04,4.78,100,0,99.41
elementwise_kernel,0.01,9.01,0.12,6.19,100,8.33,98.19
elementwise_kernel,1.55,8.30,0.10,6.95,100,25,98.50
vectorized_elementwise_kernel,0.64,10.32,2.31,6.27,100,0,79.64
softmax_warp_backward,0.61,9.52,2.13,6.50,100,0,78.84
unrolled_elementwise_kernel,1.00,5.64,0.75,6.36,100,15.71,86.87
unrolled_elementwise_kernel,0.01,8.20,0.17,6.06,100,0,95.85
vectorized_elementwise_kernel,0.01,9.56,0.06,5.26,100,0,97.96
softmax_warp_backward,0.01,9.52,0.05,5.99,100,16.67,99.23
unrolled_elementwise_kernel,0.01,7.62,0.18,6.59,100,16.67,97.13
vectorized_elementwise_kernel,0.43,11.28,0.03,5.85,100,0,99.90
_scatter_gather_elementwise_kernel,0.02,5.37,0.20,6.49,100,0,95.72
vectorized_elementwise_kernel,0.59,10.31,1.22,5.97,100,33.33,90.11
Kernel,6.17,9.02,5.09,6.15,25,0,69.15
Kernel,10.52,14.39,2.95,6.18,25,0,80.87
vectorized_elementwise_kernel,6.30,15.00,15.00,34.81,100,0,49.87
unrolled_elementwise_kernel,11.17,9.64,7.52,23.82,100,40,58.81
rmsnorm_bwd_tuned_kernel,6.61,45.70,8.65,19.61,31.25,26.07,85.70
rmsnorm_bwd_finalize_tuned_kernel,6.56,22.92,22.92,49.62,100,0,19.57
vectorized_elementwise_kernel,6.13,14.58,14.50,40.24,100,0,52.55
unrolled_elementwise_kernel,0.10,5.90,0.22,6.22,100,40,97.14
vectorized_elementwise_kernel,6.60,14.36,11.79,41.33,100,0,57.95
Kernel,13.04,27.81,11.27,5.98,6.25,0,52.35
splitKreduce_kernel,13.62,16.36,13.67,41.72,100,0,39.82
Kernel,11.67,25.32,16.25,6.14,6.25,20,60.54
flash_bwd_dot_do_o_kernel,0.80,7.19,2.43,12.17,62.50,45.76,71.28
flash_bwd_dq_dk_dv_loop_seqk_parallel_kernel,1.52,2.37,1.25,12.21,12.50,1.66,66.55
flash_bwd_convert_dq_kernel,0.91,6.11,2.48,12.53,62.50,0.97,69.76
reduce_kernel,1.65,5.45,1.40,5.67,56.25,29.05,79.79
reduce_kernel,1.71,5.60,1.45,6.21,56.25,30.02,79.64
fused_rope_backward,7.02,5.59,0.96,10.81,100,81.58,83.26
fused_rope_backward,8.13,6.03,1.70,12.08,100,71.43,75.28
rmsnorm_bwd_general_kernel,1.51,6.95,0.86,6.37,100,18.24,88.43
rmsnorm_bwd_finalize_general_kernel,0.06,6.66,0.23,5.51,100,0,94.72
unrolled_elementwise_kernel,0.01,9.39,0.27,6.42,100,40,96.14
rmsnorm_bwd_general_kernel,6.06,8.33,3.26,12.17,100,20.86,71.34
rmsnorm_bwd_finalize_general_kernel,0.07,2.99,0.37,6.05,100,0,85.01
unrolled_elementwise_kernel,0.01,9.46,0.27,6.34,100,40,94.91
CatArrayBatchedCopy,18.62,7.86,2.09,71.32,100,22.71,76.88
Kernel,17.22,28.99,11.05,6.15,25,0,77.20
Kernel,13.69,26.65,19.63,8.87,18.75,18.25,66.24
rmsnorm_bwd_tuned_kernel,6.42,45.11,8.39,18.95,31.25,25.97,86.29
rmsnorm_bwd_finalize_tuned_kernel,6.74,23.48,23.48,48.26,100,0,16.25
vectorized_elementwise_kernel,6.27,14.88,14.88,38.84,100,33.33,51.15
unrolled_elementwise_kernel,0.09,5.50,0.21,6.43,100,40,95.25
vectorized_elementwise_kernel,6.59,14.27,11.84,35.32,100,0,56.55
vectorized_elementwise_kernel,0.83,11.39,0.03,5.86,100,0,100.25
elementwise_kernel,21.69,12.20,5.45,44.43,100,14.82,69.02
elementwise_kernel,24.11,10.32,0.79,44.24,100,36.12,93.72
reduce_kernel,1.19,3.60,2.71,25.10,100,0.73,52.36
indexSelectLargeIndex,25.74,7.66,3.67,46.56,100,32.32,66.97
vectorized_elementwise_kernel,4.71,11.51,0.03,40.87,100,0,100.33
indexSelectLargeIndex,25.38,7.64,3.57,45.82,100,32.41,66.83
kernel,1.42,7.63,2.34,6.65,18.75,37.65,72.19
Kernel,2.69,6.79,2.19,6.13,25,0,80.47
splitKreduce_kernel,0.11,7.65,0.14,11.83,100,0,97.77
Kernel,5.33,10.11,4.44,6.63,25,0,78.31
splitKreduce_kernel,1.37,9.22,4.87,25.79,100,0,58.64
kernel,1.43,7.63,2.35,6.76,18.75,37.65,72.08
kernel,1.43,7.69,2.35,5.92,18.75,37.65,71.79
Kernel,2.65,6.85,2.26,6.18,25,0,81.19
splitKreduce_kernel,0.12,7.20,0.34,15.26,100,0,94.32
Kernel,2.78,7.34,2.51,6.26,25,0,81.96
splitKreduce_kernel,0.16,7.32,0.59,19.79,100,0,91.00
Kernel,5.24,8.79,3.44,6.36,25,0,81.07
splitKreduce_kernel,0.80,8.00,2.73,24.25,100,0,70.05
Kernel,2.67,7.21,2.30,6.44,25,0,84.49
splitKreduce_kernel,0.13,7.33,0.39,16.45,100,0,93.92
kernel,1.43,7.66,2.35,6.16,18.75,37.65,71.84
kernel,1.46,7.76,2.40,6.37,18.75,37.65,70.73
Kernel,2.67,7.39,2.61,6.32,25,0,81.00
splitKreduce_kernel,0.30,7.63,0.98,19.46,100,0,87.48
Kernel,6.80,6.43,0.17,6.13,25,57.26,99.37
Kernel,9.89,10.62,0.13,9.10,50,0.55,100.56
Kernel,10.25,17.51,2.27,8.98,50,4.29,89.45
Kernel,6.84,6.39,0.17,5.87,25,57.21,97.22
Kernel,6.82,6.33,0.17,6.52,25,57.18,95.57
Kernel,9.49,10.37,0.25,9.12,50,1.50,98.02
Kernel,9.77,10.82,0.40,8.55,50,2.21,96.38
Kernel,10.42,16.78,1.40,8.88,50,3.95,89.55
Kernel,9.66,10.60,0.27,8.71,50,1.65,96.93
Kernel,6.68,6.22,0.17,6.23,25,57.10,97.31
Kernel,6.66,6.21,0.17,6.06,25,57.17,96.43
Kernel,9.44,10.73,0.60,9.51,50,2.85,95.73
vectorized_elementwise_kernel,0.41,10.04,0.85,6.01,100,0.10,91.52
kernel4,0.72,8.19,1.02,6.44,100,0,86.52
CatArrayBatchedCopy,12.33,7.97,0.64,67.04,100,16.03,91.13
kernel,11.87,6.55,3.74,14.98,18.75,90.98,57.25
Kernel,2.37,6.47,3.86,1.65,31.25,0,56.60
Kernel,14.09,21.44,3.66,11.80,50,14.67,69.59
kernel,11.77,6.50,3.71,15.31,18.75,90.98,59.53
kernel,12.04,6.66,3.80,15.66,18.75,90.98,59.69
Kernel,2.30,6.63,3.77,1.54,31.25,0,60.22
Kernel,2.33,6.98,3.82,1.61,31.25,0,62.31
Kernel,10.86,16.31,3.68,9.18,50,3.25,73.26
Kernel,2.33,6.63,3.82,1.50,31.25,0,56.57
kernel,11.47,6.33,3.63,16.50,18.75,91.00,56.32
kernel,12.06,6.66,3.80,16.16,18.75,90.98,57.73
Kernel,4.60,6.81,3.71,6.08,37.50,0,61.38
Kernel,10.00,9.25,0.17,6.51,25,56.88,96.28
Kernel,18.05,19.40,0.12,19.18,50,1.54,100.01
Kernel,8.26,11.43,2.64,6.01,25,0,80.21
Kernel,10.28,9.51,0.17,6.14,25,56.88,98.54
Kernel,9.72,8.99,0.16,6.15,25,56.87,94.86
Kernel,17.30,18.91,0.23,19.79,50,4.24,98.14
Kernel,17.16,19.08,0.36,20.70,50,6.28,97.23
Kernel,7.77,11.08,1.64,6.26,25,0,86.03
Kernel,16.66,18.28,0.24,18.11,50,4.65,98.41
Kernel,10.20,9.43,0.17,6.12,25,56.77,96.99
Kernel,10.02,9.27,0.17,6.23,25,56.85,98.19
Kernel,15.80,13.41,0.59,18.78,75,8.14,95.93
unrolled_elementwise_kernel,61.28,44.29,44.29,88.30,100,37.82,46.52
unrolled_elementwise_kernel,61.75,57.02,57.02,89.70,100,35.91,46.60
elementwise_kernel,11.64,36.10,4.26,39.63,100,36.36,88.29
elementwise_kernel,10.68,50.42,3.92,44.40,100,2.85,93.74
vectorized_elementwise_kernel,5.00,12.57,0.03,29.81,100,0,99.59
indexFuncLargeIndex,29.33,10.29,6.23,46.60,100,10.71,58.97
vectorized_elementwise_kernel,5.22,12.33,0.04,50.20,100,0,98.76
vectorized_elementwise_kernel,5.30,11.73,0.03,43.66,100,0,99.26
indexFuncLargeIndex,30.89,10.76,3.73,46.03,100,10.71,73.46
vectorized_elementwise_kernel,0.01,11.55,0.04,5.75,100,0,99.73
vectorized_elementwise_kernel,0.00,9.84,0.04,4.43,100,0,99.30
vectorized_elementwise_kernel,0.00,10.33,0.04,4.72,100,0,99.45
vectorized_elementwise_kernel,0.00,10.19,0.04,4.02,100,0,99.37
elementwise_kernel,0.01,8.99,0.12,6.22,100,8.33,97.84
elementwise_kernel,1.61,8.66,0.10,5.55,100,25,99.33
vectorized_elementwise_kernel,0.63,10.29,2.28,6.15,100,0,81.15
softmax_warp_backward,0.61,9.68,2.17,5.96,100,0,80.39
unrolled_elementwise_kernel,1.04,5.90,0.79,6.14,100,15.40,87.28
unrolled_elementwise_kernel,0.01,7.64,0.16,6.38,100,0,97.36
vectorized_elementwise_kernel,0.01,10.15,0.06,6.35,100,0,99.21
softmax_warp_backward,0.01,9.75,0.05,6.19,100,16.67,99.04
unrolled_elementwise_kernel,0.01,7.41,0.17,6.11,100,16.67,96.68
vectorized_elementwise_kernel,0.42,11.08,0.03,5.15,100,0,99.34
_scatter_gather_elementwise_kernel,0.02,5.28,0.20,5.90,100,0,95.15
vectorized_elementwise_kernel,0.57,9.77,1.19,5.30,100,33.33,87.79
Kernel,6.43,10.17,5.27,6.07,25,0,67.62
Kernel,10.70,14.68,3.00,6.21,25,0,75.60
vectorized_elementwise_kernel,6.39,15.15,15.15,37.76,100,0,49.70
unrolled_elementwise_kernel,11.57,9.91,7.77,23.32,100,40,59.64
rmsnorm_bwd_tuned_kernel,6.62,46.27,8.63,19.52,31.25,25.71,86.67
rmsnorm_bwd_finalize_tuned_kernel,6.61,23.08,23.08,47.66,100,0,15.95
vectorized_elementwise_kernel,6.29,14.90,14.90,40.73,100,33.33,50.10
unrolled_elementwise_kernel,0.10,5.68,0.22,6.26,100,40,94.97
vectorized_elementwise_kernel,6.57,14.27,11.79,39.56,100,0,57.39
Kernel,13.30,28.67,11.48,6.36,6.25,0,43.42
splitKreduce_kernel,13.92,16.43,13.98,43.94,100,0,37.98
Kernel,11.58,25.21,16.11,6.21,6.25,20,58.10
flash_bwd_dot_do_o_kernel,0.81,7.12,2.48,12.61,62.50,50.44,76.66
flash_bwd_dq_dk_dv_loop_seqk_parallel_kernel,1.51,2.35,1.24,12.47,12.50,1.66,67.05
flash_bwd_convert_dq_kernel,0.92,6.15,2.50,12.48,62.50,0.97,69.73
reduce_kernel,1.72,5.63,1.46,6.56,56.25,25.71,79.35
reduce_kernel,1.65,5.40,1.40,6.08,56.25,34.66,78.91
fused_rope_backward,6.77,5.37,0.93,10.56,100,81.58,84.53
fused_rope_backward,8.35,6.17,1.75,11.57,100,71.43,75.42
rmsnorm_bwd_general_kernel,1.47,6.77,0.84,5.54,100,18.24,87.60
rmsnorm_bwd_finalize_general_kernel,0.06,6.36,0.22,6.58,100,0,95.61
unrolled_elementwise_kernel,0.01,8.46,0.24,6.00,100,40,95.44
rmsnorm_bwd_general_kernel,5.96,8.27,3.20,11.14,100,20.86,72.52
rmsnorm_bwd_finalize_general_kernel,0.06,2.95,0.36,6.13,100,0,84.40
unrolled_elementwise_kernel,0.01,9.56,0.27,6.98,100,40,95.11
CatArrayBatchedCopy,18.76,7.97,2.10,72.22,100,22.65,76.39
Kernel,17.63,29.67,11.26,6.34,25,0,76.27
Kernel,13.81,26.90,19.80,9.03,18.75,18.26,64.61
rmsnorm_bwd_tuned_kernel,6.44,45.01,8.40,19.35,31.25,26.17,85.15
rmsnorm_bwd_finalize_tuned_kernel,6.50,22.74,22.74,49.19,100,0,15.05
vectorized_elementwise_kernel,6.14,14.55,14.55,37.94,100,33.33,49.87
unrolled_elementwise_kernel,0.10,5.63,0.22,6.16,100,40,93.29
vectorized_elementwise_kernel,6.64,14.78,11.89,38.02,100,0,60.12
vectorized_elementwise_kernel,0.81,10.99,0.03,6.62,100,0,98.92
elementwise_kernel,22.63,12.90,5.70,43.41,100,14.86,70.89
elementwise_kernel,23.94,10.08,0.79,44.02,100,35.95,94.24
reduce_kernel,1.20,3.62,2.74,25.12,100,0.73,51.75
indexSelectLargeIndex,26.29,7.86,3.75,45.39,100,32.47,67.23
vectorized_elementwise_kernel,4.85,12.24,0.03,37.54,100,0,99.03
indexSelectLargeIndex,24.72,7.78,3.48,46.28,100,32.42,68.81
kernel,1.39,7.55,2.28,6.14,18.75,37.65,72.31
Kernel,2.75,7.13,2.24,6.32,25,0,81.60
splitKreduce_kernel,0.11,7.57,0.14,12.21,100,0,97.95
Kernel,5.26,10.36,4.40,6.32,25,0,79.75
splitKreduce_kernel,1.27,8.52,4.50,21.10,100,0,59.09
kernel,1.45,7.87,2.38,6.42,18.75,37.65,72.17
kernel,1.48,8.04,2.44,6.32,18.75,37.65,72.35
Kernel,2.69,7.01,2.30,6.43,25,0,80.78
splitKreduce_kernel,0.13,7.52,0.35,17.09,100,0,93.63
Kernel,2.63,7.01,2.38,6.16,25,0,81.17
splitKreduce_kernel,0.17,7.63,0.61,21.43,100,0,91.61
Kernel,5.39,9.45,3.54,6.10,25,0,81.74
splitKreduce_kernel,0.83,8.31,2.83,20.78,100,0,69.77
Kernel,2.72,7.19,2.34,5.97,25,0,82.36
splitKreduce_kernel,0.13,7.46,0.40,17.69,100,0,93.89
kernel,1.43,7.81,2.36,6.28,18.75,37.65,73.22
kernel,1.45,7.86,2.38,6.79,18.75,37.65,71.35
Kernel,2.68,7.46,2.61,6.40,25,0,81.97
splitKreduce_kernel,0.28,7.09,0.92,23.61,100,0,86.84
Kernel,6.60,6.23,0.16,6.07,25,57.26,97.69
Kernel,9.62,10.32,0.13,8.85,50,0.49,96.29
Kernel,10.12,17.32,2.24,9.67,50,3.85,87.07
Kernel,6.55,6.12,0.16,6.13,25,57.21,97.51
Kernel,6.71,6.41,0.17,6.39,25,57.19,98.65
Kernel,9.55,10.44,0.24,9.08,50,1.35,98.07
Kernel,9.55,10.59,0.39,8.86,50,1.98,97.08
Kernel,10.79,17.40,1.45,9.95,50,3.55,89.67
Kernel,9.63,10.55,0.27,9.21,50,1.47,98.90
Kernel,6.83,6.57,0.17,6.33,25,57.17,101.04
Kernel,6.98,6.59,0.17,6.13,25,57.09,96.67
Kernel,9.47,10.76,0.60,9.50,50,2.56,97.27
vectorized_elementwise_kernel,0.40,9.94,0.82,6.09,100,0.10,92.86
kernel4,0.73,8.43,1.03,5.98,100,0,88.70
CatArrayBatchedCopy,12.22,8.03,0.64,74.54,100,16.10,92.54
kernel,11.81,6.66,3.73,17.37,18.75,90.98,60.35
Kernel,2.30,6.77,3.76,1.61,31.25,0,62.57
Kernel,14.47,22.02,3.75,11.90,50,16.04,78.01
kernel,11.75,6.49,3.71,15.40,18.75,90.99,57.34
kernel,11.89,6.56,3.76,16.14,18.75,90.98,56.83
Kernel,2.31,6.73,3.78,1.52,31.25,0,60.99
Kernel,2.32,7.06,3.82,1.46,31.25,0,62.15
Kernel,10.85,16.28,3.67,8.62,50,3.53,75.49
Kernel,2.30,6.94,3.78,1.53,31.25,0,63.72
kernel,12.03,6.64,3.80,16.13,18.75,91.00,58.01
kernel,11.54,6.52,3.64,16.28,18.75,90.99,61.23
Kernel,4.62,6.97,3.73,6.21,37.50,0,62.41
Kernel,10.22,9.45,0.17,6.02,25,56.88,102.70
Kernel,17.88,19.21,0.12,19.12,50,2.05,104.56
Kernel,7.88,10.94,2.52,6.27,25,0,83.73
Kernel,10.20,9.43,0.17,6.20,25,56.88,103.03
Kernel,10.24,9.47,0.17,6.26,25,56.88,102.95
Kernel,17.82,19.46,0.23,19.67,50,5.63,102.56
Kernel,17.27,19.21,0.36,18.74,50,8.29,102.94
Kernel,7.61,10.82,1.61,6.70,25,0,88.76
Kernel,17.11,18.78,0.25,18.04,50,6.16,104.07
Kernel,9.88,9.14,0.16,6.10,25,56.75,101.98
Kernel,10.02,9.26,0.17,6.27,25,56.86,100.48
Kernel,15.16,12.84,0.57,19.71,75,10.70,100.00
unrolled_elementwise_kernel,62.02,45.05,45.05,88.72,100,37.72,46.06
reduce_kernel,11.12,83.16,83.16,99.69,100,0,14.42
vectorized_elementwise_kernel,0.01,9.32,0.04,5.41,100,33.33,99.23
vectorized_elementwise_kernel,11.61,86.39,86.39,84.29,100,43.39,52.04
unrolled_elementwise_kernel,62.03,57.25,57.25,90.21,100,35.82,41.48
elementwise_kernel,11.35,35.87,4.16,40.09,100,36.62,91.41
elementwise_kernel,10.55,49.75,3.88,38.88,100,2.84,93.35
vectorized_elementwise_kernel,4.88,12.20,0.03,38.87,100,0,100.32
indexFuncLargeIndex,28.79,10.06,6.11,43.69,100,10.71,59.26
vectorized_elementwise_kernel,5.49,12.59,0.03,43.21,100,0,100.12
vectorized_elementwise_kernel,5.36,11.98,0.03,40.68,100,0,101.40
indexFuncLargeIndex,30.03,10.39,3.62,45.78,100,10.71,73.51
vectorized_elementwise_kernel,0.01,11.55,0.04,5.68,100,0,100.94
vectorized_elementwise_kernel,0.00,9.90,0.04,3.83,100,0,100.28
vectorized_elementwise_kernel,0.00,9.30,0.04,4.49,100,0,100.37
vectorized_elementwise_kernel,0.00,10.29,0.04,3.96,100,0,100.04
elementwise_kernel,0.01,9.16,0.13,6.24,100,8.33,99.19
elementwise_kernel,1.64,8.80,0.10,6.46,100,25,97.69
vectorized_elementwise_kernel,0.62,9.98,2.23,5.67,100,0,79.66
softmax_warp_backward,0.63,9.87,2.20,6.34,100,0,80.66
unrolled_elementwise_kernel,1.01,5.81,0.80,6.18,100,15.78,86.27
unrolled_elementwise_kernel,0.01,7.81,0.16,6.25,100,0,97.18
vectorized_elementwise_kernel,0.01,9.99,0.06,6.71,100,0,98.71
softmax_warp_backward,0.01,9.62,0.05,5.80,100,16.67,100.11
unrolled_elementwise_kernel,0.01,8.08,0.19,5.88,100,16.67,97.06
vectorized_elementwise_kernel,0.43,11.38,0.03,6.36,100,0,99.61
_scatter_gather_elementwise_kernel,0.02,5.36,0.20,6.34,100,0,95.07
vectorized_elementwise_kernel,0.58,9.84,1.19,6.33,100,33.33,87.06
Kernel,6.34,9.56,5.21,6.27,25,0,68.46
Kernel,10.55,14.39,2.95,6.07,25,0,84.42
vectorized_elementwise_kernel,6.30,15.01,15.01,40.65,100,0,50.60
unrolled_elementwise_kernel,11.48,9.68,7.72,22.97,100,40,57.55
rmsnorm_bwd_tuned_kernel,6.76,47.64,8.83,19.38,31.25,26.00,85.84
rmsnorm_bwd_finalize_tuned_kernel,6.86,23.96,23.96,48.25,100,0,16.21
vectorized_elementwise_kernel,6.42,15.23,15.23,39.14,100,33.33,49.90
unrolled_elementwise_kernel,0.09,5.56,0.22,6.34,100,40,94.96
vectorized_elementwise_kernel,6.67,14.26,11.89,38.80,100,0,57.30
Kernel,13.20,28.38,11.38,6.26,6.25,0,57.01
splitKreduce_kernel,13.03,15.59,13.11,42.27,100,0,39.01
Kernel,11.60,25.37,16.14,6.03,6.25,20,54.95
flash_bwd_dot_do_o_kernel,0.78,6.94,2.38,13.86,62.50,50.27,80.14
flash_bwd_dq_dk_dv_loop_seqk_parallel_kernel,1.52,2.37,1.25,12.38,12.50,1.66,67.77
flash_bwd_convert_dq_kernel,0.91,6.21,2.47,12.47,62.50,0.97,70.87
reduce_kernel,1.65,5.55,1.40,6.23,56.25,28.44,79.60
reduce_kernel,1.73,5.75,1.46,6.09,56.25,28.01,80.86
fused_rope_backward,6.73,5.44,0.92,10.60,100,81.58,84.18
fused_rope_backward,8.04,6.09,1.68,11.64,100,71.43,76.98
rmsnorm_bwd_general_kernel,1.44,6.72,0.82,5.51,100,18.24,88.11
rmsnorm_bwd_finalize_general_kernel,0.05,6.39,0.21,6.04,100,0,96.72
unrolled_elementwise_kernel,0.01,9.13,0.26,5.15,100,40,95.35
rmsnorm_bwd_general_kernel,6.08,8.64,3.28,13.51,100,20.86,72.95
rmsnorm_bwd_finalize_general_kernel,0.07,3.02,0.37,6.47,100,0,86.15
unrolled_elementwise_kernel,0.01,9.11,0.26,6.83,100,40,95.47
CatArrayBatchedCopy,17.86,7.58,2.02,76.63,100,22.38,77.37
Kernel,17.17,28.91,11.01,6.06,25,0,63.55
Kernel,13.71,26.68,19.65,9.05,18.75,18.29,63.02
rmsnorm_bwd_tuned_kernel,6.63,46.36,8.66,19.78,31.25,26.04,85.32
rmsnorm_bwd_finalize_tuned_kernel,6.73,23.54,23.54,51.52,100,0,15.31
vectorized_elementwise_kernel,6.33,14.97,14.97,42.09,100,33.33,49.19
unrolled_elementwise_kernel,0.09,5.30,0.21,6.00,100,40,93.92
vectorized_elementwise_kernel,6.55,14.43,11.74,40.14,100,0,57.85
vectorized_elementwise_kernel,0.83,11.38,0.03,7.75,100,0,99.70
elementwise_kernel,22.08,12.52,5.54,44.05,100,14.71,68.97
elementwise_kernel,23.95,10.15,0.79,46.05,100,35.88,93.07
reduce_kernel,1.21,3.63,2.75,25.35,100,0.72,51.89
indexSelectLargeIndex,26.19,7.85,3.74,46.39,100,32.39,66.94
vectorized_elementwise_kernel,4.89,12.43,0.03,38.61,100,0,105.92
indexSelectLargeIndex,25.50,7.91,3.58,46.75,100,32.46,69.74
kernel,1.45,7.76,2.37,7.05,18.75,37.65,70.84
Kernel,2.76,6.94,2.25,6.25,25,0,79.13
splitKreduce_kernel,0.12,8.00,0.15,13.23,100,0,95.86
Kernel,5.39,10.60,4.48,5.52,25,0,81.58
splitKreduce_kernel,1.28,8.84,4.55,24.65,100,0,62.24
kernel,1.46,7.87,2.40,5.71,18.75,37.65,71.63
kernel,1.42,7.67,2.33,7.35,18.75,37.65,71.96
Kernel,2.70,7.04,2.30,6.05,25,0,80.53
splitKreduce_kernel,0.14,7.98,0.37,15.68,100,0,93.98
Kernel,2.69,7.17,2.43,6.12,25,0,81.05
splitKreduce_kernel,0.16,7.50,0.60,21.06,100,0,90.39
Kernel,5.33,9.13,3.51,6.10,25,0,76.82
splitKreduce_kernel,0.78,7.77,2.65,22.94,100,0,68.34
Kernel,2.63,6.89,2.27,6.25,25,0,77.79
splitKreduce_kernel,0.14,7.62,0.40,17.65,100,0,92.78
kernel,1.41,7.63,2.32,6.43,18.75,37.65,71.72
kernel,1.43,7.64,2.34,6.03,18.75,37.65,72.54
Kernel,2.74,7.70,2.67,6.21,25,0,80.85
splitKreduce_kernel,0.29,7.37,0.95,19.01,100,0,87.38
Kernel,6.69,6.21,0.17,5.98,25,57.26,95.55
Kernel,9.65,10.35,0.13,10.02,50,0.46,93.38
Kernel,10.23,17.53,2.26,9.28,50,3.66,88.31
Kernel,6.68,6.34,0.17,5.95,25,57.21,95.78
Kernel,6.71,6.34,0.17,6.19,25,57.14,93.33
Kernel,9.57,10.46,0.25,9.51,50,1.27,97.84
Kernel,9.45,10.47,0.39,10.16,50,1.87,94.92
Kernel,10.78,17.36,1.45,8.84,50,3.36,92.07
Kernel,9.40,10.30,0.27,9.25,50,1.39,97.99
Kernel,6.70,6.45,0.17,6.15,25,57.16,100.77
Kernel,6.70,6.45,0.17,6.15,25,57.21,96.87
Kernel,9.77,11.11,0.62,9.74,50,2.42,96.21
vectorized_elementwise_kernel,0.41,10.21,0.85,4.95,100,0.10,91.66
kernel4,0.74,8.60,1.05,6.00,100,0,90.03
CatArrayBatchedCopy,12.51,8.09,0.65,75.49,100,16.11,90.61
kernel,11.95,6.67,3.78,16.10,18.75,90.98,60.53
Kernel,2.23,6.39,3.65,1.56,31.25,0,58.11
Kernel,14.79,22.50,3.83,12.15,50,14.67,66.25
kernel,12.18,6.76,3.84,15.66,18.75,90.99,60.29
kernel,12.08,6.75,3.81,16.47,18.75,90.99,59.94
Kernel,2.34,6.81,3.84,1.47,31.25,0,60.38
Kernel,2.33,7.00,3.82,1.50,31.25,0,61.51
Kernel,10.79,16.20,3.67,9.05,50,3.55,75.31
Kernel,2.36,7.13,3.86,1.60,31.25,0,62.46
kernel,12.13,6.69,3.82,15.66,18.75,90.99,58.60
kernel,12.28,6.78,3.88,16.32,18.75,90.99,59.07
Kernel,4.59,7.04,3.70,6.69,37.50,0,66.51
Kernel,9.82,9.08,0.16,6.04,25,56.88,99.73
Kernel,16.75,18.02,0.11,19.38,50,2.04,100.67
Kernel,7.96,11.22,2.54,6.11,25,0,81.79
Kernel,9.87,9.13,0.16,6.22,25,56.88,100.33
Kernel,9.81,9.07,0.16,6.58,25,56.88,98.66
Kernel,17.08,18.66,0.22,19.58,50,5.55,101.59
Kernel,17.65,19.65,0.37,19.06,50,8.12,95.27
Kernel,7.82,11.18,1.65,6.09,25,0,85.20
Kernel,17.59,19.30,0.25,20.19,50,6.07,97.97
Kernel,10.15,9.39,0.17,6.17,25,56.75,97.58
Kernel,10.15,9.38,0.17,5.97,25,56.87,99.57
Kernel,15.32,13.00,0.58,19.06,75,10.42,96.81
unrolled_elementwise_kernel,62.12,45.18,45.18,88.11,100,37.69,45.95
unrolled_elementwise_kernel,61.88,57.13,57.13,89.85,100,36.00,45.64
elementwise_kernel,10.83,34.12,3.97,37.65,100,37.26,90.40
elementwise_kernel,10.69,50.17,3.92,39.58,100,2.84,93.78
vectorized_elementwise_kernel,5.00,12.80,0.03,38.67,100,0,101.35
indexFuncLargeIndex,29.54,10.48,6.27,44.71,100,10.71,61.21
vectorized_elementwise_kernel,5.47,12.83,0.03,50.29,100,0,100.38
vectorized_elementwise_kernel,5.39,12.04,0.03,37.29,100,0,100.45
indexFuncLargeIndex,31.50,10.86,3.79,46.88,100,10.71,72.43
vectorized_elementwise_kernel,0.01,11.15,0.03,5.74,100,0,100.77
vectorized_elementwise_kernel,0.00,9.31,0.03,4.21,100,0,100.44
vectorized_elementwise_kernel,0.00,10.83,0.04,4.02,100,0,100.41
vectorized_elementwise_kernel,0.00,10.78,0.04,3.94,100,0,100.95
elementwise_kernel,0.01,8.52,0.12,5.85,100,8.33,98.63
elementwise_kernel,1.62,8.76,0.10,6.45,100,25,98.89
vectorized_elementwise_kernel,0.67,10.92,2.43,5.17,100,0,81.36
softmax_warp_backward,0.66,10.34,2.32,5.57,100,0,81.63
unrolled_elementwise_kernel,1.05,5.92,0.79,6.18,100,15.14,86.53
unrolled_elementwise_kernel,0.01,7.08,0.15,6.76,100,0,97.19
vectorized_elementwise_kernel,0.01,9.96,0.06,6.47,100,0,100.74
softmax_warp_backward,0.01,9.86,0.05,6.70,100,16.33,101.22
unrolled_elementwise_kernel,0.01,7.94,0.18,6.42,100,16,96.79
vectorized_elementwise_kernel,0.43,11.37,0.04,6.11,100,0,99.10
_scatter_gather_elementwise_kernel,0.02,5.82,0.21,6.47,100,0,96.33
vectorized_elementwise_kernel,0.59,10.11,1.21,6.14,100,33.33,88.15
Kernel,6.16,8.97,5.07,5.95,25,0,69.75
Kernel,10.51,14.25,2.95,6.07,25,0,87.75
vectorized_elementwise_kernel,6.33,14.97,14.97,38.24,100,0,49.96
unrolled_elementwise_kernel,10.90,9.14,7.32,21.49,100,40,57.98
rmsnorm_bwd_tuned_kernel,6.50,45.62,8.48,19.35,31.25,25.88,84.43
rmsnorm_bwd_finalize_tuned_kernel,6.77,23.61,23.61,46.80,100,0,15.36
vectorized_elementwise_kernel,6.21,14.74,14.74,38.84,100,33.33,47.04
unrolled_elementwise_kernel,0.09,5.42,0.21,6.54,100,40,93.02
vectorized_elementwise_kernel,6.58,14.22,11.73,42.15,100,0,56.64
Kernel,12.98,27.63,11.25,6.36,6.25,0,60.76
splitKreduce_kernel,13.32,15.71,13.36,44.64,100,0,38.27
Kernel,11.45,25.18,15.94,6.25,6.25,20,56.72
flash_bwd_dot_do_o_kernel,0.87,7.21,2.63,10.60,62.50,50.99,73.89
flash_bwd_dq_dk_dv_loop_seqk_parallel_kernel,1.52,2.37,1.25,12.29,12.50,1.66,67.56
flash_bwd_convert_dq_kernel,0.93,6.37,2.53,12.00,62.50,0.97,71.02
reduce_kernel,1.73,5.77,1.46,6.12,56.25,30,80.67
reduce_kernel,1.76,5.80,1.49,5.95,56.25,28.06,78.05
fused_rope_backward,6.92,5.66,0.95,10.65,100,81.58,85.83
fused_rope_backward,8.13,6.19,1.70,12.19,100,71.43,78.78
rmsnorm_bwd_general_kernel,1.55,7.30,0.88,6.05,100,18.24,91.96
rmsnorm_bwd_finalize_general_kernel,0.05,5.83,0.20,6.42,100,0,97.96
unrolled_elementwise_kernel,0.01,9.15,0.26,6.07,100,40,97.79
rmsnorm_bwd_general_kernel,6.16,8.84,3.33,11.61,100,20.86,76.06
rmsnorm_bwd_finalize_general_kernel,0.07,3.02,0.37,6.24,100,0,87.27
unrolled_elementwise_kernel,0.01,8.57,0.25,7.19,100,40,96.03
CatArrayBatchedCopy,17.93,7.64,2.02,70.16,100,22.63,77.89
Kernel,17.02,28.65,10.92,5.92,25,0,76.33
Kernel,13.70,26.63,19.62,8.94,18.75,18.23,67.15
rmsnorm_bwd_tuned_kernel,6.50,45.73,8.48,18.66,31.25,25.49,86.62
rmsnorm_bwd_finalize_tuned_kernel,6.57,22.93,22.93,50.12,100,0,16.49
vectorized_elementwise_kernel,6.25,14.86,14.86,37.77,100,33.33,50.89
unrolled_elementwise_kernel,0.10,5.68,0.22,6.02,100,40,93.48
vectorized_elementwise_kernel,6.31,13.86,11.27,38.96,100,0,58.55
vectorized_elementwise_kernel,0.83,11.49,0.03,6.17,100,0,99.18
elementwise_kernel,22.39,13.14,5.62,44.40,100,14.66,71.35
elementwise_kernel,23.63,10.25,0.78,43.92,100,36.17,92.57
reduce_kernel,1.19,3.59,2.71,25.16,100,0.72,51.86
indexSelectLargeIndex,26.14,7.90,3.72,44.43,100,32.36,66.61
vectorized_elementwise_kernel,4.79,12.89,0.03,44.06,100,0,103.88
indexSelectLargeIndex,24.71,7.83,3.48,44.17,100,32.47,68.66
kernel,1.42,7.66,2.33,6.41,18.75,37.65,73.02
Kernel,2.64,6.84,2.15,6.78,25,0,82.06
splitKreduce_kernel,0.12,7.66,0.14,12.95,100,0,96.36
Kernel,5.08,9.99,4.23,5.96,25,0,80.52
splitKreduce_kernel,1.22,8.18,4.31,24.61,100,0,59.82
kernel,1.41,7.73,2.32,6.79,18.75,37.65,71.91
kernel,1.45,7.91,2.37,5.54,18.75,37.65,72.47
Kernel,2.68,7.11,2.29,6.32,25,0,80.49
splitKreduce_kernel,0.13,7.41,0.35,16.18,100,0,93.51
Kernel,2.62,6.96,2.37,6.22,25,0,77.01
splitKreduce_kernel,0.15,7.12,0.56,19.16,100,0,91.70
Kernel,5.17,8.89,3.40,6.11,25,0,77.19
splitKreduce_kernel,0.81,8.14,2.79,21.37,100,0,69.87
Kernel,2.73,7.18,2.34,6.08,25,0,80.50
splitKreduce_kernel,0.14,7.74,0.41,17.45,100,0,94.18
kernel,1.42,7.74,2.34,5.84,18.75,37.65,73.61
kernel,1.44,7.86,2.36,6.58,18.75,37.65,73.98
Kernel,2.72,7.60,2.64,6.10,25,0,78.22
splitKreduce_kernel,0.30,7.79,1.01,17.51,100,0,85.56
Kernel,6.75,6.39,0.17,6.14,25,57.26,97.77
Kernel,9.93,10.66,0.13,8.85,50,0.46,100.77
Kernel,10.43,17.87,2.31,8.91,50,3.64,89.02
Kernel,6.67,6.19,0.17,6.09,25,57.16,95.15
Kernel,6.97,6.46,0.17,6.36,25,57.26,97.00
Kernel,9.68,10.58,0.25,8.74,50,1.27,98.23
Kernel,9.16,10.17,0.38,9.40,50,1.87,97.61
Kernel,10.55,17.00,1.42,9.19,50,3.35,91.09
Kernel,9.66,10.59,0.27,8.21,50,1.39,99.73
Kernel,6.64,6.28,0.16,5.99,25,57.07,98.93
Kernel,6.81,6.41,0.17,6.00,25,57.23,95.43
Kernel,9.80,11.15,0.62,8.92,50,2.42,93.78
vectorized_elementwise_kernel,0.38,9.33,0.79,5.96,100,0.10,91.65
kernel4,0.71,8.14,1.01,5.85,100,0,88.97
CatArrayBatchedCopy,13.13,8.53,0.68,69.46,100,16.56,91.43
kernel,11.82,6.52,3.73,16.03,18.75,90.98,59.36
Kernel,2.38,6.52,3.87,1.59,31.25,0,58.11
Kernel,14.82,22.56,3.83,12.07,50,16.10,76.13
kernel,11.77,6.49,3.72,15.62,18.75,90.99,57.02
kernel,11.77,6.56,3.71,18.20,18.75,90.99,59.04
Kernel,2.36,7.00,3.86,1.60,31.25,0,61.69
Kernel,2.38,7.33,3.90,1.57,31.25,0,63.69
Kernel,10.74,16.11,3.63,9.19,50,3.83,76.53
Kernel,2.31,7.00,3.78,1.50,31.25,0,62.03
kernel,11.72,6.58,3.71,15.56,18.75,90.98,61.46
kernel,11.74,6.66,3.71,16.09,18.75,90.99,61.30
Kernel,4.81,7.08,3.87,6.25,37.50,0,60.42
Kernel,9.70,8.97,0.16,5.90,25,56.88,100.66
Kernel,16.76,18.01,0.11,19.63,50,2.05,100.61
Kernel,7.97,11.11,2.54,6.26,25,0,81.13
Kernel,10.18,9.41,0.17,6.38,25,56.88,100.63
Kernel,10.31,9.54,0.17,6.38,25,56.88,99.81
Kernel,17.10,18.67,0.22,17.18,50,5.60,101.63
Kernel,17.26,19.19,0.36,19.44,50,8.23,101.79
Kernel,7.67,10.91,1.62,6.33,25,0,90.90
Kernel,17.85,19.60,0.26,19.14,50,6.13,100.63
Kernel,9.93,9.18,0.17,6.18,25,56.80,97.42
Kernel,9.66,8.93,0.16,6.11,25,56.86,99.61
Kernel,15.83,13.45,0.60,18.54,75,10.61,96.86
unrolled_elementwise_kernel,61.54,44.85,44.85,87.82,100,37.74,45.37
unrolled_elementwise_kernel,62.07,57.26,57.26,90.22,100,35.86,46.72
reduce_kernel,10.59,82.78,82.78,99.61,100,0,10.94
vectorized_elementwise_kernel,0.01,9.58,0.04,5.09,100,33.33,99.41
vectorized_elementwise_kernel,11.61,87.21,87.21,84.33,100,43.21,51.97
elementwise_kernel,11.45,36.32,4.20,39.51,100,37.61,91.00
elementwise_kernel,10.69,50.41,3.92,39.14,100,2.85,93.07
vectorized_elementwise_kernel,5.10,12.90,0.03,38.75,100,0,100.22
indexFuncLargeIndex,29.26,10.22,6.20,45.28,100,10.71,60.13
vectorized_elementwise_kernel,5.27,12.42,0.03,42.01,100,0,102.14
vectorized_elementwise_kernel,5.05,11.45,0.03,54.69,100,0,100.43
indexFuncLargeIndex,30.84,10.71,3.71,48.00,100,10.71,73.44
vectorized_elementwise_kernel,0.01,11.17,0.03,5.66,100,0,100.75
vectorized_elementwise_kernel,0.00,10.08,0.04,4.10,100,0,100.04
vectorized_elementwise_kernel,0.00,10.58,0.04,4.63,100,0,100.20
vectorized_elementwise_kernel,0.00,10.24,0.04,4.14,100,0,100.41
elementwise_kernel,0.01,8.28,0.12,6.24,100,8.33,97.88
elementwise_kernel,1.60,8.58,0.10,5.73,100,25,99.47
vectorized_elementwise_kernel,0.66,10.60,2.38,5.96,100,0,80.87
softmax_warp_backward,0.63,9.88,2.21,6.14,100,0,81.04
unrolled_elementwise_kernel,1.06,5.95,0.80,6.32,100,15.44,86.65
unrolled_elementwise_kernel,0.01,7.35,0.15,6.25,100,0,97.33
vectorized_elementwise_kernel,0.01,9.83,0.05,6.73,100,0,98.88
softmax_warp_backward,0.01,9.72,0.05,7.33,100,16.67,99.43
unrolled_elementwise_kernel,0.01,7.91,0.18,6.04,100,16.67,96.09
vectorized_elementwise_kernel,0.42,11.05,0.03,6.28,100,0,98.13
_scatter_gather_elementwise_kernel,0.02,5.63,0.22,5.97,100,0,95.21
vectorized_elementwise_kernel,0.56,9.55,1.16,6.32,100,33.33,87.36
Kernel,6.00,8.74,4.95,6.27,25,0,66.91
Kernel,10.57,14.44,2.96,6.35,25,0,85.36
vectorized_elementwise_kernel,6.08,14.42,14.42,37.00,100,0,49.15
unrolled_elementwise_kernel,11.38,9.35,7.65,23.25,100,40,57.33
rmsnorm_bwd_tuned_kernel,6.73,47.54,8.81,20.86,31.25,26.59,85.54
rmsnorm_bwd_finalize_tuned_kernel,6.62,23.10,23.10,51.99,100,0,15.61
vectorized_elementwise_kernel,6.38,15.09,15.09,39.01,100,33.33,49.14
unrolled_elementwise_kernel,0.09,5.52,0.21,5.52,100,40,95.09
vectorized_elementwise_kernel,6.69,14.34,11.85,39.63,100,0,57.63
Kernel,13.39,28.58,11.57,6.22,6.25,0,69.28
splitKreduce_kernel,14.04,16.54,14.09,44.99,100,0,37.67
Kernel,11.74,25.49,16.32,6.10,6.25,20,54.94
flash_bwd_dot_do_o_kernel,0.86,7.79,2.62,12.70,62.50,49.72,92.51
flash_bwd_dq_dk_dv_loop_seqk_parallel_kernel,1.52,2.37,1.25,12.25,12.50,1.66,67.46
flash_bwd_convert_dq_kernel,0.95,6.50,2.58,12.47,62.50,0.97,70.80
reduce_kernel,1.75,5.95,1.48,6.21,56.25,28.48,81.79
reduce_kernel,1.76,5.75,1.48,6.14,56.25,30.01,80.09
fused_rope_backward,6.79,5.49,0.93,10.67,100,81.58,85.83
fused_rope_backward,8.09,6.16,1.69,12.10,100,71.43,77.51
rmsnorm_bwd_general_kernel,1.52,7.06,0.86,6.50,100,18.24,90.10
rmsnorm_bwd_finalize_general_kernel,0.05,6.36,0.21,6.55,100,0,99.05
unrolled_elementwise_kernel,0.01,8.23,0.23,7.23,100,40,98.12
rmsnorm_bwd_general_kernel,6.19,8.64,3.34,11.48,100,20.86,73.25
rmsnorm_bwd_finalize_general_kernel,0.07,3.15,0.38,5.97,100,0,88.72
unrolled_elementwise_kernel,0.01,9.52,0.27,7.30,100,40,97.90
CatArrayBatchedCopy,19.02,8.20,2.14,71.60,100,22.48,80.03
Kernel,17.64,29.69,11.27,6.23,25,0,58.63
Kernel,13.98,27.20,20.00,8.87,18.75,18.35,62.05
rmsnorm_bwd_tuned_kernel,6.76,48.31,8.83,19.46,31.25,25.23,86.96
rmsnorm_bwd_finalize_tuned_kernel,6.46,22.51,22.51,47.91,100,0,15.56
vectorized_elementwise_kernel,6.27,14.87,14.87,38.36,100,33.33,50.56
unrolled_elementwise_kernel,0.10,5.87,0.22,6.22,100,40,97.23
vectorized_elementwise_kernel,6.65,14.32,11.89,39.36,100,0,57.29
vectorized_elementwise_kernel,0.77,10.63,0.03,8.42,100,0,100.38
elementwise_kernel,22.37,12.97,5.62,43.70,100,14.59,70.28
elementwise_kernel,23.82,10.32,0.79,44.63,100,36.16,92.91
reduce_kernel,1.19,3.59,2.72,24.72,100,0.72,51.95
indexSelectLargeIndex,26.42,7.99,3.77,44.84,100,32.40,67.92
vectorized_elementwise_kernel,5.03,12.51,0.03,49.95,100,0,100.61
indexSelectLargeIndex,25.79,8.16,3.63,46.39,100,32.38,69.67
kernel,1.43,7.65,2.34,6.30,18.75,37.65,71.99
Kernel,2.65,6.74,2.15,6.33,25,0,80.57
splitKreduce_kernel,0.11,7.62,0.14,11.81,100,0,97.85
Kernel,5.26,10.23,4.37,6.39,25,0,84.53
splitKreduce_kernel,1.26,8.76,4.50,22.62,100,0,62.67
kernel,1.43,7.80,2.34,6.13,18.75,37.65,73.53
kernel,1.46,7.95,2.39,5.83,18.75,37.65,73.01
Kernel,2.69,7.05,2.30,6.13,25,0,80.13
splitKreduce_kernel,0.13,7.86,0.37,16.04,100,0,95.56
Kernel,2.62,7.06,2.37,6.34,25,0,80.83
splitKreduce_kernel,0.17,7.74,0.61,24.27,100,0,92.42
Kernel,5.28,9.07,3.46,5.96,25,0,81.09
splitKreduce_kernel,0.78,7.95,2.69,23.26,100,0,70.54
Kernel,2.72,7.18,2.35,6.03,25,0,79.87
splitKreduce_kernel,0.14,7.58,0.40,18.14,100,0,95.54
kernel,1.49,8.21,2.44,6.58,18.75,37.65,73.82
kernel,1.40,7.58,2.30,6.26,18.75,37.65,73.26
Kernel,2.67,7.55,2.60,6.32,25,0,83.67
splitKreduce_kernel,0.30,7.50,0.97,19.44,100,0,87.71
Kernel,6.57,6.11,0.16,6.20,25,57.26,94.00
Kernel,9.73,10.44,0.13,9.67,50,0.49,98.52
Kernel,10.18,17.41,2.26,8.00,50,3.87,88.98
Kernel,6.73,6.38,0.18,6.20,25,57.15,96.26
Kernel,6.53,6.20,0.16,6.24,25,57.26,96.29
Kernel,9.50,10.37,0.24,9.50,50,1.35,97.83
Kernel,9.27,10.28,0.38,8.46,50,1.99,97.95
Kernel,10.60,17.08,1.42,9.42,50,3.56,91.04
Kernel,9.53,10.45,0.27,8.34,50,1.48,97.09
Kernel,6.93,6.63,0.17,6.30,25,57.18,97.56
Kernel,6.91,6.52,0.17,6.20,25,57.14,97.79
Kernel,9.24,10.50,0.59,9.74,50,2.57,96.23
vectorized_elementwise_kernel,0.38,9.26,0.78,6.26,100,0.10,90.62
kernel4,0.71,8.06,1.01,5.92,100,0,87.82
CatArrayBatchedCopy,12.04,7.82,0.62,71.43,100,16.04,91.21
kernel,11.86,6.54,3.75,15.66,18.75,90.99,56.67
Kernel,2.31,6.24,3.77,1.46,31.25,0,55.95
Kernel,14.64,22.27,3.80,12.12,50,15.84,75.51
kernel,11.73,6.47,3.71,16.16,18.75,90.99,57.30
kernel,11.42,6.29,3.60,15.19,18.75,90.99,56.10
Kernel,2.18,6.30,3.58,1.47,31.25,0,59.53
Kernel,2.26,6.53,3.73,1.59,31.25,0,57.22
Kernel,10.57,15.86,3.59,9.31,50,3.83,71.94
Kernel,2.27,6.43,3.72,1.64,31.25,0,57.44
kernel,11.39,6.29,3.60,16.28,18.75,90.98,57.56
kernel,11.57,6.37,3.64,15.65,18.75,90.98,58.31
Kernel,4.76,6.73,3.83,6.29,37.50,0,62.23
Kernel,10.04,9.28,0.17,5.91,25,56.88,100.44
Kernel,17.41,18.72,0.11,20.09,50,1.88,100.69
Kernel,7.88,11.01,2.51,6.09,25,0,81.37
Kernel,9.88,9.14,0.17,6.04,25,56.88,99.31
Kernel,10.28,9.51,0.17,6.19,25,56.88,95.95
Kernel,17.62,19.27,0.23,20.18,50,5.18,101.33
Kernel,17.73,19.73,0.37,18.16,50,7.64,97.96
Kernel,7.56,10.74,1.60,6.08,25,0,87.12
Kernel,18.13,19.89,0.26,18.50,50,5.67,98.61
Kernel,10.25,9.48,0.17,5.83,25,56.75,98.30
Kernel,10.42,9.63,0.17,6.07,25,56.88,97.91
Kernel,15.28,12.96,0.57,19.08,75,9.89,93.98
unrolled_elementwise_kernel,61.26,44.68,44.68,88.57,100,37.75,43.60
unrolled_elementwise_kernel,62.11,57.28,57.28,90.41,100,35.82,44.84
reduce_kernel,13.66,68.96,68.96,99.09,100,0,10.80
vectorized_elementwise_kernel,0.01,10.11,0.05,4.72,100,33.33,99.36
vectorized_elementwise_kernel,11.74,78.70,78.70,84.17,100,44.44,52.11
elementwise_kernel,11.64,36.43,4.28,39.91,100,37.05,90.35
elementwise_kernel,10.36,48.70,3.81,40.27,100,2.85,93.97
vectorized_elementwise_kernel,4.94,12.65,0.03,36.07,100,0,100.06
indexFuncLargeIndex,29.30,10.23,6.21,45.86,100,10.71,60.04
vectorized_elementwise_kernel,5.18,11.92,0.03,41.43,100,0,102.21
vectorized_elementwise_kernel,5.36,12.35,0.03,42.03,100,0,100.03
indexFuncLargeIndex,32.37,11.18,3.90,45.16,100,10.71,73.35
vectorized_elementwise_kernel,0.01,11.00,0.03,6.02,100,0,99.64
vectorized_elementwise_kernel,0.00,9.34,0.04,4.84,100,0,99.63
vectorized_elementwise_kernel,0.00,10.10,0.03,4.25,100,0,99.48
vectorized_elementwise_kernel,0.00,10.10,0.04,4.27,100,0,99.53
elementwise_kernel,0.01,8.35,0.12,6.23,100,8.33,97.68
elementwise_kernel,1.64,8.75,0.10,7.32,100,25,98.20
vectorized_elementwise_kernel,0.65,10.38,2.33,6.28,100,0,79.91
softmax_warp_backward,0.62,9.73,2.20,5.58,100,0,80.61
unrolled_elementwise_kernel,0.99,5.58,0.75,6.49,100,15.60,86.52
unrolled_elementwise_kernel,0.01,7.48,0.15,6.55,100,0,97.20
vectorized_elementwise_kernel,0.01,9.86,0.05,6.93,100,0,99.08
softmax_warp_backward,0.01,9.34,0.05,5.24,100,16.67,99.04
unrolled_elementwise_kernel,0.01,7.94,0.18,6.24,100,16.67,96.62
vectorized_elementwise_kernel,0.43,11.48,0.04,6.38,100,0,99.41
_scatter_gather_elementwise_kernel,0.02,5.64,0.29,6.82,100,0,94.20
vectorized_elementwise_kernel,0.55,9.41,1.14,6.32,100,33.33,87.15
Kernel,6.37,9.28,5.23,6.41,25,0,67.89
Kernel,10.09,13.84,2.84,6.29,25,0,74.07
vectorized_elementwise_kernel,6.31,14.96,14.96,38.31,100,0,50.73
unrolled_elementwise_kernel,11.07,9.16,7.42,23.41,100,40,56.79
rmsnorm_bwd_tuned_kernel,6.49,46.63,8.48,18.90,31.25,24.86,85.70
rmsnorm_bwd_finalize_tuned_kernel,6.68,23.37,23.37,48.23,100,0,15.20
vectorized_elementwise_kernel,6.46,15.32,15.32,42.18,100,33.33,48.86
unrolled_elementwise_kernel,0.09,5.28,0.20,6.12,100,40,95.01
vectorized_elementwise_kernel,6.53,13.76,11.65,38.67,100,0,56.86
Kernel,12.92,27.94,11.16,6.09,6.25,0,44.52
splitKreduce_kernel,13.40,15.71,13.51,43.37,100,0,37.17
Kernel,11.65,25.49,16.23,6.25,6.25,20,54.73
flash_bwd_dot_do_o_kernel,0.75,6.49,2.30,11.23,62.50,49.73,72.50
flash_bwd_dq_dk_dv_loop_seqk_parallel_kernel,1.50,2.34,1.23,12.26,12.50,1.66,66.46
flash_bwd_convert_dq_kernel,0.92,6.17,2.52,11.83,62.50,0.97,69.79
reduce_kernel,1.68,5.51,1.41,6.49,56.25,27.20,79.04
reduce_kernel,1.70,5.54,1.43,6.63,56.25,29.02,79.37
fused_rope_backward,6.69,5.29,0.92,11.32,100,81.58,81.98
fused_rope_backward,7.80,5.79,1.63,11.88,100,71.43,75.17
rmsnorm_bwd_general_kernel,1.55,7.18,0.89,5.90,100,18.24,88.95
rmsnorm_bwd_finalize_general_kernel,0.05,6.21,0.21,5.93,100,0,96.11
unrolled_elementwise_kernel,0.01,9.23,0.27,6.30,100,40,96.36
rmsnorm_bwd_general_kernel,5.74,7.84,3.10,11.70,100,20.86,72.37
rmsnorm_bwd_finalize_general_kernel,0.07,3.07,0.38,6.11,100,0,86.98
unrolled_elementwise_kernel,0.01,9.22,0.27,6.63,100,40,96.00
CatArrayBatchedCopy,18.24,7.68,2.04,71.44,100,22.54,77.15
Kernel,17.09,28.77,10.93,6.29,25,0,70.17
Kernel,13.86,26.96,19.88,9.08,18.75,18.26,63.95
rmsnorm_bwd_tuned_kernel,6.72,46.89,8.78,18.41,31.25,26.31,87.05
rmsnorm_bwd_finalize_tuned_kernel,6.62,23.10,23.10,49.88,100,0,16.24
vectorized_elementwise_kernel,6.39,15.15,15.15,37.98,100,33.33,52.11
unrolled_elementwise_kernel,0.09,5.48,0.21,6.07,100,40,94.98
elementwise_kernel,17.82,10.98,5.26,43.45,100,47.70,66.75
vectorized_elementwise_kernel,18.09,37.07,32.46,10.19,100,0,99.24
vectorized_elementwise_kernel,0.02,8.59,0.10,5.88,75,0,98.53
vectorized_elementwise_kernel,0.01,9.86,0.06,5.88,100,0,99.40
vectorized_elementwise_kernel,0.01,8.17,0.09,7.44,100,50,98.56
elementwise_kernel_with_index,0.02,11.02,0.03,2.68,100,0,99.49
DeviceRadixSortSingleTileKernel,0.24,3.61,0.08,12.43,12.50,60,99.96
indexing_backward_kernel,0.39,0.29,0.13,3.89,100,69.24,60.85
unrolled_elementwise_kernel,62.38,66.08,66.08,92.06,100,34.46,42.87
reduce_kernel,10.49,84.86,84.86,98.79,100,0,6.32
vectorized_elementwise_kernel,0.01,10.23,0.05,4.50,100,33.33,100.70
vectorized_elementwise_kernel,11.54,87.27,87.27,84.28,100,43.17,51.57
vectorized_elementwise_kernel,0.01,10.83,0.03,7.06,100,0,98.03
multi_tensor_apply_kernel,7.90,72.53,72.53,60.41,100,0.01,4.12
multi_tensor_apply_kernel,8.15,74.84,74.84,58.63,100,0.01,4.80
multi_tensor_apply_kernel,7.33,65.87,65.87,41.00,100,0.01,7.49
cleanup,0.05,9.04,0.06,22.86,100,0,98.95
vectorized_elementwise_kernel,0.00,10.18,0.04,4.76,100,0,98.17
multi_tensor_apply_kernel,7.75,75.76,75.76,58.47,100,49.16,51.98
multi_tensor_apply_kernel,7.71,75.52,75.52,57.49,100,48.89,51.86
multi_tensor_apply_kernel,7.53,67.48,67.48,39.86,100,49.90,50.89
multi_tensor_apply_kernel,15.19,76.67,76.67,47.26,50,28.56,44.76
multi_tensor_apply_kernel,15.11,76.14,76.14,47.39,50,27.98,44.83
multi_tensor_apply_kernel,15.82,77.36,77.36,40.81,50,30.77,45.06
multi_tensor_apply_kernel,1.97,7.19,2.37,24.18,50,42.86,75.31
unrolled_elementwise_kernel,57.15,52.73,52.73,90.99,100,15.17,35.90
unrolled_elementwise_kernel,28.95,18.66,18.66,78.37,100,15.01,43.13
unrolled_elementwise_kernel,32.38,20.92,20.92,72.15,100,15.23,40.67
unrolled_elementwise_kernel,8.40,8.43,5.47,21.93,100,14.49,59.09
unrolled_elementwise_kernel,28.74,18.54,18.54,83.79,100,14.93,43.55
unrolled_elementwise_kernel,32.99,21.29,21.29,71.45,100,15.11,41.49
unrolled_elementwise_kernel,8.38,8.49,5.47,22.94,100,14.31,60.13
unrolled_elementwise_kernel,29.81,19.21,19.21,87.19,100,14.90,44.92
unrolled_elementwise_kernel,31.97,20.61,20.61,72.33,100,15.14,43.59
unrolled_elementwise_kernel,8.68,9.01,5.65,22.67,100,14.18,61.82
unrolled_elementwise_kernel,29.13,18.76,18.76,80.48,100,14.97,46.18
unrolled_elementwise_kernel,31.89,20.59,20.59,72.14,100,15.22,45.59
unrolled_elementwise_kernel,8.25,8.74,5.37,22.87,100,14.28,61.83
unrolled_elementwise_kernel,29.64,19.10,19.10,82.88,100,14.94,50.93
unrolled_elementwise_kernel,32.73,21.10,21.10,72.02,100,15.15,45.01
unrolled_elementwise_kernel,8.64,9.54,5.63,23.08,100,14.42,65.44
unrolled_elementwise_kernel,27.96,18.02,18.02,81.04,100,14.96,45.93
unrolled_elementwise_kernel,32.90,21.19,21.19,70.84,100,15.12,47.11
unrolled_elementwise_kernel,8.39,9.15,5.47,22.89,100,14.14,63.90
unrolled_elementwise_kernel,0.06,5.41,0.16,6.11,100,14.87,96.36
unrolled_elementwise_kernel,0.01,9.18,0.20,6.09,100,16.67,97.91
unrolled_elementwise_kernel,0.01,9.41,0.21,6.48,100,16.67,97.95
unrolled_elementwise_kernel,0.07,5.97,0.17,6.15,100,15.31,98.47
unrolled_elementwise_kernel,0.07,5.78,0.16,6.66,100,14.06,98.70
unrolled_elementwise_kernel,0.01,9.29,0.21,5.82,100,16.67,97.77
unrolled_elementwise_kernel,0.01,9.45,0.21,6.28,100,16.67,97.17
unrolled_elementwise_kernel,0.07,5.73,0.17,6.07,100,13.02,96.35
unrolled_elementwise_kernel,0.07,5.75,0.17,6.50,100,14.58,96.76
unrolled_elementwise_kernel,0.01,8.88,0.20,5.92,100,16.67,97.20
unrolled_elementwise_kernel,0.01,9.19,0.21,6.67,100,16.67,97.16
unrolled_elementwise_kernel,0.07,5.65,0.17,6.40,100,14.06,96.37
unrolled_elementwise_kernel,0.07,5.85,0.17,6.40,100,14.14,96.85
unrolled_elementwise_kernel,0.01,9.08,0.20,5.32,100,16.67,96.99
unrolled_elementwise_kernel,0.01,9.33,0.21,6.33,100,16.67,97.97
unrolled_elementwise_kernel,0.07,5.72,0.16,6.30,100,13.68,97.67
unrolled_elementwise_kernel,0.07,5.79,0.17,6.53,100,13.09,96.38
unrolled_elementwise_kernel,0.01,8.98,0.20,5.77,100,16.67,96.94
unrolled_elementwise_kernel,0.01,9.34,0.21,6.26,100,16.67,97.14
unrolled_elementwise_kernel,0.07,5.83,0.17,5.88,100,15.10,96.51
unrolled_elementwise_kernel,0.07,5.81,0.17,6.02,100,13.61,96.73
unrolled_elementwise_kernel,0.01,9.57,0.21,6.74,100,16.67,97.08
unrolled_elementwise_kernel,0.01,9.68,0.21,6.36,100,16.67,98.33
unrolled_elementwise_kernel,0.07,5.97,0.17,6.14,100,14.87,99.62
vectorized_elementwise_kernel,0.01,10.93,0.03,6.25,100,0,100.38
multi_tensor_apply_kernel,8.14,74.88,74.88,57.58,100,0.01,15.90
multi_tensor_apply_kernel,8.13,74.77,74.77,56.87,100,0.01,15.03
multi_tensor_apply_kernel,8.06,74.10,74.10,60.20,100,0.01,15.67
multi_tensor_apply_kernel,7.90,72.71,72.71,59.33,100,0.01,15.90
multi_tensor_apply_kernel,8.12,74.61,74.61,60.10,100,0.01,16.14
multi_tensor_apply_kernel,5.28,48.29,48.29,25.09,100,0.01,15.50
cleanup,0.06,9.23,0.06,23.61,100,0,99.63
vectorized_elementwise_kernel,0.00,9.91,0.04,4.55,100,0,99.69
multi_tensor_apply_kernel,14.80,74.75,74.75,46.94,50,27.53,47.26
multi_tensor_apply_kernel,15.13,76.42,76.42,47.59,50,29.03,45.52
multi_tensor_apply_kernel,15.11,76.25,76.25,47.71,50,29.75,44.94
multi_tensor_apply_kernel,15.22,76.58,76.58,47.20,50,31.56,44.91
multi_tensor_apply_kernel,15.07,76.07,76.07,47.60,50,29.49,44.76
multi_tensor_apply_kernel,16.28,77.15,77.15,24.41,50,41.79,45.27
unrolled_elementwise_kernel,53.81,44.21,44.21,89.81,100,15.30,38.42
unrolled_elementwise_kernel,52.44,35.37,35.37,87.61,100,15.41,41.30
unrolled_elementwise_kernel,54.95,44.90,44.90,89.44,100,15.28,41.61
unrolled_elementwise_kernel,52.42,34.96,34.96,88.14,100,15.41,41.98
unrolled_elementwise_kernel,54.65,44.79,44.79,89.80,100,15.27,44.53
unrolled_elementwise_kernel,51.62,35.40,35.40,86.24,100,15.42,44.91
unrolled_elementwise_kernel,54.56,44.64,44.64,90.22,100,15.32,45.80
unrolled_elementwise_kernel,52.07,35.22,35.22,87.47,100,15.42,47.24
unrolled_elementwise_kernel,54.42,44.48,44.48,89.22,100,15.29,46.39
unrolled_elementwise_kernel,52.46,35.58,35.58,86.65,100,15.45,45.96
unrolled_elementwise_kernel,54.87,44.82,44.82,88.86,100,15.29,46.96
unrolled_elementwise_kernel,52.28,35.52,35.52,87.10,100,15.45,47.11
vectorized_elementwise_kernel,24.10,85.75,85.75,29.17,100,0,98.89
vectorized_elementwise_kernel,24.49,92.59,92.59,57.38,100,0,100.96
vectorized_elementwise_kernel,24.13,85.92,85.92,12.46,100,0,98.69
vectorized_elementwise_kernel,24.42,92.39,92.39,59.48,100,0,100.30
vectorized_elementwise_kernel,0.01,9.47,0.08,5.35,100,8.33,98.86
vectorized_elementwise_kernel,0.01,8.98,0.07,6.17,100,8.33,99.11
vectorized_elementwise_kernel,0.01,8.36,0.04,4.51,100,25,99.37
vectorized_elementwise_kernel,0.01,9.88,0.06,6.46,100,0,100.19
vectorized_elementwise_kernel,0.01,8.37,0.06,5.49,100,47.06,99.44
index_elementwise_kernel,28.58,7.19,0.27,44.29,75,61.65,96.75
elementwise_kernel,17.68,10.73,5.24,40.63,100,48.10,65.85
elementwise_kernel_with_index,0.02,11.58,0.03,3.19,100,0,99.64
vectorized_elementwise_kernel,0.01,9.85,0.05,6.93,100,0,99.43
elementwise_kernel,0.89,7.90,0.11,5.85,100,43.06,98.36
CatArrayBatchedCopy_aligned16_contig,0.96,7.93,0.50,5.96,100,60,93.07
rmsnorm_fwd_tuned_kernel,5.71,10.42,6.43,11.97,25,25.12,66.86
Kernel,15.66,27.68,12.98,5.85,6.25,0,58.45
splitKreduce_kernel,19.18,14.71,11.76,55.73,100,0,42.26
elementwise_kernel,3.74,6.60,1.46,11.52,100,23.74,82.01
rmsnorm_fwd_general_kernel,4.98,8.42,1.83,10.85,100,30.23,82.32
elementwise_kernel,0.98,6.09,0.47,5.85,100,25,91.75
rmsnorm_fwd_general_kernel,1.34,8.07,0.55,5.60,100,26.79,95.18
fused_rope_forward,6.97,6.67,1.88,10.82,100,60,76.45
fused_rope_forward,4.34,6.52,1.11,11.22,100,68.18,84.38
elementwise_kernel,0.96,5.95,0.46,5.79,100,25,90.83
elementwise_kernel_with_index,0.00,10.74,0.03,2.95,100,0,99.21
elementwise_kernel_with_index,0.00,12.05,0.03,3.25,100,0,99.75
flash_fwd_kernel,0.85,2.08,0.69,6.21,12.50,8.54,78.15
Kernel,10.57,16.67,7.43,6.29,18.75,0,72.52
kernel2,21.38,11.52,10.81,20.41,56.25,0,57.76
rmsnorm_fwd_tuned_kernel,5.49,10.41,6.15,14.78,25,25.12,67.69
Kernel,6.04,12.23,7.09,6.29,25,0,76.53
splitKreduce_kernel,4.16,10.76,8.01,22.49,100,0,50.50
_scatter_gather_elementwise_kernel,0.01,6.07,0.21,5.76,100,1.54,95.87
unrolled_elementwise_kernel,0.01,7.01,0.14,7.25,100,0,97.45
softmax_warp_forward,0.02,9.26,0.06,6.77,100,25,99.33
unrolled_elementwise_kernel,0.01,7.21,0.16,5.87,100,16.67,97.03
unrolled_elementwise_kernel,1.04,5.90,0.45,6.18,100,0,92.55
softmax_warp_forward,1.30,7.86,0.96,6.03,100,0,88.02
gatherTopK,14.11,3.60,0.32,11.33,62.50,90.24,87.02
bitonicSortKVInPlace,2.89,4.27,0.16,3.02,46.88,50,95.75
vectorized_elementwise_kernel,0.43,11.40,0.04,5.55,100,0,100.35
unrolled_elementwise_kernel,1.05,6.06,0.46,5.88,100,0,92.22
_scatter_gather_elementwise_kernel,0.08,5.74,0.21,6.65,100,0,95.79
unrolled_elementwise_kernel,1.02,6.02,0.81,6.21,100,14.21,87.42
vectorized_elementwise_kernel,0.58,12.31,0.03,5.79,100,0,100.91
_scatter_gather_elementwise_kernel,0.01,7.59,0.19,5.80,100,0,96.62
reduce_kernel,0.23,5.09,1.31,6.42,37.50,40.74,79.98
reduce_kernel,0.03,2.57,0.43,5.96,56.25,1.15,84.97
vectorized_elementwise_kernel,0.01,10.11,0.06,6.20,100,8.33,99.20
unrolled_elementwise_kernel,0.01,8.57,0.18,6.14,100,0,97.24
reduce_kernel,0.02,6.48,0.36,5.96,100,0,93.74
unrolled_elementwise_kernel,0.13,5.77,0.29,6.02,100,0,94.16
reduce_kernel,0.02,4.50,0.33,3.87,56.25,8.33,92.30
elementwise_kernel,0.02,8.25,0.40,6.12,100,8.33,94.58
vectorized_elementwise_kernel,0.01,10.32,0.05,6.29,100,0,101.18
reduce_kernel,0.02,6.74,0.36,6.32,100,0,94.03
vectorized_elementwise_kernel,0.00,10.35,0.04,3.82,100,0,101.06
vectorized_elementwise_kernel,0.00,10.05,0.04,3.72,100,50,99.51
vectorized_elementwise_kernel,0.00,9.66,0.04,4.49,100,0,99.67
vectorized_elementwise_kernel,0.00,9.58,0.04,4.15,100,33.33,99.66
vectorized_elementwise_kernel,0.53,11.41,0.03,7.92,100,0,100.51
_scatter_gather_elementwise_kernel,0.02,7.61,0.19,6.62,100,0,96.93
reduce_kernel,0.23,5.03,1.31,6.13,37.50,40,79.35
reduce_kernel,0.02,6.66,0.38,5.73,100,8.33,93.50
index_elementwise_kernel,0.01,7.27,0.32,6.51,75,25,94.49
reduce_kernel,0.02,6.87,0.39,6.43,100,8.33,93.52
reduce_kernel,0.01,4.94,0.30,1.50,37.50,58.33,93.03
DeviceScanInitKernel,0.01,10.03,0.03,7.01,100,0,100.80
DeviceScanKernel,0.03,7.28,0.17,6.20,75,5.88,96.94
vectorized_elementwise_kernel,0.01,9.91,0.07,5.26,100,8.33,99.91
reduce_kernel,0.02,6.77,0.37,5.25,100,0,95.37
compute_cuda_kernel,0.27,8.11,0.06,25.51,100,77.44,101.06
indexSelectLargeIndex,0.03,7.76,0.04,5.51,100,5.45,100.40
elementwise_kernel_with_index,0.02,10.98,0.03,3.74,100,0,100.92
radixSortKVInPlace,0.06,1.01,0.06,1.56,12.50,50,93.91
vectorized_elementwise_kernel,0.02,8.08,0.14,4.91,75,0,97.92
indexSelectLargeIndex,28.72,7.88,0.54,42.74,100,35.41,93.82
vectorized_elementwise_kernel,4.97,12.05,0.03,39.54,100,0,99.22
elementwise_kernel_with_index,0.02,11.02,0.03,2.33,100,0,98.55
radixSortKVInPlace,0.05,1.41,0.09,1.55,12.50,50,91.11
vectorized_elementwise_kernel,0.02,8.55,0.15,5.24,75,0,96.39
indexSelectLargeIndex,25.94,8.21,3.64,44.46,100,32.40,69.80
kernel,2.24,16.57,3.75,5.58,18.75,5.55,87.14
Kernel,4.24,6.86,4.12,6.28,25,0,57.65
splitKreduce_kernel,0.23,7.75,0.23,11.00,100,0,96.55
Kernel,7.76,10.14,5.82,6.12,25,0,73.59
splitKreduce_kernel,2.50,9.99,8.84,23.65,100,0,45.15
kernel,2.40,17.74,4.02,6.31,18.75,5.55,88.70
kernel,2.24,16.52,3.77,6.15,18.75,5.55,87.96
Kernel,4.20,7.37,4.18,6.33,25,0,64.26
splitKreduce_kernel,0.26,7.73,0.66,15.53,100,0,91.57
Kernel,4.28,7.69,4.38,6.61,25,0,63.25
splitKreduce_kernel,0.34,7.89,1.19,21.97,100,0,85.02
Kernel,4.82,8.05,4.78,6.00,25,0,61.87
splitKreduce_kernel,1.77,9.05,3.02,20.96,100,0,71.11
Kernel,4.30,7.34,4.30,6.34,25,0,60.61
splitKreduce_kernel,0.28,8.05,0.76,18.44,100,0,91.45
kernel,2.28,16.98,3.82,6.70,18.75,5.55,88.94
kernel,2.28,16.75,3.83,6.14,18.75,5.55,88.96
Kernel,4.19,7.82,4.47,6.04,25,0,63.97
splitKreduce_kernel,0.58,7.68,1.84,18.52,100,0,76.84
kernel3,0.57,7.40,0.62,6.46,100,0,92.65
gemvNSP_kernel,7.72,10.12,2.71,32.89,75,31.09,80.72
Kernel,2.56,6.38,2.11,6.06,25,0,73.00
Kernel,12.05,19.89,1.96,12.37,56.25,13.78,89.96
gemvNSP_kernel,7.76,10.30,2.72,34.11,75,31.09,81.18
gemvNSP_kernel,7.58,9.97,2.67,33.72,75,31.09,81.48
Kernel,2.61,6.53,2.15,6.38,25,0,73.91
Kernel,3.77,7.48,2.30,6.37,43.75,0,82.70
Kernel,9.69,15.78,2.05,9.16,56.25,3.06,87.92
Kernel,2.53,6.34,2.10,5.99,25,0,73.27
gemvNSP_kernel,7.33,9.69,2.58,34.95,75,31.09,80.99
gemvNSP_kernel,7.36,9.65,2.59,35.27,75,31.09,81.49
Kernel,4.21,7.37,2.18,6.68,31.25,0,83.65
elementwise_kernel,11.51,36.55,4.22,36.24,100,36.88,91.72
elementwise_kernel,10.51,49.59,3.85,41.79,100,2.84,93.78
vectorized_elementwise_kernel,5.01,12.81,0.03,38.45,100,0,100.33
index_elementwise_kernel,19.74,9.12,4.32,40.86,100,36.54,68.44
reduce_kernel,13.90,13.37,3.74,43.55,56.25,42.85,83.14
vectorized_elementwise_kernel,5.40,12.78,0.03,40.30,100,0,102.04
vectorized_elementwise_kernel,5.43,12.93,0.03,40.77,100,0,101.99
index_elementwise_kernel,22.14,9.79,4.84,45.08,100,36.35,67.44
elementwise_kernel,18.50,11.16,5.14,43.49,100,36.61,68.40
reduce_kernel,3.31,5.81,4.03,6.43,56.25,20.56,58.60
vectorized_elementwise_kernel,5.21,11.77,0.03,30.42,100,0,99.32
kernel2,22.92,12.49,11.62,20.17,56.25,0,56.84
rmsnorm_fwd_tuned_kernel,5.64,10.80,6.33,18.04,25,25.12,68.05
Kernel,15.78,27.85,13.06,5.78,6.25,0,64.99
splitKreduce_kernel,18.77,14.58,11.49,63.33,100,0,42.77
elementwise_kernel,3.72,6.76,1.45,11.71,100,23.81,82.44
rmsnorm_fwd_general_kernel,4.82,8.37,1.77,12.97,100,30.27,83.30
elementwise_kernel,0.95,6.04,0.46,6.27,100,24.91,95.20
rmsnorm_fwd_general_kernel,1.28,7.86,0.69,6.67,100,26.83,94.42
fused_rope_forward,6.95,6.90,1.88,11.79,100,60,77.98
fused_rope_forward,4.45,6.80,1.14,11.61,100,68.18,86.24
elementwise_kernel,0.96,6.12,0.46,6.24,100,24.94,95.20
elementwise_kernel_with_index,0.00,11.04,0.03,2.89,100,0,100.72
elementwise_kernel_with_index,0.00,10.94,0.03,2.86,100,0,99.99
flash_fwd_kernel,0.85,2.13,0.69,6.17,12.50,8.54,78.10
Kernel,10.59,16.70,7.43,6.17,18.75,0,73.40
kernel2,21.52,11.84,10.89,20.73,56.25,0,58.12
rmsnorm_fwd_tuned_kernel,5.75,11.02,6.46,14.50,25,25.12,67.80
Kernel,6.26,13.07,7.31,6.24,25,0,79.53
splitKreduce_kernel,4.10,10.49,7.82,25.59,100,0,49.83
_scatter_gather_elementwise_kernel,0.01,6.16,0.22,5.97,100,2.29,95.87
unrolled_elementwise_kernel,0.01,7.31,0.15,6.67,100,0,98.50
softmax_warp_forward,0.02,9.33,0.06,6.01,100,25,100.07
unrolled_elementwise_kernel,0.01,8.40,0.19,6.16,100,16.67,98.81
unrolled_elementwise_kernel,1.05,6.15,0.45,6.56,100,0,94.24
softmax_warp_forward,1.37,8.28,1.02,6.15,100,0,88.76
gatherTopK,13.24,3.45,0.32,11.30,62.50,89.92,86.85
bitonicSortKVInPlace,2.91,4.28,0.16,2.98,46.88,50,95.80
vectorized_elementwise_kernel,0.42,11.08,0.03,6.57,100,0,97.62
unrolled_elementwise_kernel,1.01,5.74,0.44,6.44,100,0,90.16
_scatter_gather_elementwise_kernel,0.09,6.07,0.22,6.44,100,0,93.59
unrolled_elementwise_kernel,1.01,5.98,0.80,5.99,100,14.15,85.49
vectorized_elementwise_kernel,0.59,12.83,0.03,6.18,100,0,100.98
_scatter_gather_elementwise_kernel,0.01,7.44,0.19,6.20,100,0,96.49
reduce_kernel,0.23,5.21,1.35,6.21,37.50,40,78.80
reduce_kernel,0.03,2.55,0.42,6.15,56.25,1.15,83.87
vectorized_elementwise_kernel,0.01,9.63,0.05,6.03,100,5.71,99.36
unrolled_elementwise_kernel,0.01,8.87,0.18,7.31,100,0,97.18
reduce_kernel,0.02,7.31,0.41,5.70,100,0,93.43
unrolled_elementwise_kernel,0.13,5.86,0.46,6.19,100,0,91.14
reduce_kernel,0.01,4.32,0.32,3.80,56.25,8.33,89.27
elementwise_kernel,0.02,8.14,0.39,6.23,100,8.33,94.01
vectorized_elementwise_kernel,0.01,9.97,0.05,5.38,100,0,99.55
reduce_kernel,0.02,6.64,0.35,6.02,100,0,92.64
vectorized_elementwise_kernel,0.00,10.02,0.04,4.61,100,0,99.34
vectorized_elementwise_kernel,0.00,10.24,0.04,4.30,100,50,99.50
vectorized_elementwise_kernel,0.00,10.59,0.04,4.45,100,0,98.19
unrolled_elementwise_kernel,0.01,9.77,0.04,4.58,100,33.33,99.27
vectorized_elementwise_kernel,0.58,12.59,0.03,7.83,100,0,101.27
_scatter_gather_elementwise_kernel,0.01,6.67,0.17,6.19,100,0,96.66
reduce_kernel,0.23,5.14,1.34,6.20,37.50,40,79.09
reduce_kernel,0.02,6.14,0.35,6.34,100,8.33,92.99
index_elementwise_kernel,0.01,6.97,0.31,6.25,75,25,93.20
reduce_kernel,0.02,6.99,0.39,6.44,100,8.33,93.11
reduce_kernel,0.01,5.55,0.34,1.55,37.50,58.33,92.29
DeviceScanInitKernel,0.01,9.96,0.03,6.43,100,0,99.72
DeviceScanKernel,0.03,8.33,0.20,5.84,75,5.88,96.84
vectorized_elementwise_kernel,0.01,9.80,0.07,6.64,100,8.33,99.03
reduce_kernel,0.02,6.96,0.38,5.60,100,0,94.05
compute_cuda_kernel,0.28,8.28,0.06,25.39,100,77.09,98.91
indexSelectLargeIndex,0.02,6.61,0.04,6.00,100,5.45,99.08
elementwise_kernel_with_index,0.02,10.43,0.03,3.16,100,0,99.73
radixSortKVInPlace,0.06,0.99,0.06,1.56,12.50,50,92.05
vectorized_elementwise_kernel,0.02,7.99,0.14,5.53,75,0,97.69
indexSelectLargeIndex,27.54,7.60,0.51,47.01,100,35.26,93.69
vectorized_elementwise_kernel,5.03,12.89,0.03,29.46,100,0,107.03
elementwise_kernel_with_index,0.02,10.83,0.03,2.45,100,0,99.44
radixSortKVInPlace,0.05,1.41,0.09,1.56,12.50,50,89.62
vectorized_elementwise_kernel,0.02,8.40,0.15,5.67,75,0,96.31
indexSelectLargeIndex,25.10,7.91,3.53,45.66,100,32.41,70.50
kernel,2.25,17.52,3.79,5.20,18.75,5.55,86.01
Kernel,4.09,6.72,3.99,6.27,25,0,58.32
splitKreduce_kernel,0.23,7.68,0.23,11.61,100,0,96.36
Kernel,7.87,10.83,5.90,6.42,25,0,74.38
splitKreduce_kernel,2.43,9.55,8.59,23.40,100,0,43.55
kernel,2.33,17.90,3.92,6.11,18.75,5.55,84.63
kernel,2.24,17.22,3.77,6.18,18.75,5.55,85.55
Kernel,4.17,7.09,4.17,5.92,25,0,60.16
splitKreduce_kernel,0.27,7.60,0.65,15.94,100,0,91.08
Kernel,4.26,7.55,4.38,5.48,25,0,62.33
splitKreduce_kernel,0.32,7.53,1.13,19.19,100,0,83.67
Kernel,4.89,8.44,4.83,6.07,25,0,72.60
splitKreduce_kernel,1.85,9.34,3.29,24.08,100,0,70.01
Kernel,4.13,7.33,4.15,6.25,25,0,64.87
splitKreduce_kernel,0.26,7.39,0.72,18.09,100,0,90.23
kernel,2.38,18.68,4.00,6.53,18.75,5.55,85.70
kernel,2.25,17.23,3.78,6.09,18.75,5.55,84.70
Kernel,4.30,8.09,4.60,5.82,25,0,64.92
splitKreduce_kernel,0.62,8.10,1.95,19.92,100,0,76.98
kernel3,0.61,7.81,0.66,6.98,100,0,92.25
gemvNSP_kernel,7.29,9.71,2.56,33.81,75,31.09,82.48
Kernel,2.55,6.42,2.11,6.06,25,0,74.85
Kernel,11.77,19.42,1.91,12.36,56.25,13.78,90.14
gemvNSP_kernel,7.33,9.63,2.58,36.11,75,31.09,80.64
gemvNSP_kernel,7.40,9.69,2.60,35.72,75,31.09,80.18
Kernel,2.51,6.25,2.08,6.20,25,0,73.42
Kernel,3.63,7.19,2.22,6.31,43.75,0,81.62
Kernel,9.34,15.20,1.98,8.75,56.25,3.06,88.24
Kernel,2.58,6.48,2.13,5.95,25,0,72.60
gemvNSP_kernel,7.21,9.44,2.53,33.12,75,31.09,78.86
gemvNSP_kernel,7.27,9.47,2.55,33.39,75,31.09,79.46
Kernel,4.15,7.13,2.16,6.55,31.25,0,82.30
elementwise_kernel,11.92,37.57,4.36,39.92,100,37.05,91.43
elementwise_kernel,10.72,50.46,3.93,40.08,100,2.85,93.09
vectorized_elementwise_kernel,4.73,11.98,0.03,36.54,100,0,99.80
index_elementwise_kernel,19.69,8.97,4.31,40.46,100,36.62,67.93
reduce_kernel,14.41,14.07,3.87,42.39,56.25,41.68,85.96
vectorized_elementwise_kernel,5.31,12.28,0.03,41.02,100,0,100.28
vectorized_elementwise_kernel,5.27,12.13,0.03,40.41,100,0,100.84
index_elementwise_kernel,21.63,9.67,4.74,44.44,100,36.16,67.46
elementwise_kernel,18.75,11.13,5.21,43.72,100,36.57,67.60
reduce_kernel,3.35,5.86,4.08,6.32,56.25,18.89,58.07
vectorized_elementwise_kernel,5.17,11.77,0.03,40.93,100,0,99.79
kernel2,22.19,12.07,11.24,20.52,56.25,0,57.05
rmsnorm_fwd_tuned_kernel,5.62,10.72,6.31,17.12,25,25.12,67.62
Kernel,15.68,27.68,13.01,6.17,6.25,0,65.29
splitKreduce_kernel,18.75,14.44,11.49,67.63,100,0,42.17
elementwise_kernel,3.86,6.97,1.50,12.57,100,23.82,82.49
rmsnorm_fwd_general_kernel,5.14,8.77,1.89,12.12,100,30.25,82.22
elementwise_kernel,0.98,6.06,0.47,6.21,100,25,91.00
rmsnorm_fwd_general_kernel,1.22,7.23,0.50,5.54,100,26.87,90.48
fused_rope_forward,6.63,6.38,1.79,11.16,100,60,75.16
fused_rope_forward,4.27,6.35,1.09,11.02,100,68.18,83.44
elementwise_kernel,0.96,5.96,0.47,6.15,100,24.93,91.14
elementwise_kernel_with_index,0.00,11.45,0.03,3.05,100,0,99.61
elementwise_kernel_with_index,0.00,11.07,0.03,2.98,100,0,99.62
flash_fwd_kernel,0.84,2.04,0.68,6.40,12.50,8.54,77.94
Kernel,10.60,16.72,7.44,6.14,18.75,0,69.89
kernel2,21.87,12.35,11.06,19.59,56.25,0,58.86
rmsnorm_fwd_tuned_kernel,5.53,10.73,6.21,14.80,25,25.12,67.33
Kernel,6.18,12.80,7.22,6.15,25,0,77.24
splitKreduce_kernel,4.09,10.42,7.78,24.09,100,0,49.20
_scatter_gather_elementwise_kernel,0.01,6.39,0.22,6.67,100,3.01,96.54
unrolled_elementwise_kernel,0.01,7.74,0.16,6.36,100,0,97.20
softmax_warp_forward,0.02,8.93,0.06,5.68,100,25,98.97
unrolled_elementwise_kernel,0.01,7.83,0.18,6.73,100,16.67,96.92
unrolled_elementwise_kernel,1.03,5.92,0.44,6.03,100,0,93.08
softmax_warp_forward,1.29,7.86,0.96,6.04,100,0,88.26
gatherTopK,12.62,3.28,0.32,11.20,62.50,89.41,86.90
bitonicSortKVInPlace,2.94,4.31,0.16,2.98,46.88,50,94.46
vectorized_elementwise_kernel,0.44,11.59,0.04,5.68,100,0,97.47
unrolled_elementwise_kernel,1.08,6.16,0.47,6.10,100,0,91.92
_scatter_gather_elementwise_kernel,0.09,6.09,0.22,5.96,100,0,95.50
unrolled_elementwise_kernel,0.98,5.77,0.77,6.24,100,14.18,86.59
vectorized_elementwise_kernel,0.58,12.46,0.03,4.63,100,0,99.64
_scatter_gather_elementwise_kernel,0.01,7.10,0.18,6.08,100,0,96.83
reduce_kernel,0.24,5.40,1.40,6.20,37.50,40,79.30
reduce_kernel,0.03,2.58,0.43,6.00,56.25,1.15,84.70
vectorized_elementwise_kernel,0.01,9.95,0.06,7.78,100,8.33,99.14
unrolled_elementwise_kernel,0.01,8.53,0.17,6.50,100,0,97.27
reduce_kernel,0.02,7.49,0.43,6.43,100,0,93.43
unrolled_elementwise_kernel,0.14,6.15,0.30,6.48,100,0,94.50
reduce_kernel,0.02,4.49,0.33,4.20,56.25,8.33,91.96
elementwise_kernel,0.02,7.82,0.38,6.22,100,8.33,94.06
vectorized_elementwise_kernel,0.01,10.66,0.05,6.14,100,0,100.32
reduce_kernel,0.02,7.27,0.39,5.97,100,0,93.74
vectorized_elementwise_kernel,0.00,10.71,0.04,5.83,100,0,100.77
vectorized_elementwise_kernel,0.00,9.95,0.04,4.40,100,50,99.63
vectorized_elementwise_kernel,0.00,10.32,0.03,4.02,100,0,99.71
vectorized_elementwise_kernel,0.00,9.74,0.04,4.52,100,33.33,99.75
vectorized_elementwise_kernel,0.58,12.39,0.03,7.47,100,0,99.98
_scatter_gather_elementwise_kernel,0.01,7.06,0.17,6.10,100,0,96.89
reduce_kernel,0.24,5.22,1.36,5.72,37.50,40,79.45
reduce_kernel,0.02,7.09,0.40,6.79,100,8.33,93.58
index_elementwise_kernel,0.01,6.67,0.30,6.94,75,25,94.64
reduce_kernel,0.02,6.67,0.38,5.85,100,8.33,93.27
reduce_kernel,0.01,5.54,0.34,1.52,37.50,58.33,93.24
DeviceScanInitKernel,0.01,10.66,0.03,4.92,100,0,99.90
DeviceScanKernel,0.03,8.45,0.21,5.33,75,5.88,96.95
vectorized_elementwise_kernel,0.01,9.48,0.07,5.56,100,8.33,100.34
reduce_kernel,0.02,6.99,0.38,5.77,100,0,95.09
compute_cuda_kernel,0.30,8.97,0.06,23.34,100,76.55,100.29
indexSelectLargeIndex,0.02,6.93,0.04,7.06,100,5.45,99.20
elementwise_kernel_with_index,0.02,11.62,0.03,2.81,100,0,99.73
radixSortKVInPlace,0.06,1.00,0.06,1.57,12.50,50,93.15
vectorized_elementwise_kernel,0.02,8.88,0.15,6.06,75,0,97.81
indexSelectLargeIndex,27.68,7.72,0.52,46.98,100,35.30,93.72
vectorized_elementwise_kernel,4.73,11.63,0.03,41.05,100,0,98.32
elementwise_kernel_with_index,0.02,11.38,0.12,2.97,100,0,97.98
radixSortKVInPlace,0.05,1.41,0.10,1.57,12.50,50,90.89
vectorized_elementwise_kernel,0.02,8.92,0.15,6.25,75,0,97.73
indexSelectLargeIndex,25.05,7.61,3.52,45.75,100,32.52,69.30
kernel,2.45,17.84,4.10,5.42,18.75,5.55,85.75
Kernel,4.20,7.00,4.09,5.80,25,0,59.01
splitKreduce_kernel,0.24,7.77,0.24,10.63,100,0,96.24
Kernel,8.28,11.28,6.20,6.01,25,0,74.15
splitKreduce_kernel,2.57,10.10,9.13,21.63,100,0,43.56
kernel,2.39,18.00,4.01,6.38,18.75,5.55,88.94
kernel,2.33,17.86,3.92,6.03,18.75,5.55,89.08
Kernel,4.14,7.14,4.13,6.44,25,0,60.81
splitKreduce_kernel,0.28,7.96,0.69,18.56,100,0,89.99
Kernel,4.34,7.68,4.45,6.00,25,0,61.65
splitKreduce_kernel,0.31,7.28,1.09,22.31,100,0,83.61
Kernel,5.05,8.53,4.98,6.29,25,0,60.40
splitKreduce_kernel,1.81,9.16,3.09,23.87,100,0,70.48
Kernel,4.02,6.96,4.03,6.20,25,0,59.97
splitKreduce_kernel,0.27,7.55,0.73,17.93,100,0,89.91
kernel,2.34,17.59,3.94,5.94,18.75,5.55,90.23
kernel,2.24,16.30,3.75,6.05,18.75,5.55,84.69
Kernel,4.16,8.08,4.46,6.20,25,0,64.13
splitKreduce_kernel,0.61,8.07,1.95,21.27,100,0,77.07
kernel3,0.66,8.41,0.72,6.69,100,0,91.90
gemvNSP_kernel,7.43,10,2.61,33.44,75,31.09,83.88
Kernel,2.67,6.69,2.19,6.29,25,0,74.22
Kernel,11.99,19.78,1.95,12.21,56.25,13.53,90.81
gemvNSP_kernel,7.43,9.92,2.61,33.23,75,31.09,80.73
gemvNSP_kernel,7.46,9.88,2.62,34.48,75,31.09,80.07
Kernel,2.56,6.47,2.11,5.99,25,0,73.18
Kernel,3.70,7.38,2.26,5.85,43.75,0,81.65
Kernel,9.41,15.32,2.00,8.83,56.25,3.35,86.35
Kernel,2.65,6.67,2.19,6.19,25,0,71.70
gemvNSP_kernel,7.61,10.10,2.66,34.30,75,31.09,80.23
gemvNSP_kernel,7.53,9.87,2.66,33.19,75,31.09,79.89
Kernel,4.36,7.59,2.26,6.02,31.25,0,81.14
elementwise_kernel,11.63,35.15,4.27,38.24,100,40.07,90.40
elementwise_kernel,10.50,49.48,3.86,40.12,100,2.85,92.91
vectorized_elementwise_kernel,4.94,12.50,0.03,41.31,100,0,99.39
index_elementwise_kernel,19.37,8.98,4.25,40.72,100,36.34,67.08
reduce_kernel,14.26,13.85,3.83,41.68,56.25,40.01,79.95
vectorized_elementwise_kernel,5.48,12.58,0.03,58.14,100,0,99.57
vectorized_elementwise_kernel,5.15,12.16,0.03,38.65,100,0,98.24
index_elementwise_kernel,21.93,9.89,4.80,44.44,100,36.34,66.93
elementwise_kernel,18.22,10.96,5.07,44.01,100,36.60,67.81
reduce_kernel,3.47,6.01,4.23,5.92,56.25,19.06,57.42
vectorized_elementwise_kernel,5.23,11.96,0.03,42.07,100,0,99.81
kernel2,22.86,12.35,11.57,20.40,56.25,0,55.32
rmsnorm_fwd_tuned_kernel,5.70,10.75,6.40,17.25,25,25.12,66.78
Kernel,16.35,28.90,13.50,5.75,6.25,0,63.66
splitKreduce_kernel,18.95,14.61,11.61,57.66,100,0,41.95
elementwise_kernel,3.67,6.53,1.43,11.10,100,23.67,80.68
rmsnorm_fwd_general_kernel,5.03,8.56,1.85,11.11,100,30.28,81.16
elementwise_kernel,0.96,5.92,0.46,6.09,100,24.96,93.04
rmsnorm_fwd_general_kernel,1.30,7.77,0.53,6.27,100,26.81,94.63
fused_rope_forward,6.51,6.25,1.76,11.55,100,60,74.49
fused_rope_forward,4.43,6.58,1.13,10.64,100,68.18,82.10
elementwise_kernel,0.98,6.07,0.47,6.12,100,25,92.18
elementwise_kernel_with_index,0.00,11.54,0.03,3.42,100,0,99.77
elementwise_kernel_with_index,0.00,11.29,0.03,3.67,100,0,99.47
flash_fwd_kernel,0.83,2.01,0.67,6.27,12.50,8.54,77.38
Kernel,9.98,15.74,7.05,6.33,18.75,0,71.51
kernel2,21.24,12.13,10.73,20.84,56.25,0,58.81
rmsnorm_fwd_tuned_kernel,5.65,10.98,6.36,15.63,25,25.12,66.53
Kernel,6.21,13.45,7.25,6.36,25,0,77.70
splitKreduce_kernel,4.14,10.59,7.90,26.88,100,0,49.27
_scatter_gather_elementwise_kernel,0.01,6.25,0.21,6.54,100,3.01,95.67
unrolled_elementwise_kernel,0.01,7.55,0.15,6.46,100,0,97.17
softmax_warp_forward,0.02,8.81,0.06,6.25,100,25,98.88
unrolled_elementwise_kernel,0.01,7.90,0.18,5.64,100,16.67,96.89
unrolled_elementwise_kernel,1.06,6.09,0.46,6.10,100,0,92.06
softmax_warp_forward,1.31,7.99,0.98,6.64,100,0,88.60
gatherTopK,13.89,3.55,0.32,11.24,62.50,90.39,87.21
bitonicSortKVInPlace,2.83,4.16,0.15,3.06,46.88,50,95.88
vectorized_elementwise_kernel,0.44,11.57,0.04,6.21,100,0,98.31
unrolled_elementwise_kernel,1.07,6.12,0.47,5.92,100,0,92.84
_scatter_gather_elementwise_kernel,0.09,6.06,0.22,6.20,100,0,97.16
unrolled_elementwise_kernel,1.01,5.96,0.80,6.23,100,14.31,87.28
vectorized_elementwise_kernel,0.59,12.60,0.03,6.04,100,0,99.93
_scatter_gather_elementwise_kernel,0.01,7.21,0.18,6.10,100,0,96.54
reduce_kernel,0.23,5.07,1.30,6.15,37.50,40,79.35
reduce_kernel,0.03,2.58,0.43,6.01,56.25,1.15,84.44
vectorized_elementwise_kernel,0.01,9.75,0.05,5.46,100,8.33,100.70
unrolled_elementwise_kernel,0.01,8.91,0.18,6.26,100,0,96.94
reduce_kernel,0.02,6.92,0.39,6.23,100,0,93.11
unrolled_elementwise_kernel,0.14,6.10,0.31,6.48,100,0,94.31
reduce_kernel,0.02,4.52,0.33,3.97,56.25,8.33,91.82
elementwise_kernel,0.02,7.76,0.37,5.91,100,8.33,94.12
vectorized_elementwise_kernel,0.01,9.97,0.05,6.19,100,0,99.41
reduce_kernel,0.02,7.09,0.38,5.74,100,0,93.47
vectorized_elementwise_kernel,0.00,10.34,0.04,4.28,100,0,99.47
vectorized_elementwise_kernel,0.00,9.97,0.03,4.50,100,50,99.39
vectorized_elementwise_kernel,0.00,10.09,0.04,4.79,100,0,99.50
unrolled_elementwise_kernel,0.01,9.45,0.03,4.47,100,33.33,98.25
vectorized_elementwise_kernel,0.59,12.51,0.03,5.95,100,0,99.57
_scatter_gather_elementwise_kernel,0.01,7.07,0.18,6.19,100,0,96.27
reduce_kernel,0.22,4.91,1.28,6.23,37.50,40.51,79.11
reduce_kernel,0.02,7.16,0.41,6.55,100,8.33,93.56
index_elementwise_kernel,0.01,7.28,0.32,6.22,75,25,94.76
reduce_kernel,0.02,6.37,0.36,6.31,100,8.33,93.29
reduce_kernel,0.01,5.23,0.32,1.62,37.50,58.33,92.79
DeviceScanInitKernel,0.01,10.61,0.03,6.37,100,0,99.70
DeviceScanKernel,0.03,8.16,0.19,5.92,75,5.88,96.69
vectorized_elementwise_kernel,0.01,9.52,0.07,6.15,100,8.33,99.04
reduce_kernel,0.02,6.01,0.33,5.66,100,0,93.27
compute_cuda_kernel,0.29,8.63,0.06,26.53,100,76.52,99.13
indexSelectLargeIndex,0.02,7.29,0.04,6.31,100,5.45,98.95
elementwise_kernel_with_index,0.02,11.57,0.03,3.31,100,0,99.65
radixSortKVInPlace,0.06,0.99,0.06,1.56,12.50,50,92.81
vectorized_elementwise_kernel,0.02,8.35,0.14,5.87,75,0,97.73
indexSelectLargeIndex,28.94,8.06,0.54,48.94,100,35.32,93.90
vectorized_elementwise_kernel,4.89,12.25,0.03,41.79,100,0,100.60
elementwise_kernel_with_index,0.02,11.54,0.03,4.41,100,0,99.53
radixSortKVInPlace,0.05,1.37,0.09,1.57,12.50,50,92.13
vectorized_elementwise_kernel,0.02,8.65,0.15,5.94,75,0,96.77
indexSelectLargeIndex,24.56,7.72,3.45,43.13,100,32.47,68.49
kernel,2.41,18.12,4.05,5.29,18.75,5.55,80.79
Kernel,4.15,7.15,4.04,6.41,25,0,60.93
splitKreduce_kernel,0.21,7.18,0.22,12.68,100,0,96.35
Kernel,8.20,11.35,6.12,6.18,25,0,74.24
splitKreduce_kernel,2.62,10.28,9.27,26.54,100,0,42.97
kernel,2.41,18.07,4.05,6.16,18.75,5.55,82.27
kernel,2.29,17.13,3.86,5.89,18.75,5.55,82.68
Kernel,3.98,6.87,3.98,6.10,25,0,60.46
splitKreduce_kernel,0.26,7.50,0.65,16.97,100,0,90.63
Kernel,4.37,8.06,4.48,5.71,25,0,65.11
splitKreduce_kernel,0.33,7.74,1.16,21.65,100,0,84.73
Kernel,4.76,8.56,4.71,6.13,25,0,66.54
splitKreduce_kernel,1.80,9.04,3.09,21.02,100,0,69.85
Kernel,4.11,7.44,4.12,6.79,25,0,64.12
splitKreduce_kernel,0.28,7.82,0.76,15.57,100,0,89.69
kernel,2.22,17.05,3.73,6.15,18.75,5.55,85.41
kernel,2.33,17.95,3.93,6.11,18.75,5.55,81.70
Kernel,4.13,8.05,4.44,6.06,25,0,65.90
splitKreduce_kernel,0.60,7.80,1.89,19.37,100,0,76.93
kernel3,0.66,8.40,0.71,6.69,100,0,90.79
gemvNSP_kernel,7.49,9.78,2.64,38.63,75,31.09,79.40
Kernel,2.64,6.52,2.18,6.44,25,0,72.03
Kernel,12.13,20.02,1.97,11.59,56.25,13.78,89.77
gemvNSP_kernel,7.51,10.18,2.64,35.99,75,31.09,82.52
gemvNSP_kernel,7.68,10.26,2.70,31.35,75,31.09,80.52
Kernel,2.57,6.62,2.13,6.31,25,0,76.54
Kernel,3.82,7.86,2.32,6.20,43.75,0,81.82
Kernel,9.43,15.35,2.00,9.00,56.25,3.06,88.34
Kernel,2.63,6.77,2.17,6.24,25,0,73.72
gemvNSP_kernel,7.34,9.95,2.59,37.59,75,31.09,81.68
gemvNSP_kernel,7.40,9.91,2.60,32.28,75,31.09,80.33
Kernel,4.21,7.41,2.19,6.11,31.25,0,82.20
elementwise_kernel,11.64,35.33,4.28,39.11,100,40.59,90.18
elementwise_kernel,10.66,50.16,3.91,39.04,100,2.86,92.72
vectorized_elementwise_kernel,5.13,13.10,0.03,36.24,100,0,99.72
index_elementwise_kernel,19.74,9.11,4.34,39.15,100,36.39,67.35
reduce_kernel,14.47,12.29,3.88,41.55,56.25,38.58,73.81
vectorized_elementwise_kernel,5.49,12.66,0.03,32.68,100,0,99.77
vectorized_elementwise_kernel,5.23,12.30,0.03,32.64,100,0,100.19
index_elementwise_kernel,21.73,9.69,4.74,45.82,100,36.35,67.13
elementwise_kernel,18.34,10.99,5.10,42.74,100,36.67,67.49
reduce_kernel,3.29,5.70,4.00,5.51,56.25,19.02,58.42
vectorized_elementwise_kernel,5.07,11.59,0.03,55.24,100,0,99.72
kernel2,22.59,12.37,11.45,20.49,56.25,0,56.21
rmsnorm_fwd_tuned_kernel,5.59,10.55,6.29,15.86,25,25.38,68.19
Kernel,15.78,27.68,13.04,5.85,6.25,0,67.11
splitKreduce_kernel,19.24,14.99,11.80,64.05,100,0,42.40
elementwise_kernel,3.74,6.70,1.46,11.54,100,23.77,81.91
rmsnorm_fwd_general_kernel,5.12,8.81,1.88,11.85,100,30.23,82.79
elementwise_kernel,0.97,6.00,0.47,6.12,100,25,90.52
rmsnorm_fwd_general_kernel,1.30,7.77,0.53,6.01,100,26.85,93.00
fused_rope_forward,6.76,6.50,1.83,11.99,100,60,72.72
fused_rope_forward,4.27,6.33,1.09,10.97,100,68.18,81.44
elementwise_kernel,0.97,6.01,0.47,6.56,100,25,92.37
elementwise_kernel_with_index,0.00,10.79,0.03,2.93,100,0,99.72
elementwise_kernel_with_index,0.00,11.29,0.03,3.01,100,0,98.29
flash_fwd_kernel,0.84,2.06,0.68,6.17,12.50,8.55,74.79
Kernel,10.50,16.56,7.39,6.41,18.75,0,70.17
kernel2,21.79,13.03,11.03,20.37,56.25,0,62.30
rmsnorm_fwd_tuned_kernel,5.58,11.05,6.27,14.71,25,25.11,69.19
Kernel,6.09,13.28,7.13,6.13,25,0,79.18
splitKreduce_kernel,4.08,10.45,7.79,25.15,100,0,49.30
_scatter_gather_elementwise_kernel,0.01,6.03,0.21,7.08,100,1.53,94.37
unrolled_elementwise_kernel,0.01,7.38,0.15,6.54,100,0,95.88
softmax_warp_forward,0.02,9.03,0.06,5.44,100,25,97.44
unrolled_elementwise_kernel,0.01,7.87,0.18,7.26,100,16.67,96.80
unrolled_elementwise_kernel,1.08,6.11,0.46,5.89,100,0,90.49
softmax_warp_forward,1.34,8.09,0.99,6.18,100,0,88.51
gatherTopK,12.73,3.32,0.33,11.37,62.50,89.51,86.78
bitonicSortKVInPlace,2.86,4.19,0.15,3.00,46.88,50,95.98
vectorized_elementwise_kernel,0.42,11.13,0.03,6.31,100,0,98.65
unrolled_elementwise_kernel,1.04,5.92,0.45,6.32,100,0,90.82
_scatter_gather_elementwise_kernel,0.08,5.78,0.21,5.86,100,0,94.34
unrolled_elementwise_kernel,0.99,5.83,0.78,6.29,100,14.13,85.49
vectorized_elementwise_kernel,0.59,12.53,0.04,5.80,100,0,100.83
_scatter_gather_elementwise_kernel,0.01,7.34,0.18,6.00,100,0,94.95
reduce_kernel,0.22,4.91,1.28,6.44,37.50,40,77.45
reduce_kernel,0.03,2.61,0.44,6.27,56.25,1.15,83.24
vectorized_elementwise_kernel,0.01,10.04,0.06,5.73,100,8.33,99.36
unrolled_elementwise_kernel,0.01,9.31,0.19,6.86,100,0,97.37
reduce_kernel,0.02,6.92,0.39,5.95,100,0,93.04
unrolled_elementwise_kernel,0.14,5.92,0.29,5.85,100,0,94.16
reduce_kernel,0.02,4.47,0.33,3.75,56.25,8.33,91.81
elementwise_kernel,0.02,7.95,0.39,7.18,100,8.33,94.02
vectorized_elementwise_kernel,0.01,10.03,0.05,9.52,100,0,99.55
reduce_kernel,0.02,6.37,0.34,6.53,100,0,93.46
vectorized_elementwise_kernel,0.00,9.72,0.04,4.63,100,0,99.41
vectorized_elementwise_kernel,0.00,10.54,0.04,3.79,100,50,99.27
vectorized_elementwise_kernel,0.00,10.23,0.04,5.05,100,0,99.47
vectorized_elementwise_kernel,0.01,9.89,0.04,3.65,100,33.33,99.45
vectorized_elementwise_kernel,0.58,12.27,0.03,6.03,100,0,100.23
_scatter_gather_elementwise_kernel,0.01,7.44,0.19,5.93,100,0,96.63
reduce_kernel,0.22,4.90,1.27,6.29,37.50,40.74,79.19
reduce_kernel,0.02,6.38,0.36,6.32,100,8.33,92.95
index_elementwise_kernel,0.01,7.17,0.32,5.90,75,25,94.35
reduce_kernel,0.02,6.80,0.39,6.00,100,8.33,93.22
reduce_kernel,0.01,5.34,0.33,1.70,37.50,58.33,92.86
DeviceScanInitKernel,0.01,10.19,0.03,6.19,100,0,99.62
DeviceScanKernel,0.03,8.18,0.19,6.55,75,5.88,96.77
vectorized_elementwise_kernel,0.01,9.19,0.06,6.31,100,8.33,99.00
reduce_kernel,0.02,6.49,0.36,5.75,100,0,93.37
compute_cuda_kernel,0.27,7.94,0.06,24.59,100,77.12,99.12
indexSelectLargeIndex,0.03,7.58,0.04,6.18,100,5.45,99.20
elementwise_kernel_with_index,0.02,11.38,0.03,2.42,100,0,99.40
radixSortKVInPlace,0.06,0.99,0.06,1.57,12.50,50,93.10
vectorized_elementwise_kernel,0.02,7.89,0.14,6.20,75,0,97.95
indexSelectLargeIndex,28.10,8.19,0.52,46.17,100,35.30,94.38
vectorized_elementwise_kernel,5.01,12.85,0.03,37.09,100,0,100.07
elementwise_kernel_with_index,0.02,11.39,0.03,3.15,100,0,99.53
radixSortKVInPlace,0.05,1.40,0.09,1.58,12.50,50,92.26
vectorized_elementwise_kernel,0.02,8.30,0.14,5.74,75,0,97.51
indexSelectLargeIndex,23.79,7.44,3.35,47.61,100,32.32,69.36
kernel,2.35,16.98,3.96,5.25,18.75,5.55,77.37
Kernel,4.39,7.44,4.28,6.07,25,0,59.13
splitKreduce_kernel,0.24,7.92,0.24,10.93,100,0,96.55
Kernel,8.22,11.65,6.16,6.24,25,0,75.45
splitKreduce_kernel,2.58,10.17,9.14,22.49,100,0,43.35
kernel,2.33,17.05,3.91,6.26,18.75,5.55,79.67
kernel,2.35,17.21,3.96,6.09,18.75,5.55,82.10
Kernel,4.29,7.51,4.26,6.32,25,0,60.03
splitKreduce_kernel,0.25,7.43,0.64,16.49,100,0,89.38
Kernel,4.29,7.56,4.40,6.57,25,0,60.72
splitKreduce_kernel,0.33,7.70,1.15,19.87,100,0,84.06
Kernel,5.04,9.03,4.99,6.03,25,0,72.18
splitKreduce_kernel,1.78,8.97,3.04,21.06,100,0,69.88
Kernel,3.98,7.24,4.00,6.39,25,0,62.90
splitKreduce_kernel,0.26,7.40,0.72,18.76,100,0,89.50
kernel,2.38,17.47,3.99,6.37,18.75,5.55,80.13
kernel,2.31,17.05,3.87,6.15,18.75,5.55,80.45
Kernel,4.15,8.18,4.45,6.19,25,0,65.34
splitKreduce_kernel,0.60,7.95,1.92,19.79,100,0,76.82
kernel3,0.64,8.10,0.69,5.82,100,0,90.74
gemvNSP_kernel,7.53,10.06,2.65,31.98,75,31.09,78.87
Kernel,2.56,6.35,2.11,6.34,25,0,72.30
Kernel,12.29,20.27,1.99,12.10,56.25,13.78,89.36
gemvNSP_kernel,7.29,9.74,2.56,38.39,75,31.09,80.59
gemvNSP_kernel,7.40,9.76,2.61,35.67,75,31.09,79.90
Kernel,2.57,6.43,2.12,6.40,25,0,71.44
Kernel,3.78,7.70,2.29,6.14,43.75,0,81.48
Kernel,9.28,15.10,1.97,8.76,56.25,3.06,88.30
Kernel,2.60,6.64,2.16,5.94,25,0,72.77
gemvNSP_kernel,7.41,9.83,2.61,36.13,75,31.09,80.27
gemvNSP_kernel,7.58,10.06,2.66,38.81,75,31.09,80.91
Kernel,4.16,7.55,2.17,6.12,31.25,0,83.33
elementwise_kernel,11.87,36.11,4.36,39.08,100,40.60,90.10
elementwise_kernel,10.68,49.78,3.92,38.63,100,2.85,91.20
vectorized_elementwise_kernel,4.81,12.21,0.03,47.12,100,0,97.80
index_elementwise_kernel,19.42,8.88,4.26,40.26,100,36.52,68.12
reduce_kernel,14.29,12.12,3.84,39.79,56.25,42.44,86.82
vectorized_elementwise_kernel,5.30,12.16,0.03,38.91,100,0,99.27
vectorized_elementwise_kernel,5.43,12.94,0.03,51.66,100,0,97.51
index_elementwise_kernel,21.09,9.53,4.61,44.52,100,36.40,67.61
elementwise_kernel,18.41,11.05,5.12,43.02,100,36.61,67.75
reduce_kernel,3.46,6.07,4.22,6.31,56.25,20.04,59.14
vectorized_elementwise_kernel,5.27,12.05,0.03,41.57,100,0,99.27
kernel2,22.08,12.20,11.15,20.37,56.25,0,57.30
rmsnorm_fwd_tuned_kernel,5.63,10.79,6.32,13.77,25,25.12,67.80
Kernel,16.33,28.86,13.47,6.29,6.25,0,65.95
splitKreduce_kernel,19.35,14.94,11.90,61.19,100,0,40.99
elementwise_kernel,3.84,6.90,1.50,11.66,100,23.44,80.13
rmsnorm_fwd_general_kernel,5.11,8.72,1.87,13.19,100,30.31,80.95
elementwise_kernel,0.94,5.82,0.45,6.27,100,25,91.25
rmsnorm_fwd_general_kernel,1.28,7.69,0.52,6.63,100,26.85,93.63
fused_rope_forward,6.75,6.54,1.82,12.87,100,60,76.06
fused_rope_forward,4.30,6.39,1.10,10.98,100,68.18,83.25
elementwise_kernel,0.98,6.07,0.47,6.20,100,25,92.32
elementwise_kernel_with_index,0.00,11.05,0.03,3.56,100,0,99.38
elementwise_kernel_with_index,0.00,11.27,0.03,2.99,100,0,98.25
flash_fwd_kernel,0.84,2.07,0.68,6.24,12.50,8.55,79.44
Kernel,10.66,16.81,7.49,6.29,18.75,0,70.36
kernel2,22.46,13.26,11.36,20.43,56.25,0,61.48
rmsnorm_fwd_tuned_kernel,5.50,10.81,6.16,14.91,25,25.12,67.89
Kernel,6.24,13.62,7.30,5.96,25,0,79.91
splitKreduce_kernel,3.98,10.09,7.62,23.36,100,0,47.92
_scatter_gather_elementwise_kernel,0.01,6.18,0.22,6.08,100,3.01,93.80
unrolled_elementwise_kernel,0.01,7.38,0.15,5.79,100,0,95.58
softmax_warp_forward,0.02,9.18,0.06,6.00,100,25,98.82
unrolled_elementwise_kernel,0.01,7.81,0.18,6.51,100,16.67,95.69
unrolled_elementwise_kernel,1.03,5.97,0.44,6.61,100,0,92.13
softmax_warp_forward,1.26,7.69,0.94,6.36,100,0,86.88
gatherTopK,11.59,3.01,0.33,11.80,62.50,88.05,87.65
bitonicSortKVInPlace,2.90,4.30,0.16,2.95,46.88,50,96.91
vectorized_elementwise_kernel,0.41,10.88,0.03,5.05,100,0,98.57
unrolled_elementwise_kernel,1.07,6.21,0.46,6.10,100,0,93.80
_scatter_gather_elementwise_kernel,0.09,6.07,0.22,5.93,100,0,93.69
unrolled_elementwise_kernel,1.01,5.95,0.80,6.30,100,14.16,84.78
vectorized_elementwise_kernel,0.49,10.55,0.03,5.94,100,0,99.03
_scatter_gather_elementwise_kernel,0.01,7.61,0.19,6.94,100,0,96.75
reduce_kernel,0.24,5.28,1.37,5.93,37.50,40,77.42
reduce_kernel,0.03,2.73,0.44,5.94,56.25,1.15,86.31
vectorized_elementwise_kernel,0.01,10.11,0.06,5.33,100,8.33,100.58
unrolled_elementwise_kernel,0.01,9.86,0.20,6.18,100,0,97.23
reduce_kernel,0.02,6.95,0.40,6.26,100,0,93.35
unrolled_elementwise_kernel,0.14,6.04,0.29,5.77,100,0,93.58
reduce_kernel,0.01,4.28,0.31,4.09,56.25,8.33,92.04
elementwise_kernel,0.02,7.85,0.38,6.51,100,8.33,94.14
vectorized_elementwise_kernel,0.01,10.19,0.05,6.24,100,0,99.34
reduce_kernel,0.02,6.75,0.35,6.40,100,0,94.68
vectorized_elementwise_kernel,0.00,10.10,0.04,4.24,100,0,100.62
vectorized_elementwise_kernel,0.00,9.86,0.04,5.94,100,50,100.45
vectorized_elementwise_kernel,0.00,10.37,0.04,5.36,100,0,98.54
unrolled_elementwise_kernel,0.01,9.63,0.03,4.48,100,33.33,98.44
vectorized_elementwise_kernel,0.49,10.48,0.03,5.93,100,0,99.81
_scatter_gather_elementwise_kernel,0.01,7.21,0.18,6.99,100,0,95.75
reduce_kernel,0.24,5.23,1.36,6.18,37.50,40,78.27
reduce_kernel,0.02,6.31,0.35,6.38,100,8.33,94.11
index_elementwise_kernel,0.01,6.80,0.30,6.45,75,25,94.28
reduce_kernel,0.02,7.15,0.40,6.37,100,8.33,93.30
reduce_kernel,0.01,5.28,0.32,1.54,37.50,58.33,92.02
DeviceScanInitKernel,0.01,9.99,0.03,6.06,100,0,99.61
DeviceScanKernel,0.03,7.96,0.19,5.39,75,5.88,97.09
vectorized_elementwise_kernel,0.01,9.69,0.07,5.80,100,8.33,98.95
reduce_kernel,0.02,6.91,0.38,5.21,100,0,94.38
compute_cuda_kernel,0.28,8.28,0.06,24.93,100,76.12,99.00
indexSelectLargeIndex,0.02,6.96,0.04,6.39,100,5.45,99.23
elementwise_kernel_with_index,0.02,11.17,0.03,2.67,100,0,99.71
radixSortKVInPlace,0.06,1.00,0.06,1.57,12.50,50,93.04
vectorized_elementwise_kernel,0.02,8.66,0.15,5.16,75,0,97.85
indexSelectLargeIndex,27.80,8.17,0.52,46.83,100,35.55,96.93
vectorized_elementwise_kernel,5.10,13.66,0.03,38.57,100,0,103.32
elementwise_kernel_with_index,0.02,11.36,0.03,3.13,100,0,100.92
radixSortKVInPlace,0.05,1.40,0.09,1.57,12.50,50,92.63
vectorized_elementwise_kernel,0.02,8.51,0.15,6.21,75,0,97.89
indexSelectLargeIndex,23.68,7.79,3.34,44.97,100,32.38,70.82
kernel,2.41,17.34,4.05,6.27,18.75,5.55,81.77
Kernel,4.27,7.46,4.14,6.20,25,0,62.83
splitKreduce_kernel,0.22,7.52,0.23,12.65,100,0,96.46
Kernel,8.29,11.42,6.19,5.88,25,0,72.14
splitKreduce_kernel,2.49,9.69,8.83,22.94,100,0,41.67
kernel,2.36,17.19,3.95,6.10,18.75,5.55,82.64
kernel,2.25,16.33,3.78,6.13,18.75,5.55,82.71
Kernel,4.33,7.75,4.32,6.38,25,0,63.16
splitKreduce_kernel,0.28,7.90,0.68,16.08,100,0,90.76
Kernel,4.19,7.76,4.32,6.25,25,0,63.32
splitKreduce_kernel,0.33,7.66,1.15,18.23,100,0,84.53
Kernel,4.92,9.12,4.88,6.18,25,0,76.56
splitKreduce_kernel,1.76,8.81,3.00,21.57,100,0,69.35
Kernel,4.13,7.55,4.15,6.97,25,0,63.33
splitKreduce_kernel,0.28,7.91,0.77,18.54,100,0,89.75
kernel,2.32,17.08,3.89,6.06,18.75,5.55,81.06
kernel,2.26,16.51,3.78,6.08,18.75,5.55,80.03
Kernel,4.12,7.80,4.41,6.20,25,0,63.09
splitKreduce_kernel,0.62,8.04,1.95,20.52,100,0,76.87
kernel3,0.66,8.36,0.71,6.64,100,0,91.65
gemvNSP_kernel,7.50,10.01,2.64,33.36,75,31.09,78.89
Kernel,2.60,6.57,2.14,6.63,25,0,70.79
Kernel,12.08,19.94,1.96,12.07,56.25,13.75,89.45
gemvNSP_kernel,7.27,9.76,2.57,34.07,75,31.09,79.30
gemvNSP_kernel,7.25,9.64,2.55,39.23,75,31.09,78.43
Kernel,2.65,6.86,2.20,6.36,25,0,70.74
Kernel,3.90,8.02,2.37,6.24,43.75,0,80.50
Kernel,9.30,15.15,1.97,9.59,56.25,3.07,88.13
Kernel,2.63,6.81,2.17,6.26,25,0,72.74
gemvNSP_kernel,7.80,10.56,2.75,33.63,75,31.09,81.80
gemvNSP_kernel,7.25,9.76,2.55,37.24,75,31.09,79.09
Kernel,4.10,7.30,2.14,6.19,31.25,0,80.45
elementwise_kernel,11.69,37.40,4.29,39.45,100,36.67,89.72
elementwise_kernel,10.50,50.21,3.85,40.29,100,2.85,92.24
vectorized_elementwise_kernel,4.88,12.63,0.03,31.52,100,0,100.00
index_elementwise_kernel,20.06,9.31,4.39,41.52,100,36.44,68.31
reduce_kernel,14.86,14.02,3.99,34.78,56.25,39.39,78.40
vectorized_elementwise_kernel,5.39,12.44,0.03,41.48,100,0,99.58
vectorized_elementwise_kernel,5.40,13.33,0.03,37.22,100,0,98.38
index_elementwise_kernel,22.23,10.16,4.87,43.25,100,36.35,67.60
elementwise_kernel,18.69,11.42,5.18,44.08,100,36.54,69.98
reduce_kernel,3.46,6.16,4.22,6.37,56.25,20.34,58.53
vectorized_elementwise_kernel,5.35,12.30,0.03,42.52,100,0,98.85
kernel2,22.36,12.39,11.29,19.39,56.25,0,57.13
distribution_elementwise_grid_stride_kernel,44.05,6.97,0.03,59.74,75,47.23,97.52
vectorized_elementwise_kernel,5.94,13.83,8.31,48.03,100,50,68.02
vectorized_elementwise_kernel,6.50,13.91,11.60,38.64,100,0,56.28
vectorized_elementwise_kernel,0.82,11.22,0.03,6.11,100,0,98.51
elementwise_kernel,22.63,12.79,5.70,43.99,100,14.75,70.27
elementwise_kernel,23.25,9.81,0.77,45.62,100,36.06,91.89
reduce_kernel,1.19,3.63,2.71,24.43,100,0.72,52.27
indexSelectLargeIndex,26.83,8.07,3.83,44.89,100,32.53,66.29
vectorized_elementwise_kernel,4.89,12.31,0.03,36.44,100,0,101.53
indexSelectLargeIndex,25.56,7.76,3.59,45.36,100,32.40,66.83
kernel,1.40,7.57,2.30,6.19,18.75,37.65,72.78
Kernel,2.66,6.84,2.17,5.69,25,0,85.45
splitKreduce_kernel,0.11,7.57,0.14,11.16,100,0,98.15
Kernel,5.09,9.74,4.25,6.36,25,0,81.37
splitKreduce_kernel,1.24,8.38,4.41,25.64,100,0,59.91
kernel,1.42,7.65,2.34,5.92,18.75,37.65,72.82
kernel,1.46,7.82,2.40,6.34,18.75,37.65,72.40
Kernel,2.67,6.93,2.28,6.71,25,0,83.39
splitKreduce_kernel,0.13,7.26,0.34,16.39,100,0,93.81
Kernel,2.65,6.99,2.40,5.84,25,0,79.32
splitKreduce_kernel,0.17,7.58,0.61,19.51,100,0,90.23
Kernel,5.21,8.83,3.44,7.12,25,0,82.35
splitKreduce_kernel,0.81,8.04,2.76,23.86,100,0,69.20
Kernel,2.73,7.17,2.36,5.94,25,0,84.69
splitKreduce_kernel,0.14,7.83,0.41,15.05,100,0,94.25
kernel,1.44,7.76,2.37,5.88,18.75,37.65,73.51
kernel,1.47,7.88,2.41,6.05,18.75,37.65,73.16
Kernel,2.71,7.40,2.64,6.27,25,0,80.59
splitKreduce_kernel,0.31,7.86,1.02,20.86,100,0,86.96
Kernel,6.88,6.63,0.17,5.75,25,57.26,96.39
Kernel,9.95,10.68,0.13,8.42,50,0.46,96.17
Kernel,10.22,17.51,2.27,9.08,50,3.63,89.65
Kernel,6.42,6.22,0.16,6.19,25,57.17,97.42
Kernel,6.88,6.44,0.17,6.19,25,57.16,92.60
Kernel,9.88,10.80,0.25,9.75,50,1.27,92.27
Kernel,9.27,10.27,0.38,9.82,50,1.87,96.71
Kernel,10.01,16.12,1.35,9.09,50,3.34,93.19
Kernel,9.48,10.39,0.27,9.25,50,1.39,93.64
Kernel,6.64,6.34,0.16,6.20,25,57.13,96.42
Kernel,6.92,6.68,0.17,6.20,25,57.14,98.99
Kernel,9.48,10.79,0.60,9.19,50,2.41,96.12
vectorized_elementwise_kernel,0.37,9.11,0.77,7.51,100,0.10,92.05
kernel4,0.70,8.03,0.99,6.20,100,0,88.29
CatArrayBatchedCopy,12.15,7.87,0.66,71.23,100,16.02,89.49
kernel,12.14,6.70,3.84,15.80,18.75,90.98,55.74
Kernel,2.34,6.61,3.83,1.58,31.25,0,59.26
Kernel,14.10,21.47,3.65,12.05,50,15.84,77.62
kernel,12.02,6.63,3.80,15.12,18.75,90.98,55.94
kernel,12.08,6.65,3.81,15.94,18.75,90.99,56.41
Kernel,2.39,6.83,3.91,1.60,31.25,0,59.90
Kernel,2.29,6.78,3.76,1.59,31.25,0,60.67
Kernel,10.74,16.12,3.64,9.23,50,2.98,67.90
Kernel,2.31,6.64,3.80,1.59,31.25,0,59.31
kernel,11.67,6.44,3.70,16.66,18.75,90.99,56.23
kernel,11.98,6.61,3.79,16.68,18.75,90.99,56.12
Kernel,4.70,6.75,3.78,6.31,37.50,0,60.61
Kernel,9.94,9.19,0.17,4.92,25,56.88,98.08
Kernel,17.27,18.55,0.11,18.40,50,1.97,97.50
Kernel,7.90,11.17,2.52,5.26,25,0,79.86
Kernel,9.69,8.96,0.16,6.14,25,56.88,97.85
Kernel,9.97,9.22,0.17,6.22,25,56.88,98.52
Kernel,17.39,19.01,0.23,17.35,50,5.40,97.49
Kernel,17.54,19.51,0.37,19.06,50,7.97,94.51
Kernel,7.83,11.26,1.66,6.23,25,0,84.42
Kernel,17.76,19.47,0.25,19.25,50,5.92,99.55
Kernel,10.05,9.29,0.17,5.87,25,56.77,99.20
Kernel,9.85,9.11,0.16,6.45,25,56.87,99.97
Kernel,15.88,13.47,0.60,19.03,75,10.30,96.96
unrolled_elementwise_kernel,61.99,45.21,45.21,85.71,100,37.81,49.46
unrolled_elementwise_kernel,62.02,57.31,57.31,91.81,100,35.91,48.46
elementwise_kernel,11.77,37.67,4.32,36.03,100,37.05,91.70
elementwise_kernel,10.54,50.11,3.87,38.14,100,2.85,93.32
vectorized_elementwise_kernel,5.03,12.64,0.03,28.41,100,0,100.06
indexFuncLargeIndex,28.70,10.01,6.08,42.91,100,10.71,61.20
vectorized_elementwise_kernel,5.36,12.76,0.03,52.17,100,0,99.23
vectorized_elementwise_kernel,5.43,12.13,0.03,41.78,100,0,100.31
indexFuncLargeIndex,31.42,10.87,3.78,46.93,100,10.71,72.78
vectorized_elementwise_kernel,0.01,10.36,0.03,5.46,100,0,99.25
vectorized_elementwise_kernel,0.00,9.64,0.04,4.30,100,0,99.44
vectorized_elementwise_kernel,0.00,10.31,0.04,3.97,100,0,99.50
vectorized_elementwise_kernel,0.00,10.48,0.04,3.50,100,0,98.14
elementwise_kernel,0.01,8.41,0.12,6.26,100,8.33,96.83
elementwise_kernel,1.56,8.42,0.10,5.08,100,25,99.02
vectorized_elementwise_kernel,0.64,10.36,2.30,6.77,100,0,79.89
softmax_warp_backward,0.64,10.04,2.25,5.55,100,0,81.47
unrolled_elementwise_kernel,1.05,5.91,0.79,6.08,100,15.66,86.89
unrolled_elementwise_kernel,0.01,7.27,0.15,5.97,100,0,97.21
vectorized_elementwise_kernel,0.01,9.96,0.06,6.19,100,0,99.47
softmax_warp_backward,0.01,9.70,0.05,4.86,100,16.67,99.26
unrolled_elementwise_kernel,0.01,7.69,0.18,6.47,100,16.67,97.09
vectorized_elementwise_kernel,0.43,11.39,0.04,6.06,100,0,100.57
_scatter_gather_elementwise_kernel,0.02,5.77,0.22,5.40,100,0,97.02
vectorized_elementwise_kernel,0.53,9.15,1.11,4.58,100,33.33,88.17
Kernel,6.33,9.21,5.20,6.50,25,0,67.87
Kernel,10.34,14.27,2.91,5.85,25,0,86.54
vectorized_elementwise_kernel,6.32,15.07,15.07,38.32,100,0,49.82
unrolled_elementwise_kernel,11.25,9.53,7.58,22.24,100,40,58.22
rmsnorm_bwd_tuned_kernel,6.67,47.61,8.71,18.48,31.25,25.55,86.31
rmsnorm_bwd_finalize_tuned_kernel,6.70,23.34,23.34,48.29,100,0,18.06
vectorized_elementwise_kernel,6.31,14.98,14.98,37.87,100,0,49.17
unrolled_elementwise_kernel,0.09,5.68,0.21,5.92,100,40,99.75
vectorized_elementwise_kernel,6.56,14.07,11.57,29.04,100,0,57.70
Kernel,13.26,28.52,11.46,5.87,6.25,0,64.20
splitKreduce_kernel,13.65,16.77,13.70,43.38,100,0,42.95
Kernel,11.45,24.99,15.99,5.98,6.25,20,58.58
flash_bwd_dot_do_o_kernel,0.82,6.95,2.48,9.61,62.50,49.59,78.97
flash_bwd_dq_dk_dv_loop_seqk_parallel_kernel,1.50,2.34,1.24,12.33,12.50,1.66,67.46
flash_bwd_convert_dq_kernel,0.90,6.30,2.46,12.26,62.50,0.97,72.85
reduce_kernel,1.73,5.69,1.46,6.42,56.25,27.10,79.80
reduce_kernel,1.70,5.64,1.44,6.54,56.25,26.66,80.46
fused_rope_backward,6.67,5.38,0.92,9.74,100,81.58,85.17
fused_rope_backward,7.92,5.98,1.65,11.94,100,71.43,77.61
rmsnorm_bwd_general_kernel,1.51,6.94,0.86,6.09,100,18.24,87.45
rmsnorm_bwd_finalize_general_kernel,0.05,6.03,0.20,6.64,100,0,97.29
unrolled_elementwise_kernel,0.01,9.15,0.26,5.71,100,40,96.17
rmsnorm_bwd_general_kernel,6.00,8.54,3.24,11.69,100,20.86,75.64
rmsnorm_bwd_finalize_general_kernel,0.07,3.10,0.38,6.27,100,0,88.34
unrolled_elementwise_kernel,0.01,8.76,0.25,6.65,100,40,95.48
CatArrayBatchedCopy,18.63,8.17,2.09,71.38,100,22.40,80.15
Kernel,16.88,28.42,10.82,6.31,25,0,56.89
Kernel,13.69,26.62,19.64,9.40,18.75,18.20,63.75
rmsnorm_bwd_tuned_kernel,6.61,46.77,8.64,18.30,31.25,25.33,85.58
rmsnorm_bwd_finalize_tuned_kernel,6.65,23.15,23.15,52.32,100,0,16.44
vectorized_elementwise_kernel,6.31,14.92,14.92,37.63,100,33.33,49.63
unrolled_elementwise_kernel,0.10,5.70,0.22,6.16,100,40,95.37
vectorized_elementwise_kernel,6.60,14.16,11.72,35.26,100,0,56.87
vectorized_elementwise_kernel,0.84,11.66,0.03,6.20,100,0,100.00
elementwise_kernel,22.28,13.11,5.61,46.32,100,14.70,71.62
elementwise_kernel,23.44,10.15,0.77,43.59,100,36.03,91.90
reduce_kernel,1.17,3.56,2.67,24.77,100,0.72,52.33
indexSelectLargeIndex,26.32,8.16,3.76,42.95,100,32.30,68.07
vectorized_elementwise_kernel,5.09,12.52,0.03,37.88,100,0,101.00
indexSelectLargeIndex,25.66,8.02,3.61,45.13,100,32.53,68.46
kernel,1.44,7.72,2.37,6.03,18.75,37.65,72.37
Kernel,2.63,6.65,2.15,5.57,25,0,80.78
splitKreduce_kernel,0.11,7.76,0.14,12.51,100,0,99.34
Kernel,5.22,10.01,4.34,6.09,25,0,79.51
splitKreduce_kernel,1.24,8.37,4.40,22.23,100,0,58.53
kernel,1.42,7.73,2.32,5.89,18.75,37.65,71.37
kernel,1.45,7.84,2.37,6.42,18.75,37.65,73.13
Kernel,2.74,7.15,2.34,6.08,25,0,78.98
splitKreduce_kernel,0.13,7.83,0.37,16.69,100,0,95.57
Kernel,2.65,7.00,2.39,5.94,25,0,80.15
splitKreduce_kernel,0.17,7.84,0.63,22.27,100,0,92.07
Kernel,5.33,9.10,3.51,6.34,25,0,80.11
splitKreduce_kernel,0.80,8.01,2.74,20.33,100,0,69.71
Kernel,2.76,7.24,2.37,6.29,25,0,81.00
splitKreduce_kernel,0.14,7.94,0.41,18.30,100,0,93.91
kernel,1.43,7.62,2.35,6.01,18.75,37.65,71.67
kernel,1.37,7.41,2.26,5.88,18.75,37.65,72.47
Kernel,2.61,7.30,2.55,6.30,25,0,78.68
splitKreduce_kernel,0.29,7.30,0.94,22.05,100,0,87.40
Kernel,6.65,6.21,0.17,6.22,25,57.26,96.07
Kernel,9.86,10.58,0.13,9.31,50,0.49,99.88
Kernel,9.90,16.95,2.20,8.28,50,3.88,87.54
Kernel,6.80,6.30,0.17,6.15,25,57.14,93.64
Kernel,6.71,6.23,0.17,6.20,25,57.19,93.27
Kernel,9.67,10.58,0.25,9.76,50,1.35,96.36
Kernel,9.05,10.04,0.37,10.02,50,1.99,95.55
Kernel,10.71,17.26,1.44,8.99,50,3.57,90.06
Kernel,9.51,10.42,0.27,8.28,50,1.48,96.21
Kernel,6.82,6.33,0.17,6.11,25,57.13,95.72
Kernel,6.88,6.40,0.17,6.20,25,57.18,96.60
Kernel,9.44,10.74,0.60,9.69,50,2.57,93.59
vectorized_elementwise_kernel,0.40,9.74,0.82,5.13,100,0.10,90.48
kernel4,0.70,7.99,0.99,5.27,100,0,87.72
CatArrayBatchedCopy,12.28,8.07,0.64,69.74,100,16.28,92.34
kernel,11.70,6.45,3.69,15.52,18.75,90.99,57.52
Kernel,2.35,6.54,3.85,1.55,31.25,0,59.33
Kernel,14.76,22.46,3.81,12.05,50,14.67,75.83
kernel,12.07,6.66,3.82,16.21,18.75,90.99,59.19
kernel,11.75,6.97,3.71,16.30,18.75,90.98,58.42
Kernel,2.33,6.69,3.81,1.64,31.25,0,59.01
Kernel,2.30,6.99,3.77,1.60,31.25,0,62.51
Kernel,10.64,15.97,3.60,8.94,50,3.25,73.01
Kernel,2.31,6.85,3.79,1.53,31.25,0,62.08
kernel,12.23,6.79,3.85,15.35,18.75,90.98,60.06
kernel,12.01,6.61,3.79,16.08,18.75,90.99,58.99
Kernel,4.66,7.00,3.75,5.98,37.50,0,64.40
Kernel,9.90,9.15,0.17,6.27,25,56.88,102.18
Kernel,17.64,18.92,0.12,20.46,50,2.05,104.22
Kernel,7.99,11.15,2.55,6.14,25,0,84.22
Kernel,9.99,9.24,0.16,6.06,25,56.88,100.58
Kernel,10.04,9.29,0.17,6.44,25,56.88,101.00
Kernel,17.07,18.66,0.22,19.12,50,5.60,103.85
Kernel,17.55,19.53,0.37,18.75,50,8.23,101.17
Kernel,7.56,10.73,1.60,6.11,25,0,91.48
Kernel,17.77,19.49,0.26,19.44,50,6.13,101.94
Kernel,10.01,9.26,0.17,6.02,25,56.79,103.55
Kernel,10.23,9.46,0.17,6.11,25,56.88,102.44
Kernel,16.17,13.70,0.61,18.86,75,10.61,99.93
unrolled_elementwise_kernel,62.18,45.08,45.08,87.56,100,37.74,46.30
unrolled_elementwise_kernel,61.46,56.84,56.84,90.50,100,35.77,46.36
elementwise_kernel,11.30,36.19,4.14,40.17,100,36.83,92.29
elementwise_kernel,10.72,50.83,3.94,40.19,100,2.87,93.96
vectorized_elementwise_kernel,5.10,12.94,0.03,48.33,100,0,100.57
indexFuncLargeIndex,29.78,10.41,6.32,44.83,100,10.71,59.79
vectorized_elementwise_kernel,5.39,12.84,0.03,42.71,100,0,99.62
vectorized_elementwise_kernel,5.30,11.85,0.03,39.85,100,0,100.30
indexFuncLargeIndex,32.47,11.20,3.91,45.09,100,10.71,72.67
vectorized_elementwise_kernel,0.01,11.06,0.03,5.63,100,0,101.36
vectorized_elementwise_kernel,0.00,10.57,0.04,5.76,100,0,100.61
vectorized_elementwise_kernel,0.00,10.39,0.03,4.56,100,0,102.02
vectorized_elementwise_kernel,0.00,10.27,0.04,4.58,100,0,100.51
elementwise_kernel,0.01,8.56,0.12,6.89,100,8.33,100.12
elementwise_kernel,1.65,8.95,0.10,5.73,100,25,99.73
vectorized_elementwise_kernel,0.63,10.43,2.29,4.91,100,0,81.34
softmax_warp_backward,0.65,10.48,2.31,4.89,100,0,81.51
unrolled_elementwise_kernel,1.04,6.03,0.79,6.14,100,15.47,86.80
unrolled_elementwise_kernel,0.01,7.53,0.15,5.53,100,0,97.16
vectorized_elementwise_kernel,0.01,10.08,0.06,6.98,100,0,101.59
softmax_warp_backward,0.01,9.54,0.05,6.17,100,16.33,101.54
unrolled_elementwise_kernel,0.01,7.98,0.18,6.92,100,16.67,97.03
vectorized_elementwise_kernel,0.44,11.54,0.04,6.11,100,0,100.77
_scatter_gather_elementwise_kernel,0.02,5.86,0.22,5.74,100,0,95.50
vectorized_elementwise_kernel,0.58,9.97,1.20,6.04,100,33.33,88.00
Kernel,5.99,8.87,4.93,6.80,25,0,69.37
Kernel,10.42,14.23,2.93,6.24,25,0,82.96
vectorized_elementwise_kernel,6.13,14.50,14.50,33.19,100,0,50.04
unrolled_elementwise_kernel,10.97,9.49,7.37,23.33,100,40,59.38
rmsnorm_bwd_tuned_kernel,6.61,46.64,8.65,21.10,31.25,26.49,85.84
rmsnorm_bwd_finalize_tuned_kernel,6.46,22.52,22.52,50.88,100,0,17.05
vectorized_elementwise_kernel,5.72,13.55,13.55,34.31,100,33.33,49.60
unrolled_elementwise_kernel,0.10,5.77,0.22,6.38,100,40,96.27
vectorized_elementwise_kernel,6.60,14.14,11.77,37.92,100,0,56.84
Kernel,13.20,28.55,11.40,6.02,6.25,0,58.86
splitKreduce_kernel,13.54,16.16,13.57,43.64,100,0,38.45
Kernel,11.66,25.52,16.22,6.21,6.25,20,58.56
flash_bwd_dot_do_o_kernel,0.80,7.03,2.43,12.21,62.50,48.55,77.21
flash_bwd_dq_dk_dv_loop_seqk_parallel_kernel,1.51,2.36,1.25,12.52,12.50,1.66,67.95
flash_bwd_convert_dq_kernel,0.94,6.49,2.66,12.04,62.50,0.97,71.65
reduce_kernel,1.77,5.92,1.49,6.50,56.25,27.81,80.85
reduce_kernel,1.75,5.80,1.48,6.13,56.25,29.05,79.60
fused_rope_backward,6.89,5.54,0.95,10.80,100,81.58,84.82
fused_rope_backward,8.13,6.21,1.70,11.64,100,71.43,78.46
rmsnorm_bwd_general_kernel,1.54,7.22,0.88,5.94,100,18.24,90.15
rmsnorm_bwd_finalize_general_kernel,0.06,6.59,0.22,5.89,100,0,99.95
unrolled_elementwise_kernel,0.01,10.09,0.28,7.18,100,40,97.94
rmsnorm_bwd_general_kernel,5.81,8.26,3.13,11.16,100,20.86,74.52
rmsnorm_bwd_finalize_general_kernel,0.07,3.21,0.38,6.11,100,0,90.40
unrolled_elementwise_kernel,0.01,9.59,0.27,5.68,100,40,97.94
CatArrayBatchedCopy,18.37,7.93,2.07,70.78,100,22.91,79.70
Kernel,17.22,28.99,11.02,6.21,25,0,65.81
Kernel,13.76,26.78,19.74,9.05,18.75,18.27,65.03
rmsnorm_bwd_tuned_kernel,6.29,44.50,8.22,18.34,31.25,25.27,85.53
rmsnorm_bwd_finalize_tuned_kernel,6.63,23.13,23.13,49.18,100,0,15.03
vectorized_elementwise_kernel,6.31,14.93,14.93,41.61,100,33.33,48.08
unrolled_elementwise_kernel,0.09,5.47,0.21,6.41,100,40,96.50
vectorized_elementwise_kernel,6.71,14.58,11.88,37.53,100,0,58.52
vectorized_elementwise_kernel,0.83,11.20,0.03,5.47,100,0,97.93
elementwise_kernel,21.76,12.59,5.48,43.88,100,14.72,70.12
elementwise_kernel,23.22,10.16,0.76,44.28,100,35.99,94.83
reduce_kernel,1.16,3.57,2.66,25.19,100,0.73,53.23
indexSelectLargeIndex,25.83,7.78,3.68,46.22,100,32.37,68.55
vectorized_elementwise_kernel,5.11,12.42,0.03,37.94,100,0,100.36
indexSelectLargeIndex,25.37,7.98,3.57,45.07,100,32.53,68.76
kernel,1.50,8.18,2.46,5.91,18.75,37.65,73.13
Kernel,2.75,7.25,2.24,6.11,25,0,84.56
splitKreduce_kernel,0.12,8.09,0.15,11.26,100,0,97.85
Kernel,5.17,10.32,4.30,6.14,25,0,81.33
splitKreduce_kernel,1.20,8.15,4.29,25.25,100,0,58.84
kernel,1.49,8.29,2.45,5.98,18.75,37.65,74.31
kernel,1.39,7.53,2.28,5.90,18.75,37.65,71.85
Kernel,2.60,6.98,2.24,6.09,25,0,80.98
splitKreduce_kernel,0.13,7.37,0.35,15.73,100,0,94.77
Kernel,2.73,7.38,2.47,6.29,25,0,81.29
splitKreduce_kernel,0.16,7.34,0.59,19.81,100,0,91.60
Kernel,5.25,9.16,3.46,6.49,25,0,82.60
splitKreduce_kernel,0.77,7.71,2.64,21.73,100,0,70.18
Kernel,2.72,7.25,2.34,6.22,25,0,81.58
splitKreduce_kernel,0.14,7.78,0.41,17.53,100,0,94.37
kernel,1.41,7.74,2.31,6.49,18.75,37.65,73.84
kernel,1.40,7.65,2.30,6.28,18.75,37.65,73.37
Kernel,2.65,7.43,2.59,5.91,25,0,81.30
splitKreduce_kernel,0.29,7.54,0.97,17.82,100,0,88.28
Kernel,6.40,6.08,0.16,6.24,25,57.26,97.90
Kernel,9.54,10.24,0.13,9.06,50,0.46,96.60
Kernel,9.93,17.01,2.21,9.54,50,3.63,86.51
Kernel,6.98,6.51,0.17,6.12,25,57.19,97.36
Kernel,6.85,6.40,0.17,6.25,25,57.20,96.95
Kernel,9.28,10.14,0.24,9.31,50,1.27,98.40
Kernel,9.77,10.83,0.40,8.91,50,1.87,96.21
Kernel,10.46,16.84,1.41,9.32,50,3.34,90.38
Kernel,9.79,10.72,0.28,9.17,50,1.39,98.52
Kernel,6.76,6.50,0.17,6.33,25,57.13,100.43
Kernel,6.77,6.49,0.17,6.12,25,57.20,96.95
Kernel,9.24,10.51,0.59,9.57,50,2.41,97.23
vectorized_elementwise_kernel,0.42,10.40,0.86,5.05,100,0.10,92.44
kernel4,0.72,8.45,1.03,6.02,100,0,88.14
CatArrayBatchedCopy,11.97,7.74,0.62,67.48,100,15.84,90.18
kernel,12.34,6.95,3.89,15.00,18.75,90.98,60.16
Kernel,2.31,6.86,3.79,1.51,31.25,0,61.42
Kernel,14.11,21.46,3.67,12.36,50,14.73,74.76
kernel,12.06,6.68,3.82,16.19,18.75,90.98,58.76
kernel,12.15,6.73,3.83,16.56,18.75,90.99,58.67
Kernel,2.35,6.91,3.84,1.52,31.25,0,62.01
Kernel,2.26,7.00,3.73,1.43,31.25,0,63.86
Kernel,11.01,16.53,3.73,8.73,50,3.53,76.67
Kernel,2.25,6.76,3.69,1.55,31.25,0,61.64
kernel,11.96,6.62,3.79,16.34,18.75,90.99,59.47
kernel,12.01,6.72,3.80,16.09,18.75,90.99,61.22
Kernel,4.68,7.13,3.77,6.32,37.50,0,63.09
Kernel,9.95,9.21,0.17,6.11,25,56.88,102.42
Kernel,17.93,19.28,0.12,19.62,50,1.54,101.15
Kernel,8.05,11.22,2.57,6.03,25,0,81.55
Kernel,9.97,9.22,0.17,6.40,25,56.88,102.09
Kernel,10.00,9.25,0.17,6.21,25,56.88,98.61
Kernel,17.07,18.67,0.22,19.55,50,4.25,101.78
Kernel,17.78,19.77,0.37,18.66,50,6.30,99.75
Kernel,7.38,10.46,1.56,6.38,25,0,88.19
Kernel,16.73,18.36,0.24,18.26,50,4.66,99.79
Kernel,10.22,9.45,0.17,5.96,25,56.75,100.53
Kernel,9.97,9.22,0.17,6.29,25,56.86,98.39
Kernel,15.53,13.16,0.58,18.18,75,8.18,97.53
unrolled_elementwise_kernel,61.10,44.38,44.38,86.89,100,37.82,46.88
reduce_kernel,11.06,82.60,82.60,97.76,100,0,15.09
vectorized_elementwise_kernel,0.01,9.79,0.04,4.15,100,33.33,99.25
vectorized_elementwise_kernel,11.66,86.82,86.82,84.50,100,43.26,51.99
unrolled_elementwise_kernel,61.69,56.86,56.86,89.67,100,35.86,41.61
elementwise_kernel,11.44,35.77,4.20,37.68,100,36.52,91.11
elementwise_kernel,10.75,50.68,3.94,40.62,100,2.87,94.43
vectorized_elementwise_kernel,5.06,12.77,0.03,38.13,100,0,99.47
indexFuncLargeIndex,29.04,10.13,6.15,45.65,100,10.71,60.00
vectorized_elementwise_kernel,5.29,12.60,0.03,42.45,100,0,100.27
vectorized_elementwise_kernel,5.40,12.04,0.03,41.59,100,0,99.48
indexFuncLargeIndex,32.38,11.18,3.90,46.22,100,10.71,73.10
vectorized_elementwise_kernel,0.01,10.81,0.03,5.70,100,0,100.45
vectorized_elementwise_kernel,0.00,9.85,0.04,5.00,100,0,100.90
vectorized_elementwise_kernel,0.00,10.11,0.04,3.93,100,0,100.91
vectorized_elementwise_kernel,0.00,9.72,0.04,4.67,100,0,100.39
elementwise_kernel,0.01,8.39,0.12,6.60,100,8.33,99.07
elementwise_kernel,1.57,8.47,0.10,6.44,100,25,99.69
vectorized_elementwise_kernel,0.65,10.61,2.36,6.02,100,0,80.63
softmax_warp_backward,0.64,10.02,2.25,6.18,100,0,80.81
unrolled_elementwise_kernel,1.02,5.74,0.77,6.33,100,15.38,88.22
unrolled_elementwise_kernel,0.01,8.09,0.17,6.62,100,0,97.35
vectorized_elementwise_kernel,0.01,9.94,0.06,6.76,100,0,99.26
softmax_warp_backward,0.01,9.57,0.05,6.48,100,14.58,100.52
unrolled_elementwise_kernel,0.01,7.92,0.18,5.72,100,16.67,98.17
vectorized_elementwise_kernel,0.43,11.51,0.03,5.56,100,0,101.90
_scatter_gather_elementwise_kernel,0.02,5.86,0.22,6.02,100,0,96.99
vectorized_elementwise_kernel,0.58,10.02,1.20,4.79,100,33.33,88.99
Kernel,6.30,9.36,5.17,6.51,25,0,70.14
Kernel,10.40,14.21,2.91,6.15,25,0,84.36
vectorized_elementwise_kernel,6.17,14.62,14.62,38.27,100,0,49.50
unrolled_elementwise_kernel,11.43,9.55,7.69,21.73,100,40,57.82
rmsnorm_bwd_tuned_kernel,6.51,45.93,8.51,20.03,31.25,26.07,85.69
rmsnorm_bwd_finalize_tuned_kernel,6.79,23.68,23.68,47.56,100,0,15.38
vectorized_elementwise_kernel,6.23,14.78,14.78,44.09,100,33.33,49.88
unrolled_elementwise_kernel,0.09,5.49,0.21,6.07,100,40,95.30
vectorized_elementwise_kernel,6.42,13.61,11.44,37.98,100,0,56.66
Kernel,13.24,28.33,11.43,6.37,6.25,0,57.83
splitKreduce_kernel,13.48,16.06,13.53,42.52,100,0,39.21
Kernel,11.62,25.70,16.17,6.05,6.25,20,55.89
flash_bwd_dot_do_o_kernel,0.79,6.75,2.41,10.96,62.50,48.34,76.95
flash_bwd_dq_dk_dv_loop_seqk_parallel_kernel,1.51,2.35,1.24,12.26,12.50,1.66,67.59
flash_bwd_convert_dq_kernel,0.90,6.13,2.44,12.16,62.50,0.97,71.14
reduce_kernel,1.70,5.70,1.43,5.63,56.25,26.51,80.40
reduce_kernel,1.68,5.55,1.42,6.21,56.25,26.98,81.60
fused_rope_backward,6.66,5.37,0.91,11.37,100,81.58,82.90
fused_rope_backward,8.12,6.13,1.70,11.73,100,71.43,75.90
rmsnorm_bwd_general_kernel,1.44,6.70,0.82,5.84,100,18.24,87.30
rmsnorm_bwd_finalize_general_kernel,0.05,6.09,0.21,6.66,100,0,96.09
unrolled_elementwise_kernel,0.01,8.67,0.25,4.67,100,40,94.49
rmsnorm_bwd_general_kernel,6.14,8.42,3.30,11.01,100,20.86,71.15
rmsnorm_bwd_finalize_general_kernel,0.07,3.00,0.37,6.28,100,0,84.59
unrolled_elementwise_kernel,0.01,9.11,0.26,5.97,100,40,94.57
CatArrayBatchedCopy,18.73,7.89,2.10,73.10,100,22.38,76.93
Kernel,16.97,28.56,10.88,6.30,25,0,55.51
Kernel,13.72,26.71,19.67,9.00,18.75,18.40,63.89
rmsnorm_bwd_tuned_kernel,6.59,46.77,8.62,17.96,31.25,25.42,86.13
rmsnorm_bwd_finalize_tuned_kernel,6.79,23.75,23.75,46.17,100,0,15.24
vectorized_elementwise_kernel,6.06,14.35,14.35,39.50,100,33.33,49.90
unrolled_elementwise_kernel,0.09,5.35,0.20,6.21,100,40,97.65
vectorized_elementwise_kernel,6.67,14.25,11.92,37.56,100,0,56.77
vectorized_elementwise_kernel,0.77,10.70,0.03,6.34,100,0,99.72
elementwise_kernel,22.51,13.02,5.66,43.97,100,14.74,70.90
elementwise_kernel,23.55,9.96,0.78,44.06,100,36.00,92.06
reduce_kernel,1.19,3.63,2.72,25.19,100,0.73,52.69
indexSelectLargeIndex,25.83,7.85,3.69,47.48,100,32.27,68.14
vectorized_elementwise_kernel,4.67,11.45,0.03,39.61,100,0,100.91
indexSelectLargeIndex,25.38,7.83,3.57,47.77,100,32.42,68.39
kernel,1.35,7.23,2.21,5.97,18.75,37.65,72.56
Kernel,2.73,6.89,2.22,5.81,25,0,80.39
splitKreduce_kernel,0.11,7.71,0.15,12.61,100,0,97.91
Kernel,5.20,10.21,4.34,6.21,25,0,83.41
splitKreduce_kernel,1.33,9.12,4.74,24.83,100,0,60.93
kernel,1.39,7.47,2.28,6.26,18.75,37.65,72.22
kernel,1.49,8.07,2.46,6.21,18.75,37.65,72.33
Kernel,2.56,6.60,2.19,6.15,25,0,80.49
splitKreduce_kernel,0.14,7.73,0.36,13.67,100,0,94.43
Kernel,2.74,7.39,2.47,6.48,25,0,81.83
splitKreduce_kernel,0.17,7.68,0.62,18.75,100,0,91.22
Kernel,5.24,9.15,3.45,6.34,25,0,81.49
splitKreduce_kernel,0.84,8.44,2.86,20.03,100,0,68.85
Kernel,2.71,7.05,2.34,6.48,25,0,79.63
splitKreduce_kernel,0.14,7.60,0.40,17.19,100,0,94.07
kernel,1.44,7.84,2.37,6.51,18.75,37.65,72.40
kernel,1.46,8.00,2.39,5.69,18.75,37.65,75.13
Kernel,2.65,7.45,2.59,6.30,25,0,80.23
splitKreduce_kernel,0.32,8.06,1.02,19.16,100,0,88.09
Kernel,6.84,6.45,0.17,6.11,25,57.26,98.62
Kernel,9.59,10.30,0.12,9.30,50,0.55,99.56
Kernel,9.93,17.01,2.20,9.04,50,4.30,88.98
Kernel,6.35,5.97,0.16,6.31,25,57.22,98.30
Kernel,6.94,6.44,0.17,6.18,25,57.21,95.83
Kernel,9.81,10.72,0.25,9.99,50,1.50,98.13
Kernel,9.80,10.87,0.40,9.59,50,2.21,95.84
Kernel,10.46,16.83,1.41,9.27,50,3.95,91.53
Kernel,9.41,10.32,0.27,9.68,50,1.65,97.62
Kernel,6.86,6.51,0.17,6.21,25,57.12,101.28
Kernel,6.67,6.32,0.17,5.99,25,57.23,96.93
Kernel,9.81,11.16,0.62,9.38,50,2.86,96.88
vectorized_elementwise_kernel,0.38,9.54,0.79,6.19,100,0.10,92.40
kernel4,0.72,8.45,1.03,5.96,100,0,89.84
CatArrayBatchedCopy,12.91,8.43,0.67,69.73,100,16.20,92.75
kernel,12.40,6.84,3.92,14.53,18.75,90.99,58.54
Kernel,2.32,6.66,3.80,1.65,31.25,0,60.59
Kernel,14.11,21.47,3.65,12.03,50,16.04,75.76
kernel,11.84,6.58,3.74,16.35,18.75,90.99,59.89
kernel,11.42,6.38,3.61,16.01,18.75,90.99,60.86
Kernel,2.31,6.72,3.78,1.67,31.25,0,59.96
Kernel,2.29,7.01,3.77,1.56,31.25,0,64.05
Kernel,10.52,15.80,3.57,9.15,50,3.27,72.77
Kernel,2.32,6.87,3.80,1.57,31.25,0,60.92
kernel,11.99,6.67,3.79,15.57,18.75,90.99,60.22
kernel,12.00,6.62,3.79,16.55,18.75,90.99,56.40
Kernel,4.51,6.65,3.64,6.26,37.50,0,64.33
Kernel,10.05,9.29,0.17,6.25,25,56.88,103.06
Kernel,17.18,18.46,0.28,18.43,50,1.88,98.58
Kernel,8.14,11.40,2.60,6.25,25,0,83.04
Kernel,10.24,9.47,0.17,6.10,25,56.88,100.91
Kernel,10.29,9.52,0.17,6.12,25,56.87,98.41
Kernel,17.59,19.23,0.23,19.55,50,5.18,100.49
Kernel,17.03,18.96,0.36,18.85,50,7.64,98.70
Kernel,7.64,10.88,1.62,6.15,25,0,88.02
Kernel,17.24,18.91,0.25,19.29,50,5.67,98.86
Kernel,9.70,8.97,0.16,6.10,25,56.74,99.22
Kernel,9.93,9.18,0.16,6.15,25,56.86,98.00
Kernel,15.02,12.72,0.56,18.52,75,9.89,94.59
unrolled_elementwise_kernel,60.85,44.36,44.36,88.46,100,37.69,45.84
unrolled_elementwise_kernel,62.37,57.73,57.73,90.27,100,35.82,45.04
elementwise_kernel,11.76,36.73,4.30,39.98,100,36.87,90.50
elementwise_kernel,10.74,50.43,3.94,41.21,100,2.86,92.99
vectorized_elementwise_kernel,4.89,12.42,0.03,41.55,100,0,99.70
indexFuncLargeIndex,29.69,10.49,6.30,43.96,100,10.71,59.56
vectorized_elementwise_kernel,5.40,12.77,0.03,43.00,100,0,99.78
vectorized_elementwise_kernel,5.49,12.29,0.03,43.98,100,0,99.99
indexFuncLargeIndex,30.72,10.62,3.70,45.64,100,10.71,72.44
vectorized_elementwise_kernel,0.01,11.56,0.04,4.29,100,0,98.21
vectorized_elementwise_kernel,0.00,9.06,0.03,3.29,100,0,97.48
vectorized_elementwise_kernel,0.00,9.53,0.03,4.41,100,0,98.24
vectorized_elementwise_kernel,0.00,9.38,0.04,4.39,100,0,98.51
elementwise_kernel,0.01,8.94,0.12,6.16,100,8.33,98.00
elementwise_kernel,1.65,8.91,0.10,5.99,100,25,97.83
vectorized_elementwise_kernel,0.64,10.42,2.31,5.43,100,0,79.95
softmax_warp_backward,0.61,9.56,2.15,5.66,100,0,81.01
unrolled_elementwise_kernel,0.97,5.47,0.73,6.16,100,15.27,85.96
unrolled_elementwise_kernel,0.01,7.41,0.31,5.84,100,0,96.57
vectorized_elementwise_kernel,0.01,9.19,0.05,6.76,100,0,99.17
softmax_warp_backward,0.01,9.40,0.05,5.96,100,16.67,99.34
unrolled_elementwise_kernel,0.01,7.65,0.18,6.33,100,16.67,95.14
vectorized_elementwise_kernel,0.44,11.87,0.04,5.01,100,0,100.17
_scatter_gather_elementwise_kernel,0.02,5.40,0.20,5.73,100,0,94.06
vectorized_elementwise_kernel,0.57,9.79,1.18,7.60,100,33.33,85.73
Kernel,6.38,9.64,5.24,6.17,25,0,68.96
Kernel,10.46,14.15,2.93,6.19,25,0,82.27
vectorized_elementwise_kernel,6.27,14.90,14.90,36.82,100,0,49.45
unrolled_elementwise_kernel,11.38,9.48,7.65,23.39,100,40,57.49
rmsnorm_bwd_tuned_kernel,6.64,46.27,8.67,19.67,31.25,25.82,83.95
rmsnorm_bwd_finalize_tuned_kernel,6.70,23.42,23.42,45.56,100,0,15.34
vectorized_elementwise_kernel,6.37,15.13,15.13,37.96,100,33.33,47.33
unrolled_elementwise_kernel,0.09,5.48,0.21,6.23,100,40,94.12
vectorized_elementwise_kernel,6.41,13.50,11.44,40.36,100,0,56.27
Kernel,12.88,27.69,11.16,6.22,6.25,0,54.40
splitKreduce_kernel,13.62,16.17,13.67,41.19,100,0,38.48
Kernel,11.70,25.51,16.31,6.14,6.25,20,57.09
flash_bwd_dot_do_o_kernel,0.81,7.12,2.46,12.50,62.50,51.35,76.25
flash_bwd_dq_dk_dv_loop_seqk_parallel_kernel,1.54,2.40,1.27,12.41,12.50,1.66,67.67
flash_bwd_convert_dq_kernel,0.91,6.25,2.46,11.93,62.50,0.97,70.03
reduce_kernel,1.75,5.80,1.48,6.37,56.25,26.71,78.69
reduce_kernel,1.72,5.71,1.45,6.63,56.25,27.00,78.25
fused_rope_backward,6.89,5.55,0.95,10.91,100,81.58,83.45
fused_rope_backward,8.06,6.04,1.68,11.46,100,71.43,75.85
rmsnorm_bwd_general_kernel,1.46,6.87,0.83,5.18,100,18.24,88.94
rmsnorm_bwd_finalize_general_kernel,0.05,6.24,0.21,5.89,100,0,96.66
unrolled_elementwise_kernel,0.01,9.68,0.27,5.72,100,40,97.58
rmsnorm_bwd_general_kernel,6.15,8.64,3.32,10.80,100,20.86,72.71
rmsnorm_bwd_finalize_general_kernel,0.06,2.98,0.36,6.16,100,0,87.34
unrolled_elementwise_kernel,0.01,9.63,0.27,5.74,100,40,95.92
CatArrayBatchedCopy,19.14,8.27,2.15,73.07,100,22.73,79.08
Kernel,17.42,29.32,11.15,6.58,25,0,75.48
Kernel,13.38,25.99,19.23,9.03,18.75,18.38,64.19
rmsnorm_bwd_tuned_kernel,6.58,46.44,8.61,19.49,31.25,25.74,86.66
rmsnorm_bwd_finalize_tuned_kernel,6.88,24.06,24.06,48.21,100,0,16.63
vectorized_elementwise_kernel,6.35,15.13,15.09,40.22,100,33.33,52.02
unrolled_elementwise_kernel,0.09,5.53,0.21,5.93,100,40,95.98
vectorized_elementwise_kernel,5.96,12.71,10.56,38.20,100,0,57.40
vectorized_elementwise_kernel,0.82,11.19,0.03,8.31,100,0,100.06
elementwise_kernel,22.12,12.76,5.55,43.70,100,14.88,68.89
elementwise_kernel,23.00,10.07,0.76,43.04,100,36.09,95.14
reduce_kernel,1.20,3.71,2.74,24.56,100,0.73,53.46
indexSelectLargeIndex,26.07,8.04,3.72,46.29,100,32.41,69.66
vectorized_elementwise_kernel,4.93,12.52,0.03,40.05,100,0,100.16
indexSelectLargeIndex,25.35,8.35,3.57,44.25,100,32.48,70.76
kernel,1.47,8.00,2.41,6.33,18.75,37.65,73.24
Kernel,2.57,6.71,2.10,6.20,25,0,82.03
splitKreduce_kernel,0.12,7.74,0.14,11.97,100,0,99.03
Kernel,5.20,10.45,4.33,6.31,25,0,81.47
splitKreduce_kernel,1.29,8.63,4.57,21.05,100,0,58.08
kernel,1.42,7.82,2.33,6.96,18.75,37.65,73.68
kernel,1.42,7.74,2.33,6.66,18.75,37.65,73.05
Kernel,2.74,7.27,2.34,5.92,25,0,79.86
splitKreduce_kernel,0.14,7.68,0.36,14.09,100,0,93.39
Kernel,2.75,7.60,2.49,6.59,25,0,81.13
splitKreduce_kernel,0.17,7.88,0.63,24.82,100,0,91.39
Kernel,5.37,9.45,3.54,6.25,25,0,81.34
splitKreduce_kernel,0.84,8.54,2.88,20.74,100,0,70.05
Kernel,2.56,6.87,2.22,6.12,25,0,81.40
splitKreduce_kernel,0.13,7.37,0.38,16.83,100,0,95.41
kernel,1.44,7.98,2.37,5.98,18.75,37.65,73.40
kernel,1.40,7.66,2.30,6.22,18.75,37.65,72.16
Kernel,2.70,7.77,2.63,6.27,25,0,80.47
splitKreduce_kernel,0.31,7.98,1.02,21.98,100,0,87.11
Kernel,6.55,6.34,0.16,6.36,25,57.26,100.15
Kernel,9.62,10.34,0.13,8.84,50,0.49,99.27
Kernel,9.76,16.71,2.17,9.14,50,3.85,87.59
Kernel,6.97,6.55,0.17,6.04,25,57.21,95.49
Kernel,6.61,6.26,0.17,6.31,25,57.21,95.79
Kernel,9.53,10.42,0.24,9.45,50,1.35,97.83
Kernel,9.63,10.69,0.39,9.70,50,1.98,96.11
Kernel,10.39,16.73,1.40,9.36,50,3.55,92.02
Kernel,9.75,10.68,0.28,9.47,50,1.47,100.23
Kernel,6.87,6.51,0.17,6.20,25,57.14,99.66
Kernel,6.61,6.33,0.16,6.07,25,57.16,98.59
Kernel,9.38,10.67,0.60,9.09,50,2.56,94.16
vectorized_elementwise_kernel,0.38,9.40,0.79,7.51,100,0.10,92.08
kernel4,0.74,8.50,1.04,6.41,100,0,85.83
CatArrayBatchedCopy,12.12,7.88,0.63,70.75,100,16.70,89.95
kernel,11.92,6.57,3.76,13.95,18.75,90.99,59.30
Kernel,2.35,6.55,3.84,1.64,31.25,0,58.78
Kernel,14.38,21.89,3.73,12.38,50,14.72,71.86
kernel,11.40,6.30,3.60,15.95,18.75,90.99,58.44
kernel,11.78,6.57,3.72,17.11,18.75,90.99,59.69
Kernel,2.32,7.03,3.80,1.53,31.25,0,64.06
Kernel,2.23,6.89,3.67,1.53,31.25,0,64.32
Kernel,11.06,16.60,3.74,9.26,50,3.54,73.96
Kernel,2.35,7.13,3.86,1.56,31.25,0,62.11
kernel,12.04,6.64,3.82,16.64,18.75,90.99,59.16
kernel,12.36,6.82,3.91,15.65,18.75,90.99,58.53
Kernel,4.76,7.09,3.83,6.35,37.50,0,61.23
Kernel,10.22,9.45,0.17,6.17,25,56.88,97.57
Kernel,17.22,18.50,0.11,19.40,50,1.97,97.49
Kernel,8.09,11.26,2.58,6.24,25,0,81.61
Kernel,9.83,9.09,0.16,6.33,25,56.88,96.79
Kernel,9.91,9.16,0.17,6.14,25,56.88,95.70
Kernel,17.97,19.65,0.24,17.69,50,5.40,97.16
Kernel,17.07,18.99,0.36,20.38,50,7.97,97.35
Kernel,7.61,10.84,1.61,6.32,25,0,86.68
Kernel,17.30,18.99,0.25,19.63,50,5.92,98.55
Kernel,10.29,9.52,0.17,6.35,25,56.76,98.02
Kernel,9.77,9.03,0.16,6.32,25,56.86,97.23
Kernel,15.63,13.26,0.58,18.90,75,10.30,94.08
unrolled_elementwise_kernel,62.20,45.10,45.10,87.77,100,37.66,46.32
unrolled_elementwise_kernel,61.58,56.85,56.85,90.40,100,35.99,46.49
reduce_kernel,10.61,82.84,82.84,97.83,100,0,10.98
vectorized_elementwise_kernel,0.01,9.41,0.04,4.46,100,33.33,99.39
vectorized_elementwise_kernel,11.57,86.85,86.85,84.09,100,43.26,51.58
elementwise_kernel,11.70,36.89,4.28,39.82,100,36.88,92.33
elementwise_kernel,10.40,49.21,3.81,40.67,100,2.85,93.71
vectorized_elementwise_kernel,4.83,12.36,0.03,40.48,100,0,100.32
indexFuncLargeIndex,28.75,10.08,6.10,45.28,100,10.71,59.40
vectorized_elementwise_kernel,5.44,12.71,0.03,41.51,100,0,101.77
vectorized_elementwise_kernel,5.31,12.32,0.03,43.31,100,0,100.44
indexFuncLargeIndex,31.98,11.09,3.85,47.31,100,10.71,73.32
vectorized_elementwise_kernel,0.01,11.47,0.04,8.41,100,0,99.56
vectorized_elementwise_kernel,0.00,9.65,0.03,3.74,100,0,99.86
vectorized_elementwise_kernel,0.00,9.26,0.03,4.22,100,0,99.48
vectorized_elementwise_kernel,0.00,10.07,0.04,3.65,100,0,100.69
elementwise_kernel,0.01,8.70,0.12,5.81,100,8.33,99.18
elementwise_kernel,1.65,8.94,0.10,5.85,100,25,100.11
vectorized_elementwise_kernel,0.66,10.63,2.37,6.14,100,0,80.59
softmax_warp_backward,0.63,9.96,2.23,6.33,100,0,80.92
unrolled_elementwise_kernel,1.01,5.72,0.76,6.67,100,15.40,87.89
unrolled_elementwise_kernel,0.01,7.96,0.16,5.78,100,0,98.31
vectorized_elementwise_kernel,0.01,9.47,0.05,6.21,100,0,101.21
softmax_warp_backward,0.01,9.40,0.05,5.76,100,16.67,99.39
unrolled_elementwise_kernel,0.01,7.79,0.18,5.38,100,16.67,96.82
vectorized_elementwise_kernel,0.43,11.43,0.04,5.97,100,0,99.89
_scatter_gather_elementwise_kernel,0.02,5.43,0.20,6.32,100,0,95.33
vectorized_elementwise_kernel,0.54,9.22,1.12,6.42,100,33.33,87.90
Kernel,6.31,9.19,5.19,6.38,25,0,66.06
Kernel,10.46,14.23,2.93,6.25,25,0,85.07
vectorized_elementwise_kernel,6.41,15.25,15.25,38.07,100,0,50.15
unrolled_elementwise_kernel,11.61,9.63,7.82,23.34,100,40,57.51
rmsnorm_bwd_tuned_kernel,6.60,46.18,8.62,19.07,31.25,25.41,85.24
rmsnorm_bwd_finalize_tuned_kernel,6.79,23.75,23.75,47.41,100,0,15.34
vectorized_elementwise_kernel,6.29,14.97,14.97,38.69,100,33.33,49.44
unrolled_elementwise_kernel,0.09,5.56,0.21,6.33,100,40,95.86
vectorized_elementwise_kernel,6.60,14.11,11.76,38.33,100,0,57.43
Kernel,12.74,27.42,11.02,5.87,6.25,0,64.08
splitKreduce_kernel,13.88,16.31,13.90,43.60,100,0,37.88
Kernel,11.47,25.02,15.99,6.09,6.25,20,56.56
flash_bwd_dot_do_o_kernel,0.85,7.37,2.57,11.20,62.50,47.26,76.68
flash_bwd_dq_dk_dv_loop_seqk_parallel_kernel,1.53,2.38,1.26,12.40,12.50,1.66,67.98
flash_bwd_convert_dq_kernel,0.89,6.17,2.43,12.39,62.50,0.97,72.37
reduce_kernel,1.78,5.87,1.50,5.97,56.25,29.59,80.55
reduce_kernel,1.69,5.61,1.43,6.27,56.25,26.40,80.27
fused_rope_backward,6.79,5.53,0.93,10.45,100,81.58,84.32
fused_rope_backward,8.11,6.11,1.69,12.01,100,71.43,76.24
rmsnorm_bwd_general_kernel,1.52,6.97,0.87,5.79,100,18.24,88.28
rmsnorm_bwd_finalize_general_kernel,0.06,6.51,0.22,5.64,100,0,96.52
unrolled_elementwise_kernel,0.01,8.94,0.26,6.27,100,40,96.20
rmsnorm_bwd_general_kernel,5.61,7.66,3.03,11.26,100,20.86,72.24
rmsnorm_bwd_finalize_general_kernel,0.07,3.10,0.38,6.15,100,0,88.91
unrolled_elementwise_kernel,0.01,8.82,0.25,6.89,100,40,96.40
CatArrayBatchedCopy,19.35,8.22,2.17,72.30,100,22.29,77.81
Kernel,17.61,29.65,11.25,6.37,25,0,71.41
Kernel,13.76,26.81,19.70,9.18,18.75,18.45,63.99
rmsnorm_bwd_tuned_kernel,6.63,46.23,8.65,19.76,31.25,26.18,85.31
rmsnorm_bwd_finalize_tuned_kernel,6.64,23.12,23.12,50.06,100,0,15.49
vectorized_elementwise_kernel,6.31,14.93,14.93,41.85,100,33.33,48.95
unrolled_elementwise_kernel,0.08,5.17,0.19,6.23,100,40,97.66
vectorized_elementwise_kernel,6.60,14.12,11.78,35.64,100,0,57.17
vectorized_elementwise_kernel,0.83,11.46,0.03,5.15,100,0,100.46
elementwise_kernel,22.11,12.67,5.56,43.92,100,14.83,70.60
elementwise_kernel,23.13,9.82,0.76,43.69,100,36.18,93.93
reduce_kernel,1.21,3.63,2.75,25.43,100,0.73,52.23
indexSelectLargeIndex,25.94,7.72,3.70,45.73,100,32.42,67.42
vectorized_elementwise_kernel,4.99,12.20,0.03,30.70,100,0,102.24
indexSelectLargeIndex,25.33,7.91,3.55,49.10,100,32.45,68.41
kernel,1.41,7.58,2.32,6.55,18.75,37.65,72.43
Kernel,2.63,6.75,2.15,5.59,25,0,82.99
splitKreduce_kernel,0.11,7.61,0.14,12.78,100,0,97.97
Kernel,5.13,9.93,4.29,6.32,25,0,82.63
splitKreduce_kernel,1.35,9.12,4.80,23.20,100,0,60.36
kernel,1.38,7.40,2.26,6.78,18.75,37.65,72.34
kernel,1.43,7.71,2.35,6.14,18.75,37.65,72.67
Kernel,2.68,7.16,2.30,5.71,25,0,81.50
splitKreduce_kernel,0.13,7.49,0.35,15.90,100,0,94.34
Kernel,2.72,7.26,2.45,6.15,25,0,80.75
splitKreduce_kernel,0.16,7.21,0.58,23.21,100,0,91.30
Kernel,5.15,8.71,3.41,6.27,25,0,81.33
splitKreduce_kernel,0.79,7.91,2.70,21.72,100,0,69.24
Kernel,2.71,7.10,2.34,6.00,25,0,80.42
splitKreduce_kernel,0.13,7.36,0.39,14.89,100,0,94.13
kernel,1.41,7.58,2.31,5.99,18.75,37.65,71.55
kernel,1.42,7.58,2.34,6.42,18.75,37.65,71.85
Kernel,2.56,7.05,2.51,6.25,25,0,80.53
splitKreduce_kernel,0.31,7.81,0.98,19.59,100,0,88.72
Kernel,6.84,6.36,0.17,6.32,25,57.26,96.55
Kernel,9.85,10.58,0.13,9.16,50,0.46,97.22
Kernel,10.33,17.71,2.28,8.94,50,3.65,89.62
Kernel,6.98,6.62,0.17,6.10,25,57.19,97.18
Kernel,7.00,6.66,0.17,6.19,25,57.20,98.62
Kernel,9.80,10.72,0.25,9.00,50,1.27,100.85
Kernel,9.42,10.45,0.39,8.49,50,1.87,96.62
Kernel,10.14,16.33,1.36,9.05,50,3.36,92.00
Kernel,9.59,10.51,0.27,9.11,50,1.39,96.90
Kernel,6.70,6.40,0.17,6.00,25,57.16,98.92
Kernel,6.74,6.42,0.17,6.33,25,57.15,97.12
Kernel,9.20,10.46,0.58,9.40,50,2.42,94.62
vectorized_elementwise_kernel,0.39,9.74,0.80,6.52,100,0.10,92.99
kernel4,0.69,8.01,0.98,6.26,100,0,88.26
CatArrayBatchedCopy,12.53,8.23,0.65,71.54,100,16.68,92.86
kernel,12.01,6.64,3.80,14.58,18.75,90.99,57.43
Kernel,2.35,6.54,3.83,1.52,31.25,0,57.86
Kernel,14.12,21.49,3.67,12.12,50,14.49,70.17
kernel,12.18,6.72,3.85,17.01,18.75,90.99,58.20
kernel,12.33,6.81,3.91,15.08,18.75,90.98,58.40
Kernel,2.39,6.93,3.90,1.48,31.25,0,59.20
Kernel,2.33,6.99,3.82,1.57,31.25,0,61.15
Kernel,10.98,16.49,3.72,9.22,50,3.54,74.50
Kernel,2.36,6.97,3.85,1.58,31.25,0,61.45
kernel,11.91,6.64,3.76,15.45,18.75,90.99,61.03
kernel,11.64,6.45,3.68,17.00,18.75,90.99,59.86
Kernel,4.66,6.72,3.75,6.81,37.50,0,61.66
Kernel,9.95,9.20,0.17,6.13,25,56.88,98.44
Kernel,17.79,19.09,0.29,20.39,50,2.05,98.36
Kernel,8.25,11.54,2.63,6.00,25,0,81.91
Kernel,10.36,9.58,0.17,5.99,25,56.88,99.16
Kernel,9.83,9.09,0.16,6.17,25,56.87,98.40
Kernel,16.78,18.37,0.22,19.77,50,5.63,97.59
Kernel,17.07,19.00,0.36,19.06,50,8.29,97.80
Kernel,7.71,10.93,1.63,6.11,25,0,87.25
Kernel,17.20,18.87,0.25,19.51,50,6.16,98.62
Kernel,9.58,8.86,0.16,6.18,25,56.79,99.76
Kernel,9.81,9.07,0.16,6.13,25,56.86,100.13
Kernel,16.14,13.68,0.61,20.00,75,10.70,95.37
unrolled_elementwise_kernel,62.38,45.27,45.27,88.81,100,37.73,43.64
unrolled_elementwise_kernel,62.18,57.23,57.23,90.97,100,35.90,44.64
reduce_kernel,13.58,68.75,68.75,95.72,100,0,11.16
vectorized_elementwise_kernel,0.01,9.11,0.04,4.60,100,33.33,99.52
vectorized_elementwise_kernel,11.68,78.15,78.15,83.13,100,44.24,51.99
elementwise_kernel,11.20,34.66,4.11,39.05,100,36.61,90.04
elementwise_kernel,10.58,50.06,3.88,39.36,100,2.86,93.94
vectorized_elementwise_kernel,4.84,12.29,0.03,43.10,100,0,99.62
indexFuncLargeIndex,29.22,10.17,6.20,45.32,100,10.71,59.35
vectorized_elementwise_kernel,5.41,12.67,0.03,41.15,100,0,100.01
vectorized_elementwise_kernel,5.53,12.24,0.03,41.23,100,0,99.32
indexFuncLargeIndex,32.23,11.13,3.89,45.84,100,10.71,73.93
vectorized_elementwise_kernel,0.00,9.00,0.03,7.73,100,0,100.00
vectorized_elementwise_kernel,0.00,10.16,0.04,2.96,100,0,99.47
vectorized_elementwise_kernel,0.00,10.09,0.04,4.60,100,0,100.59
vectorized_elementwise_kernel,0.00,9.29,0.03,4.13,100,0,98.59
elementwise_kernel,0.01,9.13,0.12,6.60,100,8.33,98.95
elementwise_kernel,1.67,9.03,0.11,5.70,100,25,99.39
vectorized_elementwise_kernel,0.62,10.08,2.24,5.79,100,0,80.81
softmax_warp_backward,0.65,10.34,2.28,5.07,100,0,81.33
unrolled_elementwise_kernel,1.04,5.97,0.78,6.22,100,15.57,88.77
unrolled_elementwise_kernel,0.01,8.46,0.18,5.80,100,0,98.98
vectorized_elementwise_kernel,0.01,9.84,0.06,6.18,100,0,99.93
softmax_warp_backward,0.01,9.40,0.05,7.33,100,16.67,99.22
unrolled_elementwise_kernel,0.01,7.42,0.17,5.43,100,16.67,96.88
vectorized_elementwise_kernel,0.44,11.66,0.04,6.04,100,0,99.45
_scatter_gather_elementwise_kernel,0.02,5.48,0.20,5.92,100,0,95.33
vectorized_elementwise_kernel,0.57,9.74,1.18,6.17,100,33.33,87.43
Kernel,6.04,8.80,4.99,6.24,25,0,66.92
Kernel,10.32,13.89,2.90,5.97,25,0,75.97
vectorized_elementwise_kernel,6.24,14.87,14.87,36.68,100,0,49.39
unrolled_elementwise_kernel,11.36,9.37,7.64,23.48,100,40,57.35
rmsnorm_bwd_tuned_kernel,6.63,46.45,8.67,19.37,31.25,25.68,85.77
rmsnorm_bwd_finalize_tuned_kernel,6.83,23.92,23.92,46.69,100,0,15.94
vectorized_elementwise_kernel,6.32,15.07,15.07,37.77,100,33.33,49.09
unrolled_elementwise_kernel,0.09,5.77,0.22,6.24,100,40,97.50
vectorized_elementwise_kernel,6.68,14.28,11.90,39.52,100,0,56.75
Kernel,13.19,28.40,11.38,6.25,6.25,0,44.63
splitKreduce_kernel,13.40,15.72,13.43,43.74,100,0,37.37
Kernel,11.69,25.42,16.27,5.86,6.25,20,57.13
flash_bwd_dot_do_o_kernel,0.81,7.12,2.47,12.72,62.50,48.43,82.31
flash_bwd_dq_dk_dv_loop_seqk_parallel_kernel,1.52,2.37,1.25,12.45,12.50,1.66,67.38
flash_bwd_convert_dq_kernel,0.88,5.94,2.38,12.47,62.50,0.97,69.89
reduce_kernel,1.73,5.70,1.46,6.23,56.25,27.54,79.75
reduce_kernel,1.68,5.61,1.42,6.13,56.25,28.85,80.70
fused_rope_backward,6.92,5.46,0.95,10.80,100,81.58,83.92
fused_rope_backward,7.91,5.84,1.65,11.69,100,71.43,75.97
rmsnorm_bwd_general_kernel,1.54,7.03,0.88,6.30,100,18.24,87.90
rmsnorm_bwd_finalize_general_kernel,0.06,6.46,0.22,6.42,100,0,96.05
unrolled_elementwise_kernel,0.01,9.86,0.28,8.14,100,40,97.25
rmsnorm_bwd_general_kernel,6.10,8.40,3.29,11.52,100,20.86,72.58
rmsnorm_bwd_finalize_general_kernel,0.07,3.08,0.37,6.01,100,0,88.30
unrolled_elementwise_kernel,0.01,9.04,0.26,6.24,100,40,96.13
CatArrayBatchedCopy,18.99,7.99,2.13,72.21,100,22.62,77.28
Kernel,17.03,28.67,10.88,6.25,25,0,64.74
Kernel,13.88,27.06,19.90,8.93,18.75,18.31,63.73
rmsnorm_bwd_tuned_kernel,6.53,46.51,8.52,19.09,31.25,25.01,83.40
rmsnorm_bwd_finalize_tuned_kernel,6.79,23.75,23.75,49.14,100,0,14.82
vectorized_elementwise_kernel,6.40,15.14,15.14,37.93,100,33.33,48.16
unrolled_elementwise_kernel,0.09,5.44,0.21,6.58,100,40,94.93
elementwise_kernel,17.63,11.03,5.22,40.14,100,47.36,67.23
vectorized_elementwise_kernel,18.09,37.09,32.55,10.65,100,0,100.09
vectorized_elementwise_kernel,0.02,8.33,0.10,5.64,75,0,99.32
vectorized_elementwise_kernel,0.01,9.89,0.06,7.31,100,0,99.85
vectorized_elementwise_kernel,0.02,9.22,0.10,6.90,100,50,99.50
elementwise_kernel_with_index,0.02,11.07,0.03,3.03,100,0,99.49
DeviceRadixSortSingleTileKernel,0.23,3.47,0.08,12.61,12.50,60,97.62
indexing_backward_kernel,0.65,0.50,0.22,3.79,100,69.14,67.59
unrolled_elementwise_kernel,62.20,65.90,65.90,91.93,100,34.40,42.98
reduce_kernel,10.38,83.93,83.93,100.40,100,0,6.75
vectorized_elementwise_kernel,0.01,9.23,0.04,4.85,100,33.33,97.99
vectorized_elementwise_kernel,11.48,86.73,86.73,83.79,100,43.20,51.44
vectorized_elementwise_kernel,0.01,11.49,0.04,6.11,100,0,100.48
multi_tensor_apply_kernel,8.10,74.38,74.38,58.88,100,0.01,4.10
multi_tensor_apply_kernel,8.12,74.48,74.48,60.13,100,0.01,5.04
multi_tensor_apply_kernel,7.42,66.48,66.48,41.01,100,0.01,7.94
cleanup,0.05,8.88,0.06,21.75,100,0,99.24
vectorized_elementwise_kernel,0.00,9.87,0.04,4.95,100,0,100.43
multi_tensor_apply_kernel,7.77,76.01,76.01,57.49,100,49.31,52.14
multi_tensor_apply_kernel,7.78,76.17,76.17,57.53,100,48.82,51.76
multi_tensor_apply_kernel,7.51,67.20,67.20,39.37,100,49.89,50.87
multi_tensor_apply_kernel,15.15,76.47,76.47,47.54,50,28.70,44.79
multi_tensor_apply_kernel,15.10,76.22,76.22,47.58,50,28.04,44.92
multi_tensor_apply_kernel,15.54,76.57,76.57,41.36,50,31.06,44.91
multi_tensor_apply_kernel,1.94,7.22,2.33,23.28,50,42.86,75.41
unrolled_elementwise_kernel,56.91,52.38,52.38,90.81,100,15.18,35.80
unrolled_elementwise_kernel,28.44,18.36,18.36,86.05,100,14.93,43.04
unrolled_elementwise_kernel,32.81,21.18,21.18,71.47,100,15.09,40.83
unrolled_elementwise_kernel,8.49,8.58,5.54,24.10,100,14.30,59.79
unrolled_elementwise_kernel,29.36,18.93,18.93,73.30,100,14.88,44.76
unrolled_elementwise_kernel,31.87,20.52,20.52,71.02,100,15.14,42.03
unrolled_elementwise_kernel,8.38,8.60,5.46,22.71,100,14.24,60.87
unrolled_elementwise_kernel,29.78,19.21,19.21,85.86,100,14.91,45.96
unrolled_elementwise_kernel,32.73,21.10,21.10,66.57,100,15.07,42.87
unrolled_elementwise_kernel,8.45,8.77,5.50,23.12,100,14.34,61.75
unrolled_elementwise_kernel,29.96,19.34,19.34,84.46,100,14.97,46.97
unrolled_elementwise_kernel,32.41,20.87,20.87,73.13,100,15.18,44.53
unrolled_elementwise_kernel,8.46,9.10,5.51,23.12,100,14.32,64.43
unrolled_elementwise_kernel,28.96,18.68,18.68,83.36,100,14.95,50.12
unrolled_elementwise_kernel,31.84,20.51,20.51,71.31,100,15.12,45.36
unrolled_elementwise_kernel,8.43,9.06,5.51,23.17,100,14.44,62.50
unrolled_elementwise_kernel,29.69,19.09,19.09,87.53,100,14.92,46.25
unrolled_elementwise_kernel,33.01,21.30,21.30,69.98,100,15.06,46.70
unrolled_elementwise_kernel,8.55,9.09,5.57,23.01,100,14.23,61.60
unrolled_elementwise_kernel,0.07,5.75,0.17,6.23,100,13.68,95.10
unrolled_elementwise_kernel,0.01,9.53,0.21,6.50,100,16.67,96.03
unrolled_elementwise_kernel,0.01,8.47,0.19,6.33,100,16.67,95.93
unrolled_elementwise_kernel,0.07,5.67,0.16,5.80,100,13.68,96.17
unrolled_elementwise_kernel,0.07,5.88,0.17,6.38,100,14.06,97.41
unrolled_elementwise_kernel,0.01,9.55,0.21,6.50,100,16.67,97.83
unrolled_elementwise_kernel,0.01,9.26,0.20,6.40,100,16.67,97.85
unrolled_elementwise_kernel,0.07,5.74,0.16,5.83,100,13.76,97.37
unrolled_elementwise_kernel,0.07,6.00,0.18,6.15,100,13.78,95.14
unrolled_elementwise_kernel,0.01,9.18,0.21,6.44,100,16.67,96.05
unrolled_elementwise_kernel,0.01,8.67,0.19,6.30,100,16.67,98.02
unrolled_elementwise_kernel,0.06,5.54,0.16,5.90,100,13.61,96.19
unrolled_elementwise_kernel,0.07,5.94,0.17,6.35,100,14.80,96.63
unrolled_elementwise_kernel,0.01,9.04,0.20,5.67,100,16.67,97.83
unrolled_elementwise_kernel,0.01,8.96,0.20,6.04,100,16.67,94.86
unrolled_elementwise_kernel,0.07,5.71,0.16,6.12,100,14.43,97.11
unrolled_elementwise_kernel,0.07,5.91,0.17,6.18,100,14.74,97.59
unrolled_elementwise_kernel,0.01,9.26,0.20,5.93,100,16.67,97.85
unrolled_elementwise_kernel,0.01,9.05,0.20,6.45,100,16.67,97.75
unrolled_elementwise_kernel,0.07,5.65,0.16,6.06,100,14.21,96.45
unrolled_elementwise_kernel,0.07,5.92,0.17,6.36,100,13.37,96.44
unrolled_elementwise_kernel,0.01,9.13,0.20,6.26,100,16.67,97.04
unrolled_elementwise_kernel,0.01,8.95,0.20,6.13,100,16.67,95.93
unrolled_elementwise_kernel,0.07,5.80,0.17,6.27,100,13.98,94.52
vectorized_elementwise_kernel,0.01,9.80,0.03,4.59,100,0,98.49
multi_tensor_apply_kernel,8.10,74.22,74.22,60.05,100,0.01,16.03
multi_tensor_apply_kernel,7.97,73.46,73.46,61.19,100,0.01,14.80
multi_tensor_apply_kernel,7.96,73.15,73.15,59.69,100,0.01,15.60
multi_tensor_apply_kernel,7.94,72.90,72.90,58.30,100,0.01,15.61
multi_tensor_apply_kernel,8.13,74.89,74.89,60.26,100,0.01,15.90
multi_tensor_apply_kernel,5.26,48.29,48.29,25.11,100,0.01,17.89
cleanup,0.06,9.23,0.06,21.10,100,0,100.57
vectorized_elementwise_kernel,0.00,9.86,0.04,4.40,100,0,99.42
multi_tensor_apply_kernel,15.04,75.94,75.94,47.88,50,27.81,47.36
multi_tensor_apply_kernel,15.17,76.59,76.59,47.38,50,29.01,45.43
multi_tensor_apply_kernel,15.17,76.58,76.58,47.35,50,29.62,45.23
multi_tensor_apply_kernel,15.22,76.88,76.88,47.29,50,31.50,44.80
multi_tensor_apply_kernel,15.27,77.02,77.02,47.58,50,29.45,44.67
multi_tensor_apply_kernel,16.42,77.84,77.84,24.47,50,41.81,45.36
unrolled_elementwise_kernel,55.07,45.00,45.00,88.49,100,15.27,38.03
unrolled_elementwise_kernel,52.37,35.44,35.44,87.50,100,15.44,41.34
unrolled_elementwise_kernel,55.26,45.08,45.08,88.51,100,15.32,41.30
unrolled_elementwise_kernel,51.52,34.98,34.98,87.93,100,15.43,42.23
unrolled_elementwise_kernel,54.89,45.16,45.16,88.75,100,15.28,44.08
unrolled_elementwise_kernel,51.59,35.20,35.20,87.73,100,15.42,44.28
unrolled_elementwise_kernel,54.31,44.25,44.25,88.94,100,15.29,46.26
unrolled_elementwise_kernel,52.18,35.43,35.43,86.93,100,15.45,46.73
unrolled_elementwise_kernel,54.75,44.42,44.42,87.98,100,15.29,46.48
unrolled_elementwise_kernel,52.35,35.53,35.53,87.28,100,15.44,46.88
unrolled_elementwise_kernel,55.04,44.99,44.99,89.05,100,15.27,46.86
unrolled_elementwise_kernel,52.17,35.52,35.52,86.05,100,15.45,47.38
vectorized_elementwise_kernel,24.07,85.74,85.74,12.68,100,0,100.05
vectorized_elementwise_kernel,24.56,92.78,92.78,45.12,100,0,99.11
