Kernel Name,Compute throughput,Memory throughput,DRAM throughput,Achieved occupancy,Maximum occupancy,L1 hit rate,L2 hit rate
distribution_elementwise_grid_stride_kernel,1.70,9.21,0.06,12.20,50,47.40,99.02
distribution_elementwise_grid_stride_kernel,63.20,19.81,1.80,43.51,50,43.99,100.01
elementwise_kernel,69.56,26.06,26.06,88.96,100,46.01,52.21
vectorized_elementwise_kernel,21.22,53.00,53.00,52.64,100,0,50.87
vectorized_elementwise_kernel,20.20,50.27,50.27,53.55,100,0,51.19
vectorized_elementwise_kernel,20.89,52.44,52.44,53.13,100,0,51.48
vectorized_elementwise_kernel,21.47,79.10,79.10,79.17,100,0,35.95
vectorized_elementwise_kernel,25.80,51.64,51.64,54.07,100,0,52.50
vectorized_elementwise_kernel,21.41,78.87,78.87,78.32,100,0,36.75
vectorized_elementwise_kernel,64.79,45.13,45.13,81.88,100,0,53.01
vectorized_elementwise_kernel,25.46,51.35,51.35,51.40,100,0,53.79
vectorized_elementwise_kernel,21.27,78.09,78.09,73.76,100,0,37.33
elementwise_kernel,70.69,26.48,26.48,88.96,100,46.02,56.00
vectorized_elementwise_kernel,20.70,51.54,51.54,55.51,100,0,56.23
vectorized_elementwise_kernel,20.97,51.61,51.61,52.99,100,0,55.42
vectorized_elementwise_kernel,19.82,48.90,48.90,53.86,100,0,56.69
vectorized_elementwise_kernel,21.17,77.32,77.32,78.99,100,0,40.86
vectorized_elementwise_kernel,25.96,51.68,51.68,54.94,100,0,55.99
vectorized_elementwise_kernel,21.14,77.61,77.61,78.39,100,0,40.23
vectorized_elementwise_kernel,63.99,43.74,43.74,81.84,100,0,53.72
vectorized_elementwise_kernel,25.86,52.87,52.87,52.15,100,0,54.38
vectorized_elementwise_kernel,20.38,74.23,74.23,77.59,100,0,39.64
kernel1,29.37,73.53,73.53,77.36,100,6.62,90.82
kernel1,30.59,76.30,76.30,79.41,100,6.17,90.50
kernel1,30.11,75.52,75.52,79.87,100,6.21,89.71
elementwise_kernel,71.34,26.51,26.51,88.77,100,46.14,54.03
vectorized_elementwise_kernel,20.97,52.67,52.67,52.40,100,0,52.73
vectorized_elementwise_kernel,21.06,52.35,52.35,53.16,100,0,52.83
vectorized_elementwise_kernel,20.99,52.48,52.48,52.47,100,0,52.47
vectorized_elementwise_kernel,21.38,78.45,78.45,79.77,100,0,36.42
vectorized_elementwise_kernel,26.31,52.26,52.26,55.07,100,0,54.12
vectorized_elementwise_kernel,21.16,77.85,77.85,79.07,100,0,37.45
vectorized_elementwise_kernel,65.53,44.83,44.83,82.18,100,0,52.48
vectorized_elementwise_kernel,26.12,52.66,52.66,52.60,100,0,52.54
vectorized_elementwise_kernel,21.06,77.83,77.83,76.71,100,0,37.53
elementwise_kernel,70.58,26.15,26.15,88.66,100,46.13,55.19
vectorized_elementwise_kernel,20.68,51.44,51.44,52.02,100,0,55.39
vectorized_elementwise_kernel,20.94,51.74,51.74,52.52,100,0,56.08
vectorized_elementwise_kernel,21.01,52.66,52.66,53.02,100,0,55.96
vectorized_elementwise_kernel,21.54,78.48,78.48,79.61,100,0,42.25
vectorized_elementwise_kernel,26.16,52.13,52.13,52.04,100,0,55.75
vectorized_elementwise_kernel,21.43,78.12,78.12,79.18,100,0,39.82
vectorized_elementwise_kernel,65.43,44.66,44.66,81.78,100,0,54.66
vectorized_elementwise_kernel,25.74,51.68,51.68,51.92,100,0,54.53
vectorized_elementwise_kernel,21.60,78.64,78.64,81.14,100,0,39.72
kernel1,30.22,75.71,75.71,78.19,100,6.69,90.29
kernel1,30.27,75.95,75.95,79.07,100,6.09,90.06
kernel1,30.08,75.33,75.33,78.37,100,6.17,89.21
distribution_elementwise_grid_stride_kernel,67.55,21.80,14.60,43.98,50,43.72,99.47
distribution_elementwise_grid_stride_kernel,67.54,21.98,14.75,43.48,50,43.74,99.31
distribution_elementwise_grid_stride_kernel,3.43,9.44,0.06,12.55,50,45.52,97.72
elementwise_kernel,73.32,33.96,33.96,90.48,100,44.85,55.03
fused_dropout_kernel_vec,54.83,48.34,48.34,47.21,50,0,62.86
vectorized_elementwise_kernel,21.42,86.25,86.25,81.08,100,0,35.65
elementwise_kernel,74.10,34.46,34.46,92.15,100,44.68,52.85
fused_dropout_kernel_vec,54.92,47.80,47.80,46.96,50,0,61.29
vectorized_elementwise_kernel,20.85,84.38,84.38,82.19,100,0,35.01
elementwise_kernel,73.50,34.16,34.16,90.60,100,44.92,53.48
kernel2,74.39,58.60,58.60,52.36,56.25,0,44.99
elementwise_kernel,74.13,34.47,34.47,90.38,100,44.85,52.69
kernel2,74.52,58.90,58.90,52.51,56.25,0,44.42
elementwise_kernel,73.57,34.18,34.18,90.89,100,44.83,52.35
kernel2,74.54,58.45,58.45,52.50,56.25,0,43.83
elementwise_kernel,74.18,34.51,34.51,91.29,100,44.82,52.59
kernel2,74.58,58.99,58.99,52.48,56.25,0,43.88
elementwise_kernel,73.36,34.13,34.13,90.91,100,44.83,52.20
kernel2,74.52,58.90,58.90,52.44,56.25,0,43.60
elementwise_kernel,73.71,34.23,34.23,91.06,100,44.85,52.39
kernel2,74.43,58.83,58.83,52.41,56.25,0,43.74
elementwise_kernel,73.63,34.25,34.25,90.66,100,44.82,52.60
kernel2,74.50,58.86,58.86,52.55,56.25,0,43.59
elementwise_kernel,74.27,34.35,34.35,90.26,100,44.83,52.36
kernel2,74.63,59.07,59.07,52.50,56.25,0,43.52
distribution_elementwise_grid_stride_kernel,75.51,18.54,18.54,56.80,75,45.70,99.96
distribution_elementwise_grid_stride_kernel,71.44,15.28,7.51,57.15,75,45.86,99.96
vectorized_elementwise_kernel,0.14,9.99,0.03,6.23,100,0,99.45
distribution_elementwise_grid_stride_kernel,74.94,16.91,16.91,56.56,75,45.72,100.06
vectorized_elementwise_kernel,0.06,10.83,0.04,6.22,100,0,98.01
distribution_elementwise_grid_stride_kernel,75.57,18.37,18.37,56.85,75,45.69,100.14
vectorized_elementwise_kernel,0.08,11.22,0.04,6.12,100,0,98.57
distribution_elementwise_grid_stride_kernel,75.24,18.34,18.34,56.64,75,45.71,100.15
vectorized_elementwise_kernel,0.16,10.98,0.04,6.15,100,0,98.94
distribution_elementwise_grid_stride_kernel,72.16,15.44,7.43,57.21,75,45.84,99.97
vectorized_elementwise_kernel,0.16,11.21,0.04,6.22,100,0,98.76
distribution_elementwise_grid_stride_kernel,75.07,16.99,16.99,56.82,75,45.71,99.98
vectorized_elementwise_kernel,0.06,11.12,0.03,6.09,100,0,99.40
distribution_elementwise_grid_stride_kernel,75.47,18.39,18.39,56.95,75,45.69,99.25
vectorized_elementwise_kernel,0.08,11.31,0.04,4.14,100,0,99.50
distribution_elementwise_grid_stride_kernel,75.28,18.29,18.29,56.64,75,45.69,99.72
vectorized_elementwise_kernel,0.16,11.02,0.04,6.38,100,0,99.22
distribution_elementwise_grid_stride_kernel,72.19,15.47,7.41,56.97,75,45.81,99.77
vectorized_elementwise_kernel,0.16,11.19,0.04,6.22,100,0,98.68
distribution_elementwise_grid_stride_kernel,75.12,17.04,17.04,56.79,75,45.71,99.72
vectorized_elementwise_kernel,0.06,11.16,0.03,6.19,100,0,98.10
distribution_elementwise_grid_stride_kernel,75.58,18.39,18.39,56.95,75,45.69,99.99
vectorized_elementwise_kernel,0.08,11.34,0.04,6.98,100,0,99.50
distribution_elementwise_grid_stride_kernel,75.34,18.35,18.35,56.65,75,45.67,99.97
vectorized_elementwise_kernel,0.16,10.97,0.03,5.03,100,0,99.95
distribution_elementwise_grid_stride_kernel,72.18,15.47,7.50,56.93,75,45.78,99.75
vectorized_elementwise_kernel,0.15,10.73,0.04,6.18,100,0,98.84
distribution_elementwise_grid_stride_kernel,75.15,16.98,16.98,56.80,75,45.69,99.85
vectorized_elementwise_kernel,0.06,11.13,0.03,7.60,100,0,98.58
distribution_elementwise_grid_stride_kernel,75.55,18.41,18.41,56.95,75,45.70,99.71
vectorized_elementwise_kernel,0.08,11.35,0.04,5.95,100,0,98.51
distribution_elementwise_grid_stride_kernel,75.31,18.31,18.31,56.63,75,45.70,99.71
vectorized_elementwise_kernel,0.16,10.93,0.04,6.06,100,0,98.56
distribution_elementwise_grid_stride_kernel,72.13,15.45,7.68,56.78,75,45.82,100.11
vectorized_elementwise_kernel,0.15,10.51,0.03,5.99,100,0,98.72
distribution_elementwise_grid_stride_kernel,75.09,16.93,16.93,56.72,75,45.74,100.10
vectorized_elementwise_kernel,0.06,11.15,0.04,6.30,100,0,99.74
distribution_elementwise_grid_stride_kernel,75.57,18.44,18.44,56.97,75,45.68,99.60
vectorized_elementwise_kernel,0.08,11.35,0.04,6.23,100,0,98.78
distribution_elementwise_grid_stride_kernel,75.29,18.29,18.29,56.65,75,45.70,99.70
vectorized_elementwise_kernel,0.16,11.06,0.04,7.63,100,0,100.50
distribution_elementwise_grid_stride_kernel,72.22,15.49,7.65,56.97,75,45.80,99.57
vectorized_elementwise_kernel,0.16,10.80,0.03,7.18,100,0,99.60
distribution_elementwise_grid_stride_kernel,75.06,16.93,16.93,56.85,75,45.70,100.35
vectorized_elementwise_kernel,0.06,10.86,0.03,6.09,100,0,99.47
distribution_elementwise_grid_stride_kernel,75.60,18.44,18.44,56.94,75,45.68,100.54
vectorized_elementwise_kernel,0.08,11.39,0.03,7.26,100,0,99.53
distribution_elementwise_grid_stride_kernel,75.41,18.33,18.33,56.65,75,45.68,100.20
vectorized_elementwise_kernel,0.16,10.95,0.04,6.10,100,0,99.89
distribution_elementwise_grid_stride_kernel,72.14,15.45,7.45,56.92,75,45.82,99.68
vectorized_elementwise_kernel,0.16,11.22,0.04,5.74,100,0,99.98
distribution_elementwise_grid_stride_kernel,75.11,17.00,17.00,56.78,75,45.69,99.93
vectorized_elementwise_kernel,0.06,11.16,0.03,6.29,100,0,99.55
distribution_elementwise_grid_stride_kernel,75.55,18.64,18.64,56.92,75,45.68,99.75
vectorized_elementwise_kernel,0.09,11.94,0.04,6.13,100,0,99.53
distribution_elementwise_grid_stride_kernel,75.42,18.37,18.37,56.64,75,45.67,99.99
vectorized_elementwise_kernel,0.16,11.59,0.04,6.41,100,0,100.32
distribution_elementwise_grid_stride_kernel,72.34,15.47,7.69,56.97,75,45.79,100.27
vectorized_elementwise_kernel,0.17,11.61,0.04,6.80,100,0,100.47
distribution_elementwise_grid_stride_kernel,75.23,17.02,17.02,56.72,75,45.70,99.93
vectorized_elementwise_kernel,0.06,11.13,0.04,7.94,100,0,98.16
distribution_elementwise_grid_stride_kernel,75.62,18.44,18.44,56.93,75,45.69,99.68
vectorized_elementwise_kernel,0.07,9.68,0.03,6.19,100,0,98.17
distribution_elementwise_grid_stride_kernel,75.32,18.33,18.33,56.58,75,45.70,99.44
vectorized_elementwise_kernel,0.16,10.95,0.04,5.20,100,0,98.63
distribution_elementwise_grid_stride_kernel,72.23,15.47,7.56,56.99,75,45.81,99.60
vectorized_elementwise_kernel,0.16,11.22,0.03,6.23,100,0,98.06
distribution_elementwise_grid_stride_kernel,75.11,16.96,16.96,56.78,75,45.71,99.36
vectorized_elementwise_kernel,0.06,10.61,0.03,5.93,100,0,98.73
distribution_elementwise_grid_stride_kernel,75.55,18.40,18.40,56.92,75,45.67,99.94
vectorized_elementwise_kernel,0.08,11.34,0.04,5.02,100,0,99.34
distribution_elementwise_grid_stride_kernel,75.30,18.38,18.38,56.64,75,45.70,99.80
vectorized_elementwise_kernel,0.16,10.96,0.04,5.95,100,0,99.39
distribution_elementwise_grid_stride_kernel,71.99,15.42,7.41,56.86,75,45.75,100.00
vectorized_elementwise_kernel,0.16,11.28,0.04,6.36,100,0,100.71
distribution_elementwise_grid_stride_kernel,75.08,17.00,17.00,56.80,75,45.73,100.08
vectorized_elementwise_kernel,0.06,11.16,0.04,7.01,100,0,98.58
distribution_elementwise_grid_stride_kernel,75.56,18.36,18.36,56.97,75,45.71,100.07
vectorized_elementwise_kernel,0.08,11.35,0.03,6.33,100,0,98.08
distribution_elementwise_grid_stride_kernel,75.29,18.36,18.36,56.62,75,45.71,99.67
vectorized_elementwise_kernel,0.16,10.94,0.04,6.14,100,0,98.06
distribution_elementwise_grid_stride_kernel,72.22,15.46,7.44,56.99,75,45.80,99.09
vectorized_elementwise_kernel,0.16,11.17,0.03,6.23,100,0,98.57
distribution_elementwise_grid_stride_kernel,75.10,17.01,17.01,56.90,75,45.69,99.61
vectorized_elementwise_kernel,0.06,11.11,0.03,7.34,100,0,98.22
distribution_elementwise_grid_stride_kernel,75.60,18.37,18.37,56.97,75,45.70,100.19
vectorized_elementwise_kernel,0.08,11.39,0.03,6.78,100,0,99.57
distribution_elementwise_grid_stride_kernel,75.33,18.36,18.36,56.62,75,45.68,100.02
vectorized_elementwise_kernel,0.15,10.52,0.04,6.23,100,0,99.39
distribution_elementwise_grid_stride_kernel,72.17,15.47,7.40,56.97,75,45.81,99.96
vectorized_elementwise_kernel,0.15,10.70,0.03,6.26,100,0,98.71
distribution_elementwise_grid_stride_kernel,75.08,17.01,17.01,56.78,75,45.73,100.10
vectorized_elementwise_kernel,0.06,11.36,0.04,6.88,100,0,99.85
distribution_elementwise_grid_stride_kernel,75.61,18.39,18.39,56.90,75,45.69,99.97
vectorized_elementwise_kernel,0.08,11.39,0.04,6.28,100,0,99.76
distribution_elementwise_grid_stride_kernel,75.37,18.37,18.37,56.67,75,45.70,100.22
vectorized_elementwise_kernel,0.16,11.33,0.04,4.57,100,0,97.57
unrolled_elementwise_kernel,55.89,49.77,49.77,90.27,100,15.20,39.83
unrolled_elementwise_kernel,0.38,5.59,0.37,6.97,100,15.93,92.65
unrolled_elementwise_kernel,0.41,6.00,0.39,6.01,100,16,93.47
unrolled_elementwise_kernel,0.41,5.90,0.39,6.43,100,16.22,91.93
unrolled_elementwise_kernel,0.40,5.84,0.38,5.91,100,16.12,92.31
unrolled_elementwise_kernel,0.40,5.79,0.38,6.42,100,15.97,92.65
unrolled_elementwise_kernel,0.40,5.80,0.38,6.39,100,15.91,93.04
unrolled_elementwise_kernel,0.41,5.88,0.39,6.04,100,16.34,93.45
unrolled_elementwise_kernel,0.40,5.78,0.38,6.20,100,16.16,93.14
unrolled_elementwise_kernel,0.40,5.75,0.38,6.13,100,16.49,92.82
unrolled_elementwise_kernel,0.39,5.76,0.37,6.22,100,15.89,93.04
unrolled_elementwise_kernel,0.40,5.75,0.38,6.59,100,15.86,92.74
unrolled_elementwise_kernel,0.41,5.89,0.39,6.13,100,16.34,93.08
unrolled_elementwise_kernel,0.39,5.70,0.37,5.80,100,15.91,92.46
unrolled_elementwise_kernel,0.40,5.90,0.38,6.65,100,16.07,93.44
unrolled_elementwise_kernel,0.40,5.88,0.38,6.55,100,15.80,93.46
unrolled_elementwise_kernel,0.40,5.76,0.38,6.55,100,16.26,93.36
unrolled_elementwise_kernel,0.39,5.72,0.38,6.21,100,15.52,92.48
unrolled_elementwise_kernel,0.40,5.83,0.38,6.31,100,16.09,92.85
unrolled_elementwise_kernel,0.40,5.84,0.38,6.34,100,15.58,92.59
unrolled_elementwise_kernel,0.40,5.77,0.38,6.17,100,16.15,93.28
unrolled_elementwise_kernel,0.41,5.89,0.39,5.87,100,15.40,93.02
unrolled_elementwise_kernel,0.41,5.90,0.39,6.13,100,15.79,91.53
unrolled_elementwise_kernel,0.39,5.71,0.37,6.24,100,16.00,92.22
unrolled_elementwise_kernel,0.39,5.60,0.37,6.19,100,15.58,92.36
unrolled_elementwise_kernel,0.41,5.91,0.39,6.16,100,15.97,93.62
unrolled_elementwise_kernel,0.40,5.79,0.38,6.96,100,15.86,92.90
unrolled_elementwise_kernel,0.39,5.70,0.37,6.07,100,16.00,93.46
unrolled_elementwise_kernel,0.40,5.83,0.38,6.35,100,16.08,93.33
unrolled_elementwise_kernel,0.40,5.81,0.38,6.14,100,16.16,92.71
unrolled_elementwise_kernel,0.39,5.69,0.37,6.49,100,15.74,93.25
unrolled_elementwise_kernel,0.38,5.57,0.36,6.43,100,15.90,92.54
unrolled_elementwise_kernel,0.40,5.86,0.38,6.21,100,15.57,93.33
unrolled_elementwise_kernel,0.39,5.62,0.37,6.16,100,15.75,92.93
unrolled_elementwise_kernel,0.39,5.62,0.37,6.08,100,15.70,93.13
unrolled_elementwise_kernel,0.40,5.92,0.40,6.34,100,15.81,93.56
unrolled_elementwise_kernel,0.40,5.81,0.38,6.05,100,15.91,93.30
unrolled_elementwise_kernel,0.41,5.88,0.39,6.17,100,16.06,92.40
unrolled_elementwise_kernel,0.41,5.97,0.39,6.51,100,15.83,93.12
unrolled_elementwise_kernel,0.39,5.67,0.37,6.28,100,15.96,92.72
unrolled_elementwise_kernel,0.40,5.82,0.38,5.63,100,15.45,93.42
unrolled_elementwise_kernel,0.39,5.70,0.37,6.16,100,15.81,92.83
unrolled_elementwise_kernel,0.39,5.68,0.37,6.13,100,15.47,91.88
unrolled_elementwise_kernel,0.40,5.74,0.38,6.23,100,15.99,93.28
unrolled_elementwise_kernel,0.39,5.64,0.37,6.39,100,16.25,93.35
unrolled_elementwise_kernel,0.39,5.62,0.37,6.32,100,15.86,92.85
unrolled_elementwise_kernel,0.38,5.67,0.36,6.14,100,16.19,93.88
unrolled_elementwise_kernel,0.39,5.80,0.37,6.83,100,16.01,94.03
unrolled_elementwise_kernel,0.40,5.85,0.38,6.16,100,16.12,91.41
vectorized_elementwise_kernel,24.41,95.94,95.94,62.08,100,0,100.56
vectorized_elementwise_kernel,24.49,96.27,96.27,62.76,100,0,100.35
vectorized_elementwise_kernel,24.49,96.26,96.26,61.21,100,0,100.39
vectorized_elementwise_kernel,24.49,96.21,96.21,62.14,100,0,100.43
vectorized_elementwise_kernel,24.55,96.48,96.48,59.90,100,0,100.06
vectorized_elementwise_kernel,24.57,96.58,96.58,61.39,100,0,100.12
vectorized_elementwise_kernel,24.55,96.50,96.50,63.20,100,0,99.51
vectorized_elementwise_kernel,24.56,96.55,96.55,65.07,100,0,99.18
unrolled_elementwise_kernel,55.37,51.89,51.89,93.77,100,0,67.48
unrolled_elementwise_kernel,54.79,45.58,45.58,92.05,100,0,67.56
unrolled_elementwise_kernel,55.00,42.92,42.92,92.18,100,0,67.95
unrolled_elementwise_kernel,55.10,50.78,50.78,92.60,100,0,67.65
unrolled_elementwise_kernel,55.30,51.77,51.77,93.25,100,0,67.52
unrolled_elementwise_kernel,55.51,52.10,52.10,93.59,100,0,67.25
unrolled_elementwise_kernel,54.82,42.68,42.68,90.86,100,0,67.82
unrolled_elementwise_kernel,54.88,50.57,50.57,92.71,100,0,67.64
unrolled_elementwise_kernel,55.54,52.16,52.16,94.18,100,0,67.25
unrolled_elementwise_kernel,55.26,51.73,51.73,92.95,100,0,67.10
unrolled_elementwise_kernel,54.52,42.47,42.47,91.07,100,0,67.40
unrolled_elementwise_kernel,54.89,50.51,50.51,93.30,100,0,67.57
unrolled_elementwise_kernel,54.95,51.55,51.55,93.43,100,0,67.34
unrolled_elementwise_kernel,55.58,52.17,52.17,93.30,100,0,67.24
unrolled_elementwise_kernel,54.84,42.74,42.74,90.64,100,0,67.44
unrolled_elementwise_kernel,55.03,50.66,50.66,93.14,100,0,67.57
unrolled_elementwise_kernel,55.43,52.03,52.03,93.47,100,0,67.33
unrolled_elementwise_kernel,55.20,51.80,51.80,93.52,100,0,67.11
unrolled_elementwise_kernel,54.92,42.87,42.87,91.01,100,0,67.61
unrolled_elementwise_kernel,55.41,51.09,51.09,93.42,100,0,67.72
unrolled_elementwise_kernel,55.06,51.71,51.71,93.72,100,0,67.32
unrolled_elementwise_kernel,55.60,52.03,52.03,93.83,100,0,67.21
unrolled_elementwise_kernel,55.12,42.89,42.89,91.57,100,0,67.60
unrolled_elementwise_kernel,55.01,50.63,50.63,92.47,100,0,67.57
unrolled_elementwise_kernel,55.26,51.83,51.83,93.21,100,0,67.41
unrolled_elementwise_kernel,55.38,52.01,52.01,93.98,100,0,67.31
unrolled_elementwise_kernel,54.63,42.71,42.71,91.75,100,0,67.75
unrolled_elementwise_kernel,55.01,50.69,50.69,92.51,100,0,67.83
unrolled_elementwise_kernel,55.54,51.99,51.99,93.86,100,0,67.27
unrolled_elementwise_kernel,55.18,51.76,51.76,93.03,100,0,67.29
unrolled_elementwise_kernel,54.82,42.58,42.58,91.53,100,0,67.53
unrolled_elementwise_kernel,55.36,50.94,50.94,94.03,100,0,67.69
unrolled_elementwise_kernel,55.11,51.70,51.70,92.82,100,0,67.14
unrolled_elementwise_kernel,55.50,52.12,52.12,93.95,100,0,67.11
unrolled_elementwise_kernel,54.44,42.67,42.67,91.26,100,0,67.70
unrolled_elementwise_kernel,55.01,50.67,50.67,93.69,100,0,67.69
unrolled_elementwise_kernel,55.05,51.62,51.62,93.19,100,0,67.67
unrolled_elementwise_kernel,55.27,51.66,51.66,93.18,100,0,67.16
unrolled_elementwise_kernel,55.00,43.03,43.03,90.43,100,0,67.71
unrolled_elementwise_kernel,55.32,50.98,50.98,93.37,100,0,67.59
unrolled_elementwise_kernel,55.10,51.75,51.75,93.73,100,0,67.23
unrolled_elementwise_kernel,55.58,52.18,52.18,93.88,100,0,67.51
unrolled_elementwise_kernel,54.76,42.74,42.74,90.30,100,0,67.54
unrolled_elementwise_kernel,54.97,50.45,50.45,92.42,100,0,67.62
unrolled_elementwise_kernel,55.43,52.05,52.05,94.04,100,0,67.23
unrolled_elementwise_kernel,55.14,51.80,51.80,92.92,100,0,67.19
unrolled_elementwise_kernel,54.96,42.81,42.81,91.49,100,0,67.61
unrolled_elementwise_kernel,55.36,50.79,50.79,93.93,100,0,67.71
unrolled_elementwise_kernel,55.30,51.88,51.88,93.42,100,0,67.47
unrolled_elementwise_kernel,55.31,51.91,51.91,93.13,100,0,67.37
unrolled_elementwise_kernel,0.41,6.03,0.25,6.48,100,0,95.50
unrolled_elementwise_kernel,0.39,5.75,0.24,6.41,100,0,96.16
unrolled_elementwise_kernel,0.40,5.89,0.24,6.49,100,0,95.67
unrolled_elementwise_kernel,0.16,6.22,0.18,6.32,100,0,96.51
unrolled_elementwise_kernel,0.41,6.20,0.25,6.28,100,0,97.02
unrolled_elementwise_kernel,0.39,5.77,0.24,6.57,100,0,95.89
unrolled_elementwise_kernel,0.20,5.96,0.18,6.13,100,0,96.16
unrolled_elementwise_kernel,0.40,5.80,0.24,6.54,100,0,94.79
unrolled_elementwise_kernel,0.41,6.01,0.25,6.25,100,0,95.24
unrolled_elementwise_kernel,0.39,5.68,0.24,6.42,100,0,94.36
unrolled_elementwise_kernel,0.38,5.62,0.23,6.21,100,0,95.13
unrolled_elementwise_kernel,0.15,5.86,0.17,6.22,100,0,95.65
unrolled_elementwise_kernel,0.41,5.96,0.25,6.23,100,0,95.11
unrolled_elementwise_kernel,0.41,6.05,0.25,6.23,100,0,95.23
unrolled_elementwise_kernel,0.19,5.58,0.17,6.09,100,0,96.10
unrolled_elementwise_kernel,0.41,5.99,0.25,6.46,100,0,95.39
unrolled_elementwise_kernel,0.41,5.98,0.25,6.25,100,0,95.16
unrolled_elementwise_kernel,0.39,5.65,0.24,6.34,100,0,95.05
unrolled_elementwise_kernel,0.38,5.56,0.23,6.32,100,0,94.41
unrolled_elementwise_kernel,0.16,6.09,0.17,6.20,100,0,96.65
unrolled_elementwise_kernel,0.38,5.53,0.23,5.82,100,0,94.08
unrolled_elementwise_kernel,0.39,5.69,0.24,6.34,100,0,94.69
unrolled_elementwise_kernel,0.21,6.02,0.19,6.47,100,0,95.88
unrolled_elementwise_kernel,0.39,5.67,0.24,6.11,100,0,95.02
unrolled_elementwise_kernel,0.40,5.93,0.24,6.22,100,0,94.58
unrolled_elementwise_kernel,0.39,5.77,0.24,6.61,100,0,93.10
unrolled_elementwise_kernel,0.38,5.57,0.23,5.85,100,0,93.63
unrolled_elementwise_kernel,0.15,5.82,0.16,6.42,100,0,96.65
unrolled_elementwise_kernel,0.40,5.84,0.24,5.79,100,0,92.93
unrolled_elementwise_kernel,0.40,5.85,0.24,6.23,100,0,94.80
unrolled_elementwise_kernel,0.21,5.97,0.18,6.36,100,0,95.89
unrolled_elementwise_kernel,0.41,5.94,0.25,6.19,100,0,92.80
unrolled_elementwise_kernel,0.40,5.91,0.25,6.23,100,0,92.93
unrolled_elementwise_kernel,0.40,5.85,0.24,6.38,100,0,93.83
unrolled_elementwise_kernel,0.40,5.85,0.24,6.16,100,0,94.88
unrolled_elementwise_kernel,0.16,6.13,0.17,6.26,100,0,95.75
unrolled_elementwise_kernel,0.40,5.93,0.25,6.28,100,0,94.01
unrolled_elementwise_kernel,0.41,6.03,0.25,6.17,100,0,95.86
unrolled_elementwise_kernel,0.20,5.76,0.18,6.17,100,0,94.99
unrolled_elementwise_kernel,0.41,5.92,0.25,6.28,100,0,94.00
unrolled_elementwise_kernel,0.41,6.04,0.25,6.35,100,0,94.84
unrolled_elementwise_kernel,0.38,5.59,0.23,6.42,100,0,94.59
unrolled_elementwise_kernel,0.39,5.75,0.23,6.19,100,0,96.02
unrolled_elementwise_kernel,0.16,6.19,0.17,6.62,100,0,96.71
unrolled_elementwise_kernel,0.39,5.84,0.24,6.26,100,0,96.89
unrolled_elementwise_kernel,0.39,5.88,0.24,6.60,100,0,96.03
unrolled_elementwise_kernel,0.20,5.94,0.18,6.17,100,0,94.85
unrolled_elementwise_kernel,0.41,6.10,0.25,6.28,100,0,94.20
unrolled_elementwise_kernel,0.39,5.75,0.24,6.34,100,0,93.22
unrolled_elementwise_kernel,0.41,6.16,0.25,6.14,100,0,95.74
unrolled_elementwise_kernel,0.39,5.77,0.24,6.24,100,0,92.75
unrolled_elementwise_kernel,0.16,6.17,0.17,6.19,100,0,95.99
unrolled_elementwise_kernel,0.40,5.91,0.25,6.25,100,0,95.06
unrolled_elementwise_kernel,0.39,5.72,0.24,6.26,100,0,94.16
unrolled_elementwise_kernel,0.20,5.84,0.18,6.12,100,0,94.29
unrolled_elementwise_kernel,0.42,6.09,0.25,6.17,100,0,93.99
unrolled_elementwise_kernel,0.40,5.91,0.25,6.38,100,0,93.98
unrolled_elementwise_kernel,0.39,5.66,0.24,6.08,100,0,93.20
unrolled_elementwise_kernel,0.40,5.78,0.24,6.08,100,0,93.03
unrolled_elementwise_kernel,0.16,6.15,0.17,6.32,100,0,95.53
unrolled_elementwise_kernel,0.41,6.02,0.25,6.08,100,0,93.62
unrolled_elementwise_kernel,0.41,5.98,0.25,6.27,100,0,93.52
unrolled_elementwise_kernel,0.21,6.00,0.18,6.28,100,0,96.02
unrolled_elementwise_kernel,0.40,5.85,0.24,6.05,100,0,94.72
unrolled_elementwise_kernel,0.40,5.93,0.24,6.34,100,0,94.18
unrolled_elementwise_kernel,0.41,5.96,0.25,6.27,100,0,93.23
unrolled_elementwise_kernel,0.39,5.63,0.24,6.22,100,0,93.17
unrolled_elementwise_kernel,0.15,5.89,0.17,6.14,100,0,96.59
unrolled_elementwise_kernel,0.39,5.75,0.24,6.22,100,0,95.50
unrolled_elementwise_kernel,0.40,5.85,0.24,6.19,100,0,95.27
unrolled_elementwise_kernel,0.20,5.77,0.18,6.24,100,0,95.10
unrolled_elementwise_kernel,0.41,6.02,0.25,5.73,100,0,94.46
unrolled_elementwise_kernel,0.41,6.06,0.25,6.24,100,0,95.38
unrolled_elementwise_kernel,0.40,5.88,0.25,6.28,100,0,95.30
unrolled_elementwise_kernel,0.41,6.00,0.25,6.36,100,0,95.52
unrolled_elementwise_kernel,0.16,6.12,0.17,5.88,100,0,96.37
unrolled_elementwise_kernel,0.41,6.03,0.25,6.23,100,0,95.75
unrolled_elementwise_kernel,0.41,6.04,0.25,6.21,100,0,95.47
unrolled_elementwise_kernel,0.20,5.86,0.18,6.20,100,0,95.17
unrolled_elementwise_kernel,0.41,5.99,0.25,6.15,100,0,94.18
unrolled_elementwise_kernel,0.40,5.91,0.25,6.22,100,0,94.38
unrolled_elementwise_kernel,0.40,5.97,0.25,6.63,100,0,96.13
unrolled_elementwise_kernel,0.40,5.91,0.25,6.12,100,0,94.18
unrolled_elementwise_kernel,0.16,6.10,0.17,6.39,100,0,95.47
unrolled_elementwise_kernel,0.40,5.92,0.25,6.03,100,0,94.38
unrolled_elementwise_kernel,0.41,5.98,0.25,6.05,100,0,95.77
unrolled_elementwise_kernel,0.20,5.89,0.18,6.23,100,0,93.97
unrolled_elementwise_kernel,0.40,5.86,0.24,6.30,100,0,92.93
unrolled_elementwise_kernel,0.39,5.84,0.24,6.65,100,0,93.79
unrolled_elementwise_kernel,0.40,5.82,0.24,6.56,100,0,93.03
unrolled_elementwise_kernel,0.40,5.86,0.24,6.22,100,0,92.31
unrolled_elementwise_kernel,0.15,5.86,0.16,6.03,100,0,95.52
unrolled_elementwise_kernel,0.40,5.89,0.25,6.30,100,0,93.53
unrolled_elementwise_kernel,0.38,5.71,0.36,6.25,100,0,93.46
unrolled_elementwise_kernel,0.21,6.12,0.18,6.16,100,0,96.44
unrolled_elementwise_kernel,0.40,6.04,0.24,6.35,100,0,95.38
vectorized_elementwise_kernel,24.45,96.17,96.17,64.73,100,0,100.13
vectorized_elementwise_kernel,24.40,96.00,96.00,64.91,100,0,100.60
vectorized_elementwise_kernel,24.43,96.12,96.12,65.28,100,0,99.93
vectorized_elementwise_kernel,24.55,96.59,96.59,62.74,100,0,99.97
vectorized_elementwise_kernel,24.46,96.19,96.19,62.73,100,0,99.83
vectorized_elementwise_kernel,24.47,96.26,96.26,65.24,100,0,100.14
vectorized_elementwise_kernel,24.42,96.10,96.10,62.30,100,0,100.51
vectorized_elementwise_kernel,24.44,96.18,96.18,60.93,100,0,100.37
vectorized_elementwise_kernel,0.04,9.29,0.20,6.71,100,47.06,97.44
vectorized_elementwise_kernel,0.03,8.86,0.19,5.50,100,47.06,97.30
vectorized_elementwise_kernel,0.03,9.20,0.08,6.88,100,0,98.94
vectorized_elementwise_kernel,0.03,8.07,0.16,5.41,100,50,97.77
vectorized_elementwise_kernel,0.04,9.26,0.20,6.01,100,72.73,96.51
index_elementwise_kernel,82.92,14.01,6.96,69.32,75,72.96,99.39
elementwise_kernel,63.04,29.46,29.46,91.56,100,50.42,52.29
indexSelectLargeIndex,51.45,14.00,14.00,48.44,100,35.92,53.29
vectorized_elementwise_kernel,21.44,86.73,86.73,81.68,100,0,35.90
fused_dropout_kernel_vec,55.47,49.26,49.26,47.63,50,0,61.71
cuApplyLayerNorm,34.63,26.68,26.68,50.37,62.50,68.22,50.06
sm90_xmma_gemm_bf16bf16_bf16f32_f32_tn_n_tilesize128x128x64_warpgroupsize1x1x1_execute_segment_k_off_kernel__51_cublas,84.08,63.57,34.36,15.29,18.75,0,57.24
elementwise_kernel,68.49,22.87,21.89,90.36,100,46.42,53.44
elementwise_kernel,42.17,18.97,15.43,87.14,100,22.11,56.01
elementwise_kernel,43.81,19.60,16.03,80.82,100,22.06,55.35
sm90_xmma_gemm_bf16bf16_bf16f32_f32_tn_n_tilesize128x128x64_warpgroupsize1x1x1_execute_segment_k_off_kernel__51_cublas,32.29,51.14,45.71,17.51,18.75,0,93.15
scaled_upper_triang_masked_softmax_warp_forward,41.95,31.02,31.02,28.39,31.25,1.16,69.42
fused_dropout_kernel_vec,55.55,54.53,54.53,47.45,50,0,62.56
sm90_xmma_gemm_bf16bf16_bf16f32_f32_nn_n_tilesize128x128x64_warpgroupsize1x1x1_execute_segment_k_off_kernel__51_cublas,34.57,67.94,67.94,13.84,18.75,0,37.64
elementwise_kernel,50.02,18.33,14.35,80.61,100,22.31,56.52
sm90_xmma_gemm_bf16bf16_bf16f32_f32_tn_n_tilesize128x128x64_warpgroupsize1x1x1_execute_segment_k_off_kernel__51_cublas,79.85,63.65,18.30,17.45,18.75,0,84.42
elementwise_kernel,73.14,33.86,33.86,90.44,100,44.88,54.58
fused_dropout_kernel_vec,55.43,48.66,48.66,46.93,50,0,63.66
vectorized_elementwise_kernel,21.50,86.09,86.09,80.44,100,0,37.75
cuApplyLayerNorm,33.69,26.12,26.12,49.91,62.50,68.27,49.41
sm90_xmma_gemm_bf16bf16_bf16f32_f32_tn_n_tilesize128x256x64_warpgroupsize2x1x1_execute_segment_k_off_kernel__51_cublas,91.98,57.99,35.34,15.64,18.75,0,63.71
elementwise_kernel,71.24,26.42,26.42,89.55,100,46.09,52.24
vectorized_elementwise_kernel,20.44,50.42,50.42,52.32,100,0,52.18
vectorized_elementwise_kernel,21.03,51.90,51.90,51.38,100,0,52.01
vectorized_elementwise_kernel,20.93,52.31,52.31,51.33,100,0,52.47
vectorized_elementwise_kernel,21.06,77.42,77.42,79.46,100,0,37.43
vectorized_elementwise_kernel,26.19,52.62,52.62,52.83,100,0,53.29
vectorized_elementwise_kernel,21.23,78.01,78.01,81.02,100,0,36.56
vectorized_elementwise_kernel,63.79,44.03,44.03,83.58,100,0,52.34
vectorized_elementwise_kernel,26.09,52.45,52.45,52.55,100,0,52.54
vectorized_elementwise_kernel,21.19,78.02,78.02,80.61,100,0,36.00
sm90_xmma_gemm_bf16bf16_bf16f32_f32_tn_n_tilesize128x128x64_warpgroupsize1x1x1_execute_segment_k_off_kernel__51_cublas,86.77,66.15,35.30,17.42,18.75,0,63.44
elementwise_kernel,73.61,34.26,34.26,91.12,100,44.91,53.21
fused_dropout_kernel_vec,55.33,48.70,48.70,47.57,50,0,61.72
vectorized_elementwise_kernel,21.62,86.85,86.85,81.44,100,0,35.87
cuApplyLayerNorm,34.32,26.36,26.36,50.54,62.50,68.18,48.54
sm90_xmma_gemm_bf16bf16_bf16f32_f32_tn_n_tilesize128x128x64_warpgroupsize1x1x1_execute_segment_k_off_kernel__51_cublas,69.88,52.84,30.27,15.24,18.75,0,57.56
elementwise_kernel,68.29,23.09,21.22,88.36,100,46.46,53.12
elementwise_kernel,43.61,19.57,15.95,84.36,100,22.02,55.69
elementwise_kernel,43.54,20.05,15.95,83.74,100,22.03,56.64
sm90_xmma_gemm_bf16bf16_bf16f32_f32_tn_n_tilesize128x128x64_warpgroupsize1x1x1_execute_segment_k_off_kernel__51_cublas,33.13,52.25,46.70,17.77,18.75,0,91.36
scaled_upper_triang_masked_softmax_warp_forward,41.40,30.63,30.63,27.99,31.25,1.16,69.23
fused_dropout_kernel_vec,55.07,54.26,54.26,47.35,50,0,62.41
sm90_xmma_gemm_bf16bf16_bf16f32_f32_nn_n_tilesize128x128x64_warpgroupsize1x1x1_execute_segment_k_off_kernel__51_cublas,33.08,65.40,65.40,13.13,18.75,0,37.76
elementwise_kernel,51.19,18.56,14.67,81.74,100,22.45,55.64
sm90_xmma_gemm_bf16bf16_bf16f32_f32_tn_n_tilesize128x128x64_warpgroupsize1x1x1_execute_segment_k_off_kernel__51_cublas,79.84,63.63,18.02,17.46,18.75,0,84.48
kernel3,70.22,55.51,55.51,45.94,50,14.36,50.14
cuApplyLayerNorm,34.92,26.87,26.87,49.56,62.50,68.26,49.84
sm90_xmma_gemm_bf16bf16_bf16f32_f32_tn_n_tilesize128x256x64_warpgroupsize2x1x1_execute_segment_k_off_kernel__51_cublas,68.96,43.47,28.17,15.65,18.75,0,63.53
kernel4,74.31,40.36,40.36,86.94,100,28.39,52.92
sm90_xmma_gemm_bf16bf16_bf16f32_f32_tn_n_tilesize128x128x64_warpgroupsize1x1x1_execute_segment_k_off_kernel__51_cublas,86.79,66.16,35.40,17.42,18.75,0,69.07
kernel3,70.27,55.54,55.54,45.86,50,14.04,48.03
cuApplyLayerNorm,35.29,27.05,27.05,51.46,62.50,68.31,48.78
sm90_xmma_gemm_bf16bf16_bf16f32_f32_tn_n_tilesize128x128x64_warpgroupsize1x1x1_execute_segment_k_off_kernel__51_cublas,69.73,52.72,30.09,15.24,18.75,0,57.25
elementwise_kernel,69.42,23.09,21.30,88.34,100,46.44,53.47
elementwise_kernel,43.92,19.86,16.07,84.47,100,21.95,55.92
elementwise_kernel,40.96,18.09,15.01,81.20,100,21.86,54.69
sm90_xmma_gemm_bf16bf16_bf16f32_f32_tn_n_tilesize128x128x64_warpgroupsize1x1x1_execute_segment_k_off_kernel__51_cublas,32.94,52.98,46.89,18.62,18.75,0,92.97
scaled_upper_triang_masked_softmax_warp_forward,42.07,31.14,31.14,28.36,31.25,1.16,69.90
fused_dropout_kernel_vec,55.27,54.60,54.60,47.54,50,0,62.61
sm90_xmma_gemm_bf16bf16_bf16f32_f32_nn_n_tilesize128x128x64_warpgroupsize1x1x1_execute_segment_k_off_kernel__51_cublas,34.14,66.78,66.78,13.82,18.75,0,37.66
elementwise_kernel,49.92,17.82,14.33,81.73,100,22.32,54.79
sm90_xmma_gemm_bf16bf16_bf16f32_f32_tn_n_tilesize128x128x64_warpgroupsize1x1x1_execute_segment_k_off_kernel__51_cublas,79.94,63.71,18.46,17.48,18.75,0,84.18
kernel3,69.65,54.72,54.72,45.93,50,13.75,50.27
cuApplyLayerNorm,35.71,27.43,27.43,51.57,62.50,68.26,49.62
sm90_xmma_gemm_bf16bf16_bf16f32_f32_tn_n_tilesize128x256x64_warpgroupsize2x1x1_execute_segment_k_off_kernel__51_cublas,69.07,43.55,27.80,15.63,18.75,0,65.21
kernel4,74.75,40.62,40.62,86.89,100,28.38,53.02
sm90_xmma_gemm_bf16bf16_bf16f32_f32_tn_n_tilesize128x128x64_warpgroupsize1x1x1_execute_segment_k_off_kernel__51_cublas,86.73,66.11,34.75,17.44,18.75,0,65.81
kernel3,69.98,54.85,54.85,46.05,50,13.83,48.08
cuApplyLayerNorm,33.99,26.05,26.05,48.78,62.50,68.28,49.21
sm90_xmma_gemm_bf16bf16_bf16f32_f32_tn_n_tilesize128x128x64_warpgroupsize1x1x1_execute_segment_k_off_kernel__51_cublas,83.93,63.46,34.48,15.25,18.75,0,57.15
elementwise_kernel,68.82,22.95,21.32,88.64,100,46.42,53.72
elementwise_kernel,43.92,20.08,16.07,82.60,100,21.99,56.20
elementwise_kernel,42.92,20.06,15.72,84.85,100,21.92,57.33
sm90_xmma_gemm_bf16bf16_bf16f32_f32_tn_n_tilesize128x128x64_warpgroupsize1x1x1_execute_segment_k_off_kernel__51_cublas,33.05,52.67,47.34,17.79,18.75,0,92.31
scaled_upper_triang_masked_softmax_warp_forward,42.07,31.23,31.23,28.33,31.25,1.16,69.27
fused_dropout_kernel_vec,55.14,54.85,54.85,47.47,50,0,62.33
sm90_xmma_gemm_bf16bf16_bf16f32_f32_nn_n_tilesize128x128x64_warpgroupsize1x1x1_execute_segment_k_off_kernel__51_cublas,32.83,64.94,64.94,13.90,18.75,0,37.25
elementwise_kernel,51.62,18.69,14.80,81.35,100,22.37,54.72
sm90_xmma_gemm_bf16bf16_bf16f32_f32_tn_n_tilesize128x128x64_warpgroupsize1x1x1_execute_segment_k_off_kernel__51_cublas,79.84,63.62,18.30,17.44,18.75,0,84.21
kernel3,69.49,54.87,54.87,45.97,50,13.96,49.86
cuApplyLayerNorm,34.22,26.38,26.38,50.38,62.50,68.42,49.11
sm90_xmma_gemm_bf16bf16_bf16f32_f32_tn_n_tilesize128x256x64_warpgroupsize2x1x1_execute_segment_k_off_kernel__51_cublas,92.14,58.09,35.34,15.65,18.75,0,64.10
kernel4,74.89,40.63,40.63,86.77,100,28.25,52.95
sm90_xmma_gemm_bf16bf16_bf16f32_f32_tn_n_tilesize128x128x64_warpgroupsize1x1x1_execute_segment_k_off_kernel__51_cublas,86.65,66.05,34.28,17.42,18.75,0,62.52
kernel3,69.81,55.24,55.24,46.11,50,14.20,48.14
cuApplyLayerNorm,35.41,27.29,27.29,50.08,62.50,68.16,50.13
sm90_xmma_gemm_bf16bf16_bf16f32_f32_tn_n_tilesize128x128x64_warpgroupsize1x1x1_execute_segment_k_off_kernel__51_cublas,83.66,63.25,34.12,15.24,18.75,0,57.78
elementwise_kernel,67.38,22.42,21.43,89.06,100,46.40,52.66
elementwise_kernel,44.21,19.65,16.19,81.94,100,21.93,54.53
elementwise_kernel,44.19,20.60,16.19,83.63,100,21.97,56.69
sm90_xmma_gemm_bf16bf16_bf16f32_f32_tn_n_tilesize128x128x64_warpgroupsize1x1x1_execute_segment_k_off_kernel__51_cublas,33.09,53.86,47.87,17.71,18.75,0,91.52
scaled_upper_triang_masked_softmax_warp_forward,42.13,31.11,31.11,28.27,31.25,1.16,69.72
fused_dropout_kernel_vec,54.92,54.09,54.09,47.44,50,0,62.55
sm90_xmma_gemm_bf16bf16_bf16f32_f32_nn_n_tilesize128x128x64_warpgroupsize1x1x1_execute_segment_k_off_kernel__51_cublas,33.31,65.60,65.60,13.94,18.75,0,37.33
elementwise_kernel,50.88,18.88,14.58,82.16,100,22.41,55.64
sm90_xmma_gemm_bf16bf16_bf16f32_f32_tn_n_tilesize128x128x64_warpgroupsize1x1x1_execute_segment_k_off_kernel__51_cublas,79.74,63.56,17.94,17.47,18.75,0,84.48
kernel3,69.89,54.94,54.94,45.55,50,13.60,49.60
cuApplyLayerNorm,33.98,26.34,26.34,50.07,62.50,68.16,48.53
sm90_xmma_gemm_bf16bf16_bf16f32_f32_tn_n_tilesize128x256x64_warpgroupsize2x1x1_execute_segment_k_off_kernel__51_cublas,92.27,58.17,35.30,15.64,18.75,0,66.09
kernel4,74.19,40.00,40.00,86.61,100,28.37,52.95
sm90_xmma_gemm_bf16bf16_bf16f32_f32_tn_n_tilesize128x128x64_warpgroupsize1x1x1_execute_segment_k_off_kernel__51_cublas,86.64,66.04,34.35,17.42,18.75,0,72.86
kernel3,70.26,55.57,55.57,46.17,50,13.65,47.95
cuApplyLayerNorm,33.59,25.83,25.83,49.55,62.50,68.19,49.79
sm90_xmma_gemm_bf16bf16_bf16f32_f32_tn_n_tilesize128x128x64_warpgroupsize1x1x1_execute_segment_k_off_kernel__51_cublas,69.66,52.67,30.30,15.25,18.75,0,57.69
elementwise_kernel,69.84,23.16,21.52,87.85,100,46.39,53.22
elementwise_kernel,42.99,19.15,15.74,83.87,100,22.02,54.00
elementwise_kernel,44.05,20.74,16.12,81.70,100,21.90,59.16
sm90_xmma_gemm_bf16bf16_bf16f32_f32_tn_n_tilesize128x128x64_warpgroupsize1x1x1_execute_segment_k_off_kernel__51_cublas,32.45,52.46,46.58,18.33,18.75,0,92.68
scaled_upper_triang_masked_softmax_warp_forward,41.78,30.91,30.91,28.22,31.25,1.16,69.49
fused_dropout_kernel_vec,55.22,54.26,54.26,47.61,50,0,62.27
sm90_xmma_gemm_bf16bf16_bf16f32_f32_nn_n_tilesize128x128x64_warpgroupsize1x1x1_execute_segment_k_off_kernel__51_cublas,33.99,66.97,66.97,13.50,18.75,0,36.87
elementwise_kernel,50.53,18.32,14.51,81.90,100,22.35,54.74
sm90_xmma_gemm_bf16bf16_bf16f32_f32_tn_n_tilesize128x128x64_warpgroupsize1x1x1_execute_segment_k_off_kernel__51_cublas,79.98,63.76,18.16,17.45,18.75,0,84.48
kernel3,69.65,54.70,54.70,46.03,50,13.67,49.49
cuApplyLayerNorm,35.37,27.31,27.31,49.77,62.50,68.37,48.91
sm90_xmma_gemm_bf16bf16_bf16f32_f32_tn_n_tilesize128x256x64_warpgroupsize2x1x1_execute_segment_k_off_kernel__51_cublas,92.03,58.03,35.21,15.64,18.75,0,66.17
kernel4,74.35,39.43,39.43,87.02,100,28.33,53.41
sm90_xmma_gemm_bf16bf16_bf16f32_f32_tn_n_tilesize128x128x64_warpgroupsize1x1x1_execute_segment_k_off_kernel__51_cublas,86.67,66.07,34.89,17.41,18.75,0,64.21
kernel3,69.94,55.09,55.09,46.72,50,13.86,48.00
cuApplyLayerNorm,34.31,26.34,26.34,49.13,62.50,68.36,48.24
sm90_xmma_gemm_bf16bf16_bf16f32_f32_tn_n_tilesize128x128x64_warpgroupsize1x1x1_execute_segment_k_off_kernel__51_cublas,69.88,52.83,30.07,15.25,18.75,0,58.48
elementwise_kernel,69.37,23.25,21.58,88.40,100,46.47,53.44
elementwise_kernel,44.08,19.82,16.14,92.67,100,21.96,56.49
elementwise_kernel,43.42,19.44,15.88,81.88,100,22.00,55.12
sm90_xmma_gemm_bf16bf16_bf16f32_f32_tn_n_tilesize128x128x64_warpgroupsize1x1x1_execute_segment_k_off_kernel__51_cublas,32.71,51.97,46.91,17.80,18.75,0,92.81
scaled_upper_triang_masked_softmax_warp_forward,41.96,31.00,31.00,27.93,31.25,1.16,70.09
fused_dropout_kernel_vec,55.18,54.37,54.37,47.34,50,0,62.47
sm90_xmma_gemm_bf16bf16_bf16f32_f32_nn_n_tilesize128x128x64_warpgroupsize1x1x1_execute_segment_k_off_kernel__51_cublas,33.43,65.85,65.85,13.61,18.75,0,37.55
elementwise_kernel,50.86,18.37,14.60,80.93,100,22.35,54.22
sm90_xmma_gemm_bf16bf16_bf16f32_f32_tn_n_tilesize128x128x64_warpgroupsize1x1x1_execute_segment_k_off_kernel__51_cublas,80.05,63.81,18.13,17.46,18.75,0,84.51
kernel3,69.84,54.78,54.78,45.91,50,14.01,49.59
cuApplyLayerNorm,34.19,26.33,26.33,48.79,62.50,68.22,49.35
sm90_xmma_gemm_bf16bf16_bf16f32_f32_tn_n_tilesize128x256x64_warpgroupsize2x1x1_execute_segment_k_off_kernel__51_cublas,92.03,58.03,35.17,15.63,18.75,0,64.73
kernel4,74.75,40.77,40.77,87.29,100,28.39,53.31
sm90_xmma_gemm_bf16bf16_bf16f32_f32_tn_n_tilesize128x128x64_warpgroupsize1x1x1_execute_segment_k_off_kernel__51_cublas,86.68,66.07,35.37,17.49,18.75,0,74.27
kernel3,70.50,55.33,55.33,46.60,50,13.86,48.22
cuApplyLayerNorm,35.67,27.41,27.41,49.90,62.50,68.24,49.31
sm90_xmma_gemm_bf16bf16_bf16f32_f32_tn_n_tilesize128x128x64_warpgroupsize1x1x1_execute_segment_k_off_kernel__51_cublas,69.64,52.65,30.13,15.24,18.75,0,57.32
elementwise_kernel,68.91,23.28,21.83,86.58,100,46.37,53.40
elementwise_kernel,43.60,20.40,15.94,87.02,100,21.99,57.61
elementwise_kernel,43.41,19.91,15.90,82.43,100,22.00,57.16
sm90_xmma_gemm_bf16bf16_bf16f32_f32_tn_n_tilesize128x128x64_warpgroupsize1x1x1_execute_segment_k_off_kernel__51_cublas,32.52,52.81,46.80,17.21,18.75,0,92.79
scaled_upper_triang_masked_softmax_warp_forward,41.49,30.58,30.58,28.16,31.25,1.16,69.73
fused_dropout_kernel_vec,54.91,54.27,54.27,47.34,50,0,62.32
sm90_xmma_gemm_bf16bf16_bf16f32_f32_nn_n_tilesize128x128x64_warpgroupsize1x1x1_execute_segment_k_off_kernel__51_cublas,33.66,66.38,66.38,13.89,18.75,0,38.04
elementwise_kernel,51.00,18.49,14.60,81.87,100,22.43,54.59
sm90_xmma_gemm_bf16bf16_bf16f32_f32_tn_n_tilesize128x128x64_warpgroupsize1x1x1_execute_segment_k_off_kernel__51_cublas,80.09,63.86,18.29,17.40,18.75,0,84.23
kernel3,70.37,55.34,55.34,46.23,50,13.95,49.91
cuApplyLayerNorm,34.62,26.55,26.55,48.12,62.50,68.37,49.51
sm90_xmma_gemm_bf16bf16_bf16f32_f32_tn_n_tilesize128x256x64_warpgroupsize2x1x1_execute_segment_k_off_kernel__51_cublas,91.82,57.89,35.02,15.70,18.75,0,65.01
kernel4,73.72,40.19,40.19,90.10,100,28.28,52.93
sm90_xmma_gemm_bf16bf16_bf16f32_f32_tn_n_tilesize128x128x64_warpgroupsize1x1x1_execute_segment_k_off_kernel__51_cublas,86.66,66.06,34.83,17.42,18.75,0,75.38
kernel3,70.45,55.53,55.53,45.26,50,13.72,48.42
cuApplyLayerNorm,34.13,26.29,26.29,49.84,62.50,68.29,49.12
sm90_xmma_gemm_bf16bf16_bf16f32_f32_tn_n_tilesize128x128x64_warpgroupsize1x1x1_execute_segment_k_off_kernel__51_cublas,83.74,63.32,34.46,15.24,18.75,0,57.44
elementwise_kernel,69.25,23.13,21.69,87.26,100,46.43,53.44
elementwise_kernel,43.52,19.81,15.94,82.69,100,22.04,56.34
elementwise_kernel,43.20,20.84,15.82,81.38,100,21.88,59.36
sm90_xmma_gemm_bf16bf16_bf16f32_f32_tn_n_tilesize128x128x64_warpgroupsize1x1x1_execute_segment_k_off_kernel__51_cublas,31.47,50.24,45.10,17.77,18.75,0,92.34
scaled_upper_triang_masked_softmax_warp_forward,41.99,31.15,31.15,28.40,31.25,1.16,69.15
fused_dropout_kernel_vec,55.49,54.42,54.42,47.98,50,0,62.53
sm90_xmma_gemm_bf16bf16_bf16f32_f32_nn_n_tilesize128x128x64_warpgroupsize1x1x1_execute_segment_k_off_kernel__51_cublas,34.50,67.90,67.90,13.98,18.75,0,37.10
elementwise_kernel,51.04,18.92,14.63,81.63,100,22.32,55.42
sm90_xmma_gemm_bf16bf16_bf16f32_f32_tn_n_tilesize128x128x64_warpgroupsize1x1x1_execute_segment_k_off_kernel__51_cublas,79.80,63.59,18.25,17.48,18.75,0,84.15
kernel3,69.79,54.65,54.65,46.74,50,14.07,49.71
cuApplyLayerNorm,33.90,26.13,26.13,50.33,62.50,68.39,48.51
sm90_xmma_gemm_bf16bf16_bf16f32_f32_tn_n_tilesize128x256x64_warpgroupsize2x1x1_execute_segment_k_off_kernel__51_cublas,92.33,58.21,35.39,15.65,18.75,0,65.56
kernel4,73.36,39.67,39.67,87.67,100,28.26,53.41
sm90_xmma_gemm_bf16bf16_bf16f32_f32_tn_n_tilesize128x128x64_warpgroupsize1x1x1_execute_segment_k_off_kernel__51_cublas,86.63,66.04,34.84,17.38,18.75,0,71.49
kernel3,69.45,54.63,54.63,45.90,50,13.78,48.19
cuApplyLayerNorm,33.78,26.13,26.13,48.61,62.50,68.29,49.97
sm90_xmma_gemm_bf16bf16_bf16f32_f32_tn_n_tilesize128x128x64_warpgroupsize1x1x1_execute_segment_k_off_kernel__51_cublas,69.82,52.79,29.96,15.26,18.75,0,56.90
elementwise_kernel,69.17,23.32,21.50,87.80,100,46.44,53.69
elementwise_kernel,41.72,19.55,15.18,77.18,100,22.04,57.22
elementwise_kernel,43.77,19.81,16.02,83.98,100,22.04,55.74
sm90_xmma_gemm_bf16bf16_bf16f32_f32_tn_n_tilesize128x128x64_warpgroupsize1x1x1_execute_segment_k_off_kernel__51_cublas,32.89,52.83,46.98,17.75,18.75,0,91.46
scaled_upper_triang_masked_softmax_warp_forward,41.83,31.03,31.03,28.21,31.25,1.16,70.44
fused_dropout_kernel_vec,55.40,54.85,54.85,47.99,50,0,62.43
sm90_xmma_gemm_bf16bf16_bf16f32_f32_nn_n_tilesize128x128x64_warpgroupsize1x1x1_execute_segment_k_off_kernel__51_cublas,33.86,66.69,66.69,14.01,18.75,0,36.46
elementwise_kernel,51.46,18.65,14.64,82.07,100,22.48,54.47
sm90_xmma_gemm_bf16bf16_bf16f32_f32_tn_n_tilesize128x128x64_warpgroupsize1x1x1_execute_segment_k_off_kernel__51_cublas,79.65,63.49,18.15,17.48,18.75,0,84.17
kernel3,69.72,55.02,55.02,46.62,50,13.82,49.30
cuApplyLayerNorm,36.41,27.76,27.76,51.12,62.50,68.37,49.25
sm90_xmma_gemm_bf16bf16_bf16f32_f32_tn_n_tilesize128x256x64_warpgroupsize2x1x1_execute_segment_k_off_kernel__51_cublas,92.04,58.03,35.25,15.59,18.75,0,66.20
kernel4,74.20,40.18,40.18,84.48,100,28.27,53.32
sm90_xmma_gemm_bf16bf16_bf16f32_f32_tn_n_tilesize128x128x64_warpgroupsize1x1x1_execute_segment_k_off_kernel__51_cublas,86.41,65.86,34.78,17.43,18.75,0,66.71
kernel3,69.64,54.66,54.66,46.23,50,14.22,47.66
cuApplyLayerNorm,33.50,25.85,25.85,49.71,62.50,68.27,49.59
sm90_xmma_gemm_bf16bf16_bf16f32_f32_tn_n_tilesize128x128x64_warpgroupsize1x1x1_execute_segment_k_off_kernel__51_cublas,69.70,52.70,30.09,15.24,18.75,0,57.61
elementwise_kernel,69.20,23.19,21.39,87.32,100,46.41,54.13
elementwise_kernel,40.89,18.57,15.00,76.43,100,21.83,55.65
elementwise_kernel,43.26,20.10,15.83,81.87,100,21.97,59.62
sm90_xmma_gemm_bf16bf16_bf16f32_f32_tn_n_tilesize128x128x64_warpgroupsize1x1x1_execute_segment_k_off_kernel__51_cublas,32.52,52.16,46.57,17.74,18.75,0,92.06
scaled_upper_triang_masked_softmax_warp_forward,42.32,31.34,31.34,28.31,31.25,1.16,69.66
fused_dropout_kernel_vec,55.47,54.33,54.33,47.57,50,0,62.70
sm90_xmma_gemm_bf16bf16_bf16f32_f32_nn_n_tilesize128x128x64_warpgroupsize1x1x1_execute_segment_k_off_kernel__51_cublas,34.33,67.43,67.43,13.28,18.75,0,37.11
elementwise_kernel,50.63,18.50,14.51,82.31,100,22.34,55.12
sm90_xmma_gemm_bf16bf16_bf16f32_f32_tn_n_tilesize128x128x64_warpgroupsize1x1x1_execute_segment_k_off_kernel__51_cublas,80.06,63.81,18.13,17.47,18.75,0,84.51
kernel3,69.35,54.64,54.64,46.01,50,13.78,49.84
cuApplyLayerNorm,34.58,26.47,26.47,50.36,62.50,68.31,49.27
sm90_xmma_gemm_bf16bf16_bf16f32_f32_tn_n_tilesize128x256x64_warpgroupsize2x1x1_execute_segment_k_off_kernel__51_cublas,92.06,58.04,35.24,15.64,18.75,0,65.48
kernel4,74.73,40.42,40.42,85.48,100,28.34,53.44
sm90_xmma_gemm_bf16bf16_bf16f32_f32_tn_n_tilesize128x128x64_warpgroupsize1x1x1_execute_segment_k_off_kernel__51_cublas,86.68,66.07,35.04,17.41,18.75,0,67.64
kernel3,70.26,54.96,54.96,46.48,50,13.69,48.15
cuApplyLayerNorm,35.94,27.66,27.66,49.92,62.50,68.31,49.20
sm90_xmma_gemm_bf16bf16_bf16f32_f32_tn_n_tilesize128x128x64_warpgroupsize1x1x1_execute_segment_k_off_kernel__51_cublas,83.74,63.32,34.18,15.25,18.75,0,56.81
elementwise_kernel,69.36,23.04,21.56,92.73,100,46.45,53.61
elementwise_kernel,41.60,18.57,15.23,85.89,100,21.97,56.31
elementwise_kernel,44.12,20.08,16.16,82.46,100,22.03,55.72
sm90_xmma_gemm_bf16bf16_bf16f32_f32_tn_n_tilesize128x128x64_warpgroupsize1x1x1_execute_segment_k_off_kernel__51_cublas,32.70,52.42,46.24,18.02,18.75,0,91.76
scaled_upper_triang_masked_softmax_warp_forward,42.03,31.06,31.06,27.94,31.25,1.16,69.78
fused_dropout_kernel_vec,55.29,54.22,54.22,47.55,50,0,62.52
sm90_xmma_gemm_bf16bf16_bf16f32_f32_nn_n_tilesize128x128x64_warpgroupsize1x1x1_execute_segment_k_off_kernel__51_cublas,34.67,68.08,68.08,13.89,18.75,0,36.81
elementwise_kernel,51.12,18.46,14.54,82.04,100,22.40,55.01
sm90_xmma_gemm_bf16bf16_bf16f32_f32_tn_n_tilesize128x128x64_warpgroupsize1x1x1_execute_segment_k_off_kernel__51_cublas,79.90,63.71,18.22,17.45,18.75,0,84.53
kernel3,69.51,54.90,54.90,46.08,50,13.90,49.87
cuApplyLayerNorm,35.26,27.19,27.19,49.03,62.50,68.28,48.95
sm90_xmma_gemm_bf16bf16_bf16f32_f32_tn_n_tilesize128x256x64_warpgroupsize2x1x1_execute_segment_k_off_kernel__51_cublas,92.06,58.04,35.01,15.65,18.75,0,66.90
kernel4,74.46,40.15,40.15,85.86,100,28.30,52.79
sm90_xmma_gemm_bf16bf16_bf16f32_f32_tn_n_tilesize128x128x64_warpgroupsize1x1x1_execute_segment_k_off_kernel__51_cublas,86.55,65.97,34.35,17.47,18.75,0,70.46
kernel3,70.27,55.29,55.29,46.80,50,13.74,48.51
distribution_elementwise_grid_stride_kernel,73.22,15.73,10.84,57.29,75,45.80,100.05
vectorized_elementwise_kernel,21.58,64.57,64.57,61.10,100,49.20,51.20
vectorized_elementwise_kernel,30.91,81.53,81.53,77.95,100,0,41.79
vectorized_elementwise_kernel,21.77,69.10,69.10,62.00,100,0,52.03
reduce_kernel,24.16,46.48,46.48,47.70,56.25,10.04,16.18
unrolled_elementwise_kernel,0.48,4.90,0.45,6.75,100,40,91.28
sm90_xmma_gemm_bf16bf16_bf16f32_f32_nn_n_tilesize128x256x64_warpgroupsize2x1x1_execute_segment_k_off_kernel__51_cublas,91.93,57.97,35.41,15.70,18.75,72.12,58.71
sm90_xmma_gemm_bf16f32_bf16f32_f32_nt_n_tilesize128x128x64_warpgroupsize1x1x1_execute_segment_k_off_kernel__51_cublas,67.47,61.22,50.36,18.41,18.75,0,59.86
reduce_kernel,8.53,71.64,71.64,91.57,100,0.00,4.26
vectorized_elementwise_kernel,0.01,9.25,0.04,4.65,100,33.33,99.28
vectorized_elementwise_kernel,11.57,88.13,88.13,84.19,100,42.98,50.94
elementwise_kernel,70.30,25.54,25.54,88.50,100,46.02,53.68
vectorized_elementwise_kernel,20.76,51.88,51.88,50.07,100,0,52.42
vectorized_elementwise_kernel,21.10,52.46,52.46,51.82,100,0,52.49
vectorized_elementwise_kernel,20.65,76.12,76.12,79.70,100,0,36.65
vectorized_elementwise_kernel,26.32,52.66,52.66,53.83,100,0,53.44
vectorized_elementwise_kernel,21.67,79.10,79.10,78.73,100,0,37.02
vectorized_elementwise_kernel,63.96,44.03,44.03,82.47,100,0,52.36
vectorized_elementwise_kernel,20.02,49.71,49.71,52.85,100,0,52.60
vectorized_elementwise_kernel,27.05,52.19,52.19,52.03,100,33.33,52.10
vectorized_elementwise_kernel,20.85,51.21,51.21,52.07,100,0,52.27
vectorized_elementwise_kernel,26.30,52.68,52.68,52.51,100,0,52.57
vectorized_elementwise_kernel,20.82,52.15,52.15,54.86,100,0,52.83
vectorized_elementwise_kernel,20.34,75.72,75.72,79.81,100,0,36.02
vectorized_elementwise_kernel,26.24,52.59,52.59,53.04,100,0,52.44
vectorized_elementwise_kernel,20.36,74.69,74.69,79.64,100,0,36.99
vectorized_elementwise_kernel,21.42,78.41,78.41,80.10,100,0,36.17
vectorized_elementwise_kernel,26.08,51.79,51.79,51.14,100,0,53.48
vectorized_elementwise_kernel,20.24,50.56,50.56,52.75,100,0,53.05
vectorized_elementwise_kernel,21.46,79.08,79.08,79.23,100,0,35.70
vectorized_elementwise_kernel,21.37,78.59,78.59,79.26,100,0,36.38
reduce_kernel,19.54,31.37,31.37,50.07,56.25,13.59,17.80
unrolled_elementwise_kernel,0.28,5.71,0.33,6.37,100,40,95.38
sm90_xmma_gemm_bf16bf16_bf16f32_f32_nn_n_tilesize128x128x64_warpgroupsize1x1x1_execute_segment_k_off_kernel__51_cublas,86.70,66.10,34.45,17.42,18.75,0,62.60
sm90_xmma_gemm_bf16f32_bf16f32_f32_nt_n_tilesize128x128x64_warpgroupsize1x1x1_execute_segment_k_off_kernel__51_cublas,65.39,59.45,49.22,18.43,18.75,0,59.83
reduce_kernel,8.63,72.71,72.71,93.26,100,0.00,3.70
vectorized_elementwise_kernel,0.01,9.85,0.05,4.63,100,33.33,99.26
vectorized_elementwise_kernel,11.64,88.75,88.75,83.88,100,43.04,50.73
cuComputePartGradGammaBeta,55.59,84.29,46.24,57.85,62.50,76.97,11.50
cuComputeGradGammaBeta,12.10,9.02,9.02,35.21,50,0,39.68
cuComputeGradInput,30.66,44.76,44.76,48.82,56.25,70.35,25.69
vectorized_elementwise_kernel,20.97,85.03,85.03,81.38,100,0,34.95
unrolled_elementwise_kernel,0.56,5.85,0.52,5.80,100,40,92.70
unrolled_elementwise_kernel,0.56,5.91,0.52,6.06,100,40,93.46
vectorized_elementwise_kernel,0.01,9.73,0.03,7.31,100,0,99.53
kernel5,31.25,59.26,59.26,46.07,56.25,11.50,50.98
unrolled_elementwise_kernel,0.53,5.38,0.49,6.10,100,40,91.84
sm90_xmma_gemm_bf16bf16_bf16f32_f32_nn_n_tilesize128x256x64_warpgroupsize2x1x1_execute_segment_k_off_kernel__51_cublas,65.74,43.34,16.90,15.63,18.75,0,74.71
sm90_xmma_gemm_bf16f32_bf16f32_f32_nt_n_tilesize128x128x64_warpgroupsize1x1x1_execute_segment_k_off_kernel__51_cublas,65.64,59.62,35.90,17.61,18.75,0,69.18
sm90_xmma_gemm_bf16bf16_bf16f32_f32_nt_n_tilesize128x128x64_warpgroupsize1x1x1_execute_segment_k_off_kernel__51_cublas,35.03,68.96,68.96,14.11,18.75,0,38.85
sm90_xmma_gemm_bf16bf16_bf16f32_f32_tn_n_tilesize128x128x64_warpgroupsize1x1x1_execute_segment_k_off_kernel__51_cublas,33.04,53.42,46.90,17.81,18.75,0,92.03
vectorized_elementwise_kernel,30.68,87.27,87.27,80.34,100,0,43.55
scaled_upper_triang_masked_softmax_warp_backward,18.20,46.81,46.81,16.77,18.75,22.39,50.68
sm90_xmma_gemm_bf16bf16_bf16f32_f32_nn_n_tilesize128x128x64_warpgroupsize1x1x1_execute_segment_k_off_kernel__51_cublas,33.49,65.98,65.98,13.45,18.75,0,35.65
vectorized_elementwise_kernel,14.66,28.33,27.20,60.01,100,0,53.82
sm90_xmma_gemm_bf16bf16_bf16f32_f32_nt_n_tilesize128x128x64_warpgroupsize1x1x1_execute_segment_k_off_kernel__51_cublas,34.71,68.18,68.18,13.70,18.75,0,38.09
vectorized_elementwise_kernel,14.38,27.56,26.76,63.11,100,0,52.99
CatArrayBatchedCopy,67.77,47.76,13.41,80.93,100,6.29,79.95
sm90_xmma_gemm_bf16bf16_bf16f32_f32_nn_n_tilesize128x128x64_warpgroupsize1x1x1_execute_segment_k_off_kernel__51_cublas,85.69,65.65,29.99,17.43,18.75,0,68.44
sm90_xmma_gemm_bf16f32_bf16f32_f32_nt_n_tilesize128x128x64_warpgroupsize1x1x1_execute_segment_k_off_kernel__51_cublas,66.77,60.68,46.94,18.12,18.75,0,62.15
reduce_kernel,19.34,30.96,30.96,50.70,56.25,13.58,17.01
unrolled_elementwise_kernel,0.20,5.37,0.28,5.73,100,40.00,93.92
reduce_kernel,10.56,85.21,85.21,98.32,100,0,5.14
vectorized_elementwise_kernel,0.01,9.98,0.04,4.10,100,33.33,98.22
vectorized_elementwise_kernel,11.70,87.50,87.50,83.30,100,43.12,51.66
cuComputePartGradGammaBeta,56.00,84.93,46.34,57.86,62.50,76.97,10.96
cuComputeGradGammaBeta,12.36,9.24,9.24,37.42,50,0,39.91
cuComputeGradInput,30.54,44.49,44.49,48.42,56.25,70.36,26.22
vectorized_elementwise_kernel,21.83,85.52,85.52,81.12,100,31.12,35.32
unrolled_elementwise_kernel,0.55,5.62,0.51,6.24,100,40,90.54
unrolled_elementwise_kernel,0.54,5.55,0.51,6.51,100,40,90.95
vectorized_elementwise_kernel,0.01,11.27,0.04,6.32,100,0,99.54
kernel5,31.25,59.06,59.06,46.31,56.25,11.47,51.72
unrolled_elementwise_kernel,0.55,5.61,0.51,6.41,100,40,90.29
sm90_xmma_gemm_bf16bf16_bf16f32_f32_nn_n_tilesize128x256x64_warpgroupsize2x1x1_execute_segment_k_off_kernel__51_cublas,92.08,58.06,35.41,15.65,18.75,72.12,57.77
sm90_xmma_gemm_bf16f32_bf16f32_f32_nt_n_tilesize128x128x64_warpgroupsize1x1x1_execute_segment_k_off_kernel__51_cublas,67.29,61.03,50.28,18.29,18.75,0,60.09
reduce_kernel,9.93,83.69,83.69,84.99,100,0.00,4.43
vectorized_elementwise_kernel,0.01,9.65,0.04,4.84,100,33.33,99.15
vectorized_elementwise_kernel,11.60,89.09,89.09,84.43,100,43.03,51.00
kernel6,72.77,65.23,65.23,85.66,100,21.07,37.84
reduce_kernel,19.25,30.92,30.92,48.13,56.25,13.62,18.86
unrolled_elementwise_kernel,0.28,5.55,0.33,6.31,100,40,93.35
sm90_xmma_gemm_bf16bf16_bf16f32_f32_nn_n_tilesize128x128x64_warpgroupsize1x1x1_execute_segment_k_off_kernel__51_cublas,86.60,66.01,37.09,17.43,18.75,0,67.56
sm90_xmma_gemm_bf16f32_bf16f32_f32_nt_n_tilesize128x128x64_warpgroupsize1x1x1_execute_segment_k_off_kernel__51_cublas,65.97,59.97,49.39,18.09,18.75,0,59.84
reduce_kernel,8.59,72.98,72.98,92.85,100,0.00,3.53
vectorized_elementwise_kernel,0.01,9.87,0.05,4.61,100,33.33,99.11
vectorized_elementwise_kernel,11.56,87.99,87.99,84.32,100,43.07,50.92
cuComputePartGradGammaBeta,56.36,85.49,46.98,57.78,62.50,76.97,12.91
cuComputeGradGammaBeta,11.84,8.96,8.84,34.42,50,0,41.74
cuComputeGradInput,30.64,44.27,44.27,47.90,56.25,70.29,25.41
vectorized_elementwise_kernel,21.87,85.67,85.67,81.68,100,31.10,34.70
unrolled_elementwise_kernel,0.55,5.63,0.52,5.99,100,40,90.59
unrolled_elementwise_kernel,0.54,5.43,0.50,6.07,100,40,90.50
vectorized_elementwise_kernel,0.01,10.76,0.03,5.61,100,0,99.56
kernel5,31.83,60.14,60.14,45.36,56.25,11.47,51.39
unrolled_elementwise_kernel,0.54,5.53,0.50,6.38,100,40,89.58
sm90_xmma_gemm_bf16bf16_bf16f32_f32_nn_n_tilesize128x256x64_warpgroupsize2x1x1_execute_segment_k_off_kernel__51_cublas,65.53,41.95,16.55,15.63,18.75,0,74.55
sm90_xmma_gemm_bf16f32_bf16f32_f32_nt_n_tilesize128x128x64_warpgroupsize1x1x1_execute_segment_k_off_kernel__51_cublas,66.00,59.95,35.92,17.60,18.75,0,69.81
sm90_xmma_gemm_bf16bf16_bf16f32_f32_nt_n_tilesize128x128x64_warpgroupsize1x1x1_execute_segment_k_off_kernel__51_cublas,34.17,66.83,66.83,13.87,18.75,0,38.58
sm90_xmma_gemm_bf16bf16_bf16f32_f32_tn_n_tilesize128x128x64_warpgroupsize1x1x1_execute_segment_k_off_kernel__51_cublas,32.79,53.69,47.29,17.79,18.75,0,92.56
vectorized_elementwise_kernel,30.21,86.00,86.00,78.62,100,0,43.14
scaled_upper_triang_masked_softmax_warp_backward,18.25,46.90,46.90,16.67,18.75,22.37,51.66
sm90_xmma_gemm_bf16bf16_bf16f32_f32_nn_n_tilesize128x128x64_warpgroupsize1x1x1_execute_segment_k_off_kernel__51_cublas,34.56,67.88,67.88,13.78,18.75,0,37.00
vectorized_elementwise_kernel,14.57,28.17,27.07,60.54,100,0,54.24
sm90_xmma_gemm_bf16bf16_bf16f32_f32_nt_n_tilesize128x128x64_warpgroupsize1x1x1_execute_segment_k_off_kernel__51_cublas,34.80,68.44,68.44,13.35,18.75,0,39.50
vectorized_elementwise_kernel,14.71,28.33,27.26,60.73,100,0,53.47
CatArrayBatchedCopy,67.72,46.94,13.41,80.43,100,6.38,79.68
sm90_xmma_gemm_bf16bf16_bf16f32_f32_nn_n_tilesize128x128x64_warpgroupsize1x1x1_execute_segment_k_off_kernel__51_cublas,85.72,65.68,27.10,17.41,18.75,0,67.41
sm90_xmma_gemm_bf16f32_bf16f32_f32_nt_n_tilesize128x128x64_warpgroupsize1x1x1_execute_segment_k_off_kernel__51_cublas,67.30,61.17,46.39,18.15,18.75,0,62.06
reduce_kernel,19.67,31.46,31.46,52.56,56.25,13.26,17.21
unrolled_elementwise_kernel,0.21,5.63,0.29,6.24,100,40.00,95.32
reduce_kernel,10.52,85.00,85.00,98.91,100,0,5.37
vectorized_elementwise_kernel,0.01,9.61,0.04,4.88,100,33.33,99.49
vectorized_elementwise_kernel,11.61,87.49,87.49,83.90,100,43.17,51.55
cuComputePartGradGammaBeta,55.97,84.88,46.95,58.09,62.50,76.98,13.42
cuComputeGradGammaBeta,12.36,9.34,9.24,35.70,50,0,40.96
cuComputeGradInput,30.81,44.80,44.80,48.47,56.25,70.44,25.90
vectorized_elementwise_kernel,21.94,86.20,86.20,80.02,100,31.14,34.96
unrolled_elementwise_kernel,0.54,5.62,0.50,6.31,100,40,93.13
unrolled_elementwise_kernel,0.54,5.53,0.51,5.67,100,40,91.23
vectorized_elementwise_kernel,0.01,10.87,0.03,6.30,100,0,98.14
kernel5,31.43,59.38,59.38,45.46,56.25,11.47,51.81
unrolled_elementwise_kernel,0.53,5.44,0.49,6.60,100,40,90.51
sm90_xmma_gemm_bf16bf16_bf16f32_f32_nn_n_tilesize128x256x64_warpgroupsize2x1x1_execute_segment_k_off_kernel__51_cublas,92.19,58.13,35.58,15.65,18.75,72.12,62.56
sm90_xmma_gemm_bf16f32_bf16f32_f32_nt_n_tilesize128x128x64_warpgroupsize1x1x1_execute_segment_k_off_kernel__51_cublas,66.18,60.01,50.21,18.34,18.75,0,59.38
reduce_kernel,9.32,78.95,78.95,84.65,100,0.00,3.76
vectorized_elementwise_kernel,0.01,9.99,0.04,4.54,100,33.33,98.28
vectorized_elementwise_kernel,11.50,88.58,88.58,84.22,100,42.99,50.95
kernel6,73.24,65.77,65.77,86.57,100,21.07,37.66
reduce_kernel,19.53,31.38,31.38,49.26,56.25,13.57,18.61
unrolled_elementwise_kernel,0.28,5.52,0.33,6.23,100,40,90.88
sm90_xmma_gemm_bf16bf16_bf16f32_f32_nn_n_tilesize128x128x64_warpgroupsize1x1x1_execute_segment_k_off_kernel__51_cublas,86.40,65.87,33.40,17.42,18.75,0,71.06
sm90_xmma_gemm_bf16f32_bf16f32_f32_nt_n_tilesize128x128x64_warpgroupsize1x1x1_execute_segment_k_off_kernel__51_cublas,66.08,60.08,49.43,17.95,18.75,0,59.87
reduce_kernel,8.66,73.02,73.02,93.55,100,0.00,3.45
vectorized_elementwise_kernel,0.01,9.92,0.05,4.66,100,33.33,99.62
vectorized_elementwise_kernel,11.60,88.34,88.34,83.63,100,42.99,51.04
cuComputePartGradGammaBeta,56.27,85.35,46.86,57.54,62.50,76.97,12.18
cuComputeGradGammaBeta,12.13,9.31,9.07,34.71,50,0,42.42
cuComputeGradInput,30.81,44.84,44.84,48.20,56.25,70.31,25.54
vectorized_elementwise_kernel,21.97,85.83,85.83,80.44,100,31.08,34.67
unrolled_elementwise_kernel,0.53,5.46,0.49,6.35,100,40,90.45
unrolled_elementwise_kernel,0.56,5.84,0.52,6.09,100,40,92.14
vectorized_elementwise_kernel,0.01,10.44,0.03,6.36,100,0,99.50
kernel5,31.60,59.91,59.91,45.52,56.25,11.47,51.36
unrolled_elementwise_kernel,0.52,5.45,0.49,6.13,100,40,92.47
sm90_xmma_gemm_bf16bf16_bf16f32_f32_nn_n_tilesize128x256x64_warpgroupsize2x1x1_execute_segment_k_off_kernel__51_cublas,65.46,42.75,16.64,15.65,18.75,0,73.84
sm90_xmma_gemm_bf16f32_bf16f32_f32_nt_n_tilesize128x128x64_warpgroupsize1x1x1_execute_segment_k_off_kernel__51_cublas,66.88,60.77,35.62,17.51,18.75,0,70.89
sm90_xmma_gemm_bf16bf16_bf16f32_f32_nt_n_tilesize128x128x64_warpgroupsize1x1x1_execute_segment_k_off_kernel__51_cublas,34.00,67.08,67.08,13.81,18.75,0,38.85
sm90_xmma_gemm_bf16bf16_bf16f32_f32_tn_n_tilesize128x128x64_warpgroupsize1x1x1_execute_segment_k_off_kernel__51_cublas,32.71,51.74,45.84,17.80,18.75,0,94.02
vectorized_elementwise_kernel,30.62,87.30,87.30,80.47,100,0,43.53
scaled_upper_triang_masked_softmax_warp_backward,18.13,46.71,46.71,16.61,18.75,22.46,51.36
sm90_xmma_gemm_bf16bf16_bf16f32_f32_nn_n_tilesize128x128x64_warpgroupsize1x1x1_execute_segment_k_off_kernel__51_cublas,34.15,67.35,67.35,14.10,18.75,0,37.13
vectorized_elementwise_kernel,14.74,28.30,27.25,55.37,100,0,53.34
sm90_xmma_gemm_bf16bf16_bf16f32_f32_nt_n_tilesize128x128x64_warpgroupsize1x1x1_execute_segment_k_off_kernel__51_cublas,34.62,68.32,68.32,13.73,18.75,0,39.24
vectorized_elementwise_kernel,14.56,28.08,27.00,57.83,100,0,53.32
CatArrayBatchedCopy,61.21,43.15,12.04,80.27,100,6.34,79.98
sm90_xmma_gemm_bf16bf16_bf16f32_f32_nn_n_tilesize128x128x64_warpgroupsize1x1x1_execute_segment_k_off_kernel__51_cublas,85.80,65.75,29.21,17.42,18.75,0,66.50
sm90_xmma_gemm_bf16f32_bf16f32_f32_nt_n_tilesize128x128x64_warpgroupsize1x1x1_execute_segment_k_off_kernel__51_cublas,66.31,60.25,46.87,18.13,18.75,0,61.89
reduce_kernel,19.26,30.61,30.61,52.59,56.25,13.21,16.53
unrolled_elementwise_kernel,0.21,5.50,0.29,6.22,100,40.00,94.13
reduce_kernel,10.40,83.98,83.98,99.33,100,0,4.99
vectorized_elementwise_kernel,0.01,9.60,0.05,5.27,100,33.33,98.16
vectorized_elementwise_kernel,11.71,87.70,87.70,82.91,100,43.16,51.61
cuComputePartGradGammaBeta,55.79,84.63,46.44,57.90,62.50,76.97,12.16
cuComputeGradGammaBeta,12.75,9.54,9.54,36.25,50,0,39.05
cuComputeGradInput,30.27,44.09,44.09,48.55,56.25,70.49,26.12
vectorized_elementwise_kernel,21.84,85.53,85.53,81.93,100,31.10,35.02
unrolled_elementwise_kernel,0.54,5.48,0.50,6.21,100,40,90.59
unrolled_elementwise_kernel,0.55,5.58,0.51,6.48,100,40,90.67
vectorized_elementwise_kernel,0.01,10.53,0.03,6.29,100,0,100.83
kernel5,31.20,58.96,58.96,44.81,56.25,11.50,51.91
unrolled_elementwise_kernel,0.55,5.62,0.52,6.51,100,40,90.75
sm90_xmma_gemm_bf16bf16_bf16f32_f32_nn_n_tilesize128x256x64_warpgroupsize2x1x1_execute_segment_k_off_kernel__51_cublas,92.21,58.15,35.42,15.65,18.75,72.12,62.25
sm90_xmma_gemm_bf16f32_bf16f32_f32_nt_n_tilesize128x128x64_warpgroupsize1x1x1_execute_segment_k_off_kernel__51_cublas,66.13,59.98,50.24,18.22,18.75,0,59.63
reduce_kernel,9.96,84.25,84.25,84.48,100,0.00,3.57
vectorized_elementwise_kernel,0.01,9.97,0.05,4.00,100,33.33,99.37
vectorized_elementwise_kernel,11.45,88.13,88.13,83.57,100,42.99,50.61
kernel6,73.86,66.44,66.44,87.19,100,21.08,37.75
reduce_kernel,19.75,31.80,31.80,50.07,56.25,13.63,18.53
unrolled_elementwise_kernel,0.26,5.30,0.32,5.86,100,40,93.21
sm90_xmma_gemm_bf16bf16_bf16f32_f32_nn_n_tilesize128x128x64_warpgroupsize1x1x1_execute_segment_k_off_kernel__51_cublas,86.59,66.02,34.10,17.40,18.75,0,67.56
sm90_xmma_gemm_bf16f32_bf16f32_f32_nt_n_tilesize128x128x64_warpgroupsize1x1x1_execute_segment_k_off_kernel__51_cublas,65.55,59.59,49.57,18.20,18.75,0,59.73
reduce_kernel,8.58,73.18,73.18,92.98,100,0.00,3.22
vectorized_elementwise_kernel,0.01,9.76,0.05,4.15,100,33.33,99.18
vectorized_elementwise_kernel,11.58,87.90,87.90,83.47,100,43.08,50.82
cuComputePartGradGammaBeta,55.85,84.71,46.58,57.48,62.50,76.97,11.02
cuComputeGradGammaBeta,12.43,9.31,9.29,37.05,50,0,41.44
cuComputeGradInput,30.60,44.04,44.04,47.97,56.25,70.40,26.29
vectorized_elementwise_kernel,22.01,85.90,85.90,79.40,100,31.04,35.08
unrolled_elementwise_kernel,0.54,5.50,0.50,6.51,100,40,89.88
unrolled_elementwise_kernel,0.55,5.70,0.51,5.93,100,40,91.73
vectorized_elementwise_kernel,0.01,11.34,0.03,6.15,100,0,98.61
kernel5,31.37,59.42,59.42,45.43,56.25,11.47,51.50
unrolled_elementwise_kernel,0.53,5.39,0.49,6.27,100,40,92.47
sm90_xmma_gemm_bf16bf16_bf16f32_f32_nn_n_tilesize128x256x64_warpgroupsize2x1x1_execute_segment_k_off_kernel__51_cublas,66.00,43.71,16.83,15.63,18.75,0,74.92
sm90_xmma_gemm_bf16f32_bf16f32_f32_nt_n_tilesize128x128x64_warpgroupsize1x1x1_execute_segment_k_off_kernel__51_cublas,66.90,60.76,36.02,17.99,18.75,0,70.71
sm90_xmma_gemm_bf16bf16_bf16f32_f32_nt_n_tilesize128x128x64_warpgroupsize1x1x1_execute_segment_k_off_kernel__51_cublas,33.21,65.59,65.59,13.85,18.75,0,38.21
sm90_xmma_gemm_bf16bf16_bf16f32_f32_tn_n_tilesize128x128x64_warpgroupsize1x1x1_execute_segment_k_off_kernel__51_cublas,32.70,52.78,47.15,17.76,18.75,0,93.87
vectorized_elementwise_kernel,30.34,86.51,86.51,80.64,100,0,43.58
scaled_upper_triang_masked_softmax_warp_backward,18.26,46.73,46.73,16.74,18.75,22.37,51.45
sm90_xmma_gemm_bf16bf16_bf16f32_f32_nn_n_tilesize128x128x64_warpgroupsize1x1x1_execute_segment_k_off_kernel__51_cublas,34.31,67.54,67.54,14.04,18.75,0,37.05
vectorized_elementwise_kernel,14.49,27.93,26.93,60.22,100,0,53.86
sm90_xmma_gemm_bf16bf16_bf16f32_f32_nt_n_tilesize128x128x64_warpgroupsize1x1x1_execute_segment_k_off_kernel__51_cublas,34.16,67.51,67.51,13.98,18.75,0,39.51
vectorized_elementwise_kernel,13.92,26.71,25.72,57.84,100,0,54.20
CatArrayBatchedCopy,67.75,48.28,13.30,79.83,100,6.41,79.44
sm90_xmma_gemm_bf16bf16_bf16f32_f32_nn_n_tilesize128x128x64_warpgroupsize1x1x1_execute_segment_k_off_kernel__51_cublas,85.71,65.67,29.77,17.43,18.75,0,65.83
sm90_xmma_gemm_bf16f32_bf16f32_f32_nt_n_tilesize128x128x64_warpgroupsize1x1x1_execute_segment_k_off_kernel__51_cublas,68.31,62.07,46.88,18.00,18.75,0,62.37
reduce_kernel,19.13,30.60,30.60,55.01,56.25,13.26,17.11
unrolled_elementwise_kernel,0.20,5.54,0.28,6.23,100,40.00,94.58
reduce_kernel,10.42,84.21,84.21,97.29,100,0,5.08
vectorized_elementwise_kernel,0.01,10.16,0.05,4.60,100,33.33,98.62
vectorized_elementwise_kernel,11.59,86.89,86.89,84.24,100,43.11,51.72
cuComputePartGradGammaBeta,56.03,85.00,46.75,57.79,62.50,76.97,15.42
cuComputeGradGammaBeta,12.25,9.25,9.13,35.80,50,0,40.53
cuComputeGradInput,30.41,43.85,43.85,48.39,56.25,70.46,25.81
vectorized_elementwise_kernel,21.85,85.68,85.68,80.84,100,31.14,35.08
unrolled_elementwise_kernel,0.54,5.54,0.50,6.70,100,40,91.14
unrolled_elementwise_kernel,0.53,5.52,0.50,6.22,100,40,92.72
vectorized_elementwise_kernel,0.01,11.41,0.04,4.89,100,0,100.76
kernel5,31.26,59.16,59.16,44.56,56.25,11.50,51.18
unrolled_elementwise_kernel,0.54,5.51,0.50,6.57,100,40,92.15
sm90_xmma_gemm_bf16bf16_bf16f32_f32_nn_n_tilesize128x256x64_warpgroupsize2x1x1_execute_segment_k_off_kernel__51_cublas,91.95,57.98,35.18,15.65,18.75,72.12,58.78
sm90_xmma_gemm_bf16f32_bf16f32_f32_nt_n_tilesize128x128x64_warpgroupsize1x1x1_execute_segment_k_off_kernel__51_cublas,67.41,61.13,50.14,18.18,18.75,0,60.08
reduce_kernel,9.90,83.46,83.46,84.23,100,0.00,3.48
vectorized_elementwise_kernel,0.01,9.71,0.05,4.63,100,33.33,99.39
vectorized_elementwise_kernel,11.61,88.99,88.99,84.57,100,42.89,50.92
kernel6,73.91,66.73,66.73,83.51,100,21.03,37.83
reduce_kernel,19.74,31.76,31.76,48.00,56.25,13.61,18.56
unrolled_elementwise_kernel,0.27,5.49,0.33,6.31,100,40,93.61
sm90_xmma_gemm_bf16bf16_bf16f32_f32_nn_n_tilesize128x128x64_warpgroupsize1x1x1_execute_segment_k_off_kernel__51_cublas,86.69,66.09,34.37,17.42,18.75,0,65.86
sm90_xmma_gemm_bf16f32_bf16f32_f32_nt_n_tilesize128x128x64_warpgroupsize1x1x1_execute_segment_k_off_kernel__51_cublas,65.86,59.88,49.50,18.20,18.75,0,59.58
reduce_kernel,8.62,72.66,72.66,93.46,100,0.00,3.80
vectorized_elementwise_kernel,0.01,9.78,0.04,4.91,100,33.33,100.73
vectorized_elementwise_kernel,11.54,87.92,87.92,83.94,100,43.04,50.78
cuComputePartGradGammaBeta,56.20,85.26,46.85,57.94,62.50,76.97,11.16
cuComputeGradGammaBeta,12.29,9.32,9.18,34.04,50,0,41.46
cuComputeGradInput,30.88,44.68,44.68,48.51,56.25,70.32,25.62
vectorized_elementwise_kernel,21.88,85.80,85.80,81.45,100,31.14,34.78
unrolled_elementwise_kernel,0.55,5.62,0.51,5.98,100,40,90.19
unrolled_elementwise_kernel,0.54,5.55,0.51,6.43,100,40,88.46
vectorized_elementwise_kernel,0.01,9.38,0.03,6.14,100,0,98.39
kernel5,31.37,59.55,59.55,44.39,56.25,11.50,52.01
unrolled_elementwise_kernel,0.52,5.27,0.48,6.38,100,40,88.60
sm90_xmma_gemm_bf16bf16_bf16f32_f32_nn_n_tilesize128x256x64_warpgroupsize2x1x1_execute_segment_k_off_kernel__51_cublas,65.88,43.68,16.95,15.65,18.75,0,75.77
sm90_xmma_gemm_bf16f32_bf16f32_f32_nt_n_tilesize128x128x64_warpgroupsize1x1x1_execute_segment_k_off_kernel__51_cublas,66.20,60.14,36.27,17.66,18.75,0,69.31
sm90_xmma_gemm_bf16bf16_bf16f32_f32_nt_n_tilesize128x128x64_warpgroupsize1x1x1_execute_segment_k_off_kernel__51_cublas,33.97,67.17,67.17,13.70,18.75,0,37.67
sm90_xmma_gemm_bf16bf16_bf16f32_f32_tn_n_tilesize128x128x64_warpgroupsize1x1x1_execute_segment_k_off_kernel__51_cublas,32.56,52.99,46.90,17.84,18.75,0,92.31
vectorized_elementwise_kernel,30.19,85.93,85.93,79.30,100,0,42.75
scaled_upper_triang_masked_softmax_warp_backward,18.37,47.27,47.27,16.97,18.75,21.47,51.50
sm90_xmma_gemm_bf16bf16_bf16f32_f32_nn_n_tilesize128x128x64_warpgroupsize1x1x1_execute_segment_k_off_kernel__51_cublas,33.64,65.96,65.96,14.01,18.75,0,36.94
vectorized_elementwise_kernel,14.60,28.23,27.13,60.97,100,0,53.60
sm90_xmma_gemm_bf16bf16_bf16f32_f32_nt_n_tilesize128x128x64_warpgroupsize1x1x1_execute_segment_k_off_kernel__51_cublas,34.51,68.16,68.16,13.44,18.75,0,39.33
vectorized_elementwise_kernel,14.73,28.52,27.43,59.81,100,0,53.59
CatArrayBatchedCopy,67.39,49.14,13.34,80.42,100,6.38,81.13
sm90_xmma_gemm_bf16bf16_bf16f32_f32_nn_n_tilesize128x128x64_warpgroupsize1x1x1_execute_segment_k_off_kernel__51_cublas,85.78,65.72,27.51,17.43,18.75,0,68.61
sm90_xmma_gemm_bf16f32_bf16f32_f32_nt_n_tilesize128x128x64_warpgroupsize1x1x1_execute_segment_k_off_kernel__51_cublas,66.91,60.81,46.92,18.17,18.75,0,62.37
reduce_kernel,19.45,31.11,31.11,51.42,56.25,13.24,16.88
unrolled_elementwise_kernel,0.20,5.28,0.28,6.07,100,40.00,94.00
reduce_kernel,10.50,84.61,84.61,99.09,100,0,5.15
vectorized_elementwise_kernel,0.01,10.12,0.05,5.50,100,33.33,99.39
vectorized_elementwise_kernel,11.72,87.62,87.62,83.69,100,43.05,51.57
cuComputePartGradGammaBeta,56.40,85.55,46.63,57.61,62.50,76.97,13.08
cuComputeGradGammaBeta,12.66,9.48,9.48,34.78,50,0,40.02
cuComputeGradInput,30.44,44.34,44.34,48.17,56.25,70.26,25.88
vectorized_elementwise_kernel,21.79,85.59,85.59,81.36,100,31.07,34.96
unrolled_elementwise_kernel,0.54,5.51,0.50,6.36,100,40,90.33
unrolled_elementwise_kernel,0.55,5.55,0.51,6.46,100,40,90.48
vectorized_elementwise_kernel,0.01,11.49,0.04,6.13,100,0,99.55
kernel5,31.12,59.00,59.00,45.17,56.25,11.50,51.77
unrolled_elementwise_kernel,0.55,5.61,0.51,5.94,100,40,91.27
sm90_xmma_gemm_bf16bf16_bf16f32_f32_nn_n_tilesize128x256x64_warpgroupsize2x1x1_execute_segment_k_off_kernel__51_cublas,92.11,58.08,35.60,15.66,18.75,72.12,59.54
sm90_xmma_gemm_bf16f32_bf16f32_f32_nt_n_tilesize128x128x64_warpgroupsize1x1x1_execute_segment_k_off_kernel__51_cublas,67.43,61.18,49.83,18.30,18.75,0,60.02
reduce_kernel,9.93,84.50,84.50,85.98,100,0.00,4.44
vectorized_elementwise_kernel,0.01,9.39,0.04,4.76,100,33.33,99.32
vectorized_elementwise_kernel,11.50,88.49,88.49,84.00,100,42.98,50.92
kernel6,73.86,66.36,66.36,85.59,100,21.09,38.34
reduce_kernel,19.77,31.80,31.80,49.74,56.25,13.71,18.61
unrolled_elementwise_kernel,0.27,5.32,0.32,6.14,100,40,93.55
sm90_xmma_gemm_bf16bf16_bf16f32_f32_nn_n_tilesize128x128x64_warpgroupsize1x1x1_execute_segment_k_off_kernel__51_cublas,86.58,66.01,37.29,17.43,18.75,0,74.14
sm90_xmma_gemm_bf16f32_bf16f32_f32_nt_n_tilesize128x128x64_warpgroupsize1x1x1_execute_segment_k_off_kernel__51_cublas,65.80,59.82,49.27,18.21,18.75,0,59.89
reduce_kernel,8.62,72.99,72.99,92.04,100,0.00,3.94
vectorized_elementwise_kernel,0.01,9.48,0.04,4.84,100,33.33,99.43
vectorized_elementwise_kernel,11.54,88.11,88.11,83.49,100,43.11,51.00
cuComputePartGradGammaBeta,55.87,84.75,46.57,57.59,62.50,76.97,12.40
cuComputeGradGammaBeta,12.35,9.25,9.25,34.80,50,0,39.46
cuComputeGradInput,30.41,44.01,44.01,48.07,56.25,70.36,25.55
vectorized_elementwise_kernel,21.45,84.27,84.27,83.54,100,31.13,34.72
unrolled_elementwise_kernel,0.52,5.45,0.48,6.40,100,40,92.25
unrolled_elementwise_kernel,0.55,5.84,0.52,6.56,100,40,92.97
vectorized_elementwise_kernel,0.01,10.85,0.03,6.11,100,0,99.41
kernel5,31.88,60.10,60.10,44.85,56.25,11.50,51.41
unrolled_elementwise_kernel,0.52,5.42,0.48,6.37,100,40,93.47
sm90_xmma_gemm_bf16bf16_bf16f32_f32_nn_n_tilesize128x256x64_warpgroupsize2x1x1_execute_segment_k_off_kernel__51_cublas,65.66,42.76,16.86,15.65,18.75,0,75.70
sm90_xmma_gemm_bf16f32_bf16f32_f32_nt_n_tilesize128x128x64_warpgroupsize1x1x1_execute_segment_k_off_kernel__51_cublas,66.25,60.16,36.02,17.82,18.75,0,70.53
sm90_xmma_gemm_bf16bf16_bf16f32_f32_nt_n_tilesize128x128x64_warpgroupsize1x1x1_execute_segment_k_off_kernel__51_cublas,35.13,68.44,68.44,13.49,18.75,0,39.08
sm90_xmma_gemm_bf16bf16_bf16f32_f32_tn_n_tilesize128x128x64_warpgroupsize1x1x1_execute_segment_k_off_kernel__51_cublas,32.27,52.05,46.06,17.75,18.75,0,91.94
vectorized_elementwise_kernel,30.58,87.32,87.32,80.51,100,0,43.07
scaled_upper_triang_masked_softmax_warp_backward,18.09,46.51,46.51,16.43,18.75,21.48,51.72
sm90_xmma_gemm_bf16bf16_bf16f32_f32_nn_n_tilesize128x128x64_warpgroupsize1x1x1_execute_segment_k_off_kernel__51_cublas,34.55,67.72,67.72,13.90,18.75,0,36.95
vectorized_elementwise_kernel,14.79,28.54,27.45,57.58,100,0,53.99
sm90_xmma_gemm_bf16bf16_bf16f32_f32_nt_n_tilesize128x128x64_warpgroupsize1x1x1_execute_segment_k_off_kernel__51_cublas,35.57,69.84,69.84,13.92,18.75,0,39.08
vectorized_elementwise_kernel,14.84,28.57,27.58,64.85,100,0,54.13
CatArrayBatchedCopy,66.24,47.20,13.18,80.77,100,6.33,80.96
sm90_xmma_gemm_bf16bf16_bf16f32_f32_nn_n_tilesize128x128x64_warpgroupsize1x1x1_execute_segment_k_off_kernel__51_cublas,85.72,65.67,27.34,17.43,18.75,0,69.07
sm90_xmma_gemm_bf16f32_bf16f32_f32_nt_n_tilesize128x128x64_warpgroupsize1x1x1_execute_segment_k_off_kernel__51_cublas,66.26,60.21,46.79,18.10,18.75,0,62.25
reduce_kernel,19.48,31.02,31.02,52.70,56.25,13.27,17.01
unrolled_elementwise_kernel,0.21,5.61,0.29,5.78,100,40.00,95.74
reduce_kernel,10.48,84.68,84.68,98.94,100,0,5.04
vectorized_elementwise_kernel,0.01,9.98,0.05,4.74,100,33.33,101.28
vectorized_elementwise_kernel,11.62,86.97,86.97,84.25,100,43.12,51.47
cuComputePartGradGammaBeta,55.39,84.03,46.11,58.19,62.50,76.98,12.52
cuComputeGradGammaBeta,12.34,9.23,9.23,35.63,50,0,40.20
cuComputeGradInput,30.96,44.59,44.59,48.11,56.25,70.40,26.12
vectorized_elementwise_kernel,21.43,83.94,83.94,79.93,100,31.09,35.23
unrolled_elementwise_kernel,0.56,5.81,0.52,5.89,100,40,90.15
unrolled_elementwise_kernel,0.54,5.55,0.50,6.11,100,40,91.65
vectorized_elementwise_kernel,0.01,11.20,0.04,6.28,100,0,101.05
kernel5,30.69,58.05,58.05,45.27,56.25,11.52,51.83
unrolled_elementwise_kernel,0.57,5.71,0.52,6.06,100,40,90.25
sm90_xmma_gemm_bf16bf16_bf16f32_f32_nn_n_tilesize128x256x64_warpgroupsize2x1x1_execute_segment_k_off_kernel__51_cublas,92.00,58.01,35.31,15.66,18.75,72.12,64.37
sm90_xmma_gemm_bf16f32_bf16f32_f32_nt_n_tilesize128x128x64_warpgroupsize1x1x1_execute_segment_k_off_kernel__51_cublas,65.86,59.72,50.30,18.27,18.75,0,59.65
reduce_kernel,10.01,83.85,83.85,83.83,100,0.00,4.24
vectorized_elementwise_kernel,0.01,9.46,0.04,4.69,100,33.33,99.43
vectorized_elementwise_kernel,11.56,89.00,89.00,84.21,100,42.97,50.88
kernel6,73.78,66.09,66.09,85.48,100,21.18,37.60
reduce_kernel,19.54,31.33,31.33,49.97,56.25,13.59,18.55
unrolled_elementwise_kernel,0.27,5.54,0.33,6.04,100,40,94.33
sm90_xmma_gemm_bf16bf16_bf16f32_f32_nn_n_tilesize128x128x64_warpgroupsize1x1x1_execute_segment_k_off_kernel__51_cublas,86.62,66.05,34.04,17.41,18.75,0,68.03
sm90_xmma_gemm_bf16f32_bf16f32_f32_nt_n_tilesize128x128x64_warpgroupsize1x1x1_execute_segment_k_off_kernel__51_cublas,65.85,59.85,49.61,18.35,18.75,0,59.52
reduce_kernel,8.55,72.43,72.43,92.13,100,0,3.50
vectorized_elementwise_kernel,0.01,10.10,0.05,4.61,100,33.33,100.85
vectorized_elementwise_kernel,11.59,88.30,88.30,83.30,100,43.09,50.84
cuComputePartGradGammaBeta,56.34,85.45,47.15,58.04,62.50,76.97,11.08
cuComputeGradGammaBeta,12.70,9.52,9.52,36.35,50,0,39.84
cuComputeGradInput,29.97,43.66,43.66,48.20,56.25,70.43,25.93
vectorized_elementwise_kernel,21.81,85.38,85.38,81.16,100,31.01,35.14
unrolled_elementwise_kernel,0.54,5.45,0.50,6.01,100,40,91.64
unrolled_elementwise_kernel,0.51,5.27,0.48,5.92,100,40,90.93
vectorized_elementwise_kernel,0.01,10.48,0.03,5.41,100,0,99.50
kernel5,31.37,59.55,59.55,44.67,56.25,11.46,51.75
unrolled_elementwise_kernel,0.53,5.46,0.49,6.14,100,40,92.16
sm90_xmma_gemm_bf16bf16_bf16f32_f32_nn_n_tilesize128x256x64_warpgroupsize2x1x1_execute_segment_k_off_kernel__51_cublas,65.61,42.61,16.71,15.65,18.75,0,75.48
sm90_xmma_gemm_bf16f32_bf16f32_f32_nt_n_tilesize128x128x64_warpgroupsize1x1x1_execute_segment_k_off_kernel__51_cublas,66.52,60.41,35.48,17.58,18.75,0,70.66
sm90_xmma_gemm_bf16bf16_bf16f32_f32_nt_n_tilesize128x128x64_warpgroupsize1x1x1_execute_segment_k_off_kernel__51_cublas,34.10,67.10,67.10,13.48,18.75,0,38.37
sm90_xmma_gemm_bf16bf16_bf16f32_f32_tn_n_tilesize128x128x64_warpgroupsize1x1x1_execute_segment_k_off_kernel__51_cublas,33.06,53.32,47.40,17.75,18.75,0,93.02
vectorized_elementwise_kernel,30.50,86.37,86.37,78.73,100,0,43.60
scaled_upper_triang_masked_softmax_warp_backward,18.21,46.79,46.79,16.88,18.75,22.38,51.68
sm90_xmma_gemm_bf16bf16_bf16f32_f32_nn_n_tilesize128x128x64_warpgroupsize1x1x1_execute_segment_k_off_kernel__51_cublas,34.64,68.07,68.07,13.80,18.75,0,36.10
vectorized_elementwise_kernel,14.71,28.40,27.39,60.81,100,0,53.64
sm90_xmma_gemm_bf16bf16_bf16f32_f32_nt_n_tilesize128x128x64_warpgroupsize1x1x1_execute_segment_k_off_kernel__51_cublas,34.41,67.68,67.68,13.82,18.75,0,39.21
vectorized_elementwise_kernel,14.69,28.25,27.25,58.84,100,0,53.04
CatArrayBatchedCopy,66.98,46.22,13.24,80.01,100,6.35,78.66
sm90_xmma_gemm_bf16bf16_bf16f32_f32_nn_n_tilesize128x128x64_warpgroupsize1x1x1_execute_segment_k_off_kernel__51_cublas,85.77,65.72,29.41,17.42,18.75,0,66.48
sm90_xmma_gemm_bf16f32_bf16f32_f32_nt_n_tilesize128x128x64_warpgroupsize1x1x1_execute_segment_k_off_kernel__51_cublas,66.37,60.32,46.82,18.10,18.75,0,61.95
reduce_kernel,19.47,30.97,30.97,49.61,56.25,13.54,16.96
unrolled_elementwise_kernel,0.22,5.71,0.30,6.43,100,40.00,94.16
reduce_kernel,10.45,84.39,84.39,98.10,100,0,5.23
vectorized_elementwise_kernel,0.01,9.55,0.04,4.71,100,33.33,99.29
vectorized_elementwise_kernel,11.59,86.73,86.73,83.30,100,43.17,51.64
cuComputePartGradGammaBeta,55.89,84.77,46.80,57.90,62.50,76.95,12.78
cuComputeGradGammaBeta,12.03,8.96,8.93,35.34,50,0,40.92
cuComputeGradInput,30.50,44.34,44.34,48.12,56.25,70.50,26.09
vectorized_elementwise_kernel,21.82,85.37,85.37,83.15,100,31.16,35.10
unrolled_elementwise_kernel,0.55,5.53,0.51,6.27,100,40,90.73
unrolled_elementwise_kernel,0.53,5.41,0.50,5.95,100,40,90.49
vectorized_elementwise_kernel,0.01,11.24,0.04,6.20,100,0,98.48
kernel5,30.95,58.78,58.78,44.96,56.25,11.51,51.88
unrolled_elementwise_kernel,0.54,5.59,0.51,6.74,100,40,90.13
sm90_xmma_gemm_bf16bf16_bf16f32_f32_nn_n_tilesize128x256x64_warpgroupsize2x1x1_execute_segment_k_off_kernel__51_cublas,92.20,58.14,35.48,15.65,18.75,72.12,61.55
sm90_xmma_gemm_bf16f32_bf16f32_f32_nt_n_tilesize128x128x64_warpgroupsize1x1x1_execute_segment_k_off_kernel__51_cublas,67.17,60.90,50.01,18.28,18.75,0,59.78
reduce_kernel,9.93,84.62,84.62,83.99,100,0.00,4.05
vectorized_elementwise_kernel,0.01,10.12,0.05,4.65,100,33.33,97.98
vectorized_elementwise_kernel,11.54,88.77,88.77,83.80,100,42.99,50.97
kernel6,74.09,66.62,66.62,85.33,100,21.06,38.10
reduce_kernel,19.74,31.58,31.58,48.71,56.25,13.63,20.20
unrolled_elementwise_kernel,0.27,5.30,0.32,6.42,100,40,91.59
sm90_xmma_gemm_bf16bf16_bf16f32_f32_nn_n_tilesize128x128x64_warpgroupsize1x1x1_execute_segment_k_off_kernel__51_cublas,86.57,66.00,34.26,17.43,18.75,0,72.85
sm90_xmma_gemm_bf16f32_bf16f32_f32_nt_n_tilesize128x128x64_warpgroupsize1x1x1_execute_segment_k_off_kernel__51_cublas,65.61,59.64,49.61,18.37,18.75,0,59.74
reduce_kernel,8.58,72.70,72.70,91.97,100,0.00,3.22
vectorized_elementwise_kernel,0.01,10.03,0.05,3.92,100,33.33,97.79
vectorized_elementwise_kernel,11.62,88.52,88.52,83.84,100,43.04,50.80
cuComputePartGradGammaBeta,56.47,85.65,47.11,57.46,62.50,76.98,12.75
cuComputeGradGammaBeta,12.78,10.08,9.57,33.46,50,0,44.30
cuComputeGradInput,31.00,44.62,44.62,48.51,56.25,70.33,25.67
vectorized_elementwise_kernel,21.93,85.85,85.85,83.15,100,31.14,34.95
unrolled_elementwise_kernel,0.54,5.45,0.50,6.26,100,40,89.82
unrolled_elementwise_kernel,0.55,5.74,0.51,6.60,100,40,92.92
vectorized_elementwise_kernel,0.01,10.89,0.03,6.23,100,0,100.96
kernel5,31.97,60.52,60.52,45.58,56.25,11.48,51.57
unrolled_elementwise_kernel,0.53,5.60,0.50,6.77,100,40,92.64
sm90_xmma_gemm_bf16bf16_bf16f32_f32_nn_n_tilesize128x256x64_warpgroupsize2x1x1_execute_segment_k_off_kernel__51_cublas,65.85,43.44,16.95,15.65,18.75,0,74.87
sm90_xmma_gemm_bf16f32_bf16f32_f32_nt_n_tilesize128x128x64_warpgroupsize1x1x1_execute_segment_k_off_kernel__51_cublas,66.97,60.81,36.78,17.92,18.75,0,70.32
sm90_xmma_gemm_bf16bf16_bf16f32_f32_nt_n_tilesize128x128x64_warpgroupsize1x1x1_execute_segment_k_off_kernel__51_cublas,34.36,67.79,67.79,13.76,18.75,0,38.61
sm90_xmma_gemm_bf16bf16_bf16f32_f32_tn_n_tilesize128x128x64_warpgroupsize1x1x1_execute_segment_k_off_kernel__51_cublas,32.88,52.96,46.77,17.80,18.75,0,92.26
vectorized_elementwise_kernel,30.19,86.11,86.11,80.08,100,0,43.19
scaled_upper_triang_masked_softmax_warp_backward,18.17,46.80,46.80,16.57,18.75,21.85,51.84
sm90_xmma_gemm_bf16bf16_bf16f32_f32_nn_n_tilesize128x128x64_warpgroupsize1x1x1_execute_segment_k_off_kernel__51_cublas,34.29,67.50,67.50,14.19,18.75,0,37.00
vectorized_elementwise_kernel,14.78,28.58,27.45,60.37,100,0,54.47
sm90_xmma_gemm_bf16bf16_bf16f32_f32_nt_n_tilesize128x128x64_warpgroupsize1x1x1_execute_segment_k_off_kernel__51_cublas,34.11,67.51,67.51,13.69,18.75,0,39.59
vectorized_elementwise_kernel,14.64,28.01,27.07,58.88,100,0,53.50
CatArrayBatchedCopy,67.46,46.93,13.35,80.29,100,6.34,80.53
sm90_xmma_gemm_bf16bf16_bf16f32_f32_nn_n_tilesize128x128x64_warpgroupsize1x1x1_execute_segment_k_off_kernel__51_cublas,85.73,65.69,29.70,17.42,18.75,0,66.35
sm90_xmma_gemm_bf16f32_bf16f32_f32_nt_n_tilesize128x128x64_warpgroupsize1x1x1_execute_segment_k_off_kernel__51_cublas,66.77,60.68,46.86,18.16,18.75,0,62.14
reduce_kernel,19.29,30.87,30.87,52.32,56.25,13.20,16.90
unrolled_elementwise_kernel,0.20,5.44,0.28,6.23,100,40.00,95.07
reduce_kernel,10.57,85.36,85.36,99.07,100,0,5.35
vectorized_elementwise_kernel,0.01,10.04,0.04,5.10,100,33.33,100.32
vectorized_elementwise_kernel,11.48,86.73,86.73,83.08,100,43.11,51.74
cuComputePartGradGammaBeta,56.01,84.95,46.79,57.56,62.50,76.97,13.19
cuComputeGradGammaBeta,12.26,9.17,9.12,34.07,50,0,40.79
cuComputeGradInput,30.89,44.78,44.78,48.40,56.25,70.36,26.00
vectorized_elementwise_kernel,21.86,85.71,85.71,80.87,100,31.11,35.05
unrolled_elementwise_kernel,0.53,5.50,0.50,6.01,100,40,91.71
unrolled_elementwise_kernel,0.55,5.77,0.52,6.43,100,40,93.02
vectorized_elementwise_kernel,0.01,11.51,0.04,6.15,100,0,100.77
kernel5,31.47,59.39,59.39,44.30,56.25,11.48,52.18
unrolled_elementwise_kernel,0.53,5.53,0.50,6.09,100,40,91.39
sm90_xmma_gemm_bf16bf16_bf16f32_f32_nn_n_tilesize128x256x64_warpgroupsize2x1x1_execute_segment_k_off_kernel__51_cublas,92.07,58.05,35.18,15.65,18.75,72.12,64.59
sm90_xmma_gemm_bf16f32_bf16f32_f32_nt_n_tilesize128x128x64_warpgroupsize1x1x1_execute_segment_k_off_kernel__51_cublas,67.69,61.45,50.42,18.23,18.75,0,60.28
reduce_kernel,9.90,84.47,84.47,84.03,100,0,4.13
vectorized_elementwise_kernel,0.01,9.95,0.05,4.26,100,33.33,100.41
vectorized_elementwise_kernel,11.53,88.72,88.72,84.24,100,43.10,50.84
kernel6,73.45,65.87,65.87,86.06,100,21.11,37.77
reduce_kernel,19.08,30.74,30.74,49.17,56.25,13.58,18.01
unrolled_elementwise_kernel,0.27,5.37,0.32,6.34,100,40,93.46
sm90_xmma_gemm_bf16bf16_bf16f32_f32_nn_n_tilesize128x128x64_warpgroupsize1x1x1_execute_segment_k_off_kernel__51_cublas,86.51,65.96,34.12,17.43,18.75,0,68.48
sm90_xmma_gemm_bf16f32_bf16f32_f32_nt_n_tilesize128x128x64_warpgroupsize1x1x1_execute_segment_k_off_kernel__51_cublas,65.47,59.52,49.57,18.45,18.75,0,59.78
reduce_kernel,8.65,72.89,72.89,92.94,100,0.00,3.28
vectorized_elementwise_kernel,0.01,9.90,0.04,4.50,100,33.33,100.75
vectorized_elementwise_kernel,11.57,88.09,88.09,83.98,100,43.04,50.81
cuComputePartGradGammaBeta,56.37,85.50,47.10,57.65,62.50,76.97,10.19
cuComputeGradGammaBeta,12.09,9.04,9.04,34.83,50,0,39.82
cuComputeGradInput,30.63,44.65,44.65,48.31,56.25,70.40,26.04
vectorized_elementwise_kernel,22.11,86.04,86.04,79.98,100,31.16,35.14
unrolled_elementwise_kernel,0.53,5.39,0.65,5.93,100,40,88.77
unrolled_elementwise_kernel,0.56,5.68,0.52,6.12,100,40,90.06
vectorized_elementwise_kernel,0.01,11.09,0.03,4.78,100,0,99.65
kernel5,31.93,60.11,60.11,45.01,56.25,11.46,51.50
unrolled_elementwise_kernel,0.53,5.34,0.49,5.77,100,40,90.24
sm90_xmma_gemm_bf16bf16_bf16f32_f32_nn_n_tilesize128x256x64_warpgroupsize2x1x1_execute_segment_k_off_kernel__51_cublas,65.76,43.23,16.74,15.60,18.75,0,75.98
sm90_xmma_gemm_bf16f32_bf16f32_f32_nt_n_tilesize128x128x64_warpgroupsize1x1x1_execute_segment_k_off_kernel__51_cublas,66.54,60.44,36.48,17.72,18.75,0,68.87
sm90_xmma_gemm_bf16bf16_bf16f32_f32_nt_n_tilesize128x128x64_warpgroupsize1x1x1_execute_segment_k_off_kernel__51_cublas,34.03,67.21,67.21,13.47,18.75,0,38.72
sm90_xmma_gemm_bf16bf16_bf16f32_f32_tn_n_tilesize128x128x64_warpgroupsize1x1x1_execute_segment_k_off_kernel__51_cublas,32.72,52.98,46.76,17.90,18.75,0,91.68
vectorized_elementwise_kernel,30.38,86.65,86.65,80.03,100,0,43.32
scaled_upper_triang_masked_softmax_warp_backward,18.16,46.79,46.79,16.64,18.75,22.33,51.81
sm90_xmma_gemm_bf16bf16_bf16f32_f32_nn_n_tilesize128x128x64_warpgroupsize1x1x1_execute_segment_k_off_kernel__51_cublas,34.18,67.34,67.34,13.49,18.75,0,37.23
vectorized_elementwise_kernel,14.67,28.17,27.25,58.76,100,0,55.10
sm90_xmma_gemm_bf16bf16_bf16f32_f32_nt_n_tilesize128x128x64_warpgroupsize1x1x1_execute_segment_k_off_kernel__51_cublas,35.19,69.28,69.28,14.18,18.75,0,39.79
vectorized_elementwise_kernel,14.73,28.15,27.24,59.74,100,0,53.92
CatArrayBatchedCopy,66.21,46.73,13.11,79.98,100,6.33,80.74
sm90_xmma_gemm_bf16bf16_bf16f32_f32_nn_n_tilesize128x128x64_warpgroupsize1x1x1_execute_segment_k_off_kernel__51_cublas,85.69,65.66,27.21,17.42,18.75,0,69.17
sm90_xmma_gemm_bf16f32_bf16f32_f32_nt_n_tilesize128x128x64_warpgroupsize1x1x1_execute_segment_k_off_kernel__51_cublas,66.79,60.68,46.97,18.24,18.75,0,62.13
reduce_kernel,19.65,31.31,31.31,52.22,56.25,13.52,16.97
unrolled_elementwise_kernel,0.21,5.59,0.29,6.14,100,40.00,93.10
reduce_kernel,10.46,84.41,84.41,100.39,100,0,5.43
vectorized_elementwise_kernel,0.01,9.98,0.05,4.72,100,33.33,99.31
vectorized_elementwise_kernel,11.67,87.51,87.51,82.89,100,43.12,51.62
cuComputePartGradGammaBeta,56.50,85.70,46.77,58.19,62.50,76.98,13.13
cuComputeGradGammaBeta,12.35,9.33,9.22,37.05,50,0,41.10
cuComputeGradInput,30.99,44.82,44.82,48.38,56.25,70.37,25.84
vectorized_elementwise_kernel,21.80,85.52,85.52,82.25,100,31.21,35.05
unrolled_elementwise_kernel,0.54,5.58,0.50,6.15,100,40,92.74
unrolled_elementwise_kernel,0.55,5.70,0.51,6.40,100,40,91.49
vectorized_elementwise_kernel,0.01,11.41,0.04,6.29,100,0,100.45
kernel5,31.17,59.12,59.12,45.24,56.25,11.46,52.01
unrolled_elementwise_kernel,0.54,5.64,0.50,6.35,100,40,90.70
sm90_xmma_gemm_bf16bf16_bf16f32_f32_nn_n_tilesize128x256x64_warpgroupsize2x1x1_execute_segment_k_off_kernel__51_cublas,92.36,58.24,35.45,15.66,18.75,72.12,60.75
sm90_xmma_gemm_bf16f32_bf16f32_f32_nt_n_tilesize128x128x64_warpgroupsize1x1x1_execute_segment_k_off_kernel__51_cublas,67.66,61.36,50.44,18.29,18.75,0,60.03
reduce_kernel,10.01,84.15,84.15,85.52,100,0.00,3.90
vectorized_elementwise_kernel,0.01,9.42,0.04,4.77,100,33.33,100.63
vectorized_elementwise_kernel,11.57,89.10,89.10,84.27,100,42.97,50.88
kernel6,73.39,65.80,65.80,83.56,100,21.02,38.39
reduce_kernel,20.09,32.28,32.28,49.09,56.25,13.59,18.84
unrolled_elementwise_kernel,0.27,5.44,0.33,6.23,100,40,92.54
sm90_xmma_gemm_bf16bf16_bf16f32_f32_nn_n_tilesize128x128x64_warpgroupsize1x1x1_execute_segment_k_off_kernel__51_cublas,86.59,66.02,34.23,17.41,18.75,0,68.71
sm90_xmma_gemm_bf16f32_bf16f32_f32_nt_n_tilesize128x128x64_warpgroupsize1x1x1_execute_segment_k_off_kernel__51_cublas,66.76,60.70,49.36,18.31,18.75,0,59.92
reduce_kernel,8.55,72.86,72.86,92.73,100,0,3.43
vectorized_elementwise_kernel,0.01,9.85,0.05,4.76,100,33.33,99.37
vectorized_elementwise_kernel,11.51,87.79,87.79,84.67,100,43.10,51.01
cuComputePartGradGammaBeta,56.11,85.11,46.76,57.75,62.50,76.97,11.88
cuComputeGradGammaBeta,12.41,9.27,9.27,37.39,50,0,38.83
cuComputeGradInput,30.53,44.57,44.57,47.77,56.25,70.30,25.66
vectorized_elementwise_kernel,21.81,85.60,85.60,81.66,100,31.17,35.01
unrolled_elementwise_kernel,0.56,5.66,0.52,6.08,100,40,89.62
unrolled_elementwise_kernel,0.55,5.62,0.51,6.38,100,40,89.98
vectorized_elementwise_kernel,0.01,11.12,0.04,4.95,100,0,99.50
kernel5,31.25,58.99,58.99,44.47,56.25,11.50,51.19
unrolled_elementwise_kernel,0.54,5.46,0.50,5.79,100,40,88.30
sm90_xmma_gemm_bf16bf16_bf16f32_f32_nn_n_tilesize128x256x64_warpgroupsize2x1x1_execute_segment_k_off_kernel__51_cublas,65.48,42.98,16.78,15.64,18.75,0,73.86
sm90_xmma_gemm_bf16f32_bf16f32_f32_nt_n_tilesize128x128x64_warpgroupsize1x1x1_execute_segment_k_off_kernel__51_cublas,65.89,59.84,36.52,17.65,18.75,0,68.20
sm90_xmma_gemm_bf16bf16_bf16f32_f32_nt_n_tilesize128x128x64_warpgroupsize1x1x1_execute_segment_k_off_kernel__51_cublas,34.01,67.01,67.01,13.77,18.75,0,39.18
sm90_xmma_gemm_bf16bf16_bf16f32_f32_tn_n_tilesize128x128x64_warpgroupsize1x1x1_execute_segment_k_off_kernel__51_cublas,32.85,52.15,46.51,17.85,18.75,0,92.35
vectorized_elementwise_kernel,30.22,86.08,86.08,79.50,100,0,43.00
scaled_upper_triang_masked_softmax_warp_backward,18.17,46.51,46.51,16.52,18.75,21.92,51.77
sm90_xmma_gemm_bf16bf16_bf16f32_f32_nn_n_tilesize128x128x64_warpgroupsize1x1x1_execute_segment_k_off_kernel__51_cublas,34.39,67.42,67.42,13.88,18.75,0,37.55
vectorized_elementwise_kernel,14.18,27.28,26.37,56.71,100,0,54.02
sm90_xmma_gemm_bf16bf16_bf16f32_f32_nt_n_tilesize128x128x64_warpgroupsize1x1x1_execute_segment_k_off_kernel__51_cublas,34.49,67.83,67.83,13.72,18.75,0,39.05
vectorized_elementwise_kernel,14.63,28.15,27.18,60.40,100,0,53.14
CatArrayBatchedCopy,67.39,47.15,13.33,80.15,100,6.30,79.91
sm90_xmma_gemm_bf16bf16_bf16f32_f32_nn_n_tilesize128x128x64_warpgroupsize1x1x1_execute_segment_k_off_kernel__51_cublas,85.72,65.67,30.12,17.43,18.75,0,66.74
sm90_xmma_gemm_bf16f32_bf16f32_f32_nt_n_tilesize128x128x64_warpgroupsize1x1x1_execute_segment_k_off_kernel__51_cublas,66.88,60.78,46.83,18.27,18.75,0,61.91
reduce_kernel,19.55,31.26,31.26,51.26,56.25,13.29,17.18
unrolled_elementwise_kernel,0.21,5.54,0.29,6.36,100,40.00,95.17
reduce_kernel,10.47,84.52,84.52,98.77,100,0,5.09
vectorized_elementwise_kernel,0.01,8.75,0.04,4.22,100,33.33,99.36
vectorized_elementwise_kernel,11.64,87.31,87.31,83.74,100,43.06,51.72
cuComputePartGradGammaBeta,55.45,84.11,46.31,57.90,62.50,76.97,12.38
cuComputeGradGammaBeta,12.72,9.52,9.52,34.51,50,0,40.32
cuComputeGradInput,30.75,44.45,44.45,48.05,56.25,70.36,26.37
vectorized_elementwise_kernel,21.84,85.05,85.05,81.27,100,31.17,35.28
unrolled_elementwise_kernel,0.55,5.68,0.51,6.16,100,40,92.33
unrolled_elementwise_kernel,0.56,5.73,0.52,6.25,100,40,90.67
vectorized_elementwise_kernel,0.01,10.91,0.03,6.15,100,0,99.37
kernel5,31.75,60.14,60.14,44.38,56.25,11.47,51.82
unrolled_elementwise_kernel,0.55,5.52,0.51,6.18,100,40,90.75
sm90_xmma_gemm_bf16bf16_bf16f32_f32_nn_n_tilesize128x256x64_warpgroupsize2x1x1_execute_segment_k_off_kernel__51_cublas,92.22,58.15,35.57,15.66,18.75,72.12,61.80
sm90_xmma_gemm_bf16f32_bf16f32_f32_nt_n_tilesize128x128x64_warpgroupsize1x1x1_execute_segment_k_off_kernel__51_cublas,66.49,60.30,49.96,18.05,18.75,0,60.02
reduce_kernel,9.98,83.44,83.44,86.03,100,0.00,4.21
vectorized_elementwise_kernel,0.01,10.02,0.04,4.60,100,33.33,99.29
vectorized_elementwise_kernel,11.53,88.63,88.63,84.40,100,42.99,50.96
kernel6,74.74,65.97,65.97,85.61,100,21.06,37.83
reduce_kernel,19.67,31.60,31.60,47.77,56.25,13.55,18.53
unrolled_elementwise_kernel,0.27,5.50,0.49,5.95,100,40,90.83
sm90_xmma_gemm_bf16bf16_bf16f32_f32_nn_n_tilesize128x128x64_warpgroupsize1x1x1_execute_segment_k_off_kernel__51_cublas,86.54,65.98,33.48,17.43,18.75,0,72.26
sm90_xmma_gemm_bf16f32_bf16f32_f32_nt_n_tilesize128x128x64_warpgroupsize1x1x1_execute_segment_k_off_kernel__51_cublas,65.43,59.48,49.64,18.52,18.75,0,59.60
reduce_kernel,8.63,73.05,73.05,90.43,100,0,3.41
vectorized_elementwise_kernel,0.01,10.01,0.05,4.58,100,33.33,99.23
vectorized_elementwise_kernel,11.54,88.06,88.06,84.39,100,43.06,50.88
cuComputePartGradGammaBeta,56.00,84.91,46.42,57.56,62.50,76.98,12.44
cuComputeGradGammaBeta,12.17,9.07,9.07,32.76,50,0,40.41
cuComputeGradInput,30.51,44.35,44.35,48.30,56.25,70.38,25.59
vectorized_elementwise_kernel,21.89,85.79,85.79,81.26,100,31.17,34.86
unrolled_elementwise_kernel,0.53,5.44,0.50,6.13,100,40,90.28
unrolled_elementwise_kernel,0.55,5.56,0.51,6.02,100,40,90.43
vectorized_elementwise_kernel,0.01,11.33,0.04,8.14,100,0,99.51
kernel5,31.25,59.20,59.20,44.88,56.25,11.52,51.43
unrolled_elementwise_kernel,0.51,5.16,0.47,7.13,100,40,90.31
sm90_xmma_gemm_bf16bf16_bf16f32_f32_nn_n_tilesize128x256x64_warpgroupsize2x1x1_execute_segment_k_off_kernel__51_cublas,65.65,43.06,16.79,15.63,18.75,0,74.78
sm90_xmma_gemm_bf16f32_bf16f32_f32_nt_n_tilesize128x128x64_warpgroupsize1x1x1_execute_segment_k_off_kernel__51_cublas,66.93,60.79,36.41,17.57,18.75,0,69.76
sm90_xmma_gemm_bf16bf16_bf16f32_f32_nt_n_tilesize128x128x64_warpgroupsize1x1x1_execute_segment_k_off_kernel__51_cublas,33.50,66.36,66.36,13.77,18.75,0,38.29
sm90_xmma_gemm_bf16bf16_bf16f32_f32_tn_n_tilesize128x128x64_warpgroupsize1x1x1_execute_segment_k_off_kernel__51_cublas,33.02,52.61,46.49,17.76,18.75,0,92.76
vectorized_elementwise_kernel,30.61,87.54,87.54,80.10,100,0,43.44
scaled_upper_triang_masked_softmax_warp_backward,18.19,46.81,46.81,16.61,18.75,22.48,51.53
sm90_xmma_gemm_bf16bf16_bf16f32_f32_nn_n_tilesize128x128x64_warpgroupsize1x1x1_execute_segment_k_off_kernel__51_cublas,34.34,67.12,67.12,13.74,18.75,0,37.47
vectorized_elementwise_kernel,14.66,28.29,27.21,60.59,100,0,54.46
sm90_xmma_gemm_bf16bf16_bf16f32_f32_nt_n_tilesize128x128x64_warpgroupsize1x1x1_execute_segment_k_off_kernel__51_cublas,33.83,66.84,66.84,13.91,18.75,0,38.76
vectorized_elementwise_kernel,14.64,28.20,27.19,60.63,100,0,53.80
CatArrayBatchedCopy,66.82,46.92,13.00,79.96,100,6.31,78.71
sm90_xmma_gemm_bf16bf16_bf16f32_f32_nn_n_tilesize128x128x64_warpgroupsize1x1x1_execute_segment_k_off_kernel__51_cublas,85.74,65.70,30.11,17.43,18.75,0,65.86
sm90_xmma_gemm_bf16f32_bf16f32_f32_nt_n_tilesize128x128x64_warpgroupsize1x1x1_execute_segment_k_off_kernel__51_cublas,66.89,60.77,46.67,18.12,18.75,0,62.08
reduce_kernel,19.47,31.18,31.18,51.59,56.25,13.26,17.06
unrolled_elementwise_kernel,0.20,5.54,0.28,6.03,100,40.00,93.15
reduce_kernel,10.58,85.29,85.29,97.37,100,0,5.07
vectorized_elementwise_kernel,0.01,9.73,0.04,4.77,100,33.33,100.47
vectorized_elementwise_kernel,11.63,87.07,87.07,84.06,100,43.16,51.49
cuComputePartGradGammaBeta,56.43,85.59,47.23,58.10,62.50,76.98,11.33
cuComputeGradGammaBeta,12.68,9.63,9.48,36.16,50,0,41.48
cuComputeGradInput,30.25,44.21,44.21,48.37,56.25,70.39,25.91
vectorized_elementwise_kernel,21.58,84.74,84.74,81.53,100,31.11,34.96
unrolled_elementwise_kernel,0.57,5.74,0.53,6.21,100,40,90.16
unrolled_elementwise_kernel,0.57,5.76,0.53,5.89,100,40,91.48
vectorized_elementwise_kernel,0.01,10.37,0.03,6.02,100,0,99.20
kernel5,31.54,59.55,59.55,44.12,56.25,11.50,51.65
unrolled_elementwise_kernel,0.56,5.83,0.52,6.31,100,40,92.07
sm90_xmma_gemm_bf16bf16_bf16f32_f32_nn_n_tilesize128x256x64_warpgroupsize2x1x1_execute_segment_k_off_kernel__51_cublas,92.34,58.23,35.59,15.66,18.75,72.12,61.54
sm90_xmma_gemm_bf16f32_bf16f32_f32_nt_n_tilesize128x128x64_warpgroupsize1x1x1_execute_segment_k_off_kernel__51_cublas,66.96,60.71,50.23,18.50,18.75,0,59.68
reduce_kernel,9.88,84.13,84.13,84.66,100,0.00,3.93
vectorized_elementwise_kernel,0.01,9.90,0.05,4.20,100,33.33,100.26
vectorized_elementwise_kernel,11.47,88.51,88.51,84.03,100,43.01,50.99
kernel6,73.09,65.84,65.84,86.08,100,21.07,38.34
reduce_kernel,19.46,31.33,31.33,50.27,56.25,13.51,18.45
unrolled_elementwise_kernel,0.28,5.76,0.34,6.28,100,40,93.39
sm90_xmma_gemm_bf16bf16_bf16f32_f32_nn_n_tilesize128x128x64_warpgroupsize1x1x1_execute_segment_k_off_kernel__51_cublas,86.52,65.97,34.35,17.42,18.75,0,68.94
sm90_xmma_gemm_bf16f32_bf16f32_f32_nt_n_tilesize128x128x64_warpgroupsize1x1x1_execute_segment_k_off_kernel__51_cublas,65.52,59.57,49.56,18.25,18.75,0,59.79
reduce_kernel,8.69,73.45,73.45,92.37,100,0.00,3.49
vectorized_elementwise_kernel,0.01,9.90,0.05,4.84,100,33.33,97.67
vectorized_elementwise_kernel,11.54,87.97,87.97,84.00,100,43.02,50.93
cuComputePartGradGammaBeta,55.69,84.47,46.57,57.56,62.50,76.98,11.49
cuComputeGradGammaBeta,12.07,9.00,9.00,34.11,50,0,39.83
cuComputeGradInput,30.58,44.40,44.40,48.10,56.25,70.35,25.81
vectorized_elementwise_kernel,21.85,85.64,85.64,81.20,100,31.13,34.85
unrolled_elementwise_kernel,0.53,5.41,0.49,6.13,100,40,90.77
unrolled_elementwise_kernel,0.56,5.72,0.64,6.12,100,40,90.04
vectorized_elementwise_kernel,30.59,81.21,81.21,75.52,100,0,43.05
reduce_kernel,24.84,48.08,48.08,49.71,56.25,10.28,13.45
unrolled_elementwise_kernel,0.52,5.29,0.48,6.31,100,40,90.32
sm90_xmma_gemm_bf16bf16_bf16f32_f32_nn_n_tilesize128x256x64_warpgroupsize2x1x1_execute_segment_k_off_kernel__51_cublas,65.68,43.26,16.87,15.64,18.75,0,74.44
sm90_xmma_gemm_bf16f32_bf16f32_f32_nt_n_tilesize128x128x64_warpgroupsize1x1x1_execute_segment_k_off_kernel__51_cublas,66.98,60.86,35.92,17.74,18.75,0,70.25
sm90_xmma_gemm_bf16bf16_bf16f32_f32_nt_n_tilesize128x128x64_warpgroupsize1x1x1_execute_segment_k_off_kernel__51_cublas,34.43,67.96,67.96,13.85,18.75,0,38.71
sm90_xmma_gemm_bf16bf16_bf16f32_f32_tn_n_tilesize128x128x64_warpgroupsize1x1x1_execute_segment_k_off_kernel__51_cublas,32.95,52.68,47.01,17.77,18.75,0,92.07
vectorized_elementwise_kernel,30.43,86.64,86.64,80.23,100,0,43.58
scaled_upper_triang_masked_softmax_warp_backward,18.19,46.82,46.82,16.89,18.75,21.51,51.81
sm90_xmma_gemm_bf16bf16_bf16f32_f32_nn_n_tilesize128x128x64_warpgroupsize1x1x1_execute_segment_k_off_kernel__51_cublas,34.58,67.87,67.87,14.17,18.75,0,37.52
vectorized_elementwise_kernel,14.64,28.06,27.06,58.30,100,0,54.22
sm90_xmma_gemm_bf16bf16_bf16f32_f32_nt_n_tilesize128x128x64_warpgroupsize1x1x1_execute_segment_k_off_kernel__51_cublas,34.45,67.69,67.69,13.94,18.75,0,39.54
vectorized_elementwise_kernel,14.07,27.03,26.09,61.33,100,0,53.50
CatArrayBatchedCopy,66.88,47.16,13.23,80.26,100,6.29,80.08
sm90_xmma_gemm_bf16bf16_bf16f32_f32_nn_n_tilesize128x128x64_warpgroupsize1x1x1_execute_segment_k_off_kernel__51_cublas,85.81,65.75,30.91,17.43,18.75,0,65.22
sm90_xmma_gemm_bf16f32_bf16f32_f32_nt_n_tilesize128x128x64_warpgroupsize1x1x1_execute_segment_k_off_kernel__51_cublas,67.78,61.59,46.59,18.02,18.75,0,62.36
reduce_kernel,19.09,30.53,30.53,52.43,56.25,13.27,17.17
unrolled_elementwise_kernel,0.21,5.45,0.29,6.22,100,40.00,93.65
reduce_kernel,10.46,84.43,84.43,97.68,100,0,5.12
vectorized_elementwise_kernel,0.01,9.77,0.04,4.85,100,33.33,99.26
vectorized_elementwise_kernel,11.72,87.84,87.84,83.94,100,43.24,51.46
cuComputePartGradGammaBeta,56.02,84.95,46.74,57.97,62.50,76.97,13.81
cuComputeGradGammaBeta,12.55,9.37,9.37,34.78,50,0,40.36
cuComputeGradInput,30.29,44.16,44.16,47.79,56.25,70.33,25.71
vectorized_elementwise_kernel,21.75,85.18,85.18,80.32,100,31.07,34.94
unrolled_elementwise_kernel,0.54,5.50,0.50,6.34,100,40,91.10
unrolled_elementwise_kernel,0.55,5.60,0.51,6.17,100,40,89.83
vectorized_elementwise_kernel,30.90,81.71,81.71,79.78,100,0,43.22
vectorized_elementwise_kernel,17.72,36.11,23.90,11.75,100,0,100.14
embedding_backward_feature_kernel,27.48,15.79,15.79,84.21,100,33.44,36.95
unrolled_elementwise_kernel,62.38,63.63,63.63,91.65,100,34.77,41.27
reduce_kernel,10.86,81.02,81.02,98.66,100,0,6.51
vectorized_elementwise_kernel,0.01,9.37,0.05,4.63,100,33.33,99.37
vectorized_elementwise_kernel,11.65,86.03,86.03,82.46,100,43.27,51.63
elementwise_kernel,63.22,29.42,29.42,91.51,100,50.42,51.87
vectorized_elementwise_kernel,18.44,41.20,41.20,10.62,100,0,99.99
vectorized_elementwise_kernel,0.07,7.06,0.18,6.00,75,49.52,99.06
vectorized_elementwise_kernel,0.03,8.43,0.16,5.98,100,49.52,97.74
vectorized_elementwise_kernel,0.06,7.95,0.19,6.96,100,75,97.08
elementwise_kernel_with_index,0.14,10.61,0.03,3.19,100,0,99.51
DeviceRadixSortSingleTileKernel,0.22,3.33,0.16,12.44,12.50,60,95.21
indexing_backward_kernel,2.21,1.21,0.78,3.12,100,70.43,51.95
unrolled_elementwise_kernel,62.22,67.93,67.93,92.79,100,34.12,41.13
reduce_kernel,8.73,74.72,74.72,89.38,100,0.00,4.21
vectorized_elementwise_kernel,0.01,9.90,0.04,4.44,100,33.33,99.28
vectorized_elementwise_kernel,11.44,87.89,87.89,83.90,100,43.11,50.95
vectorized_elementwise_kernel,0.01,10.56,0.03,5.86,100,0,98.23
multi_tensor_apply_kernel,8.22,75.24,75.24,59.47,100,0.01,4.16
multi_tensor_apply_kernel,8.40,76.96,76.96,58.85,100,0.01,6.34
multi_tensor_apply_kernel,8.18,75.19,75.19,59.40,100,0.01,8.26
multi_tensor_apply_kernel,8.31,76.10,76.10,58.83,100,0.01,9.19
multi_tensor_apply_kernel,8.32,75.86,75.86,58.10,100,0.01,11.17
multi_tensor_apply_kernel,8.13,74.38,74.38,58.89,100,0.01,12.80
multi_tensor_apply_kernel,8.20,75.29,75.29,59.68,100,0.01,14.01
multi_tensor_apply_kernel,8.33,76.19,76.19,58.12,100,0.01,14.31
multi_tensor_apply_kernel,8.12,74.25,74.25,58.98,100,0.01,16.41
multi_tensor_apply_kernel,8.25,75.55,75.55,61.28,100,0.01,15.04
multi_tensor_apply_kernel,8.34,76.05,76.05,59.47,100,0.01,16.08
multi_tensor_apply_kernel,8.12,74.10,74.10,58.37,100,0.01,15.18
multi_tensor_apply_kernel,8.26,75.75,75.75,59.63,100,0.01,16.90
multi_tensor_apply_kernel,8.31,76.25,76.25,58.02,100,0.01,16.05
multi_tensor_apply_kernel,8.33,75.77,75.77,59.57,100,0.01,15.89
multi_tensor_apply_kernel,8.19,74.74,74.74,59.11,100,0.01,15.05
multi_tensor_apply_kernel,8.03,73.52,73.52,60.78,100,0.01,16.21
multi_tensor_apply_kernel,8.24,75.77,75.77,58.85,100,0.01,15.60
multi_tensor_apply_kernel,8.36,76.28,76.28,58.84,100,0.01,15.20
multi_tensor_apply_kernel,8.31,75.82,75.82,60.17,100,0.01,17.30
multi_tensor_apply_kernel,8.25,75.61,75.61,60.33,100,0.01,14.95
multi_tensor_apply_kernel,8.05,73.87,73.87,58.65,100,0.01,15.00
multi_tensor_apply_kernel,8.11,74.18,74.18,58.72,100,0.01,17.77
multi_tensor_apply_kernel,8.12,74.13,74.13,58.57,100,0.01,13.97
multi_tensor_apply_kernel,8.33,76.34,76.34,59.25,100,0.01,14.21
multi_tensor_apply_kernel,8.20,75.19,75.19,57.69,100,0.01,14.78
multi_tensor_apply_kernel,8.28,75.40,75.40,57.76,100,0.01,16.00
multi_tensor_apply_kernel,8.15,74.49,74.49,57.27,100,0.01,16.19
multi_tensor_apply_kernel,8.10,74.34,74.34,56.94,100,0.01,15.78
multi_tensor_apply_kernel,8.11,74.33,74.33,58.91,100,0.01,16.38
multi_tensor_apply_kernel,8.18,75.01,75.01,58.11,100,0.01,15.52
multi_tensor_apply_kernel,8.22,75.37,75.37,61.36,100,0.01,15.31
multi_tensor_apply_kernel,8.37,76.30,76.30,59.37,100,0.01,14.99
multi_tensor_apply_kernel,8.30,75.64,75.64,60.65,100,0.01,15.80
multi_tensor_apply_kernel,8.27,75.49,75.49,59.38,100,0.01,16.00
multi_tensor_apply_kernel,8.33,76.17,76.17,59.37,100,0.01,17.21
multi_tensor_apply_kernel,8.43,76.90,76.90,59.36,100,0.01,15.23
multi_tensor_apply_kernel,8.25,75.77,75.77,58.83,100,0.01,14.41
multi_tensor_apply_kernel,8.11,74.46,74.46,58.94,100,0.01,14.60
multi_tensor_apply_kernel,8.15,74.33,74.33,56.19,100,0.01,15.41
multi_tensor_apply_kernel,8.33,75.82,75.82,59.36,100,0.01,15.21
multi_tensor_apply_kernel,8.33,76.06,76.06,58.93,100,0.01,17.39
multi_tensor_apply_kernel,8.05,73.86,73.86,58.84,100,0.01,14.94
multi_tensor_apply_kernel,8.35,76.17,76.17,57.51,100,0.01,15.81
multi_tensor_apply_kernel,8.43,76.93,76.93,58.58,100,0.01,15.75
multi_tensor_apply_kernel,8.29,76.04,76.04,59.82,100,0.01,14.66
multi_tensor_apply_kernel,8.01,73.57,73.57,56.80,100,0.01,15.32
multi_tensor_apply_kernel,8.09,73.82,73.82,58.68,100,0.01,14.91
multi_tensor_apply_kernel,8.19,74.78,74.78,58.47,100,0.01,16.31
multi_tensor_apply_kernel,8.25,75.65,75.65,58.56,100,0.01,16.20
multi_tensor_apply_kernel,8.35,76.16,76.16,57.48,100,0.01,16.00
multi_tensor_apply_kernel,8.13,74.24,74.24,58.85,100,0.01,16.57
multi_tensor_apply_kernel,8.03,73.68,73.68,58.47,100,0.01,16.23
multi_tensor_apply_kernel,8.17,74.95,74.95,58.72,100,0.01,15.77
multi_tensor_apply_kernel,8.35,76.28,76.28,56.49,100,0.01,15.30
multi_tensor_apply_kernel,8.11,74.07,74.07,57.46,100,0.01,18.42
multi_tensor_apply_kernel,8.14,74.67,74.67,57.11,100,0.01,14.70
multi_tensor_apply_kernel,8.23,75.58,75.58,57.58,100,0.01,14.26
multi_tensor_apply_kernel,8.27,75.16,75.16,58.31,100,0.01,14.58
multi_tensor_apply_kernel,8.03,73.39,73.39,58.20,100,0.01,14.71
multi_tensor_apply_kernel,8.19,75.07,75.07,60.32,100,0.01,16.11
multi_tensor_apply_kernel,8.26,75.71,75.71,60.61,100,0.01,14.76
multi_tensor_apply_kernel,8.31,76.10,76.10,57.80,100,0.01,16.39
multi_tensor_apply_kernel,8.07,73.40,73.40,60.61,100,0.01,14.49
multi_tensor_apply_kernel,8.43,76.96,76.96,59.07,100,0.01,15.48
multi_tensor_apply_kernel,8.25,75.70,75.70,57.82,100,0.01,14.75
multi_tensor_apply_kernel,8.26,75.47,75.47,57.63,100,0.01,16.88
multi_tensor_apply_kernel,8.07,73.96,73.96,59.22,100,0.01,15.53
multi_tensor_apply_kernel,8.22,75.09,75.09,58.98,100,0.01,16.65
multi_tensor_apply_kernel,8.33,76.26,76.26,56.55,100,0.01,15.29
multi_tensor_apply_kernel,8.21,75.33,75.33,59.12,100,0.01,15.42
multi_tensor_apply_kernel,8.22,74.89,74.89,57.10,100,0.01,16.07
multi_tensor_apply_kernel,8.23,75.26,75.26,59.66,100,0.01,15.61
multi_tensor_apply_kernel,8.35,76.48,76.48,60.21,100,0.01,15.92
multi_tensor_apply_kernel,8.29,76.03,76.03,58.78,100,0.01,17.85
multi_tensor_apply_kernel,8.19,74.95,74.95,58.78,100,0.01,14.55
multi_tensor_apply_kernel,8.16,74.13,74.13,56.82,100,0.01,15.06
multi_tensor_apply_kernel,8.34,76.28,76.28,60.93,100,0.01,14.91
multi_tensor_apply_kernel,8.27,75.91,75.91,57.61,100,0.01,13.99
multi_tensor_apply_kernel,8.19,74.90,74.90,57.55,100,0.01,16.00
multi_tensor_apply_kernel,8.35,76.27,76.27,58.70,100,0.01,15.96
multi_tensor_apply_kernel,8.27,75.59,75.59,58.81,100,0.01,15.86
multi_tensor_apply_kernel,8.30,76.15,76.15,57.15,100,0.01,15.46
multi_tensor_apply_kernel,8.31,75.88,75.88,58.89,100,0.01,16.09
multi_tensor_apply_kernel,8.26,75.43,75.43,58.26,100,0.01,15.51
multi_tensor_apply_kernel,8.13,74.36,74.36,57.89,100,0.01,15.14
multi_tensor_apply_kernel,8.28,75.98,75.98,57.63,100,0.01,15.48
multi_tensor_apply_kernel,8.16,74.77,74.77,58.29,100,0.01,15.83
multi_tensor_apply_kernel,8.13,73.92,73.92,59.17,100,0.01,16.30
multi_tensor_apply_kernel,8.36,76.49,76.49,58.00,100,0.01,15.85
multi_tensor_apply_kernel,8.21,75.05,75.05,59.54,100,0.01,15.13
multi_tensor_apply_kernel,8.11,74.21,74.21,59.00,100,0.01,15.16
multi_tensor_apply_kernel,8.17,74.72,74.72,57.26,100,0.01,15.34
multi_tensor_apply_kernel,8.23,75.48,75.48,58.95,100,0.01,15.97
multi_tensor_apply_kernel,7.95,72.87,72.87,58.35,100,0.01,15.18
multi_tensor_apply_kernel,8.43,77.00,77.00,60.48,100,0.01,15.47
multi_tensor_apply_kernel,8.36,76.16,76.16,58.14,100,0.01,15.37
multi_tensor_apply_kernel,8.18,75.10,75.10,58.35,100,0.01,16.12
multi_tensor_apply_kernel,8.30,75.94,75.94,58.68,100,0.01,15.11
multi_tensor_apply_kernel,8.15,74.45,74.45,59.53,100,0.01,15.65
multi_tensor_apply_kernel,8.04,73.51,73.51,60.19,100,0.01,16.11
multi_tensor_apply_kernel,8.01,73.48,73.48,59.58,100,0.01,15.80
multi_tensor_apply_kernel,8.00,73.29,73.29,59.75,100,0.01,15.48
multi_tensor_apply_kernel,8.31,75.54,75.54,58.52,100,0.01,15.50
multi_tensor_apply_kernel,8.29,75.85,75.85,59.39,100,0.01,15.48
multi_tensor_apply_kernel,8.30,75.95,75.95,57.71,100,0.01,15.34
multi_tensor_apply_kernel,8.07,73.94,73.94,57.29,100,0.01,16.22
multi_tensor_apply_kernel,8.22,75.18,75.18,58.83,100,0.01,17.26
multi_tensor_apply_kernel,8.13,74.58,74.58,57.99,100,0.01,14.93
multi_tensor_apply_kernel,8.29,75.92,75.92,56.83,100,0.01,15.48
multi_tensor_apply_kernel,8.31,75.68,75.68,59.81,100,0.01,15.62
multi_tensor_apply_kernel,8.24,75.32,75.32,56.57,100,0.01,15.11
multi_tensor_apply_kernel,8.09,74.00,74.00,59.49,100,0.01,16.50
multi_tensor_apply_kernel,8.24,75.51,75.51,59.16,100,0.01,15.10
multi_tensor_apply_kernel,8.36,76.09,76.09,57.88,100,0.01,15.02
multi_tensor_apply_kernel,8.38,76.66,76.66,58.89,100,0.01,14.72
multi_tensor_apply_kernel,7.98,73.18,73.18,57.12,100,0.01,15.93
multi_tensor_apply_kernel,8.38,76.73,76.73,57.86,100,0.01,15.60
multi_tensor_apply_kernel,8.36,76.46,76.46,58.76,100,0.01,16.02
multi_tensor_apply_kernel,8.15,74.57,74.57,58.53,100,0.01,15.20
multi_tensor_apply_kernel,8.03,73.59,73.59,59.48,100,0.01,15.66
multi_tensor_apply_kernel,8.18,74.87,74.87,59.83,100,0.01,15.67
multi_tensor_apply_kernel,8.38,76.62,76.62,56.59,100,0.01,15.25
multi_tensor_apply_kernel,8.10,74.11,74.11,58.95,100,0.01,15.45
multi_tensor_apply_kernel,8.27,75.71,75.71,60.53,100,0.01,16.30
multi_tensor_apply_kernel,8.22,75.03,75.03,60.02,100,0.01,16.50
multi_tensor_apply_kernel,8.17,74.74,74.74,60.71,100,0.01,16.84
multi_tensor_apply_kernel,8.30,76.08,76.08,58.64,100,0.01,15.29
multi_tensor_apply_kernel,8.10,74.25,74.25,59.68,100,0.01,15.73
multi_tensor_apply_kernel,8.38,76.60,76.60,59.53,100,0.01,14.53
multi_tensor_apply_kernel,8.11,73.88,73.88,58.71,100,0.01,15.73
multi_tensor_apply_kernel,8.30,76.08,76.08,58.23,100,0.01,16.86
multi_tensor_apply_kernel,8.16,74.77,74.77,56.86,100,0.01,14.51
multi_tensor_apply_kernel,8.20,75.06,75.06,58.17,100,0.01,16.20
multi_tensor_apply_kernel,7.36,61.91,61.91,38.35,100,0.02,18.15
cleanup,0.05,8.80,0.06,23.31,100,0,100.11
vectorized_elementwise_kernel,0.00,9.14,0.03,4.60,100,0,99.59
multi_tensor_apply_kernel,7.76,75.88,75.88,56.53,100,49.38,54.37
multi_tensor_apply_kernel,7.87,76.99,76.99,56.34,100,48.91,54.53
multi_tensor_apply_kernel,7.83,76.61,76.61,57.37,100,49.07,54.45
multi_tensor_apply_kernel,7.83,76.53,76.53,56.21,100,49.13,54.77
multi_tensor_apply_kernel,7.74,75.62,75.62,56.42,100,48.97,54.44
multi_tensor_apply_kernel,7.75,75.45,75.45,56.73,100,48.98,54.48
multi_tensor_apply_kernel,7.72,75.70,75.70,56.30,100,49.19,54.35
multi_tensor_apply_kernel,7.68,74.98,74.98,57.28,100,49.37,54.22
multi_tensor_apply_kernel,7.78,76.21,76.21,57.30,100,49.04,54.56
multi_tensor_apply_kernel,7.70,75.22,75.22,57.40,100,49.20,54.10
multi_tensor_apply_kernel,7.83,76.50,76.50,56.59,100,49.06,54.46
multi_tensor_apply_kernel,7.69,75.21,75.21,56.14,100,49.08,54.29
multi_tensor_apply_kernel,7.71,75.33,75.33,58.20,100,48.75,54.65
multi_tensor_apply_kernel,7.84,76.24,76.24,55.91,100,49.20,54.44
multi_tensor_apply_kernel,7.88,77.10,77.10,56.42,100,48.88,54.30
multi_tensor_apply_kernel,7.76,75.87,75.87,57.52,100,49.16,54.25
multi_tensor_apply_kernel,7.78,76.11,76.11,56.36,100,49.18,54.41
multi_tensor_apply_kernel,7.81,76.29,76.29,56.56,100,48.92,54.67
multi_tensor_apply_kernel,7.83,76.57,76.57,58.10,100,49.20,54.55
multi_tensor_apply_kernel,7.88,77.22,77.22,57.14,100,48.97,54.72
multi_tensor_apply_kernel,7.79,75.88,75.88,56.97,100,49.07,54.33
multi_tensor_apply_kernel,7.64,74.57,74.57,57.89,100,49.25,54.04
multi_tensor_apply_kernel,7.73,75.61,75.61,57.78,100,48.94,54.48
multi_tensor_apply_kernel,7.69,75.36,75.36,56.73,100,49.15,54.25
multi_tensor_apply_kernel,7.87,76.64,76.64,57.67,100,48.99,54.21
multi_tensor_apply_kernel,7.81,76.29,76.29,57.57,100,49.22,54.08
multi_tensor_apply_kernel,7.79,76.24,76.24,58.00,100,48.87,54.35
multi_tensor_apply_kernel,7.72,75.55,75.55,57.42,100,48.73,54.16
multi_tensor_apply_kernel,7.73,75.35,75.35,56.52,100,49.15,54.67
multi_tensor_apply_kernel,7.82,76.03,76.03,57.56,100,48.62,55.05
multi_tensor_apply_kernel,7.66,74.64,74.64,56.13,100,49.17,54.11
multi_tensor_apply_kernel,7.71,75.39,75.39,57.27,100,49.32,54.21
multi_tensor_apply_kernel,7.69,75.07,75.07,57.16,100,48.90,54.28
multi_tensor_apply_kernel,7.67,74.56,74.56,57.44,100,49.35,54.59
multi_tensor_apply_kernel,7.72,75.29,75.29,57.27,100,49.25,54.57
multi_tensor_apply_kernel,7.73,75.61,75.61,57.48,100,49.29,54.41
multi_tensor_apply_kernel,7.92,76.91,76.91,58.38,100,48.94,54.29
multi_tensor_apply_kernel,7.77,75.83,75.83,57.54,100,48.97,53.95
multi_tensor_apply_kernel,7.71,75.45,75.45,57.63,100,48.96,54.35
multi_tensor_apply_kernel,7.83,76.60,76.60,57.20,100,49.15,54.07
multi_tensor_apply_kernel,7.80,76.21,76.21,56.54,100,49.22,54.23
multi_tensor_apply_kernel,7.78,76.02,76.02,58.07,100,49.09,54.45
multi_tensor_apply_kernel,7.81,75.95,75.95,56.18,100,49.29,54.21
multi_tensor_apply_kernel,7.66,74.79,74.79,58.00,100,49.36,54.52
multi_tensor_apply_kernel,7.68,75.15,75.15,57.26,100,49.00,54.39
multi_tensor_apply_kernel,7.73,75.55,75.55,58.26,100,48.99,53.93
multi_tensor_apply_kernel,7.75,75.64,75.64,57.30,100,49.28,54.62
multi_tensor_apply_kernel,7.81,76.15,76.15,56.34,100,49.35,54.28
multi_tensor_apply_kernel,7.69,75.22,75.22,56.12,100,49.13,54.54
multi_tensor_apply_kernel,7.72,75.54,75.54,56.63,100,49.24,54.63
multi_tensor_apply_kernel,7.91,76.92,76.92,57.23,100,49.02,54.62
multi_tensor_apply_kernel,7.79,76.13,76.13,58.29,100,49.03,55.09
multi_tensor_apply_kernel,7.86,76.92,76.92,57.32,100,49.28,54.25
multi_tensor_apply_kernel,7.63,74.68,74.68,57.39,100,48.73,54.40
multi_tensor_apply_kernel,7.71,75.22,75.22,57.25,100,49.01,54.07
multi_tensor_apply_kernel,7.89,76.75,76.75,57.32,100,48.79,54.72
multi_tensor_apply_kernel,7.79,76.35,76.35,56.50,100,49.20,54.19
multi_tensor_apply_kernel,7.82,76.48,76.48,57.35,100,48.81,54.25
multi_tensor_apply_kernel,7.65,74.75,74.75,57.03,100,49.00,53.98
multi_tensor_apply_kernel,7.75,75.68,75.68,56.45,100,49.06,54.47
multi_tensor_apply_kernel,7.81,76.31,76.31,56.49,100,48.91,54.01
multi_tensor_apply_kernel,7.76,75.90,75.90,58.26,100,48.99,54.14
multi_tensor_apply_kernel,7.70,75.17,75.17,57.14,100,48.93,54.59
multi_tensor_apply_kernel,7.89,76.69,76.69,58.25,100,49.17,53.90
multi_tensor_apply_kernel,7.87,77.02,77.02,56.90,100,49.24,54.33
multi_tensor_apply_kernel,7.84,76.72,76.72,57.16,100,49.07,54.09
multi_tensor_apply_kernel,7.67,74.84,74.84,56.38,100,48.98,54.92
multi_tensor_apply_kernel,7.87,76.51,76.51,58.68,100,49.17,54.37
multi_tensor_apply_kernel,7.85,76.73,76.73,57.25,100,49.20,54.27
multi_tensor_apply_kernel,7.81,76.51,76.51,57.21,100,48.85,54.38
multi_tensor_apply_kernel,7.85,76.76,76.76,57.30,100,48.87,54.20
multi_tensor_apply_kernel,7.88,76.90,76.90,57.40,100,49.01,54.49
multi_tensor_apply_kernel,7.84,76.62,76.62,57.11,100,48.83,54.44
multi_tensor_apply_kernel,7.84,76.83,76.83,56.63,100,48.83,54.46
multi_tensor_apply_kernel,7.80,75.92,75.92,58.20,100,49.01,54.68
multi_tensor_apply_kernel,7.87,76.84,76.84,58.02,100,49.16,54.16
multi_tensor_apply_kernel,7.73,75.50,75.50,56.78,100,49.26,54.16
multi_tensor_apply_kernel,7.59,74.34,74.34,57.41,100,49.20,53.84
multi_tensor_apply_kernel,7.80,76.25,76.25,56.49,100,49.01,53.99
multi_tensor_apply_kernel,7.65,74.38,74.38,58.20,100,49.03,54.53
multi_tensor_apply_kernel,7.77,76.01,76.01,56.87,100,48.90,54.20
multi_tensor_apply_kernel,7.71,75.37,75.37,58.39,100,48.93,54.53
multi_tensor_apply_kernel,7.74,75.65,75.65,56.38,100,49.26,54.58
multi_tensor_apply_kernel,7.80,76.17,76.17,57.61,100,49.03,54.56
multi_tensor_apply_kernel,7.84,76.32,76.32,58.10,100,49.02,54.37
multi_tensor_apply_kernel,7.72,75.23,75.23,57.39,100,49.51,54.37
multi_tensor_apply_kernel,7.72,75.48,75.48,57.55,100,49.00,54.18
multi_tensor_apply_kernel,7.77,75.86,75.86,56.79,100,49.09,54.40
multi_tensor_apply_kernel,7.72,75.13,75.13,57.15,100,48.76,54.62
multi_tensor_apply_kernel,7.75,75.78,75.78,57.33,100,49.49,54.70
multi_tensor_apply_kernel,7.78,76.03,76.03,58.32,100,48.94,54.01
multi_tensor_apply_kernel,7.73,75.43,75.43,57.19,100,48.99,53.86
multi_tensor_apply_kernel,7.81,76.37,76.37,57.58,100,49.01,54.20
multi_tensor_apply_kernel,7.80,76.36,76.36,57.94,100,48.94,54.35
multi_tensor_apply_kernel,7.83,76.64,76.64,57.26,100,49.20,54.26
multi_tensor_apply_kernel,7.79,75.79,75.79,57.97,100,49.02,54.45
multi_tensor_apply_kernel,7.80,76.21,76.21,57.19,100,48.79,54.30
multi_tensor_apply_kernel,7.69,75.21,75.21,57.50,100,49.25,54.54
multi_tensor_apply_kernel,7.77,75.97,75.97,57.07,100,48.82,54.33
multi_tensor_apply_kernel,7.84,76.38,76.38,57.26,100,49.19,54.02
multi_tensor_apply_kernel,7.80,76.20,76.20,56.26,100,48.86,54.68
multi_tensor_apply_kernel,7.73,75.60,75.60,57.22,100,49.34,53.95
multi_tensor_apply_kernel,7.80,76.22,76.22,56.59,100,48.92,54.26
multi_tensor_apply_kernel,7.91,77.24,77.24,57.23,100,48.91,54.92
multi_tensor_apply_kernel,7.81,76.09,76.09,57.09,100,48.68,54.41
multi_tensor_apply_kernel,7.82,76.05,76.05,56.36,100,48.54,54.54
multi_tensor_apply_kernel,7.76,75.86,75.86,57.44,100,48.76,54.50
multi_tensor_apply_kernel,7.79,76.15,76.15,57.47,100,49.23,54.78
multi_tensor_apply_kernel,7.84,76.69,76.69,56.46,100,48.93,54.04
multi_tensor_apply_kernel,7.83,76.62,76.62,58.26,100,49.04,54.39
multi_tensor_apply_kernel,7.75,75.42,75.42,56.54,100,48.70,54.25
multi_tensor_apply_kernel,7.82,76.37,76.37,57.96,100,49.18,54.27
multi_tensor_apply_kernel,7.85,76.66,76.66,58.48,100,49.06,54.21
multi_tensor_apply_kernel,7.86,76.79,76.79,56.52,100,48.81,54.37
multi_tensor_apply_kernel,7.74,75.75,75.75,57.60,100,48.87,54.28
multi_tensor_apply_kernel,7.82,75.99,75.99,57.38,100,48.92,54.40
multi_tensor_apply_kernel,7.74,75.62,75.62,57.33,100,48.94,54.21
multi_tensor_apply_kernel,7.86,76.86,76.86,57.78,100,49.01,54.20
multi_tensor_apply_kernel,7.75,75.85,75.85,57.46,100,48.77,54.44
multi_tensor_apply_kernel,7.82,76.08,76.08,58.14,100,49.16,54.23
multi_tensor_apply_kernel,7.88,76.93,76.93,58.11,100,49.11,54.74
multi_tensor_apply_kernel,7.68,75.02,75.02,57.48,100,49.07,54.73
multi_tensor_apply_kernel,7.90,77.19,77.19,57.33,100,48.78,54.16
multi_tensor_apply_kernel,7.78,75.93,75.93,57.90,100,49.09,54.25
multi_tensor_apply_kernel,7.75,75.41,75.41,57.29,100,48.90,54.34
multi_tensor_apply_kernel,7.83,76.61,76.61,57.37,100,49.18,54.47
multi_tensor_apply_kernel,7.81,76.41,76.41,56.61,100,49.01,54.48
multi_tensor_apply_kernel,7.72,75.40,75.40,56.94,100,48.94,54.50
multi_tensor_apply_kernel,7.75,75.37,75.37,57.91,100,49.20,54.05
multi_tensor_apply_kernel,7.88,76.71,76.71,57.25,100,48.87,54.27
multi_tensor_apply_kernel,7.73,75.65,75.65,57.71,100,48.76,54.34
multi_tensor_apply_kernel,7.77,75.94,75.94,56.74,100,49.10,54.50
multi_tensor_apply_kernel,7.80,76.10,76.10,57.13,100,49.22,54.38
multi_tensor_apply_kernel,7.75,75.74,75.74,57.39,100,48.92,54.81
multi_tensor_apply_kernel,7.33,62.57,62.57,34.03,100,49.93,54.54
multi_tensor_apply_kernel,1.37,8.73,6.06,23.71,100,50,66.09
vectorized_elementwise_kernel,24.14,88.66,88.66,49.75,100,0,100.24
vectorized_elementwise_kernel,23.82,87.61,87.61,49.40,100,0,100.19
vectorized_elementwise_kernel,22.73,69.43,68.32,25.40,100,0,99.71
vectorized_elementwise_kernel,22.94,70.07,68.58,25.44,100,0,99.71
vectorized_elementwise_kernel,22.19,67.75,58.44,21.01,100,0,99.85
vectorized_elementwise_kernel,22.15,67.79,59.00,22.55,100,0,99.99
vectorized_elementwise_kernel,23.75,84.61,84.61,46.84,100,0,99.33
vectorized_elementwise_kernel,23.53,83.77,83.77,40.47,100,0,99.77
vectorized_elementwise_kernel,24.22,88.84,88.84,47.72,100,0,100.40
vectorized_elementwise_kernel,24.02,88.03,88.03,51.62,100,0,100.06
vectorized_elementwise_kernel,23.79,87.33,87.33,55.86,100,0,99.69
vectorized_elementwise_kernel,23.99,88.00,88.00,56.39,100,0,99.81
vectorized_elementwise_kernel,22.08,67.64,58.90,22.17,100,0,99.76
vectorized_elementwise_kernel,22.65,69.37,60.19,27.46,100,0,99.94
vectorized_elementwise_kernel,23.75,84.34,84.34,41.95,100,0,100.11
vectorized_elementwise_kernel,23.82,84.79,84.79,45.89,100,0,100.72
vectorized_elementwise_kernel,23.87,87.61,87.61,44.87,100,0,99.95
vectorized_elementwise_kernel,24.17,88.69,88.69,51.74,100,0,99.91
vectorized_elementwise_kernel,23.84,87.41,87.41,46.51,100,0,99.75
vectorized_elementwise_kernel,24.02,88.17,88.17,45.80,100,0,99.81
vectorized_elementwise_kernel,22.04,67.51,58.73,21.66,100,0,100.34
vectorized_elementwise_kernel,22.76,69.70,60.80,22.71,100,0,100.02
vectorized_elementwise_kernel,23.71,84.39,84.39,38.97,100,0,99.71
vectorized_elementwise_kernel,23.77,84.52,84.52,47.49,100,0,100.12
vectorized_elementwise_kernel,23.72,86.95,86.95,46.06,100,0,100.01
vectorized_elementwise_kernel,24.00,88.02,88.02,48.00,100,0,100.12
vectorized_elementwise_kernel,23.82,87.48,87.48,49.67,100,0,100.16
vectorized_elementwise_kernel,24.10,88.38,88.38,47.96,100,0,99.58
vectorized_elementwise_kernel,22.08,67.61,58.80,21.09,100,0,99.55
vectorized_elementwise_kernel,22.64,69.33,60.07,23.79,100,0,99.72
vectorized_elementwise_kernel,23.55,83.85,83.85,40.50,100,0,99.64
vectorized_elementwise_kernel,23.94,85.16,85.16,46.37,100,0,99.37
vectorized_elementwise_kernel,23.83,87.43,87.43,43.75,100,0,100.04
vectorized_elementwise_kernel,23.95,87.82,87.82,51.72,100,0,100.21
vectorized_elementwise_kernel,23.78,87.26,87.26,51.59,100,0,100.51
vectorized_elementwise_kernel,24.26,89.07,89.07,54.31,100,0,99.98
vectorized_elementwise_kernel,22.05,67.52,58.77,25.35,100,0,99.37
vectorized_elementwise_kernel,22.47,68.85,59.31,23.75,100,0,99.86
vectorized_elementwise_kernel,23.53,83.56,83.56,43.12,100,0,100.10
vectorized_elementwise_kernel,23.84,84.76,84.76,48.45,100,0,99.56
vectorized_elementwise_kernel,23.87,87.63,87.63,48.55,100,0,99.80
vectorized_elementwise_kernel,23.99,88.02,88.02,50.02,100,0,100.07
vectorized_elementwise_kernel,23.82,87.29,87.29,51.97,100,0,100.09
vectorized_elementwise_kernel,23.81,87.33,87.33,51.41,100,0,99.70
vectorized_elementwise_kernel,22.30,68.24,59.39,24.71,100,0,100.12
vectorized_elementwise_kernel,22.48,68.82,59.87,21.02,100,0,100.24
vectorized_elementwise_kernel,23.82,84.60,84.60,40.43,100,0,100.06
vectorized_elementwise_kernel,23.78,84.43,84.43,44.29,100,0,99.86
vectorized_elementwise_kernel,23.77,87.20,87.20,46.33,100,0,100.37
vectorized_elementwise_kernel,23.90,87.57,87.57,44.69,100,0,100.34
vectorized_elementwise_kernel,24.28,88.59,88.59,51.28,100,0,99.40
vectorized_elementwise_kernel,23.91,87.19,87.19,50.11,100,0,100.55
vectorized_elementwise_kernel,22.07,67.31,58.65,25.24,100,0,100.31
vectorized_elementwise_kernel,22.27,67.98,59.35,22.34,100,0,99.44
vectorized_elementwise_kernel,23.87,84.62,84.62,51.88,100,0,100.03
vectorized_elementwise_kernel,23.72,84.14,84.14,43.72,100,0,99.90
vectorized_elementwise_kernel,24.10,88.32,88.32,51.35,100,0,100.12
vectorized_elementwise_kernel,23.69,86.79,86.79,48.70,100,0,100.36
vectorized_elementwise_kernel,24.06,88.11,88.11,43.22,100,0,100.29
vectorized_elementwise_kernel,23.82,87.15,87.15,49.11,100,0,99.58
vectorized_elementwise_kernel,22.08,67.43,58.64,23.66,100,0,99.25
vectorized_elementwise_kernel,22.41,68.42,59.81,22.55,100,0,99.78
vectorized_elementwise_kernel,23.76,84.20,84.20,43.28,100,0,100.05
vectorized_elementwise_kernel,23.41,83.00,83.00,45.58,100,0,100.59
vectorized_elementwise_kernel,23.96,87.78,87.78,48.98,100,0,100.43
vectorized_elementwise_kernel,23.94,87.73,87.73,50.34,100,0,100.17
vectorized_elementwise_kernel,24.03,88.01,88.01,53.72,100,0,100.44
vectorized_elementwise_kernel,23.70,86.72,86.72,51.72,100,0,99.68
vectorized_elementwise_kernel,22.19,67.76,58.71,23.66,100,0,99.78
vectorized_elementwise_kernel,22.56,68.89,59.98,21.87,100,0,99.57
vectorized_elementwise_kernel,24.08,85.43,85.43,42.70,100,0,100.13
vectorized_elementwise_kernel,23.39,82.96,82.96,53.45,100,0,100.42
vectorized_elementwise_kernel,24.05,87.99,87.99,54.84,100,0,99.93
vectorized_elementwise_kernel,23.80,87.19,87.19,48.31,100,0,99.91
vectorized_elementwise_kernel,23.73,86.90,86.90,46.00,100,0,99.97
vectorized_elementwise_kernel,23.90,87.45,87.45,47.49,100,0,99.99
vectorized_elementwise_kernel,22.09,67.40,58.62,23.70,100,0,100.29
vectorized_elementwise_kernel,22.53,68.81,59.50,23.65,100,0,100.19
vectorized_elementwise_kernel,23.66,84.03,84.03,44.43,100,0,99.92
vectorized_elementwise_kernel,24.00,85.25,85.25,39.61,100,0,100.13
vectorized_elementwise_kernel,23.76,86.97,86.97,52.16,100,0,100.23
vectorized_elementwise_kernel,24.14,88.37,88.37,47.69,100,0,100.02
vectorized_elementwise_kernel,23.96,87.84,87.84,46.34,100,0,99.40
vectorized_elementwise_kernel,24.09,88.21,88.21,52.08,100,0,99.84
vectorized_elementwise_kernel,22.05,67.36,58.44,23.49,100,0,99.91
vectorized_elementwise_kernel,22.64,69.11,59.58,20.70,100,0,100.24
vectorized_elementwise_kernel,23.68,84.04,84.04,52.58,100,0,100.14
vectorized_elementwise_kernel,23.65,84.02,84.02,53.58,100,0,100.01
vectorized_elementwise_kernel,23.74,86.97,86.97,52.49,100,0,100.50
vectorized_elementwise_kernel,24.02,87.90,87.90,47.37,100,0,99.85
vectorized_elementwise_kernel,23.74,86.91,86.91,48.81,100,0,99.84
vectorized_elementwise_kernel,23.88,87.49,87.49,49.72,100,0,99.85
vectorized_elementwise_kernel,22.27,67.96,58.87,23.41,100,0,100.17
vectorized_elementwise_kernel,22.63,69.10,59.57,23.90,100,0,99.68
vectorized_elementwise_kernel,23.68,84.04,84.04,42.74,100,0,99.80
vectorized_elementwise_kernel,23.75,84.47,84.47,43.91,100,0,100.24
vectorized_elementwise_kernel,23.77,87.10,87.10,51.60,100,0,100.03
vectorized_elementwise_kernel,24.32,88.96,88.96,49.92,100,0,100.10
vectorized_elementwise_kernel,23.85,87.31,87.31,47.85,100,0,99.99
vectorized_elementwise_kernel,23.73,86.88,86.88,51.01,100,0,99.90
multi_tensor_apply_kernel,15.02,75.76,75.76,47.32,50,29.17,45.52
multi_tensor_apply_kernel,15.22,76.79,76.79,47.49,50,32.18,44.88
multi_tensor_apply_kernel,15.15,76.16,76.16,47.25,50,28.83,44.85
multi_tensor_apply_kernel,15.23,76.84,76.84,47.46,50,30.72,45.01
multi_tensor_apply_kernel,15.29,76.83,76.83,47.16,50,29.59,44.63
multi_tensor_apply_kernel,15.20,76.30,76.30,47.25,50,29.52,44.77
multi_tensor_apply_kernel,15.29,76.64,76.64,47.18,50,30.10,44.84
multi_tensor_apply_kernel,15.26,76.52,76.52,47.32,50,29.08,44.80
multi_tensor_apply_kernel,15.27,76.67,76.67,47.47,50,31.60,44.82
multi_tensor_apply_kernel,15.21,76.37,76.37,47.01,50,30.62,44.84
multi_tensor_apply_kernel,15.27,76.54,76.54,47.68,50,29.66,44.77
multi_tensor_apply_kernel,15.16,76.24,76.24,46.90,50,31.16,44.78
multi_tensor_apply_kernel,15.26,76.41,76.41,47.25,50,30.21,44.66
multi_tensor_apply_kernel,15.26,76.69,76.69,47.30,50,31.44,44.94
multi_tensor_apply_kernel,14.68,73.30,73.30,47.13,50,29.19,44.70
multi_tensor_apply_kernel,15.12,76.01,76.01,47.29,50,31.74,44.91
multi_tensor_apply_kernel,15.28,76.77,76.77,47.04,50,29.67,44.67
multi_tensor_apply_kernel,15.23,76.15,76.15,47.16,50,31.60,44.75
multi_tensor_apply_kernel,15.28,76.80,76.80,47.36,50,30.82,44.85
multi_tensor_apply_kernel,15.11,75.91,75.91,46.81,50,26.40,44.86
multi_tensor_apply_kernel,15.27,76.67,76.67,47.19,50,30.21,44.74
multi_tensor_apply_kernel,14.75,73.75,73.75,47.37,50,30.95,44.67
multi_tensor_apply_kernel,15.25,76.68,76.68,46.91,50,26.09,44.84
multi_tensor_apply_kernel,15.27,76.62,76.62,47.67,50,29.87,44.84
multi_tensor_apply_kernel,15.24,76.49,76.49,47.40,50,28.93,44.69
multi_tensor_apply_kernel,15.28,76.42,76.42,47.30,50,31.06,44.82
multi_tensor_apply_kernel,15.30,76.84,76.84,47.24,50,29.12,44.82
multi_tensor_apply_kernel,15.14,75.93,75.93,46.99,50,27.67,44.96
multi_tensor_apply_kernel,15.34,76.95,76.95,47.08,50,30.19,44.66
multi_tensor_apply_kernel,15.02,75.18,75.18,47.06,50,28.62,44.72
multi_tensor_apply_kernel,15.26,76.59,76.59,46.98,50,30.63,44.87
multi_tensor_apply_kernel,15.25,76.34,76.34,47.23,50,30.43,44.70
multi_tensor_apply_kernel,15.24,76.64,76.64,46.89,50,30.66,44.82
multi_tensor_apply_kernel,15.22,76.29,76.29,46.82,50,31.95,44.85
multi_tensor_apply_kernel,15.25,76.41,76.41,47.64,50,29.40,44.75
multi_tensor_apply_kernel,15.22,76.28,76.28,47.04,50,27.73,44.89
multi_tensor_apply_kernel,15.26,76.11,76.11,46.99,50,30.27,44.58
multi_tensor_apply_kernel,15.26,76.56,76.56,47.00,50,31.36,44.79
multi_tensor_apply_kernel,15.23,76.38,76.38,47.44,50,28.82,44.87
multi_tensor_apply_kernel,15.23,76.19,76.19,47.53,50,28.60,44.91
multi_tensor_apply_kernel,15.30,76.48,76.48,46.95,50,29.30,44.83
multi_tensor_apply_kernel,15.13,75.99,75.99,46.87,50,28.59,44.74
multi_tensor_apply_kernel,15.18,75.93,75.93,47.01,50,31.01,44.78
multi_tensor_apply_kernel,15.23,76.54,76.54,47.03,50,29.15,44.75
multi_tensor_apply_kernel,15.19,76.25,76.25,47.35,50,29.12,44.84
multi_tensor_apply_kernel,15.26,76.35,76.35,47.32,50,28.35,44.79
multi_tensor_apply_kernel,15.16,76.03,76.03,47.10,50,31.24,44.72
multi_tensor_apply_kernel,15.21,76.29,76.29,47.49,50,27.92,44.82
multi_tensor_apply_kernel,15.02,75.45,75.45,46.94,50,28.20,44.65
multi_tensor_apply_kernel,15.27,76.20,76.20,47.30,50,29.69,44.93
multi_tensor_apply_kernel,15.26,76.49,76.49,46.96,50,29.70,44.78
multi_tensor_apply_kernel,15.23,76.54,76.54,47.21,50,29.07,44.77
multi_tensor_apply_kernel,15.22,76.23,76.23,47.17,50,28.24,44.83
multi_tensor_apply_kernel,15.14,76.08,76.08,46.95,50,31.32,44.76
multi_tensor_apply_kernel,15.19,76.17,76.17,47.11,50,29.83,44.81
multi_tensor_apply_kernel,15.34,76.52,76.52,47.23,50,31.51,44.80
multi_tensor_apply_kernel,15.19,76.26,76.26,47.22,50,30.30,44.76
multi_tensor_apply_kernel,15.10,75.76,75.76,47.55,50,31.56,44.81
multi_tensor_apply_kernel,15.27,76.68,76.68,47.34,50,31.18,44.73
multi_tensor_apply_kernel,15.20,76.25,76.25,47.13,50,32.16,44.78
multi_tensor_apply_kernel,15.30,76.63,76.63,46.83,50,30.79,44.67
multi_tensor_apply_kernel,15.30,76.59,76.59,47.10,50,30.36,44.77
multi_tensor_apply_kernel,15.14,76.02,76.02,47.29,50,29.25,44.88
multi_tensor_apply_kernel,15.25,76.55,76.55,46.67,50,30.07,44.69
multi_tensor_apply_kernel,15.20,76.31,76.31,46.93,50,30.41,44.85
multi_tensor_apply_kernel,15.28,76.73,76.73,47.12,50,31.40,44.77
multi_tensor_apply_kernel,15.23,76.14,76.14,47.14,50,31.70,44.80
multi_tensor_apply_kernel,15.19,76.29,76.29,47.14,50,31.17,44.83
multi_tensor_apply_kernel,14.73,73.94,73.94,47.07,50,29.62,44.85
multi_tensor_apply_kernel,15.23,76.46,76.46,46.89,50,32.33,44.79
multi_tensor_apply_kernel,15.36,76.76,76.76,47.33,50,26.62,44.76
multi_tensor_apply_kernel,15.24,76.52,76.52,46.99,50,29.65,44.86
multi_tensor_apply_kernel,15.14,76.10,76.10,47.10,50,29.77,44.81
multi_tensor_apply_kernel,15.27,76.26,76.26,46.84,50,29.01,44.78
multi_tensor_apply_kernel,15.24,76.43,76.43,47.43,50,31.26,44.79
multi_tensor_apply_kernel,15.35,76.68,76.68,47.34,50,30.52,44.73
multi_tensor_apply_kernel,15.20,76.40,76.40,47.26,50,31.58,44.75
multi_tensor_apply_kernel,15.33,76.87,76.87,47.02,50,30.57,44.78
multi_tensor_apply_kernel,15.24,76.37,76.37,47.37,50,30.00,44.83
multi_tensor_apply_kernel,15.30,76.44,76.44,47.16,50,30.72,44.79
multi_tensor_apply_kernel,14.75,73.96,73.96,48.05,50,28.11,44.84
multi_tensor_apply_kernel,15.19,76.36,76.36,46.93,50,30.11,44.89
multi_tensor_apply_kernel,15.21,76.29,76.29,47.11,50,31.11,44.70
multi_tensor_apply_kernel,15.33,76.53,76.53,47.43,50,29.74,44.86
multi_tensor_apply_kernel,15.16,76.03,76.03,46.85,50,31.03,44.69
multi_tensor_apply_kernel,15.22,76.41,76.41,47.16,50,28.36,44.67
multi_tensor_apply_kernel,15.28,76.76,76.76,47.11,50,31.42,44.86
multi_tensor_apply_kernel,15.14,76.10,76.10,47.07,50,29.26,44.72
multi_tensor_apply_kernel,14.73,73.92,73.92,47.39,50,31.22,44.83
multi_tensor_apply_kernel,15.22,76.43,76.43,47.46,50,31.70,44.75
multi_tensor_apply_kernel,15.09,75.67,75.67,47.43,50,31.54,44.80
multi_tensor_apply_kernel,15.04,75.43,75.43,47.30,50,30.17,44.77
multi_tensor_apply_kernel,15.28,76.50,76.50,46.66,50,32.15,44.81
multi_tensor_apply_kernel,15.12,75.92,75.92,47.04,50,30.62,44.85
multi_tensor_apply_kernel,15.18,76.42,76.42,47.25,50,28.53,44.84
multi_tensor_apply_kernel,15.26,76.64,76.64,47.31,50,29.47,44.84
multi_tensor_apply_kernel,15.23,76.35,76.35,47.37,50,31.42,44.85
multi_tensor_apply_kernel,15.20,76.19,76.19,47.31,50,29.90,44.85
multi_tensor_apply_kernel,15.21,76.36,76.36,47.22,50,30.19,44.57
multi_tensor_apply_kernel,15.22,76.41,76.41,47.07,50,30.77,44.77
multi_tensor_apply_kernel,15.25,76.11,76.11,47.07,50,31.56,44.76
multi_tensor_apply_kernel,15.22,76.36,76.36,47.23,50,25.69,44.77
multi_tensor_apply_kernel,14.75,74.09,74.09,47.52,50,29.87,44.84
multi_tensor_apply_kernel,14.71,74.02,74.02,47.11,50,28.36,44.83
multi_tensor_apply_kernel,15.33,76.89,76.89,47.29,50,28.73,44.64
multi_tensor_apply_kernel,14.86,74.21,74.21,47.24,50,30.65,44.95
multi_tensor_apply_kernel,15.24,76.45,76.45,47.16,50,28.66,44.80
multi_tensor_apply_kernel,15.38,76.72,76.72,47.14,50,31.16,44.68
multi_tensor_apply_kernel,15.28,76.43,76.43,47.34,50,28.56,44.88
multi_tensor_apply_kernel,15.21,76.30,76.30,46.91,50,31.48,44.72
multi_tensor_apply_kernel,15.20,76.21,76.21,47.16,50,30.88,44.91
multi_tensor_apply_kernel,15.21,76.32,76.32,46.96,50,31.88,44.76
multi_tensor_apply_kernel,15.31,76.42,76.42,47.42,50,31.27,44.82
multi_tensor_apply_kernel,15.14,75.97,75.97,47.25,50,30.33,44.81
multi_tensor_apply_kernel,15.04,75.48,75.48,47.12,50,30.97,44.78
multi_tensor_apply_kernel,15.22,76.37,76.37,47.14,50,32.91,44.67
multi_tensor_apply_kernel,15.20,76.21,76.21,47.17,50,31.38,44.88
multi_tensor_apply_kernel,15.25,76.47,76.47,47.00,50,31.80,44.75
multi_tensor_apply_kernel,15.22,76.03,76.03,47.31,50,32.17,44.65
multi_tensor_apply_kernel,15.09,75.95,75.95,47.15,50,29.73,44.86
multi_tensor_apply_kernel,15.21,76.25,76.25,47.09,50,28.70,44.84
multi_tensor_apply_kernel,15.16,76.01,76.01,47.69,50,30.12,44.75
multi_tensor_apply_kernel,15.25,76.45,76.45,47.16,50,28.59,44.91
multi_tensor_apply_kernel,15.13,75.97,75.97,46.85,50,29.95,44.80
multi_tensor_apply_kernel,15.27,76.27,76.27,47.39,50,30.02,44.58
multi_tensor_apply_kernel,15.18,76.07,76.07,47.16,50,30.45,44.99
multi_tensor_apply_kernel,15.23,76.45,76.45,47.34,50,27.44,44.59
multi_tensor_apply_kernel,15.26,76.52,76.52,47.36,50,31.67,44.78
multi_tensor_apply_kernel,15.28,76.33,76.33,47.02,50,30.93,44.74
multi_tensor_apply_kernel,15.20,76.18,76.18,47.42,50,29.10,44.74
multi_tensor_apply_kernel,15.04,75.66,75.66,47.23,50,32.09,44.83
multi_tensor_apply_kernel,15.25,76.50,76.50,47.07,50,30.34,44.73
multi_tensor_apply_kernel,15.24,76.58,76.58,47.47,50,32.23,44.75
multi_tensor_apply_kernel,15.24,76.13,76.13,47.29,50,29.91,44.89
multi_tensor_apply_kernel,15.27,73.98,73.98,33.72,50,35.47,44.90
vectorized_elementwise_kernel,0.21,10.80,0.04,5.01,100,0,100.52
vectorized_elementwise_kernel,0.23,11.27,0.03,7.67,100,0,99.84
vectorized_elementwise_kernel,0.22,10.97,0.04,6.47,100,0,98.83
vectorized_elementwise_kernel,0.22,11.08,0.03,7.06,100,0,98.62
vectorized_elementwise_kernel,0.23,11.27,0.03,6.08,100,0,97.72
vectorized_elementwise_kernel,0.23,11.44,0.04,5.94,100,0,98.84
vectorized_elementwise_kernel,0.07,9.09,0.03,5.38,100,0,97.29
vectorized_elementwise_kernel,0.08,10.96,0.03,4.80,100,0,99.55
vectorized_elementwise_kernel,0.18,9.00,0.03,6.11,100,0,98.43
vectorized_elementwise_kernel,0.23,11.30,0.04,7.55,100,0,98.95
vectorized_elementwise_kernel,0.23,11.47,0.04,8.58,100,0,100.01
vectorized_elementwise_kernel,0.22,11.35,0.03,6.15,100,0,99.82
vectorized_elementwise_kernel,0.10,10.40,0.03,6.19,100,0,98.02
vectorized_elementwise_kernel,0.12,11.43,0.03,6.10,100,0,98.21
vectorized_elementwise_kernel,0.21,10.74,0.03,6.37,100,0,99.45
vectorized_elementwise_kernel,0.23,11.60,0.03,6.03,100,0,98.43
vectorized_elementwise_kernel,0.23,11.41,0.04,6.21,100,0,99.77
vectorized_elementwise_kernel,0.19,9.51,0.03,7.23,100,0,99.36
vectorized_elementwise_kernel,0.23,11.47,0.04,4.71,100,0,99.69
vectorized_elementwise_kernel,0.23,11.37,0.03,7.66,100,0,99.37
vectorized_elementwise_kernel,0.24,12.15,0.03,6.41,100,0,101.58
vectorized_elementwise_kernel,0.23,11.72,0.04,4.73,100,0,99.93
vectorized_elementwise_kernel,0.09,11.68,0.04,6.26,100,0,100.93
vectorized_elementwise_kernel,0.07,9.23,0.03,6.34,100,0,98.49
vectorized_elementwise_kernel,0.24,11.95,0.03,6.21,100,0,99.76
vectorized_elementwise_kernel,0.24,12.22,0.04,6.19,100,0,100.55
vectorized_elementwise_kernel,0.24,12.19,0.04,6.07,100,0,99.71
vectorized_elementwise_kernel,0.23,11.42,0.03,6.22,100,0,100.93
vectorized_elementwise_kernel,0.11,10.94,0.03,6.11,100,0,100.28
vectorized_elementwise_kernel,0.11,11.38,0.04,7.40,100,0,99.75
vectorized_elementwise_kernel,0.22,10.72,0.03,6.09,100,0,99.64
vectorized_elementwise_kernel,0.23,11.72,0.04,7.95,100,0,100.75
vectorized_elementwise_kernel,0.23,11.45,0.04,6.09,100,0,100.62
vectorized_elementwise_kernel,0.23,11.40,0.03,5.59,100,0,100.52
vectorized_elementwise_kernel,0.23,11.47,0.04,8.26,100,0,100.99
vectorized_elementwise_kernel,0.23,11.41,0.03,6.24,100,0,100.95
vectorized_elementwise_kernel,0.23,11.41,0.04,4.32,100,0,100.58
vectorized_elementwise_kernel,0.23,11.78,0.04,8.48,100,0,101.49
vectorized_elementwise_kernel,0.08,11.24,0.03,6.27,100,0,101.74
vectorized_elementwise_kernel,0.08,11.26,0.03,5.80,100,0,99.38
vectorized_elementwise_kernel,0.23,11.54,0.04,6.22,100,0,99.50
vectorized_elementwise_kernel,0.23,11.49,0.03,6.16,100,0,101.50
vectorized_elementwise_kernel,0.23,11.54,0.04,6.26,100,0,101.49
vectorized_elementwise_kernel,0.22,11.39,0.03,6.30,100,0,99.69
vectorized_elementwise_kernel,0.11,11.21,0.04,4.95,100,0,99.65
vectorized_elementwise_kernel,0.12,11.45,0.04,7.73,100,0,99.49
vectorized_elementwise_kernel,0.22,11.00,0.03,6.16,100,0,99.58
vectorized_elementwise_kernel,0.22,10.88,0.03,6.28,100,0,100.26
vectorized_elementwise_kernel,0.23,11.35,0.04,6.28,100,0,98.84
vectorized_elementwise_kernel,0.21,10.81,0.03,6.49,100,0,101.16
vectorized_elementwise_kernel,0.23,11.39,0.04,6.30,100,0,99.56
vectorized_elementwise_kernel,0.22,11.04,0.04,6.16,100,0,100.91
vectorized_elementwise_kernel,0.23,11.44,0.04,6.36,100,0,99.69
vectorized_elementwise_kernel,0.23,11.68,0.04,4.69,100,0,100.91
vectorized_elementwise_kernel,0.08,11.13,0.03,7.89,100,0,100.83
vectorized_elementwise_kernel,0.08,11.20,0.03,6.14,100,0,99.43
vectorized_elementwise_kernel,0.23,11.50,0.04,6.74,100,0,100.65
vectorized_elementwise_kernel,0.22,11.33,0.03,5.38,100,0,100.30
vectorized_elementwise_kernel,0.23,11.28,0.04,6.31,100,0,99.56
vectorized_elementwise_kernel,0.22,11.32,0.03,6.13,100,0,100.35
vectorized_elementwise_kernel,0.11,11.21,0.04,6.13,100,0,99.54
vectorized_elementwise_kernel,0.11,11.40,0.04,4.84,100,0,99.73
vectorized_elementwise_kernel,0.23,11.48,0.04,7.81,100,0,99.46
vectorized_elementwise_kernel,0.23,11.60,0.04,4.49,100,0,100.51
vectorized_elementwise_kernel,0.23,11.50,0.04,6.34,100,0,100.86
vectorized_elementwise_kernel,0.23,11.40,0.03,6.71,100,0,98.88
vectorized_elementwise_kernel,0.23,11.37,0.04,6.31,100,0,99.71
vectorized_elementwise_kernel,0.23,11.34,0.04,7.79,100,0,99.08
vectorized_elementwise_kernel,0.23,11.45,0.04,6.24,100,0,99.64
vectorized_elementwise_kernel,0.23,11.68,0.04,6.73,100,0,99.56
vectorized_elementwise_kernel,0.08,11.11,0.03,6.27,100,0,100.38
vectorized_elementwise_kernel,0.08,10.45,0.03,6.49,100,0,99.66
vectorized_elementwise_kernel,0.23,11.49,0.04,8.12,100,0,99.96
vectorized_elementwise_kernel,0.23,11.41,0.04,6.10,100,0,100.05
vectorized_elementwise_kernel,0.23,11.45,0.04,5.75,100,0,99.82
vectorized_elementwise_kernel,0.23,11.29,0.03,6.02,100,0,98.85
vectorized_elementwise_kernel,0.11,11.31,0.03,6.17,100,0,99.93
vectorized_elementwise_kernel,0.11,10.61,0.03,6.16,100,0,98.72
vectorized_elementwise_kernel,0.21,10.66,0.03,6.10,100,0,98.80
vectorized_elementwise_kernel,0.23,11.70,0.04,7.94,100,0,99.31
vectorized_elementwise_kernel,0.23,11.34,0.04,6.23,100,0,98.47
vectorized_elementwise_kernel,0.21,10.48,0.03,6.09,100,0,98.34
vectorized_elementwise_kernel,0.23,11.44,0.04,5.03,100,0,99.18
vectorized_elementwise_kernel,0.22,11.21,0.03,6.08,100,0,99.78
vectorized_elementwise_kernel,0.23,11.27,0.03,6.11,100,0,98.26
vectorized_elementwise_kernel,0.22,11.02,0.03,6.27,100,0,98.87
vectorized_elementwise_kernel,0.08,10.97,0.03,6.49,100,0,97.75
vectorized_elementwise_kernel,0.08,11.09,0.03,6.19,100,0,98.48
vectorized_elementwise_kernel,0.23,11.38,0.04,6.37,100,0,98.41
vectorized_elementwise_kernel,0.23,11.24,0.03,6.15,100,0,99.94
vectorized_elementwise_kernel,0.23,11.32,0.03,6.15,100,0,98.83
vectorized_elementwise_kernel,0.20,9.99,0.03,6.24,100,0,98.65
vectorized_elementwise_kernel,0.11,11.18,0.04,6.08,100,0,98.27
vectorized_elementwise_kernel,0.11,11.25,0.03,6.11,100,0,99.17
vectorized_elementwise_kernel,0.23,11.31,0.04,6.10,100,0,98.64
vectorized_elementwise_kernel,0.23,11.69,0.04,6.04,100,0,99.33
vectorized_elementwise_kernel,0.23,11.43,0.04,6.11,100,0,100.03
vectorized_elementwise_kernel,0.23,11.31,0.04,6.14,100,0,98.43
vectorized_elementwise_kernel,0.23,11.27,0.04,6.33,100,0,98.38
vectorized_elementwise_kernel,0.23,11.27,0.04,5.68,100,0,98.51
vectorized_elementwise_kernel,0.23,11.26,0.04,5.23,100,0,98.18
vectorized_elementwise_kernel,0.19,9.47,0.03,6.32,100,0,97.73
vectorized_elementwise_kernel,0.08,10.93,0.03,6.18,100,0,98.41
vectorized_elementwise_kernel,0.07,9.88,0.03,6.53,100,0,98.74
vectorized_elementwise_kernel,0.23,11.24,0.03,6.15,100,0,98.64
vectorized_elementwise_kernel,0.21,10.52,0.03,6.23,100,0,98.73
vectorized_elementwise_kernel,0.22,10.74,0.03,5.42,100,0,98.88
vectorized_elementwise_kernel,0.19,9.70,0.03,4.59,100,0,97.92
vectorized_elementwise_kernel,0.09,9.33,0.03,4.84,100,0,97.51
vectorized_elementwise_kernel,0.12,11.42,0.04,6.23,100,0,98.59
vectorized_elementwise_kernel,0.22,10.79,0.03,7.53,100,0,98.73
vectorized_elementwise_kernel,0.23,11.70,0.04,6.40,100,0,99.60
vectorized_elementwise_kernel,0.23,11.26,0.04,6.11,100,0,98.49
vectorized_elementwise_kernel,0.23,11.25,0.03,6.56,100,0,98.75
vectorized_elementwise_kernel,0.19,9.39,0.03,6.14,100,0,98.05
vectorized_elementwise_kernel,0.21,10.72,0.03,5.37,100,0,99.54
vectorized_elementwise_kernel,0.22,11.31,0.03,6.15,100,0,99.22
vectorized_elementwise_kernel,0.23,11.49,0.04,6.16,100,0,99.54
vectorized_elementwise_kernel,0.08,10.96,0.03,6.25,100,0,99.32
vectorized_elementwise_kernel,0.08,11.22,0.03,8.07,100,0,100.00
vectorized_elementwise_kernel,0.23,11.43,0.04,6.18,100,0,99.68
vectorized_elementwise_kernel,0.22,10.95,0.03,6.26,100,0,98.25
vectorized_elementwise_kernel,0.21,10.68,0.03,6.07,100,0,98.46
vectorized_elementwise_kernel,0.22,11.32,0.03,6.39,100,0,100.56
vectorized_elementwise_kernel,0.11,10.41,0.03,6.08,100,0,99.47
vectorized_elementwise_kernel,0.09,9.22,0.03,6.11,100,0,98.38
vectorized_elementwise_kernel,0.23,11.52,0.04,5.32,100,0,100.49
vectorized_elementwise_kernel,0.23,11.67,0.04,7.78,100,0,99.14
vectorized_elementwise_kernel,0.23,11.46,0.04,5.08,100,0,100.29
vectorized_elementwise_kernel,0.21,10.54,0.03,7.82,100,0,100.30
vectorized_elementwise_kernel,0.23,11.25,0.03,5.27,100,0,99.26
vectorized_elementwise_kernel,0.23,11.41,0.04,6.12,100,0,100.96
vectorized_elementwise_kernel,0.23,11.45,0.03,6.27,100,0,100.74
vectorized_elementwise_kernel,0.23,11.61,0.04,6.01,100,0,99.21
vectorized_elementwise_kernel,0.07,9.98,0.03,6.19,100,0,100.96
vectorized_elementwise_kernel,0.07,9.34,0.03,5.91,100,0,99.75
vectorized_elementwise_kernel,0.23,11.46,0.04,6.52,100,0,101.00
vectorized_elementwise_kernel,0.22,11.24,0.03,6.42,100,0,99.88
vectorized_elementwise_kernel,0.21,10.66,0.03,6.33,100,0,99.71
vectorized_elementwise_kernel,0.21,10.80,0.03,6.39,100,0,100.90
vectorized_elementwise_kernel,0.11,11.33,0.04,5.27,100,0,100.99
vectorized_elementwise_kernel,0.12,11.57,0.04,4.55,100,0,99.38
vectorized_elementwise_kernel,0.23,11.67,0.04,8.27,100,0,100.99
vectorized_elementwise_kernel,0.23,11.66,0.03,6.05,100,0,99.02
vectorized_elementwise_kernel,0.23,11.47,0.04,6.32,100,0,100.44
vectorized_elementwise_kernel,0.23,11.52,0.03,4.66,100,0,101.41
vectorized_elementwise_kernel,0.23,11.47,0.03,6.32,100,0,100.43
vectorized_elementwise_kernel,0.23,11.30,0.03,5.36,100,0,98.67
vectorized_elementwise_kernel,0.23,11.44,0.04,6.12,100,0,101.02
vectorized_elementwise_kernel,0.19,9.47,0.03,6.07,100,0,99.25
vectorized_elementwise_kernel,0.08,11.22,0.03,6.84,100,0,101.53
vectorized_elementwise_kernel,0.08,10.25,0.03,6.10,100,0,99.83
vectorized_elementwise_kernel,0.23,11.50,0.04,6.03,100,0,99.46
vectorized_elementwise_kernel,0.23,11.35,0.04,4.56,100,0,100.40
vectorized_elementwise_kernel,0.21,10.47,0.03,7.67,100,0,99.60
vectorized_elementwise_kernel,0.22,10.86,0.03,4.73,100,0,100.48
vectorized_elementwise_kernel,0.11,11.35,0.04,6.30,100,0,100.73
vectorized_elementwise_kernel,0.12,11.58,0.04,6.15,100,0,101.09
vectorized_elementwise_kernel,0.23,11.49,0.04,6.95,100,0,99.41
vectorized_elementwise_kernel,0.23,11.79,0.04,7.05,100,0,102.04
vectorized_elementwise_kernel,0.22,11.32,0.03,7.20,100,0,100.43
vectorized_elementwise_kernel,0.23,11.43,0.03,6.10,100,0,100.85
vectorized_elementwise_kernel,0.23,11.48,0.04,6.26,100,0,99.55
vectorized_elementwise_kernel,0.23,11.49,0.03,6.08,100,0,100.35
vectorized_elementwise_kernel,0.23,11.42,0.04,5.85,100,0,99.41
vectorized_elementwise_kernel,0.22,10.92,0.03,6.13,100,0,99.97
vectorized_elementwise_kernel,0.08,10.71,0.03,6.84,100,0,99.49
vectorized_elementwise_kernel,0.08,11.30,0.03,6.28,100,0,99.67
vectorized_elementwise_kernel,0.23,11.44,0.04,6.27,100,0,99.27
vectorized_elementwise_kernel,0.23,11.24,0.04,6.19,100,0,99.38
vectorized_elementwise_kernel,0.23,11.47,0.03,6.10,100,0,100.07
vectorized_elementwise_kernel,0.21,10.60,0.03,5.09,100,0,100.77
vectorized_elementwise_kernel,0.11,10.61,0.03,4.86,100,0,100.94
vectorized_elementwise_kernel,0.12,11.43,0.04,6.51,100,0,98.54
vectorized_elementwise_kernel,0.23,11.48,0.04,5.99,100,0,99.13
vectorized_elementwise_kernel,0.23,11.84,0.04,6.64,100,0,100.40
vectorized_elementwise_kernel,0.23,11.45,0.04,6.20,100,0,99.47
vectorized_elementwise_kernel,0.20,9.76,0.03,5.10,100,0,97.91
vectorized_elementwise_kernel,0.23,11.43,0.04,7.11,100,0,99.36
vectorized_elementwise_kernel,0.23,11.49,0.04,6.18,100,0,101.51
vectorized_elementwise_kernel,0.23,11.46,0.04,7.33,100,0,99.44
vectorized_elementwise_kernel,0.19,9.37,0.03,5.99,100,0,99.09
vectorized_elementwise_kernel,0.08,11.10,0.03,5.73,100,0,99.97
vectorized_elementwise_kernel,0.08,11.16,0.03,6.17,100,0,99.12
vectorized_elementwise_kernel,0.23,11.44,0.04,6.56,100,0,100.84
vectorized_elementwise_kernel,0.23,11.46,0.04,6.28,100,0,101.14
vectorized_elementwise_kernel,0.22,10.76,0.03,4.82,100,0,99.39
vectorized_elementwise_kernel,0.22,11.19,0.03,8.18,100,0,98.50
vectorized_elementwise_kernel,0.11,10.78,0.03,6.23,100,0,98.56
vectorized_elementwise_kernel,0.11,10.96,0.03,6.07,100,0,98.00
vectorized_elementwise_kernel,0.23,11.48,0.03,6.15,100,0,99.64
vectorized_elementwise_kernel,0.23,11.57,0.04,7.46,100,0,99.25
multi_tensor_apply_kernel,5.71,15.81,15.81,23.90,50,42.86,49.13
multi_tensor_apply_kernel,5.73,15.96,15.96,23.28,50,42.84,49.31
multi_tensor_apply_kernel,3.89,10.82,10.82,23.57,50,42.85,51.34
unrolled_elementwise_kernel,57.70,54.62,54.62,91.12,100,15.15,35.65
unrolled_elementwise_kernel,56.52,50.42,50.42,90.70,100,15.23,36.03
unrolled_elementwise_kernel,56.27,48.33,48.33,89.65,100,15.25,37.39
unrolled_elementwise_kernel,57.45,53.73,53.73,91.29,100,15.17,36.75
unrolled_elementwise_kernel,57.57,54.42,54.42,91.16,100,15.16,35.81
unrolled_elementwise_kernel,57.56,54.44,54.44,91.02,100,15.15,35.26
unrolled_elementwise_kernel,56.27,48.69,48.69,88.62,100,15.23,37.63
unrolled_elementwise_kernel,57.45,53.58,53.58,90.84,100,15.16,37.27
unrolled_elementwise_kernel,57.68,54.45,54.45,90.86,100,15.16,35.84
unrolled_elementwise_kernel,57.56,54.41,54.41,90.94,100,15.17,35.48
unrolled_elementwise_kernel,55.40,48.21,48.21,89.96,100,15.23,36.89
unrolled_elementwise_kernel,57.48,53.63,53.63,91.13,100,15.15,37.17
unrolled_elementwise_kernel,57.68,54.49,54.49,91.13,100,15.15,35.87
unrolled_elementwise_kernel,57.69,54.47,54.47,90.88,100,15.16,35.63
unrolled_elementwise_kernel,55.78,48.38,48.38,90.30,100,15.23,37.41
unrolled_elementwise_kernel,57.31,53.70,53.70,90.96,100,15.18,37.01
unrolled_elementwise_kernel,57.54,54.34,54.34,91.14,100,15.16,35.83
unrolled_elementwise_kernel,57.67,54.45,54.45,91.09,100,15.16,35.43
unrolled_elementwise_kernel,56.06,48.23,48.23,89.34,100,15.22,37.68
unrolled_elementwise_kernel,57.41,53.75,53.75,91.31,100,15.17,37.01
unrolled_elementwise_kernel,57.60,54.44,54.44,91.00,100,15.15,35.79
unrolled_elementwise_kernel,57.66,54.51,54.51,91.07,100,15.16,35.74
unrolled_elementwise_kernel,56.17,48.42,48.42,88.91,100,15.22,37.86
unrolled_elementwise_kernel,57.40,53.66,53.66,90.95,100,15.17,36.83
unrolled_elementwise_kernel,57.65,54.50,54.50,91.05,100,15.16,35.70
unrolled_elementwise_kernel,57.60,54.47,54.47,90.99,100,15.16,35.73
unrolled_elementwise_kernel,55.98,48.15,48.15,89.25,100,15.23,37.57
unrolled_elementwise_kernel,57.39,53.69,53.69,90.90,100,15.16,36.69
unrolled_elementwise_kernel,57.70,54.48,54.48,90.81,100,15.16,35.90
unrolled_elementwise_kernel,57.60,54.44,54.44,91.04,100,15.16,35.82
unrolled_elementwise_kernel,56.23,48.92,48.92,89.41,100,15.22,37.10
unrolled_elementwise_kernel,57.58,53.71,53.71,90.98,100,15.17,36.93
unrolled_elementwise_kernel,57.67,54.47,54.47,90.81,100,15.16,35.85
unrolled_elementwise_kernel,57.61,54.45,54.45,91.06,100,15.15,35.48
unrolled_elementwise_kernel,55.51,48.27,48.27,89.61,100,15.20,37.69
unrolled_elementwise_kernel,57.35,53.71,53.71,90.98,100,15.17,36.98
unrolled_elementwise_kernel,57.68,54.48,54.48,90.98,100,15.15,35.93
unrolled_elementwise_kernel,57.72,54.33,54.33,90.71,100,15.16,35.54
unrolled_elementwise_kernel,55.92,48.42,48.42,89.21,100,15.25,38.33
unrolled_elementwise_kernel,57.32,53.67,53.67,90.80,100,15.16,36.78
unrolled_elementwise_kernel,57.65,54.51,54.51,91.10,100,15.15,35.87
unrolled_elementwise_kernel,57.75,54.35,54.35,91.08,100,15.16,35.44
unrolled_elementwise_kernel,56.42,48.65,48.65,88.53,100,15.24,37.69
unrolled_elementwise_kernel,57.38,53.68,53.68,90.41,100,15.16,37.00
unrolled_elementwise_kernel,57.72,54.39,54.39,90.83,100,15.15,35.75
unrolled_elementwise_kernel,57.68,54.36,54.36,91.14,100,15.16,35.63
unrolled_elementwise_kernel,55.52,48.04,48.04,89.32,100,15.23,37.74
unrolled_elementwise_kernel,57.35,53.68,53.68,91.23,100,15.16,36.82
unrolled_elementwise_kernel,57.66,54.44,54.44,90.75,100,15.15,35.89
unrolled_elementwise_kernel,57.77,54.43,54.43,90.96,100,15.15,35.60
unrolled_elementwise_kernel,0.41,6.11,0.39,6.22,100,16.22,94.84
unrolled_elementwise_kernel,0.41,6.12,0.39,6.41,100,16.09,94.27
unrolled_elementwise_kernel,0.39,5.85,0.37,6.40,100,15.99,95.20
unrolled_elementwise_kernel,0.16,6.10,0.23,6.22,100,15.24,97.57
unrolled_elementwise_kernel,0.40,5.99,0.38,5.97,100,16.10,94.95
unrolled_elementwise_kernel,0.39,5.83,0.37,6.57,100,16.23,95.16
unrolled_elementwise_kernel,0.20,6.03,0.26,6.22,100,14.49,97.89
unrolled_elementwise_kernel,0.40,5.90,0.38,6.14,100,15.74,94.93
unrolled_elementwise_kernel,0.41,6.03,0.39,6.31,100,15.81,94.24
unrolled_elementwise_kernel,0.41,6.02,0.39,6.20,100,15.86,93.03
unrolled_elementwise_kernel,0.40,5.79,0.38,6.30,100,15.84,91.88
unrolled_elementwise_kernel,0.15,5.93,0.23,6.12,100,14.81,97.24
unrolled_elementwise_kernel,0.39,5.86,0.38,6.55,100,15.92,94.94
unrolled_elementwise_kernel,0.40,5.93,0.38,6.07,100,15.80,94.14
unrolled_elementwise_kernel,0.21,6.09,0.26,6.31,100,15.98,94.68
unrolled_elementwise_kernel,0.40,5.90,0.38,6.15,100,15.64,94.46
unrolled_elementwise_kernel,0.41,6.07,0.39,6.17,100,15.76,94.76
unrolled_elementwise_kernel,0.41,6.06,0.39,5.93,100,16.01,95.27
unrolled_elementwise_kernel,0.40,5.84,0.38,6.16,100,15.74,93.58
unrolled_elementwise_kernel,0.15,6.04,0.23,6.13,100,14.09,98.03
unrolled_elementwise_kernel,0.39,5.83,0.37,6.30,100,16.03,95.06
unrolled_elementwise_kernel,0.41,6.09,0.39,6.73,100,15.73,94.93
unrolled_elementwise_kernel,0.20,5.81,0.25,6.23,100,14.86,96.04
unrolled_elementwise_kernel,0.38,5.63,0.37,5.85,100,16.12,92.41
unrolled_elementwise_kernel,0.40,5.96,0.38,6.23,100,16.23,93.44
unrolled_elementwise_kernel,0.41,5.98,0.39,6.24,100,16.21,94.34
unrolled_elementwise_kernel,0.40,5.79,0.38,6.12,100,15.73,92.59
unrolled_elementwise_kernel,0.16,5.93,0.23,6.30,100,14.52,95.55
unrolled_elementwise_kernel,0.40,5.82,0.38,6.22,100,15.39,93.98
unrolled_elementwise_kernel,0.38,5.58,0.36,6.14,100,16.09,93.74
unrolled_elementwise_kernel,0.20,5.97,0.26,6.36,100,14.54,96.86
unrolled_elementwise_kernel,0.41,5.94,0.38,6.22,100,15.61,94.24
unrolled_elementwise_kernel,0.40,5.80,0.38,6.31,100,15.78,93.41
unrolled_elementwise_kernel,0.41,6.08,0.39,6.27,100,16.00,94.38
unrolled_elementwise_kernel,0.40,5.93,0.38,6.27,100,15.97,94.31
unrolled_elementwise_kernel,0.15,5.88,0.22,6.12,100,13.69,97.47
unrolled_elementwise_kernel,0.38,5.63,0.36,6.23,100,15.66,94.17
unrolled_elementwise_kernel,0.41,6.08,0.39,5.80,100,15.77,95.52
unrolled_elementwise_kernel,0.20,5.74,0.25,6.30,100,14.96,93.93
unrolled_elementwise_kernel,0.41,5.98,0.39,6.15,100,15.68,92.24
unrolled_elementwise_kernel,0.39,5.78,0.37,6.44,100,15.34,92.77
unrolled_elementwise_kernel,0.39,5.81,0.37,6.33,100,15.96,94.30
unrolled_elementwise_kernel,0.41,6.14,0.39,6.28,100,16.07,94.03
unrolled_elementwise_kernel,0.14,5.52,0.21,6.16,100,14.45,95.71
unrolled_elementwise_kernel,0.41,6.01,0.39,5.90,100,15.87,94.35
unrolled_elementwise_kernel,0.39,5.77,0.37,6.23,100,16.11,91.75
unrolled_elementwise_kernel,0.20,6.00,0.26,6.13,100,15.25,95.01
unrolled_elementwise_kernel,0.40,5.83,0.38,6.06,100,15.42,92.43
unrolled_elementwise_kernel,0.40,5.75,0.38,6.33,100,16.05,90.71
unrolled_elementwise_kernel,0.39,5.73,0.37,6.06,100,15.57,91.93
unrolled_elementwise_kernel,0.40,5.93,0.38,5.83,100,15.26,91.55
unrolled_elementwise_kernel,0.15,5.68,0.22,6.37,100,14.88,92.75
unrolled_elementwise_kernel,0.39,5.70,0.37,6.31,100,15.64,91.34
unrolled_elementwise_kernel,0.40,5.75,0.38,6.24,100,15.96,90.42
unrolled_elementwise_kernel,0.20,5.74,0.25,6.41,100,16.03,92.88
unrolled_elementwise_kernel,0.40,5.86,0.38,6.24,100,15.64,91.74
unrolled_elementwise_kernel,0.41,5.88,0.39,6.37,100,15.65,92.65
unrolled_elementwise_kernel,0.40,5.84,0.38,6.17,100,15.96,93.12
unrolled_elementwise_kernel,0.40,5.82,0.38,6.04,100,15.85,93.32
unrolled_elementwise_kernel,0.15,5.89,0.23,6.39,100,14.42,95.33
unrolled_elementwise_kernel,0.40,5.77,0.38,5.96,100,15.49,93.12
unrolled_elementwise_kernel,0.39,5.66,0.37,6.28,100,15.86,92.83
unrolled_elementwise_kernel,0.21,5.88,0.26,6.03,100,14.89,94.94
unrolled_elementwise_kernel,0.38,5.48,0.36,6.21,100,15.77,92.30
unrolled_elementwise_kernel,0.40,5.77,0.38,6.27,100,15.97,92.34
unrolled_elementwise_kernel,0.40,5.82,0.38,6.22,100,15.75,93.15
unrolled_elementwise_kernel,0.41,5.96,0.39,6.21,100,15.78,93.32
unrolled_elementwise_kernel,0.15,5.54,0.21,6.29,100,12.29,94.58
unrolled_elementwise_kernel,0.39,5.69,0.37,6.22,100,15.42,91.53
unrolled_elementwise_kernel,0.41,5.93,0.39,6.34,100,15.85,92.31
unrolled_elementwise_kernel,0.20,5.80,0.26,6.19,100,15.12,93.67
unrolled_elementwise_kernel,0.40,5.74,0.38,6.29,100,15.82,91.45
unrolled_elementwise_kernel,0.41,5.91,0.39,6.26,100,15.94,92.38
unrolled_elementwise_kernel,0.41,5.87,0.39,6.75,100,15.97,91.14
unrolled_elementwise_kernel,0.40,5.83,0.38,6.32,100,15.87,91.94
unrolled_elementwise_kernel,0.15,5.58,0.22,5.87,100,14.45,93.13
unrolled_elementwise_kernel,0.40,5.86,0.38,6.31,100,15.94,90.60
unrolled_elementwise_kernel,0.39,5.70,0.37,6.79,100,15.89,91.45
unrolled_elementwise_kernel,0.20,5.89,0.26,6.16,100,14.49,93.18
unrolled_elementwise_kernel,0.38,5.50,0.36,5.96,100,16.28,89.87
unrolled_elementwise_kernel,0.39,5.67,0.37,6.34,100,16.13,90.36
unrolled_elementwise_kernel,0.40,5.76,0.38,6.17,100,15.67,91.45
unrolled_elementwise_kernel,0.41,5.86,0.39,6.30,100,16.06,91.43
unrolled_elementwise_kernel,0.15,5.84,0.23,6.27,100,14.55,93.39
unrolled_elementwise_kernel,0.39,5.66,0.37,6.31,100,15.95,91.17
unrolled_elementwise_kernel,0.40,5.71,0.38,6.35,100,15.45,91.81
unrolled_elementwise_kernel,0.20,5.72,0.25,6.28,100,14.96,93.48
unrolled_elementwise_kernel,0.39,5.76,0.37,6.20,100,15.32,91.50
unrolled_elementwise_kernel,0.39,5.81,0.37,6.31,100,15.93,93.31
unrolled_elementwise_kernel,0.39,5.66,0.37,6.11,100,16.12,92.37
unrolled_elementwise_kernel,0.41,6.04,0.39,6.42,100,15.59,95.50
unrolled_elementwise_kernel,0.15,5.98,0.23,6.26,100,14.22,97.48
unrolled_elementwise_kernel,0.38,5.63,0.36,6.23,100,15.83,94.06
unrolled_elementwise_kernel,0.39,5.87,0.37,6.19,100,15.63,95.34
unrolled_elementwise_kernel,0.20,5.80,0.25,6.08,100,14.88,96.62
unrolled_elementwise_kernel,0.39,5.83,0.37,6.29,100,16.08,94.18
vectorized_elementwise_kernel,24.60,96.71,96.71,68.51,100,0,99.12
vectorized_elementwise_kernel,24.60,96.70,96.70,73.58,100,0,99.20
vectorized_elementwise_kernel,24.62,96.76,96.76,70.75,100,0,98.86
vectorized_elementwise_kernel,24.53,96.41,96.41,66.90,100,0,100.87
vectorized_elementwise_kernel,24.44,96.09,96.09,69.66,100,0,99.79
vectorized_elementwise_kernel,24.50,96.34,96.34,70.97,100,0,100.01
vectorized_elementwise_kernel,24.57,96.59,96.59,70.55,100,0,100.71
vectorized_elementwise_kernel,24.54,96.46,96.46,68.82,100,0,99.46
vectorized_elementwise_kernel,0.04,10.02,0.21,5.68,100,47.06,97.40
vectorized_elementwise_kernel,0.04,9.77,0.20,6.07,100,47.06,98.75
vectorized_elementwise_kernel,0.03,9.67,0.08,6.24,100,0,99.94
vectorized_elementwise_kernel,0.04,9.12,0.18,5.96,100,50,98.86
vectorized_elementwise_kernel,0.04,9.80,0.21,5.89,100,72.73,98.52
index_elementwise_kernel,83.22,14.06,7.04,69.41,75,72.96,99.70
elementwise_kernel,62.98,29.33,29.33,91.85,100,50.44,52.28
indexSelectLargeIndex,51.34,13.98,13.98,48.37,100,35.92,53.36
vectorized_elementwise_kernel,21.28,85.31,85.31,84.03,100,0,36.28
fused_dropout_kernel_vec,55.35,48.60,48.60,46.49,50,0,61.81
cuApplyLayerNorm,35.99,27.68,27.68,50.26,62.50,68.50,49.03
sm90_xmma_gemm_bf16bf16_bf16f32_f32_tn_n_tilesize128x128x64_warpgroupsize1x1x1_execute_segment_k_off_kernel__51_cublas,69.68,52.68,29.92,15.24,18.75,0,57.52
elementwise_kernel,69.46,23.22,21.78,86.72,100,46.44,52.68
elementwise_kernel,41.88,18.32,15.35,85.66,100,21.89,54.46
elementwise_kernel,43.08,19.48,15.78,84.13,100,21.98,56.34
sm90_xmma_gemm_bf16bf16_bf16f32_f32_tn_n_tilesize128x128x64_warpgroupsize1x1x1_execute_segment_k_off_kernel__51_cublas,32.99,52.73,46.57,17.85,18.75,0,92.82
scaled_upper_triang_masked_softmax_warp_forward,41.97,31.12,31.12,28.33,31.25,1.16,69.56
fused_dropout_kernel_vec,55.52,54.47,54.47,47.52,50,0,62.70
sm90_xmma_gemm_bf16bf16_bf16f32_f32_nn_n_tilesize128x128x64_warpgroupsize1x1x1_execute_segment_k_off_kernel__51_cublas,34.78,67.76,67.76,13.58,18.75,0,37.43
elementwise_kernel,50.07,18.21,14.35,81.47,100,22.34,55.06
sm90_xmma_gemm_bf16bf16_bf16f32_f32_tn_n_tilesize128x128x64_warpgroupsize1x1x1_execute_segment_k_off_kernel__51_cublas,79.94,63.72,18.24,17.46,18.75,0,84.22
kernel3,70.22,54.67,54.67,46.27,50,13.89,49.84
cuApplyLayerNorm,34.44,26.40,26.40,48.71,62.50,68.18,50.53
sm90_xmma_gemm_bf16bf16_bf16f32_f32_tn_n_tilesize128x256x64_warpgroupsize2x1x1_execute_segment_k_off_kernel__51_cublas,92.43,58.27,35.32,15.64,18.75,0,62.37
kernel4,74.40,39.96,39.96,87.12,100,28.26,53.29
sm90_xmma_gemm_bf16bf16_bf16f32_f32_tn_n_tilesize128x128x64_warpgroupsize1x1x1_execute_segment_k_off_kernel__51_cublas,86.66,66.06,34.92,17.42,18.75,0,71.40
kernel3,70.17,55.41,55.41,46.26,50,13.71,48.24
cuApplyLayerNorm,34.53,26.40,26.40,49.91,62.50,68.24,49.09
sm90_xmma_gemm_bf16bf16_bf16f32_f32_tn_n_tilesize128x128x64_warpgroupsize1x1x1_execute_segment_k_off_kernel__51_cublas,83.66,63.26,34.30,15.23,18.75,0,57.59
elementwise_kernel,68.85,23.30,21.47,86.74,100,46.41,53.97
elementwise_kernel,44.11,20.03,16.12,81.72,100,22.02,55.91
elementwise_kernel,44.27,20.63,16.23,83.97,100,22.03,57.92
sm90_xmma_gemm_bf16bf16_bf16f32_f32_tn_n_tilesize128x128x64_warpgroupsize1x1x1_execute_segment_k_off_kernel__51_cublas,32.50,52.43,46.94,17.84,18.75,0,91.77
scaled_upper_triang_masked_softmax_warp_forward,42.12,31.12,31.12,28.14,31.25,1.16,69.44
fused_dropout_kernel_vec,55.61,54.47,54.47,47.58,50,0,62.78
sm90_xmma_gemm_bf16bf16_bf16f32_f32_nn_n_tilesize128x128x64_warpgroupsize1x1x1_execute_segment_k_off_kernel__51_cublas,33.56,65.93,65.93,13.71,18.75,0,37.98
elementwise_kernel,50.75,18.22,14.54,83.69,100,22.36,54.20
sm90_xmma_gemm_bf16bf16_bf16f32_f32_tn_n_tilesize128x128x64_warpgroupsize1x1x1_execute_segment_k_off_kernel__51_cublas,80.05,63.80,18.00,17.46,18.75,0,84.46
kernel3,70.44,55.00,55.00,46.34,50,13.91,50.36
cuApplyLayerNorm,36.33,28.01,28.01,48.94,62.50,68.31,50.44
sm90_xmma_gemm_bf16bf16_bf16f32_f32_tn_n_tilesize128x256x64_warpgroupsize2x1x1_execute_segment_k_off_kernel__51_cublas,92.33,58.21,35.38,15.65,18.75,0,63.76
kernel4,74.38,40.46,40.46,86.72,100,28.43,53.08
sm90_xmma_gemm_bf16bf16_bf16f32_f32_tn_n_tilesize128x128x64_warpgroupsize1x1x1_execute_segment_k_off_kernel__51_cublas,86.55,65.98,34.24,17.43,18.75,0,71.38
kernel3,70.09,54.73,54.73,45.93,50,14.17,49.41
cuApplyLayerNorm,35.96,27.32,27.32,49.70,62.50,68.32,49.89
sm90_xmma_gemm_bf16bf16_bf16f32_f32_tn_n_tilesize128x128x64_warpgroupsize1x1x1_execute_segment_k_off_kernel__51_cublas,83.62,63.23,34.15,15.24,18.75,0,57.19
elementwise_kernel,69.06,23.34,21.66,87.09,100,46.45,53.62
elementwise_kernel,44.05,20.49,16.12,81.98,100,22.09,57.78
elementwise_kernel,43.44,19.53,15.91,82.58,100,22.00,55.94
sm90_xmma_gemm_bf16bf16_bf16f32_f32_tn_n_tilesize128x128x64_warpgroupsize1x1x1_execute_segment_k_off_kernel__51_cublas,33.23,52.70,47.02,17.78,18.75,0,94.37
scaled_upper_triang_masked_softmax_warp_forward,42.08,31.19,31.19,28.28,31.25,1.16,70.12
fused_dropout_kernel_vec,55.24,54.47,54.47,47.54,50,0,62.56
sm90_xmma_gemm_bf16bf16_bf16f32_f32_nn_n_tilesize128x128x64_warpgroupsize1x1x1_execute_segment_k_off_kernel__51_cublas,34.08,66.62,66.62,14.03,18.75,0,37.14
elementwise_kernel,51.16,18.59,14.65,81.31,100,22.33,54.05
sm90_xmma_gemm_bf16bf16_bf16f32_f32_tn_n_tilesize128x128x64_warpgroupsize1x1x1_execute_segment_k_off_kernel__51_cublas,79.78,63.60,17.99,17.45,18.75,0,84.38
kernel3,69.97,54.70,54.70,46.29,50,14.17,50.10
cuApplyLayerNorm,34.29,26.22,26.22,50.71,62.50,68.22,50.16
sm90_xmma_gemm_bf16bf16_bf16f32_f32_tn_n_tilesize128x256x64_warpgroupsize2x1x1_execute_segment_k_off_kernel__51_cublas,92.38,58.24,35.44,15.64,18.75,0,65.35
kernel4,74.11,40.00,40.00,88.58,100,28.29,52.64
sm90_xmma_gemm_bf16bf16_bf16f32_f32_tn_n_tilesize128x128x64_warpgroupsize1x1x1_execute_segment_k_off_kernel__51_cublas,86.55,65.98,34.16,17.42,18.75,0,66.41
kernel3,69.81,55.06,55.06,46.04,50,13.32,48.28
cuApplyLayerNorm,34.22,26.29,26.29,49.16,62.50,68.35,49.83
sm90_xmma_gemm_bf16bf16_bf16f32_f32_tn_n_tilesize128x128x64_warpgroupsize1x1x1_execute_segment_k_off_kernel__51_cublas,69.95,52.89,30.39,15.24,18.75,0,58.26
elementwise_kernel,69.65,23.38,21.80,87.62,100,46.46,53.02
elementwise_kernel,44.20,20.48,16.19,82.11,100,22.01,57.18
elementwise_kernel,44.30,19.91,16.20,81.48,100,22.00,54.73
sm90_xmma_gemm_bf16bf16_bf16f32_f32_tn_n_tilesize128x128x64_warpgroupsize1x1x1_execute_segment_k_off_kernel__51_cublas,33.26,52.94,47.39,17.75,18.75,0,92.99
scaled_upper_triang_masked_softmax_warp_forward,42.18,31.33,31.33,28.23,31.25,1.16,69.67
fused_dropout_kernel_vec,55.45,54.64,54.64,47.50,50,0,62.64
sm90_xmma_gemm_bf16bf16_bf16f32_f32_nn_n_tilesize128x128x64_warpgroupsize1x1x1_execute_segment_k_off_kernel__51_cublas,34.55,67.54,67.54,13.95,18.75,0,37.34
elementwise_kernel,51.71,18.75,14.85,81.33,100,22.34,54.29
sm90_xmma_gemm_bf16bf16_bf16f32_f32_tn_n_tilesize128x128x64_warpgroupsize1x1x1_execute_segment_k_off_kernel__51_cublas,79.90,63.69,17.89,17.45,18.75,0,84.25
kernel3,70.34,55.38,55.38,45.93,50,13.84,50.07
cuApplyLayerNorm,34.20,26.52,26.52,49.82,62.50,68.38,49.53
sm90_xmma_gemm_bf16bf16_bf16f32_f32_tn_n_tilesize128x256x64_warpgroupsize2x1x1_execute_segment_k_off_kernel__51_cublas,92.14,58.09,35.16,15.64,18.75,0,65.60
kernel4,73.69,39.98,39.98,86.80,100,28.34,52.95
sm90_xmma_gemm_bf16bf16_bf16f32_f32_tn_n_tilesize128x128x64_warpgroupsize1x1x1_execute_segment_k_off_kernel__51_cublas,86.72,66.11,34.99,17.42,18.75,0,65.25
kernel3,70.33,55.23,55.23,45.90,50,13.96,48.01
cuApplyLayerNorm,35.57,27.49,27.49,49.79,62.50,68.29,49.56
sm90_xmma_gemm_bf16bf16_bf16f32_f32_tn_n_tilesize128x128x64_warpgroupsize1x1x1_execute_segment_k_off_kernel__51_cublas,69.92,52.87,30.28,15.24,18.75,0,57.88
elementwise_kernel,68.89,22.88,21.15,88.48,100,46.46,53.14
elementwise_kernel,43.49,19.61,15.93,83.34,100,21.99,55.85
elementwise_kernel,43.81,19.99,16.04,84.30,100,21.95,55.95
sm90_xmma_gemm_bf16bf16_bf16f32_f32_tn_n_tilesize128x128x64_warpgroupsize1x1x1_execute_segment_k_off_kernel__51_cublas,33.31,52.91,47.20,17.76,18.75,0,93.27
scaled_upper_triang_masked_softmax_warp_forward,41.98,31.09,31.09,28.26,31.25,1.16,69.88
fused_dropout_kernel_vec,55.05,54.03,54.03,47.58,50,0,62.72
sm90_xmma_gemm_bf16bf16_bf16f32_f32_nn_n_tilesize128x128x64_warpgroupsize1x1x1_execute_segment_k_off_kernel__51_cublas,34.65,67.86,67.86,13.73,18.75,0,37.77
elementwise_kernel,51.09,18.47,14.54,81.91,100,22.30,54.61
sm90_xmma_gemm_bf16bf16_bf16f32_f32_tn_n_tilesize128x128x64_warpgroupsize1x1x1_execute_segment_k_off_kernel__51_cublas,80.11,63.87,18.30,17.44,18.75,0,84.27
kernel3,69.97,54.93,54.93,45.92,50,14.03,49.56
cuApplyLayerNorm,34.26,26.48,26.48,51.54,62.50,68.27,49.41
sm90_xmma_gemm_bf16bf16_bf16f32_f32_tn_n_tilesize128x256x64_warpgroupsize2x1x1_execute_segment_k_off_kernel__51_cublas,92.43,58.28,35.30,15.64,18.75,0,60.74
kernel4,74.15,40.66,40.66,86.47,100,28.25,53.41
sm90_xmma_gemm_bf16bf16_bf16f32_f32_tn_n_tilesize128x128x64_warpgroupsize1x1x1_execute_segment_k_off_kernel__51_cublas,86.71,66.09,35.24,17.42,18.75,0,73.88
kernel3,70.34,55.17,55.17,46.15,50,13.50,48.04
cuApplyLayerNorm,33.82,25.85,25.85,49.46,62.50,68.37,50.69
sm90_xmma_gemm_bf16bf16_bf16f32_f32_tn_n_tilesize128x128x64_warpgroupsize1x1x1_execute_segment_k_off_kernel__51_cublas,83.45,63.10,33.99,15.25,18.75,0,57.82
elementwise_kernel,68.70,23.10,21.30,88.57,100,46.45,53.28
elementwise_kernel,43.62,19.97,15.98,80.90,100,22.06,57.42
elementwise_kernel,43.37,19.42,15.87,81.95,100,22.02,55.42
sm90_xmma_gemm_bf16bf16_bf16f32_f32_tn_n_tilesize128x128x64_warpgroupsize1x1x1_execute_segment_k_off_kernel__51_cublas,32.73,52.66,46.81,17.72,18.75,0,92.02
scaled_upper_triang_masked_softmax_warp_forward,41.86,30.94,30.94,28.27,31.25,1.16,69.88
fused_dropout_kernel_vec,55.45,54.88,54.88,47.31,50,0,62.36
sm90_xmma_gemm_bf16bf16_bf16f32_f32_nn_n_tilesize128x128x64_warpgroupsize1x1x1_execute_segment_k_off_kernel__51_cublas,33.90,66.75,66.75,13.91,18.75,0,38.23
elementwise_kernel,51.52,18.46,14.74,82.33,100,22.38,54.65
sm90_xmma_gemm_bf16bf16_bf16f32_f32_tn_n_tilesize128x128x64_warpgroupsize1x1x1_execute_segment_k_off_kernel__51_cublas,80.15,63.89,18.40,17.45,18.75,0,84.22
kernel3,70.07,55.04,55.04,46.12,50,13.80,50.11
cuApplyLayerNorm,35.36,27.20,27.20,50.41,62.50,68.16,48.95
sm90_xmma_gemm_bf16bf16_bf16f32_f32_tn_n_tilesize128x256x64_warpgroupsize2x1x1_execute_segment_k_off_kernel__51_cublas,92.30,58.19,35.38,15.64,18.75,0,63.87
kernel4,73.83,39.00,39.00,86.64,100,28.30,53.29
sm90_xmma_gemm_bf16bf16_bf16f32_f32_tn_n_tilesize128x128x64_warpgroupsize1x1x1_execute_segment_k_off_kernel__51_cublas,86.65,66.06,34.68,17.42,18.75,0,71.26
kernel3,69.92,55.34,55.34,46.07,50,13.54,48.18
cuApplyLayerNorm,34.02,26.14,26.14,49.07,62.50,68.37,49.09
sm90_xmma_gemm_bf16bf16_bf16f32_f32_tn_n_tilesize128x128x64_warpgroupsize1x1x1_execute_segment_k_off_kernel__51_cublas,83.52,63.15,34.18,15.24,18.75,0,57.65
elementwise_kernel,68.49,22.96,21.85,87.47,100,46.44,52.45
elementwise_kernel,43.78,19.59,16.02,84.54,100,22.04,54.50
elementwise_kernel,43.18,19.87,15.82,80.77,100,22.00,55.50
sm90_xmma_gemm_bf16bf16_bf16f32_f32_tn_n_tilesize128x128x64_warpgroupsize1x1x1_execute_segment_k_off_kernel__51_cublas,33.05,53.11,47.12,17.76,18.75,0,91.76
scaled_upper_triang_masked_softmax_warp_forward,42.47,31.39,31.39,28.22,31.25,1.16,69.59
fused_dropout_kernel_vec,55.81,54.65,54.65,47.17,50,0,62.39
sm90_xmma_gemm_bf16bf16_bf16f32_f32_nn_n_tilesize128x128x64_warpgroupsize1x1x1_execute_segment_k_off_kernel__51_cublas,33.76,66.32,66.32,13.84,18.75,0,37.71
elementwise_kernel,51.38,19.07,14.72,82.20,100,22.41,55.77
sm90_xmma_gemm_bf16bf16_bf16f32_f32_tn_n_tilesize128x128x64_warpgroupsize1x1x1_execute_segment_k_off_kernel__51_cublas,79.80,63.59,18.02,17.46,18.75,0,84.22
kernel3,69.98,54.64,54.64,46.10,50,13.93,49.25
cuApplyLayerNorm,34.09,26.23,26.23,49.94,62.50,68.25,49.99
sm90_xmma_gemm_bf16bf16_bf16f32_f32_tn_n_tilesize128x256x64_warpgroupsize2x1x1_execute_segment_k_off_kernel__51_cublas,92.17,58.11,35.09,15.64,18.75,0,65.03
kernel4,74.52,40.63,40.63,86.70,100,28.25,53.55
sm90_xmma_gemm_bf16bf16_bf16f32_f32_tn_n_tilesize128x128x64_warpgroupsize1x1x1_execute_segment_k_off_kernel__51_cublas,86.58,66.00,34.15,17.41,18.75,0,71.37
kernel3,69.76,55.20,55.20,46.32,50,14.12,48.06
cuApplyLayerNorm,35.24,27.04,27.04,48.81,62.50,68.29,49.45
sm90_xmma_gemm_bf16bf16_bf16f32_f32_tn_n_tilesize128x128x64_warpgroupsize1x1x1_execute_segment_k_off_kernel__51_cublas,69.82,52.79,30.06,15.24,18.75,0,58.26
elementwise_kernel,68.82,22.70,21.16,89.77,100,46.47,52.46
elementwise_kernel,43.33,19.41,15.87,82.25,100,22.01,54.72
elementwise_kernel,43.59,20.11,15.96,83.56,100,22.00,56.80
sm90_xmma_gemm_bf16bf16_bf16f32_f32_tn_n_tilesize128x128x64_warpgroupsize1x1x1_execute_segment_k_off_kernel__51_cublas,33.34,52.92,47.07,17.83,18.75,0,92.13
scaled_upper_triang_masked_softmax_warp_forward,41.61,30.93,30.93,28.30,31.25,1.16,69.50
fused_dropout_kernel_vec,54.90,54.33,54.33,47.32,50,0,62.50
sm90_xmma_gemm_bf16bf16_bf16f32_f32_nn_n_tilesize128x128x64_warpgroupsize1x1x1_execute_segment_k_off_kernel__51_cublas,34.23,67.05,67.05,14.10,18.75,0,37.62
elementwise_kernel,50.52,18.29,14.49,82.27,100,22.37,55.20
sm90_xmma_gemm_bf16bf16_bf16f32_f32_tn_n_tilesize128x128x64_warpgroupsize1x1x1_execute_segment_k_off_kernel__51_cublas,79.74,63.57,18.18,17.45,18.75,0,84.22
kernel3,70.18,55.17,55.17,46.41,50,14.25,50.42
cuApplyLayerNorm,34.10,26.15,26.15,50.79,62.50,68.20,48.83
sm90_xmma_gemm_bf16bf16_bf16f32_f32_tn_n_tilesize128x256x64_warpgroupsize2x1x1_execute_segment_k_off_kernel__51_cublas,69.23,43.65,27.81,15.64,18.75,0,65.09
kernel4,73.86,40.25,40.25,86.33,100,28.33,53.28
sm90_xmma_gemm_bf16bf16_bf16f32_f32_tn_n_tilesize128x128x64_warpgroupsize1x1x1_execute_segment_k_off_kernel__51_cublas,86.80,66.17,35.44,17.50,18.75,0,62.94
kernel3,70.05,54.98,54.98,46.63,50,14.09,48.40
cuApplyLayerNorm,34.87,26.81,26.81,50.20,62.50,68.22,49.21
sm90_xmma_gemm_bf16bf16_bf16f32_f32_tn_n_tilesize128x128x64_warpgroupsize1x1x1_execute_segment_k_off_kernel__51_cublas,83.64,63.24,34.10,15.24,18.75,0,57.92
elementwise_kernel,68.45,22.87,21.38,88.15,100,46.43,52.86
elementwise_kernel,43.32,19.31,15.86,90.90,100,22.04,55.90
elementwise_kernel,43.74,20.14,16.02,83.51,100,22.02,57.67
sm90_xmma_gemm_bf16bf16_bf16f32_f32_tn_n_tilesize128x128x64_warpgroupsize1x1x1_execute_segment_k_off_kernel__51_cublas,32.45,52.24,46.72,16.84,18.75,0,93.69
scaled_upper_triang_masked_softmax_warp_forward,41.53,30.66,30.66,28.05,31.25,1.16,69.61
fused_dropout_kernel_vec,55.21,54.62,54.62,47.57,50,0,62.52
sm90_xmma_gemm_bf16bf16_bf16f32_f32_nn_n_tilesize128x128x64_warpgroupsize1x1x1_execute_segment_k_off_kernel__51_cublas,33.77,66.35,66.35,13.97,18.75,0,37.98
elementwise_kernel,50.92,18.45,14.60,79.68,100,22.16,53.95
sm90_xmma_gemm_bf16bf16_bf16f32_f32_tn_n_tilesize128x128x64_warpgroupsize1x1x1_execute_segment_k_off_kernel__51_cublas,79.83,63.66,17.58,17.47,18.75,0,84.40
kernel3,70.22,55.12,55.12,46.44,50,14.29,49.69
cuApplyLayerNorm,34.69,26.59,26.59,48.24,62.50,68.32,49.19
sm90_xmma_gemm_bf16bf16_bf16f32_f32_tn_n_tilesize128x256x64_warpgroupsize2x1x1_execute_segment_k_off_kernel__51_cublas,91.97,57.98,35.18,15.64,18.75,0,62.14
kernel4,74.80,40.52,40.52,87.31,100,28.47,53.39
sm90_xmma_gemm_bf16bf16_bf16f32_f32_tn_n_tilesize128x128x64_warpgroupsize1x1x1_execute_segment_k_off_kernel__51_cublas,86.57,65.98,34.76,17.49,18.75,0,69.59
kernel3,70.02,54.71,54.71,46.43,50,14.00,47.80
cuApplyLayerNorm,34.23,26.32,26.32,49.16,62.50,68.37,49.07
sm90_xmma_gemm_bf16bf16_bf16f32_f32_tn_n_tilesize128x128x64_warpgroupsize1x1x1_execute_segment_k_off_kernel__51_cublas,69.59,52.62,29.92,15.25,18.75,0,57.06
elementwise_kernel,68.51,23.54,21.67,88.22,100,46.42,55.98
elementwise_kernel,43.51,20.12,15.94,90.70,100,22.03,57.03
elementwise_kernel,42.77,20.40,15.67,83.31,100,22.03,59.15
sm90_xmma_gemm_bf16bf16_bf16f32_f32_tn_n_tilesize128x128x64_warpgroupsize1x1x1_execute_segment_k_off_kernel__51_cublas,32.69,52.13,46.51,17.80,18.75,0,92.97
scaled_upper_triang_masked_softmax_warp_forward,41.73,30.93,30.93,28.19,31.25,1.16,69.15
fused_dropout_kernel_vec,55.35,54.31,54.31,47.38,50,0,62.34
sm90_xmma_gemm_bf16bf16_bf16f32_f32_nn_n_tilesize128x128x64_warpgroupsize1x1x1_execute_segment_k_off_kernel__51_cublas,33.89,66.36,66.36,13.57,18.75,0,37.08
elementwise_kernel,50.50,17.95,14.48,82.29,100,22.41,53.93
sm90_xmma_gemm_bf16bf16_bf16f32_f32_tn_n_tilesize128x128x64_warpgroupsize1x1x1_execute_segment_k_off_kernel__51_cublas,79.73,63.56,17.88,17.46,18.75,0,84.58
kernel3,69.74,55.16,55.16,46.10,50,14.19,49.33
cuApplyLayerNorm,35.05,26.99,26.99,49.24,62.50,68.33,49.10
sm90_xmma_gemm_bf16bf16_bf16f32_f32_tn_n_tilesize128x256x64_warpgroupsize2x1x1_execute_segment_k_off_kernel__51_cublas,92.00,58.00,35.22,15.65,18.75,0,62.81
kernel4,74.49,40.05,40.05,86.71,100,28.33,53.05
sm90_xmma_gemm_bf16bf16_bf16f32_f32_tn_n_tilesize128x128x64_warpgroupsize1x1x1_execute_segment_k_off_kernel__51_cublas,86.60,66.02,34.53,17.43,18.75,0,70.98
kernel3,69.97,54.99,54.99,46.93,50,13.84,48.04
cuApplyLayerNorm,34.39,26.41,26.41,51.66,62.50,68.35,49.70
sm90_xmma_gemm_bf16bf16_bf16f32_f32_tn_n_tilesize128x128x64_warpgroupsize1x1x1_execute_segment_k_off_kernel__51_cublas,83.80,63.36,34.50,15.24,18.75,0,57.24
elementwise_kernel,69.47,23.27,21.24,87.43,100,46.44,53.98
elementwise_kernel,44.18,19.70,16.06,89.16,100,21.98,55.94
elementwise_kernel,43.48,19.83,15.90,84.02,100,21.98,57.81
sm90_xmma_gemm_bf16bf16_bf16f32_f32_tn_n_tilesize128x128x64_warpgroupsize1x1x1_execute_segment_k_off_kernel__51_cublas,32.94,52.26,46.77,17.74,18.75,0,93.79
scaled_upper_triang_masked_softmax_warp_forward,42.13,31.22,31.22,27.85,31.25,1.16,69.86
fused_dropout_kernel_vec,55.06,54.23,54.23,47.19,50,0,62.41
sm90_xmma_gemm_bf16bf16_bf16f32_f32_nn_n_tilesize128x128x64_warpgroupsize1x1x1_execute_segment_k_off_kernel__51_cublas,33.78,66.17,66.17,13.39,18.75,0,37.98
elementwise_kernel,50.55,18.56,14.49,82.10,100,22.38,55.34
sm90_xmma_gemm_bf16bf16_bf16f32_f32_tn_n_tilesize128x128x64_warpgroupsize1x1x1_execute_segment_k_off_kernel__51_cublas,79.85,63.64,18.29,17.46,18.75,0,83.97
kernel3,69.92,55.09,55.09,46.02,50,13.95,49.90
cuApplyLayerNorm,35.53,27.24,27.24,51.12,62.50,68.17,49.78
sm90_xmma_gemm_bf16bf16_bf16f32_f32_tn_n_tilesize128x256x64_warpgroupsize2x1x1_execute_segment_k_off_kernel__51_cublas,91.87,57.92,35.01,15.64,18.75,0,66.95
kernel4,74.38,39.90,39.90,86.66,100,28.25,53.61
sm90_xmma_gemm_bf16bf16_bf16f32_f32_tn_n_tilesize128x128x64_warpgroupsize1x1x1_execute_segment_k_off_kernel__51_cublas,86.58,66.00,34.61,17.42,18.75,0,72.00
kernel3,70.30,55.38,55.38,46.56,50,13.85,48.33
cuApplyLayerNorm,35.44,27.25,27.25,50.51,62.50,68.32,48.95
sm90_xmma_gemm_bf16bf16_bf16f32_f32_tn_n_tilesize128x128x64_warpgroupsize1x1x1_execute_segment_k_off_kernel__51_cublas,69.90,52.85,29.96,15.25,18.75,0,57.79
elementwise_kernel,68.97,22.88,21.92,88.37,100,46.41,51.70
elementwise_kernel,44.14,19.90,16.17,87.45,100,22.04,54.55
elementwise_kernel,43.94,19.68,16.08,82.72,100,22.00,53.79
sm90_xmma_gemm_bf16bf16_bf16f32_f32_tn_n_tilesize128x128x64_warpgroupsize1x1x1_execute_segment_k_off_kernel__51_cublas,32.82,52.01,46.66,17.81,18.75,0,91.71
scaled_upper_triang_masked_softmax_warp_forward,42.25,31.19,31.19,27.98,31.25,1.16,70.35
fused_dropout_kernel_vec,55.42,54.42,54.42,47.55,50,0,62.38
sm90_xmma_gemm_bf16bf16_bf16f32_f32_nn_n_tilesize128x128x64_warpgroupsize1x1x1_execute_segment_k_off_kernel__51_cublas,33.77,66.50,66.50,13.47,18.75,0,37.35
elementwise_kernel,50.58,18.42,14.52,80.32,100,22.37,55.42
sm90_xmma_gemm_bf16bf16_bf16f32_f32_tn_n_tilesize128x128x64_warpgroupsize1x1x1_execute_segment_k_off_kernel__51_cublas,79.84,63.65,17.96,17.43,18.75,0,84.22
kernel3,69.44,54.78,54.78,46.11,50,14.07,49.62
cuApplyLayerNorm,34.60,26.78,26.78,50.52,62.50,68.28,49.08
sm90_xmma_gemm_bf16bf16_bf16f32_f32_tn_n_tilesize128x256x64_warpgroupsize2x1x1_execute_segment_k_off_kernel__51_cublas,92.05,58.03,35.28,15.65,18.75,0,66.08
kernel4,74.25,39.75,39.75,87.35,100,28.32,53.29
sm90_xmma_gemm_bf16bf16_bf16f32_f32_tn_n_tilesize128x128x64_warpgroupsize1x1x1_execute_segment_k_off_kernel__51_cublas,86.69,66.09,34.87,17.42,18.75,0,71.48
kernel3,70.44,55.62,55.62,46.13,50,13.74,48.20
distribution_elementwise_grid_stride_kernel,73.30,15.75,10.94,56.88,75,45.80,99.97
vectorized_elementwise_kernel,21.54,64.72,64.72,60.57,100,49.16,51.17
vectorized_elementwise_kernel,0.01,10.03,0.03,5.16,100,0,99.54
kernel5,31.40,59.42,59.42,45.34,56.25,11.48,50.09
unrolled_elementwise_kernel,0.50,5.08,0.48,6.04,100,40,89.28
sm90_xmma_gemm_bf16bf16_bf16f32_f32_nn_n_tilesize128x256x64_warpgroupsize2x1x1_execute_segment_k_off_kernel__51_cublas,92.50,58.33,35.71,15.64,18.75,72.12,63.03
sm90_xmma_gemm_bf16f32_bf16f32_f32_nt_n_tilesize128x128x64_warpgroupsize1x1x1_execute_segment_k_off_kernel__51_cublas,67.72,61.40,50.17,18.53,18.75,0,59.58
reduce_kernel,8.65,72.74,72.74,93.93,100,0,3.59
vectorized_elementwise_kernel,0.01,9.34,0.04,4.71,100,33.33,99.29
vectorized_elementwise_kernel,11.61,88.42,88.42,84.20,100,42.97,50.87
kernel6,73.92,66.66,66.66,91.61,100,21.16,37.64
reduce_kernel,19.24,30.97,30.97,50.70,56.25,13.23,18.70
unrolled_elementwise_kernel,0.28,5.53,0.33,6.21,100,40,93.30
sm90_xmma_gemm_bf16bf16_bf16f32_f32_nn_n_tilesize128x128x64_warpgroupsize1x1x1_execute_segment_k_off_kernel__51_cublas,86.55,65.98,33.62,17.44,18.75,0,78.78
sm90_xmma_gemm_bf16f32_bf16f32_f32_nt_n_tilesize128x128x64_warpgroupsize1x1x1_execute_segment_k_off_kernel__51_cublas,65.81,59.84,49.38,18.35,18.75,0,59.67
reduce_kernel,8.50,72.31,72.31,92.45,100,0,3.24
vectorized_elementwise_kernel,0.01,9.72,0.05,4.68,100,33.33,99.34
vectorized_elementwise_kernel,11.52,87.88,87.88,83.90,100,42.97,50.93
cuComputePartGradGammaBeta,56.13,85.12,46.84,58.10,62.50,76.97,12.03
cuComputeGradGammaBeta,12.72,9.51,9.50,33.53,50,0,39.84
cuComputeGradInput,30.72,44.76,44.76,48.74,56.25,70.34,25.77
vectorized_elementwise_kernel,21.29,84.97,84.97,82.03,100,0,35.39
unrolled_elementwise_kernel,0.55,5.62,0.52,5.96,100,40,89.65
unrolled_elementwise_kernel,0.56,5.65,0.52,6.20,100,40,90.97
vectorized_elementwise_kernel,0.01,11.99,0.04,9.85,100,0,99.38
kernel5,31.79,60.28,60.28,45.16,56.25,11.49,50.08
unrolled_elementwise_kernel,0.52,5.35,0.49,6.39,100,40,92.05
sm90_xmma_gemm_bf16bf16_bf16f32_f32_nn_n_tilesize128x256x64_warpgroupsize2x1x1_execute_segment_k_off_kernel__51_cublas,65.58,42.86,16.85,15.63,18.75,0,74.39
sm90_xmma_gemm_bf16f32_bf16f32_f32_nt_n_tilesize128x128x64_warpgroupsize1x1x1_execute_segment_k_off_kernel__51_cublas,66.75,60.61,36.28,17.62,18.75,0,70.48
sm90_xmma_gemm_bf16bf16_bf16f32_f32_nt_n_tilesize128x128x64_warpgroupsize1x1x1_execute_segment_k_off_kernel__51_cublas,35.40,69.76,69.76,13.78,18.75,0,39.37
sm90_xmma_gemm_bf16bf16_bf16f32_f32_tn_n_tilesize128x128x64_warpgroupsize1x1x1_execute_segment_k_off_kernel__51_cublas,32.82,53.24,47.40,17.92,18.75,0,92.02
vectorized_elementwise_kernel,30.40,86.70,86.70,80.81,100,0,43.02
scaled_upper_triang_masked_softmax_warp_backward,18.44,47.38,47.38,17.04,18.75,22.48,50.91
sm90_xmma_gemm_bf16bf16_bf16f32_f32_nn_n_tilesize128x128x64_warpgroupsize1x1x1_execute_segment_k_off_kernel__51_cublas,34.31,67.38,67.38,13.87,18.75,0,36.66
vectorized_elementwise_kernel,15.12,29.06,27.95,58.06,100,0,53.54
sm90_xmma_gemm_bf16bf16_bf16f32_f32_nt_n_tilesize128x128x64_warpgroupsize1x1x1_execute_segment_k_off_kernel__51_cublas,34.37,67.70,67.70,14.10,18.75,0,38.50
vectorized_elementwise_kernel,14.85,28.71,27.63,60.25,100,0,53.18
CatArrayBatchedCopy,66.03,46.58,13.25,80.45,100,6.36,79.37
sm90_xmma_gemm_bf16bf16_bf16f32_f32_nn_n_tilesize128x128x64_warpgroupsize1x1x1_execute_segment_k_off_kernel__51_cublas,85.70,65.67,29.67,17.43,18.75,0,65.81
sm90_xmma_gemm_bf16f32_bf16f32_f32_nt_n_tilesize128x128x64_warpgroupsize1x1x1_execute_segment_k_off_kernel__51_cublas,66.52,60.46,47.09,18.09,18.75,0,61.82
reduce_kernel,19.68,31.48,31.48,52.99,56.25,13.24,16.71
unrolled_elementwise_kernel,0.21,5.52,0.29,6.34,100,40.00,93.91
reduce_kernel,10.58,85.25,85.25,99.74,100,0,5.04
vectorized_elementwise_kernel,0.01,9.94,0.05,5.15,100,33.33,100.40
vectorized_elementwise_kernel,11.68,87.46,87.46,84.34,100,43.19,51.62
cuComputePartGradGammaBeta,56.78,86.12,47.48,58.17,62.50,76.97,12.78
cuComputeGradGammaBeta,11.77,8.98,8.79,33.63,50,0,41.15
cuComputeGradInput,30.27,43.85,43.85,48.39,56.25,70.24,25.88
vectorized_elementwise_kernel,21.51,84.21,84.21,81.94,100,31.16,35.11
unrolled_elementwise_kernel,0.57,5.95,0.53,6.26,100,40,92.93
unrolled_elementwise_kernel,0.56,5.82,0.52,6.14,100,40,93.69
vectorized_elementwise_kernel,0.01,11.39,0.04,6.29,100,0,101.49
kernel5,31.55,59.61,59.61,44.61,56.25,11.48,51.94
unrolled_elementwise_kernel,0.52,5.52,0.49,6.17,100,40,92.37
sm90_xmma_gemm_bf16bf16_bf16f32_f32_nn_n_tilesize128x256x64_warpgroupsize2x1x1_execute_segment_k_off_kernel__51_cublas,68.77,43.36,30.66,15.65,18.75,72.12,57.73
sm90_xmma_gemm_bf16f32_bf16f32_f32_nt_n_tilesize128x128x64_warpgroupsize1x1x1_execute_segment_k_off_kernel__51_cublas,66.69,60.51,50.44,18.47,18.75,0,59.80
reduce_kernel,9.98,84.42,84.42,84.51,100,0.00,3.58
vectorized_elementwise_kernel,0.01,8.71,0.04,4.66,100,33.33,96.80
vectorized_elementwise_kernel,11.51,88.62,88.62,84.46,100,42.89,51.05
kernel6,73.57,66.22,66.22,86.55,100,21.03,39.01
reduce_kernel,19.86,31.92,31.92,49.02,56.25,13.60,17.90
unrolled_elementwise_kernel,0.27,5.48,0.33,6.36,100,40,91.68
sm90_xmma_gemm_bf16bf16_bf16f32_f32_nn_n_tilesize128x128x64_warpgroupsize1x1x1_execute_segment_k_off_kernel__51_cublas,86.60,66.02,33.94,17.43,18.75,0,71.37
sm90_xmma_gemm_bf16f32_bf16f32_f32_nt_n_tilesize128x128x64_warpgroupsize1x1x1_execute_segment_k_off_kernel__51_cublas,65.73,59.75,49.16,18.38,18.75,0,59.66
reduce_kernel,8.58,73.10,73.10,93.63,100,0.00,3.29
vectorized_elementwise_kernel,0.01,10.18,0.05,3.91,100,33.33,98.04
vectorized_elementwise_kernel,11.60,88.25,88.25,84.01,100,43.06,50.82
cuComputePartGradGammaBeta,56.27,85.34,46.91,57.98,62.50,76.97,10.94
cuComputeGradGammaBeta,12.15,9.04,9.04,34.86,50,0,39.46
cuComputeGradInput,30.14,43.62,43.62,48.29,56.25,70.30,25.68
vectorized_elementwise_kernel,21.97,85.93,85.93,79.71,100,31.13,34.59
unrolled_elementwise_kernel,0.53,5.46,0.50,6.20,100,40,88.28
unrolled_elementwise_kernel,0.55,5.63,0.51,6.55,100,40,92.05
vectorized_elementwise_kernel,0.01,11.22,0.04,6.12,100,0,100.46
kernel5,31.64,59.72,59.72,45.27,56.25,11.48,51.89
unrolled_elementwise_kernel,0.52,5.42,0.48,6.40,100,40,93.02
sm90_xmma_gemm_bf16bf16_bf16f32_f32_nn_n_tilesize128x256x64_warpgroupsize2x1x1_execute_segment_k_off_kernel__51_cublas,65.94,42.97,16.75,15.64,18.75,0,73.46
sm90_xmma_gemm_bf16f32_bf16f32_f32_nt_n_tilesize128x128x64_warpgroupsize1x1x1_execute_segment_k_off_kernel__51_cublas,66.20,60.13,36.30,17.56,18.75,0,69.42
sm90_xmma_gemm_bf16bf16_bf16f32_f32_nt_n_tilesize128x128x64_warpgroupsize1x1x1_execute_segment_k_off_kernel__51_cublas,35.04,68.49,68.49,14.04,18.75,0,39.14
sm90_xmma_gemm_bf16bf16_bf16f32_f32_tn_n_tilesize128x128x64_warpgroupsize1x1x1_execute_segment_k_off_kernel__51_cublas,32.71,51.73,46.85,17.78,18.75,0,92.29
vectorized_elementwise_kernel,30.14,85.84,85.84,78.90,100,0,42.60
scaled_upper_triang_masked_softmax_warp_backward,18.09,46.43,46.43,16.52,18.75,21.68,51.73
sm90_xmma_gemm_bf16bf16_bf16f32_f32_nn_n_tilesize128x128x64_warpgroupsize1x1x1_execute_segment_k_off_kernel__51_cublas,34.25,67.19,67.19,13.81,18.75,0,37.33
vectorized_elementwise_kernel,14.83,28.65,27.52,60.06,100,0,54.20
sm90_xmma_gemm_bf16bf16_bf16f32_f32_nt_n_tilesize128x128x64_warpgroupsize1x1x1_execute_segment_k_off_kernel__51_cublas,34.40,67.67,67.67,14.00,18.75,0,39.64
vectorized_elementwise_kernel,14.71,28.26,27.16,60.14,100,0,55.30
CatArrayBatchedCopy,66.94,45.63,13.11,79.72,100,6.31,78.74
sm90_xmma_gemm_bf16bf16_bf16f32_f32_nn_n_tilesize128x128x64_warpgroupsize1x1x1_execute_segment_k_off_kernel__51_cublas,85.86,65.78,30.08,17.41,18.75,0,65.63
sm90_xmma_gemm_bf16f32_bf16f32_f32_nt_n_tilesize128x128x64_warpgroupsize1x1x1_execute_segment_k_off_kernel__51_cublas,66.80,60.71,46.87,18.06,18.75,0,62.19
reduce_kernel,19.60,31.21,31.21,51.44,56.25,13.23,16.96
unrolled_elementwise_kernel,0.20,5.42,0.28,6.67,100,40.00,91.80
reduce_kernel,10.51,84.71,84.71,97.90,100,0,4.86
vectorized_elementwise_kernel,0.01,10.00,0.05,4.51,100,33.33,98.03
vectorized_elementwise_kernel,11.60,87.12,87.12,84.24,100,43.16,51.51
cuComputePartGradGammaBeta,56.44,85.60,47.19,57.21,62.50,76.98,12.43
cuComputeGradGammaBeta,12.35,9.21,9.21,36.35,50,0,40.12
cuComputeGradInput,30.46,44.21,44.21,48.40,56.25,70.36,26.07
vectorized_elementwise_kernel,21.93,86.10,86.10,82.13,100,31.13,35.36
unrolled_elementwise_kernel,0.54,5.47,0.50,6.23,100,40,89.12
unrolled_elementwise_kernel,0.54,5.46,0.50,6.38,100,40,88.88
vectorized_elementwise_kernel,0.01,10.33,0.03,6.19,100,0,99.67
kernel5,31.88,60.10,60.10,45.92,56.25,11.46,51.94
unrolled_elementwise_kernel,0.55,5.56,0.51,6.37,100,40,89.65
sm90_xmma_gemm_bf16bf16_bf16f32_f32_nn_n_tilesize128x256x64_warpgroupsize2x1x1_execute_segment_k_off_kernel__51_cublas,92.32,58.22,35.66,15.65,18.75,72.12,60.58
sm90_xmma_gemm_bf16f32_bf16f32_f32_nt_n_tilesize128x128x64_warpgroupsize1x1x1_execute_segment_k_off_kernel__51_cublas,67.44,61.17,50.15,18.04,18.75,0,60.14
reduce_kernel,10.01,84.72,84.72,85.17,100,0.00,4.18
vectorized_elementwise_kernel,0.01,9.94,0.05,4.72,100,33.33,100.68
vectorized_elementwise_kernel,11.57,89.06,89.06,83.72,100,43.02,50.90
kernel6,73.07,65.92,65.92,83.64,100,21.26,37.50
reduce_kernel,19.48,31.32,31.32,47.90,56.25,13.61,17.99
unrolled_elementwise_kernel,0.27,5.43,0.33,6.14,100,40,92.99
sm90_xmma_gemm_bf16bf16_bf16f32_f32_nn_n_tilesize128x128x64_warpgroupsize1x1x1_execute_segment_k_off_kernel__51_cublas,86.70,66.10,34.65,17.42,18.75,0,71.98
sm90_xmma_gemm_bf16f32_bf16f32_f32_nt_n_tilesize128x128x64_warpgroupsize1x1x1_execute_segment_k_off_kernel__51_cublas,67.00,60.90,49.31,18.15,18.75,0,59.94
reduce_kernel,8.66,72.67,72.67,92.31,100,0,3.31
vectorized_elementwise_kernel,0.01,9.61,0.04,4.94,100,33.33,99.18
vectorized_elementwise_kernel,11.62,88.57,88.57,83.34,100,43.10,50.96
cuComputePartGradGammaBeta,56.10,85.09,46.74,57.91,62.50,76.97,11.42
cuComputeGradGammaBeta,12.21,9.12,9.12,31.73,50,0,39.32
cuComputeGradInput,30.58,44.29,44.29,48.27,56.25,70.31,25.91
vectorized_elementwise_kernel,22.03,85.73,85.73,82.85,100,31.09,34.90
unrolled_elementwise_kernel,0.55,5.68,0.52,6.29,100,40,91.91
unrolled_elementwise_kernel,0.55,5.74,0.51,5.78,100,40,92.13
vectorized_elementwise_kernel,0.01,10.58,0.03,7.02,100,0,100.90
kernel5,31.05,58.51,58.51,44.49,56.25,11.45,51.44
unrolled_elementwise_kernel,0.53,5.48,0.49,6.30,100,40,91.91
sm90_xmma_gemm_bf16bf16_bf16f32_f32_nn_n_tilesize128x256x64_warpgroupsize2x1x1_execute_segment_k_off_kernel__51_cublas,65.83,42.96,16.85,15.63,18.75,0,74.31
sm90_xmma_gemm_bf16f32_bf16f32_f32_nt_n_tilesize128x128x64_warpgroupsize1x1x1_execute_segment_k_off_kernel__51_cublas,66.32,60.26,35.96,17.62,18.75,0,70.05
sm90_xmma_gemm_bf16bf16_bf16f32_f32_nt_n_tilesize128x128x64_warpgroupsize1x1x1_execute_segment_k_off_kernel__51_cublas,34.78,67.98,67.98,13.86,18.75,0,38.88
sm90_xmma_gemm_bf16bf16_bf16f32_f32_tn_n_tilesize128x128x64_warpgroupsize1x1x1_execute_segment_k_off_kernel__51_cublas,32.83,53.35,47.14,17.79,18.75,0,91.86
vectorized_elementwise_kernel,30.15,85.82,85.82,79.21,100,0,42.91
scaled_upper_triang_masked_softmax_warp_backward,18.22,46.86,46.86,16.79,18.75,22.44,51.79
sm90_xmma_gemm_bf16bf16_bf16f32_f32_nn_n_tilesize128x128x64_warpgroupsize1x1x1_execute_segment_k_off_kernel__51_cublas,34.16,67.39,67.39,13.87,18.75,0,37.01
vectorized_elementwise_kernel,14.67,28.10,27.14,60.15,100,0,53.45
sm90_xmma_gemm_bf16bf16_bf16f32_f32_nt_n_tilesize128x128x64_warpgroupsize1x1x1_execute_segment_k_off_kernel__51_cublas,34.60,68.21,68.21,13.90,18.75,0,40.19
vectorized_elementwise_kernel,13.99,27.00,26.00,58.36,100,0,53.45
CatArrayBatchedCopy,66.78,48.09,13.19,80.38,100,6.34,82.12
sm90_xmma_gemm_bf16bf16_bf16f32_f32_nn_n_tilesize128x128x64_warpgroupsize1x1x1_execute_segment_k_off_kernel__51_cublas,85.72,65.68,27.64,17.42,18.75,0,68.29
sm90_xmma_gemm_bf16f32_bf16f32_f32_nt_n_tilesize128x128x64_warpgroupsize1x1x1_execute_segment_k_off_kernel__51_cublas,66.68,60.59,46.87,18.31,18.75,0,62.21
reduce_kernel,19.76,31.44,31.44,50.97,56.25,13.21,17.08
unrolled_elementwise_kernel,0.21,5.56,0.29,6.57,100,40.00,92.35
reduce_kernel,10.44,84.37,84.37,99.44,100,0,5.31
vectorized_elementwise_kernel,0.01,10.04,0.05,4.59,100,33.33,99.30
vectorized_elementwise_kernel,11.64,87.28,87.28,83.74,100,43.12,51.56
cuComputePartGradGammaBeta,55.95,84.86,46.62,57.93,62.50,76.97,12.90
cuComputeGradGammaBeta,12.24,9.59,9.17,36.96,50,0,43.21
cuComputeGradInput,30.46,44.36,44.36,47.50,56.25,70.38,25.97
vectorized_elementwise_kernel,21.90,85.87,85.87,81.55,100,31.12,35.41
unrolled_elementwise_kernel,0.54,5.49,0.50,6.19,100,40,89.78
unrolled_elementwise_kernel,0.55,5.62,0.51,6.01,100,40,90.37
vectorized_elementwise_kernel,0.01,11.02,0.03,4.57,100,0,100.53
kernel5,31.21,58.98,58.98,43.84,56.25,11.45,51.52
unrolled_elementwise_kernel,0.53,5.41,0.49,6.08,100,40,90.79
sm90_xmma_gemm_bf16bf16_bf16f32_f32_nn_n_tilesize128x256x64_warpgroupsize2x1x1_execute_segment_k_off_kernel__51_cublas,92.44,58.29,35.61,15.65,18.75,72.12,62.36
sm90_xmma_gemm_bf16f32_bf16f32_f32_nt_n_tilesize128x128x64_warpgroupsize1x1x1_execute_segment_k_off_kernel__51_cublas,67.11,60.86,50.16,18.12,18.75,0,60.23
reduce_kernel,9.97,84.19,84.19,86.35,100,0.00,4.34
vectorized_elementwise_kernel,0.01,9.99,0.20,4.86,100,33.33,97.91
vectorized_elementwise_kernel,11.50,88.43,88.43,84.27,100,43.06,50.98
kernel6,74.47,65.88,65.88,85.48,100,21.13,37.82
reduce_kernel,19.75,31.74,31.74,47.48,56.25,13.61,17.73
unrolled_elementwise_kernel,0.27,5.38,0.32,6.23,100,40,94.26
sm90_xmma_gemm_bf16bf16_bf16f32_f32_nn_n_tilesize128x128x64_warpgroupsize1x1x1_execute_segment_k_off_kernel__51_cublas,86.44,65.89,36.46,17.43,18.75,0,68.99
sm90_xmma_gemm_bf16f32_bf16f32_f32_nt_n_tilesize128x128x64_warpgroupsize1x1x1_execute_segment_k_off_kernel__51_cublas,65.58,59.62,49.49,18.37,18.75,0,59.83
reduce_kernel,8.57,72.98,72.98,91.53,100,0.00,3.48
vectorized_elementwise_kernel,0.01,9.59,0.04,4.74,100,33.33,100.31
vectorized_elementwise_kernel,11.65,88.81,88.81,83.27,100,43.08,50.94
cuComputePartGradGammaBeta,55.95,84.86,46.75,58.03,62.50,76.98,12.13
cuComputeGradGammaBeta,12.59,9.50,9.39,35.33,50,0,41.01
cuComputeGradInput,30.83,44.72,44.72,47.79,56.25,70.32,25.65
vectorized_elementwise_kernel,21.95,85.77,85.77,81.99,100,31.14,35.14
unrolled_elementwise_kernel,0.56,5.73,0.52,6.42,100,40,90.79
unrolled_elementwise_kernel,0.53,5.49,0.50,6.34,100,40,91.25
vectorized_elementwise_kernel,0.01,11.26,0.04,5.34,100,0,99.52
kernel5,31.58,59.74,59.74,44.80,56.25,11.50,51.58
unrolled_elementwise_kernel,0.52,5.47,0.49,6.31,100,40,94.29
sm90_xmma_gemm_bf16bf16_bf16f32_f32_nn_n_tilesize128x256x64_warpgroupsize2x1x1_execute_segment_k_off_kernel__51_cublas,65.54,42.90,16.82,15.63,18.75,0,73.97
sm90_xmma_gemm_bf16f32_bf16f32_f32_nt_n_tilesize128x128x64_warpgroupsize1x1x1_execute_segment_k_off_kernel__51_cublas,65.76,59.72,35.61,17.63,18.75,0,69.82
sm90_xmma_gemm_bf16bf16_bf16f32_f32_nt_n_tilesize128x128x64_warpgroupsize1x1x1_execute_segment_k_off_kernel__51_cublas,34.98,68.85,68.85,13.91,18.75,0,38.28
sm90_xmma_gemm_bf16bf16_bf16f32_f32_tn_n_tilesize128x128x64_warpgroupsize1x1x1_execute_segment_k_off_kernel__51_cublas,32.84,52.92,46.73,17.81,18.75,0,91.82
vectorized_elementwise_kernel,30.36,86.59,86.59,79.99,100,0,42.59
scaled_upper_triang_masked_softmax_warp_backward,18.30,47.04,47.04,16.89,18.75,21.63,51.82
sm90_xmma_gemm_bf16bf16_bf16f32_f32_nn_n_tilesize128x128x64_warpgroupsize1x1x1_execute_segment_k_off_kernel__51_cublas,33.18,65.39,65.39,13.90,18.75,0,37.44
vectorized_elementwise_kernel,14.65,28.21,27.06,58.53,100,0,54.27
sm90_xmma_gemm_bf16bf16_bf16f32_f32_nt_n_tilesize128x128x64_warpgroupsize1x1x1_execute_segment_k_off_kernel__51_cublas,34.43,67.73,67.73,13.91,18.75,0,39.10
vectorized_elementwise_kernel,14.37,27.79,26.69,61.13,100,0,54.09
CatArrayBatchedCopy,67.19,47.39,13.03,80.49,100,6.37,80.48
sm90_xmma_gemm_bf16bf16_bf16f32_f32_nn_n_tilesize128x128x64_warpgroupsize1x1x1_execute_segment_k_off_kernel__51_cublas,85.72,65.68,30.35,17.40,18.75,0,66.21
sm90_xmma_gemm_bf16f32_bf16f32_f32_nt_n_tilesize128x128x64_warpgroupsize1x1x1_execute_segment_k_off_kernel__51_cublas,66.39,60.33,46.91,18.26,18.75,0,61.89
reduce_kernel,19.36,30.81,30.81,50.40,56.25,13.23,17.21
unrolled_elementwise_kernel,0.20,5.38,0.28,6.35,100,40.00,93.45
reduce_kernel,10.50,84.63,84.63,98.50,100,0,4.93
vectorized_elementwise_kernel,0.01,9.11,0.04,4.65,100,33.33,99.01
vectorized_elementwise_kernel,11.70,87.74,87.74,83.81,100,43.20,51.41
cuComputePartGradGammaBeta,56.39,85.55,47.08,57.63,62.50,76.98,12.78
cuComputeGradGammaBeta,12.46,9.29,9.29,32.95,50,0,39.89
cuComputeGradInput,30.67,44.82,44.82,48.14,56.25,70.31,26.12
vectorized_elementwise_kernel,21.98,85.72,85.72,83.25,100,31.12,35.12
unrolled_elementwise_kernel,0.56,5.73,0.52,6.26,100,40,90.11
unrolled_elementwise_kernel,0.54,5.48,0.50,6.08,100,40,89.80
vectorized_elementwise_kernel,0.01,10.92,0.03,6.23,100,0,99.51
kernel5,31.41,59.57,59.57,45.19,56.25,11.49,51.63
unrolled_elementwise_kernel,0.54,5.52,0.50,5.99,100,40,90.71
sm90_xmma_gemm_bf16bf16_bf16f32_f32_nn_n_tilesize128x256x64_warpgroupsize2x1x1_execute_segment_k_off_kernel__51_cublas,92.11,58.08,35.22,15.66,18.75,72.12,59.36
sm90_xmma_gemm_bf16f32_bf16f32_f32_nt_n_tilesize128x128x64_warpgroupsize1x1x1_execute_segment_k_off_kernel__51_cublas,66.77,60.54,50.32,18.45,18.75,0,59.83
reduce_kernel,9.94,83.89,83.89,84.42,100,0.00,4.19
vectorized_elementwise_kernel,0.01,9.44,0.05,4.00,100,33.33,99.24
vectorized_elementwise_kernel,11.52,88.69,88.69,84.25,100,42.89,50.92
kernel6,73.08,65.65,65.65,86.42,100,21.07,38.19
reduce_kernel,19.99,32.17,32.17,47.13,56.25,13.62,18.38
unrolled_elementwise_kernel,0.28,5.60,0.34,6.39,100,40,91.78
sm90_xmma_gemm_bf16bf16_bf16f32_f32_nn_n_tilesize128x128x64_warpgroupsize1x1x1_execute_segment_k_off_kernel__51_cublas,86.68,66.08,33.97,17.42,18.75,0,67.38
sm90_xmma_gemm_bf16f32_bf16f32_f32_nt_n_tilesize128x128x64_warpgroupsize1x1x1_execute_segment_k_off_kernel__51_cublas,65.66,59.69,49.66,18.33,18.75,0,59.67
reduce_kernel,8.57,72.95,72.95,92.72,100,0.00,3.55
vectorized_elementwise_kernel,0.01,10.03,0.05,3.71,100,33.33,99.34
vectorized_elementwise_kernel,11.58,88.29,88.29,83.51,100,43.13,50.95
cuComputePartGradGammaBeta,56.06,85.03,46.82,57.57,62.50,76.98,11.46
cuComputeGradGammaBeta,12.64,9.44,9.44,37.59,50,0,39.07
cuComputeGradInput,30.99,44.93,44.93,48.35,56.25,70.30,25.62
vectorized_elementwise_kernel,21.94,85.81,85.81,81.59,100,31.12,34.86
unrolled_elementwise_kernel,0.52,5.34,0.49,6.33,100,40,90.12
unrolled_elementwise_kernel,0.55,5.66,0.51,6.32,100,40,91.40
vectorized_elementwise_kernel,0.01,11.33,0.04,9.39,100,0,99.66
kernel5,31.63,59.89,59.89,44.94,56.25,11.47,51.59
unrolled_elementwise_kernel,0.53,5.39,0.49,6.75,100,40,88.58
sm90_xmma_gemm_bf16bf16_bf16f32_f32_nn_n_tilesize128x256x64_warpgroupsize2x1x1_execute_segment_k_off_kernel__51_cublas,65.50,43.23,16.80,15.63,18.75,0,74.44
sm90_xmma_gemm_bf16f32_bf16f32_f32_nt_n_tilesize128x128x64_warpgroupsize1x1x1_execute_segment_k_off_kernel__51_cublas,66.84,60.71,37.12,17.75,18.75,0,69.13
sm90_xmma_gemm_bf16bf16_bf16f32_f32_nt_n_tilesize128x128x64_warpgroupsize1x1x1_execute_segment_k_off_kernel__51_cublas,34.92,68.84,68.84,13.73,18.75,0,38.88
sm90_xmma_gemm_bf16bf16_bf16f32_f32_tn_n_tilesize128x128x64_warpgroupsize1x1x1_execute_segment_k_off_kernel__51_cublas,32.89,53.14,47.50,17.71,18.75,0,92.61
vectorized_elementwise_kernel,30.30,85.96,85.96,80.06,100,0,43.10
scaled_upper_triang_masked_softmax_warp_backward,18.07,46.48,46.48,16.48,18.75,22.51,51.47
sm90_xmma_gemm_bf16bf16_bf16f32_f32_nn_n_tilesize128x128x64_warpgroupsize1x1x1_execute_segment_k_off_kernel__51_cublas,33.97,67.01,67.01,13.68,18.75,0,36.65
vectorized_elementwise_kernel,14.67,28.31,27.25,55.75,100,0,54.24
sm90_xmma_gemm_bf16bf16_bf16f32_f32_nt_n_tilesize128x128x64_warpgroupsize1x1x1_execute_segment_k_off_kernel__51_cublas,34.41,67.72,67.72,13.77,18.75,0,39.44
vectorized_elementwise_kernel,14.53,27.94,27.04,58.85,100,0,54.72
CatArrayBatchedCopy,67.43,47.94,13.17,80.39,100,6.36,78.18
sm90_xmma_gemm_bf16bf16_bf16f32_f32_nn_n_tilesize128x128x64_warpgroupsize1x1x1_execute_segment_k_off_kernel__51_cublas,85.91,65.82,29.79,17.42,18.75,0,66.07
sm90_xmma_gemm_bf16f32_bf16f32_f32_nt_n_tilesize128x128x64_warpgroupsize1x1x1_execute_segment_k_off_kernel__51_cublas,67.15,61.03,46.39,18.46,18.75,0,61.93
reduce_kernel,19.33,30.93,30.93,52.79,56.25,13.52,16.99
unrolled_elementwise_kernel,0.20,5.33,0.28,6.53,100,40.00,92.34
reduce_kernel,10.52,84.58,84.58,98.75,100,0,5.32
vectorized_elementwise_kernel,0.01,9.43,0.04,4.38,100,33.33,97.86
vectorized_elementwise_kernel,11.65,87.32,87.32,83.74,100,43.19,51.63
cuComputePartGradGammaBeta,56.06,85.04,46.77,57.63,62.50,76.98,11.61
cuComputeGradGammaBeta,12.28,9.20,9.20,34.48,50,0,39.96
cuComputeGradInput,30.41,44.31,44.31,48.18,56.25,70.37,26.52
vectorized_elementwise_kernel,21.88,85.53,85.53,83.48,100,31.13,35.19
unrolled_elementwise_kernel,0.56,5.73,0.53,6.12,100,40,90.51
unrolled_elementwise_kernel,0.57,5.76,0.53,6.49,100,40,91.09
vectorized_elementwise_kernel,0.01,11.70,0.04,7.16,100,0,100.64
kernel5,31.80,60.17,60.17,44.42,56.25,11.45,51.47
unrolled_elementwise_kernel,0.56,5.78,0.52,6.41,100,40,91.79
sm90_xmma_gemm_bf16bf16_bf16f32_f32_nn_n_tilesize128x256x64_warpgroupsize2x1x1_execute_segment_k_off_kernel__51_cublas,92.28,58.19,35.42,15.66,18.75,72.12,61.00
sm90_xmma_gemm_bf16f32_bf16f32_f32_nt_n_tilesize128x128x64_warpgroupsize1x1x1_execute_segment_k_off_kernel__51_cublas,66.48,60.30,50.23,18.12,18.75,0,59.82
reduce_kernel,10.05,83.90,83.90,84.15,100,0.00,3.62
vectorized_elementwise_kernel,0.01,9.90,0.05,4.51,100,33.33,99.36
vectorized_elementwise_kernel,11.58,89.10,89.10,84.29,100,42.99,51.01
kernel6,73.21,65.54,65.54,83.33,100,21.23,37.78
reduce_kernel,19.85,31.97,31.97,46.61,56.25,13.57,17.69
unrolled_elementwise_kernel,0.28,5.80,0.34,6.11,100,40,96.25
sm90_xmma_gemm_bf16bf16_bf16f32_f32_nn_n_tilesize128x128x64_warpgroupsize1x1x1_execute_segment_k_off_kernel__51_cublas,86.67,66.07,34.52,17.42,18.75,0,66.17
sm90_xmma_gemm_bf16f32_bf16f32_f32_nt_n_tilesize128x128x64_warpgroupsize1x1x1_execute_segment_k_off_kernel__51_cublas,66.26,60.24,49.24,18.16,18.75,0,59.79
reduce_kernel,8.57,72.92,72.92,93.97,100,0,3.29
vectorized_elementwise_kernel,0.01,9.60,0.04,4.67,100,33.33,100.75
vectorized_elementwise_kernel,11.55,88.09,88.09,83.94,100,42.97,50.90
cuComputePartGradGammaBeta,55.71,84.50,46.47,57.74,62.50,76.98,11.20
cuComputeGradGammaBeta,12.44,9.43,9.30,35.69,50,0,41.46
cuComputeGradInput,30.53,44.29,44.29,48.27,56.25,70.30,25.84
vectorized_elementwise_kernel,21.89,85.74,85.74,81.68,100,31.16,34.88
unrolled_elementwise_kernel,0.56,5.71,0.52,6.40,100,40,91.03
unrolled_elementwise_kernel,0.56,5.75,0.52,6.21,100,40,90.99
vectorized_elementwise_kernel,0.01,10.75,0.03,4.95,100,0,99.55
kernel5,31.45,59.51,59.51,45.20,56.25,11.51,51.98
unrolled_elementwise_kernel,0.53,5.38,0.49,6.52,100,40,91.75
sm90_xmma_gemm_bf16bf16_bf16f32_f32_nn_n_tilesize128x256x64_warpgroupsize2x1x1_execute_segment_k_off_kernel__51_cublas,65.84,42.77,16.80,15.64,18.75,0,74.95
sm90_xmma_gemm_bf16f32_bf16f32_f32_nt_n_tilesize128x128x64_warpgroupsize1x1x1_execute_segment_k_off_kernel__51_cublas,66.56,60.44,35.95,17.69,18.75,0,70.06
sm90_xmma_gemm_bf16bf16_bf16f32_f32_nt_n_tilesize128x128x64_warpgroupsize1x1x1_execute_segment_k_off_kernel__51_cublas,35.06,68.86,68.86,13.99,18.75,0,38.54
sm90_xmma_gemm_bf16bf16_bf16f32_f32_tn_n_tilesize128x128x64_warpgroupsize1x1x1_execute_segment_k_off_kernel__51_cublas,32.38,52.31,46.73,17.73,18.75,0,92.75
vectorized_elementwise_kernel,30.47,86.46,86.46,79.65,100,0,43.20
scaled_upper_triang_masked_softmax_warp_backward,18.12,46.61,46.61,16.40,18.75,22.20,51.77
sm90_xmma_gemm_bf16bf16_bf16f32_f32_nn_n_tilesize128x128x64_warpgroupsize1x1x1_execute_segment_k_off_kernel__51_cublas,34.07,66.93,66.93,13.92,18.75,0,36.99
vectorized_elementwise_kernel,14.75,28.09,27.20,58.83,100,0,54.15
sm90_xmma_gemm_bf16bf16_bf16f32_f32_nt_n_tilesize128x128x64_warpgroupsize1x1x1_execute_segment_k_off_kernel__51_cublas,34.09,66.93,66.93,13.76,18.75,0,39.71
vectorized_elementwise_kernel,14.74,28.30,27.27,61.04,100,0,53.55
CatArrayBatchedCopy,66.89,47.27,13.08,80.40,100,6.37,80.84
sm90_xmma_gemm_bf16bf16_bf16f32_f32_nn_n_tilesize128x128x64_warpgroupsize1x1x1_execute_segment_k_off_kernel__51_cublas,85.82,65.75,29.25,17.42,18.75,0,66.46
sm90_xmma_gemm_bf16f32_bf16f32_f32_nt_n_tilesize128x128x64_warpgroupsize1x1x1_execute_segment_k_off_kernel__51_cublas,67.18,61.05,46.94,18.21,18.75,0,62.28
reduce_kernel,19.68,31.34,31.34,50.33,56.25,13.21,17.10
unrolled_elementwise_kernel,0.21,5.53,0.29,6.37,100,40.00,94.20
reduce_kernel,10.49,84.53,84.53,98.79,100,0,4.85
vectorized_elementwise_kernel,0.01,9.89,0.05,4.70,100,33.33,99.45
vectorized_elementwise_kernel,11.72,88.07,88.07,84.35,100,43.12,51.37
cuComputePartGradGammaBeta,55.92,84.82,46.71,57.55,62.50,76.98,12.87
cuComputeGradGammaBeta,12.72,9.49,9.49,34.79,50,0,39.49
cuComputeGradInput,30.27,43.86,43.86,47.94,56.25,70.28,25.99
vectorized_elementwise_kernel,21.60,84.46,84.46,79.89,100,31.14,35.04
unrolled_elementwise_kernel,0.56,5.66,0.52,6.33,100,40,90.82
unrolled_elementwise_kernel,0.54,5.52,0.50,6.31,100,40,91.44
vectorized_elementwise_kernel,0.01,11.40,0.04,4.81,100,0,100.91
kernel5,31.12,58.71,58.71,43.88,56.25,11.44,51.92
unrolled_elementwise_kernel,0.53,5.43,0.49,6.11,100,40,91.38
sm90_xmma_gemm_bf16bf16_bf16f32_f32_nn_n_tilesize128x256x64_warpgroupsize2x1x1_execute_segment_k_off_kernel__51_cublas,92.29,58.19,35.42,15.65,18.75,72.12,62.05
sm90_xmma_gemm_bf16f32_bf16f32_f32_nt_n_tilesize128x128x64_warpgroupsize1x1x1_execute_segment_k_off_kernel__51_cublas,66.68,60.49,50.49,18.23,18.75,0,60.19
reduce_kernel,9.84,83.61,83.61,84.15,100,0.00,4.15
vectorized_elementwise_kernel,0.01,9.66,0.05,4.11,100,33.33,99.30
vectorized_elementwise_kernel,11.52,88.73,88.73,84.01,100,42.97,51.09
kernel6,73.15,65.61,65.61,86.02,100,21.20,37.69
reduce_kernel,19.84,31.89,31.89,51.82,56.25,13.58,17.29
unrolled_elementwise_kernel,0.28,5.62,0.34,6.13,100,40,94.07
sm90_xmma_gemm_bf16bf16_bf16f32_f32_nn_n_tilesize128x128x64_warpgroupsize1x1x1_execute_segment_k_off_kernel__51_cublas,86.45,65.91,34.07,17.43,18.75,0,69.72
sm90_xmma_gemm_bf16f32_bf16f32_f32_nt_n_tilesize128x128x64_warpgroupsize1x1x1_execute_segment_k_off_kernel__51_cublas,66.07,60.06,49.67,18.38,18.75,0,59.76
reduce_kernel,8.64,72.51,72.51,91.92,100,0.00,3.26
vectorized_elementwise_kernel,0.01,9.49,0.04,6.08,100,33.33,98.34
vectorized_elementwise_kernel,11.58,88.15,88.15,84.01,100,43.07,50.87
cuComputePartGradGammaBeta,56.21,85.26,46.97,58.03,62.50,76.98,11.84
cuComputeGradGammaBeta,12.60,9.56,9.42,34.46,50,0,41.51
cuComputeGradInput,30.34,43.75,43.75,48.05,56.25,70.35,25.96
vectorized_elementwise_kernel,21.85,85.48,85.48,80.75,100,31.13,35.20
unrolled_elementwise_kernel,0.55,5.66,0.51,6.72,100,40,92.68
unrolled_elementwise_kernel,0.56,5.74,0.52,6.28,100,40,90.38
vectorized_elementwise_kernel,0.01,10.80,0.03,6.03,100,0,100.49
kernel5,31.34,59.44,59.44,44.39,56.25,11.42,51.66
unrolled_elementwise_kernel,0.51,5.18,0.48,6.64,100,40,90.03
sm90_xmma_gemm_bf16bf16_bf16f32_f32_nn_n_tilesize128x256x64_warpgroupsize2x1x1_execute_segment_k_off_kernel__51_cublas,65.70,43.42,16.90,15.65,18.75,0,74.63
sm90_xmma_gemm_bf16f32_bf16f32_f32_nt_n_tilesize128x128x64_warpgroupsize1x1x1_execute_segment_k_off_kernel__51_cublas,66.16,60.08,36.23,17.65,18.75,0,69.10
sm90_xmma_gemm_bf16bf16_bf16f32_f32_nt_n_tilesize128x128x64_warpgroupsize1x1x1_execute_segment_k_off_kernel__51_cublas,35.13,68.88,68.88,13.82,18.75,0,38.41
sm90_xmma_gemm_bf16bf16_bf16f32_f32_tn_n_tilesize128x128x64_warpgroupsize1x1x1_execute_segment_k_off_kernel__51_cublas,32.87,53.46,47.12,17.74,18.75,0,91.31
vectorized_elementwise_kernel,30.24,86.21,86.21,79.45,100,0,42.90
scaled_upper_triang_masked_softmax_warp_backward,18.43,47.13,47.13,16.92,18.75,22.49,51.93
sm90_xmma_gemm_bf16bf16_bf16f32_f32_nn_n_tilesize128x128x64_warpgroupsize1x1x1_execute_segment_k_off_kernel__51_cublas,33.88,66.52,66.52,13.97,18.75,0,36.94
vectorized_elementwise_kernel,14.63,28.10,27.16,57.97,100,0,54.69
sm90_xmma_gemm_bf16bf16_bf16f32_f32_nt_n_tilesize128x128x64_warpgroupsize1x1x1_execute_segment_k_off_kernel__51_cublas,34.79,68.27,68.27,13.76,18.75,0,40.36
vectorized_elementwise_kernel,14.76,28.37,27.48,59.66,100,0,55.00
CatArrayBatchedCopy,67.27,47.16,13.36,80.30,100,6.41,79.48
sm90_xmma_gemm_bf16bf16_bf16f32_f32_nn_n_tilesize128x128x64_warpgroupsize1x1x1_execute_segment_k_off_kernel__51_cublas,85.71,65.67,27.56,17.43,18.75,0,68.80
sm90_xmma_gemm_bf16f32_bf16f32_f32_nt_n_tilesize128x128x64_warpgroupsize1x1x1_execute_segment_k_off_kernel__51_cublas,66.91,60.80,46.72,18.18,18.75,0,62.18
reduce_kernel,19.36,30.83,30.83,51.89,56.25,13.28,17.10
unrolled_elementwise_kernel,0.21,5.54,0.29,6.58,100,40.00,93.05
reduce_kernel,10.41,84.09,84.09,98.43,100,0,5.59
vectorized_elementwise_kernel,0.01,9.90,0.04,4.19,100,33.33,99.48
vectorized_elementwise_kernel,11.67,87.51,87.51,82.66,100,43.14,51.70
cuComputePartGradGammaBeta,55.73,84.52,46.49,58.00,62.50,76.97,11.74
cuComputeGradGammaBeta,12.73,9.50,9.50,33.07,50,0,39.99
cuComputeGradInput,30.83,44.45,44.45,48.45,56.25,70.34,26.10
vectorized_elementwise_kernel,21.90,85.67,85.67,80.80,100,31.15,35.14
unrolled_elementwise_kernel,0.54,5.58,0.50,6.32,100,40,92.14
unrolled_elementwise_kernel,0.55,5.78,0.51,6.02,100,40,92.30
vectorized_elementwise_kernel,0.01,11.69,0.04,6.30,100,0,100.69
kernel5,31.06,58.74,58.74,45.33,56.25,11.49,51.66
unrolled_elementwise_kernel,0.54,5.67,0.50,6.53,100,40,93.53
sm90_xmma_gemm_bf16bf16_bf16f32_f32_nn_n_tilesize128x256x64_warpgroupsize2x1x1_execute_segment_k_off_kernel__51_cublas,92.27,58.18,35.58,15.65,18.75,72.12,61.66
sm90_xmma_gemm_bf16f32_bf16f32_f32_nt_n_tilesize128x128x64_warpgroupsize1x1x1_execute_segment_k_off_kernel__51_cublas,67.11,60.83,50.36,18.21,18.75,0,59.94
reduce_kernel,9.92,83.92,83.92,86.65,100,0.00,4.62
vectorized_elementwise_kernel,0.01,9.69,0.04,5.21,100,33.33,100.68
vectorized_elementwise_kernel,11.55,88.90,88.90,83.77,100,42.93,50.89
kernel6,73.67,66.47,66.47,86.10,100,21.02,37.69
reduce_kernel,19.84,31.94,31.94,46.31,56.25,13.72,18.31
unrolled_elementwise_kernel,0.28,5.53,0.33,6.24,100,40,92.94
sm90_xmma_gemm_bf16bf16_bf16f32_f32_nn_n_tilesize128x128x64_warpgroupsize1x1x1_execute_segment_k_off_kernel__51_cublas,86.65,66.06,33.90,17.43,18.75,0,70.60
sm90_xmma_gemm_bf16f32_bf16f32_f32_nt_n_tilesize128x128x64_warpgroupsize1x1x1_execute_segment_k_off_kernel__51_cublas,66.05,60.05,49.25,18.30,18.75,0,59.92
reduce_kernel,8.67,73.18,73.18,91.93,100,0,3.26
vectorized_elementwise_kernel,0.01,9.65,0.04,4.77,100,33.33,99.24
vectorized_elementwise_kernel,11.63,88.32,88.32,83.65,100,42.98,50.88
cuComputePartGradGammaBeta,55.60,84.35,46.40,57.79,62.50,76.97,11.52
cuComputeGradGammaBeta,12.85,9.61,9.60,35.81,50,0,40.71
cuComputeGradInput,30.28,43.96,43.96,48.35,56.25,70.29,25.69
vectorized_elementwise_kernel,21.52,84.18,84.18,82.88,100,31.15,35.20
unrolled_elementwise_kernel,0.54,5.47,0.50,6.28,100,40,90.70
unrolled_elementwise_kernel,0.54,5.48,0.50,6.39,100,40,91.44
vectorized_elementwise_kernel,0.01,10.87,0.03,6.12,100,0,99.39
kernel5,31.88,60.15,60.15,44.75,56.25,11.43,52.08
unrolled_elementwise_kernel,0.52,5.24,0.48,6.62,100,40,90.39
sm90_xmma_gemm_bf16bf16_bf16f32_f32_nn_n_tilesize128x256x64_warpgroupsize2x1x1_execute_segment_k_off_kernel__51_cublas,65.53,42.82,16.82,15.63,18.75,0,74.83
sm90_xmma_gemm_bf16f32_bf16f32_f32_nt_n_tilesize128x128x64_warpgroupsize1x1x1_execute_segment_k_off_kernel__51_cublas,66.64,60.54,36.65,17.71,18.75,0,69.20
sm90_xmma_gemm_bf16bf16_bf16f32_f32_nt_n_tilesize128x128x64_warpgroupsize1x1x1_execute_segment_k_off_kernel__51_cublas,34.08,67.29,67.29,13.59,18.75,0,38.37
sm90_xmma_gemm_bf16bf16_bf16f32_f32_tn_n_tilesize128x128x64_warpgroupsize1x1x1_execute_segment_k_off_kernel__51_cublas,33.18,53.25,47.09,17.79,18.75,0,91.23
vectorized_elementwise_kernel,30.12,85.90,85.90,79.83,100,0,42.39
scaled_upper_triang_masked_softmax_warp_backward,18.23,46.86,46.86,16.75,18.75,20.88,51.69
sm90_xmma_gemm_bf16bf16_bf16f32_f32_nn_n_tilesize128x128x64_warpgroupsize1x1x1_execute_segment_k_off_kernel__51_cublas,34.87,68.17,68.17,13.81,18.75,0,37.35
vectorized_elementwise_kernel,14.75,28.38,27.37,61.26,100,0,53.72
sm90_xmma_gemm_bf16bf16_bf16f32_f32_nt_n_tilesize128x128x64_warpgroupsize1x1x1_execute_segment_k_off_kernel__51_cublas,34.63,68.20,68.20,13.86,18.75,0,39.88
vectorized_elementwise_kernel,14.43,27.81,26.85,61.60,100,0,53.34
CatArrayBatchedCopy,66.21,46.54,13.25,80.09,100,6.38,79.31
sm90_xmma_gemm_bf16bf16_bf16f32_f32_nn_n_tilesize128x128x64_warpgroupsize1x1x1_execute_segment_k_off_kernel__51_cublas,85.57,65.56,30.20,17.42,18.75,0,68.34
sm90_xmma_gemm_bf16f32_bf16f32_f32_nt_n_tilesize128x128x64_warpgroupsize1x1x1_execute_segment_k_off_kernel__51_cublas,66.39,60.34,46.72,18.40,18.75,0,61.82
reduce_kernel,19.09,30.52,30.52,50.31,56.25,13.21,17.04
unrolled_elementwise_kernel,0.21,5.51,0.29,6.29,100,40.00,93.62
reduce_kernel,10.46,84.50,84.50,99.88,100,0,4.96
vectorized_elementwise_kernel,0.01,9.86,0.04,4.51,100,33.33,100.19
vectorized_elementwise_kernel,11.68,87.50,87.50,83.22,100,43.08,51.59
cuComputePartGradGammaBeta,55.73,84.53,46.42,57.65,62.50,76.97,12.03
cuComputeGradGammaBeta,12.05,8.99,8.99,34.98,50,0,40.01
cuComputeGradInput,30.14,43.80,43.80,48.19,56.25,70.32,26.25
vectorized_elementwise_kernel,21.49,84.44,84.44,81.49,100,31.09,35.11
unrolled_elementwise_kernel,0.53,5.42,0.50,6.28,100,40,89.92
unrolled_elementwise_kernel,0.54,5.50,0.50,5.94,100,40,89.49
vectorized_elementwise_kernel,0.01,11.20,0.03,6.46,100,0,99.87
kernel5,31.75,59.93,59.93,45.71,56.25,11.46,52.13
unrolled_elementwise_kernel,0.54,5.52,0.50,5.97,100,40,88.50
sm90_xmma_gemm_bf16bf16_bf16f32_f32_nn_n_tilesize128x256x64_warpgroupsize2x1x1_execute_segment_k_off_kernel__51_cublas,92.28,58.19,35.44,15.64,18.75,72.12,61.89
sm90_xmma_gemm_bf16f32_bf16f32_f32_nt_n_tilesize128x128x64_warpgroupsize1x1x1_execute_segment_k_off_kernel__51_cublas,66.28,60.12,49.98,18.17,18.75,0,59.90
reduce_kernel,9.85,83.36,83.36,86.04,100,0.00,4.54
vectorized_elementwise_kernel,0.01,9.69,0.05,4.56,100,33.33,100.78
vectorized_elementwise_kernel,11.57,89.02,89.02,84.69,100,42.97,50.91
kernel6,73.68,65.42,65.42,85.86,100,21.13,37.69
reduce_kernel,19.78,31.82,31.82,48.27,56.25,13.53,17.76
unrolled_elementwise_kernel,0.28,5.58,0.34,6.00,100,40,93.25
sm90_xmma_gemm_bf16bf16_bf16f32_f32_nn_n_tilesize128x128x64_warpgroupsize1x1x1_execute_segment_k_off_kernel__51_cublas,86.57,65.99,37.39,17.41,18.75,0,69.76
sm90_xmma_gemm_bf16f32_bf16f32_f32_nt_n_tilesize128x128x64_warpgroupsize1x1x1_execute_segment_k_off_kernel__51_cublas,65.31,59.38,49.36,18.47,18.75,0,59.80
reduce_kernel,8.61,72.78,72.78,92.08,100,0.00,3.43
vectorized_elementwise_kernel,0.01,9.96,0.05,5.58,100,33.33,99.49
vectorized_elementwise_kernel,11.56,88.16,88.16,84.18,100,43.13,50.96
cuComputePartGradGammaBeta,56.15,85.16,46.47,57.89,62.50,76.97,11.40
cuComputeGradGammaBeta,11.95,8.95,8.95,33.70,50,0,39.22
cuComputeGradInput,30.67,44.44,44.44,48.11,56.25,70.34,26.10
vectorized_elementwise_kernel,21.30,83.46,83.46,81.46,100,31.17,35.14
unrolled_elementwise_kernel,0.55,5.83,0.51,6.57,100,40,91.74
unrolled_elementwise_kernel,0.53,5.46,0.49,6.23,100,40,91.60
vectorized_elementwise_kernel,0.01,11.20,0.04,6.18,100,0,98.40
kernel5,31.90,60.40,60.40,45.68,56.25,11.48,51.55
unrolled_elementwise_kernel,0.53,5.47,0.49,6.29,100,40,91.33
sm90_xmma_gemm_bf16bf16_bf16f32_f32_nn_n_tilesize128x256x64_warpgroupsize2x1x1_execute_segment_k_off_kernel__51_cublas,65.62,42.95,16.78,15.66,18.75,0,74.83
sm90_xmma_gemm_bf16f32_bf16f32_f32_nt_n_tilesize128x128x64_warpgroupsize1x1x1_execute_segment_k_off_kernel__51_cublas,66.79,60.65,36.54,17.71,18.75,0,70.12
sm90_xmma_gemm_bf16bf16_bf16f32_f32_nt_n_tilesize128x128x64_warpgroupsize1x1x1_execute_segment_k_off_kernel__51_cublas,34.38,67.75,67.75,13.50,18.75,0,38.67
sm90_xmma_gemm_bf16bf16_bf16f32_f32_tn_n_tilesize128x128x64_warpgroupsize1x1x1_execute_segment_k_off_kernel__51_cublas,33.12,53.54,47.28,17.77,18.75,0,92.94
vectorized_elementwise_kernel,30.37,86.51,86.51,79.16,100,0,43.14
scaled_upper_triang_masked_softmax_warp_backward,18.43,47.21,47.21,16.84,18.75,21.53,51.59
sm90_xmma_gemm_bf16bf16_bf16f32_f32_nn_n_tilesize128x128x64_warpgroupsize1x1x1_execute_segment_k_off_kernel__51_cublas,34.86,68.21,68.21,14.01,18.75,0,36.30
vectorized_elementwise_kernel,14.75,28.34,27.44,59.39,100,0,54.93
sm90_xmma_gemm_bf16bf16_bf16f32_f32_nt_n_tilesize128x128x64_warpgroupsize1x1x1_execute_segment_k_off_kernel__51_cublas,34.52,68.01,68.01,13.98,18.75,0,39.50
vectorized_elementwise_kernel,14.60,28.24,27.08,58.32,100,0,53.82
CatArrayBatchedCopy,66.57,46.78,13.06,80.25,100,6.31,79.92
sm90_xmma_gemm_bf16bf16_bf16f32_f32_nn_n_tilesize128x128x64_warpgroupsize1x1x1_execute_segment_k_off_kernel__51_cublas,85.80,65.74,29.51,17.43,18.75,0,66.24
sm90_xmma_gemm_bf16f32_bf16f32_f32_nt_n_tilesize128x128x64_warpgroupsize1x1x1_execute_segment_k_off_kernel__51_cublas,66.45,60.38,46.97,18.41,18.75,0,61.90
reduce_kernel,19.71,31.56,31.56,52.01,56.25,13.52,17.32
unrolled_elementwise_kernel,0.21,5.65,0.29,6.58,100,40.00,94.79
reduce_kernel,10.44,84.30,84.30,98.27,100,0,4.88
vectorized_elementwise_kernel,0.01,9.88,0.05,4.23,100,33.33,99.29
vectorized_elementwise_kernel,11.68,87.61,87.61,83.37,100,43.10,51.44
cuComputePartGradGammaBeta,55.92,84.81,46.57,57.76,62.50,76.97,11.29
cuComputeGradGammaBeta,12.30,9.16,9.16,37.32,50,0,40.00
cuComputeGradInput,30.42,44.43,44.43,47.96,56.25,70.23,26.13
vectorized_elementwise_kernel,21.50,84.33,84.33,82.17,100,31.17,35.28
unrolled_elementwise_kernel,0.54,5.47,0.50,6.53,100,40,90.71
unrolled_elementwise_kernel,0.54,5.53,0.50,5.99,100,40,91.03
vectorized_elementwise_kernel,0.01,11.05,0.03,6.34,100,0,100.49
kernel5,31.76,59.75,59.75,44.72,56.25,11.45,52.12
unrolled_elementwise_kernel,0.54,5.52,0.51,6.17,100,40,90.00
sm90_xmma_gemm_bf16bf16_bf16f32_f32_nn_n_tilesize128x256x64_warpgroupsize2x1x1_execute_segment_k_off_kernel__51_cublas,68.68,43.31,29.20,15.65,18.75,72.12,57.88
sm90_xmma_gemm_bf16f32_bf16f32_f32_nt_n_tilesize128x128x64_warpgroupsize1x1x1_execute_segment_k_off_kernel__51_cublas,67.40,61.11,50.05,18.21,18.75,0,59.71
reduce_kernel,9.91,84.41,84.41,83.42,100,0.00,4.11
vectorized_elementwise_kernel,0.01,10.07,0.05,4.26,100,33.33,99.33
vectorized_elementwise_kernel,11.50,88.55,88.55,83.37,100,42.96,51.18
kernel6,71.02,63.51,63.51,86.38,100,21.17,37.81
reduce_kernel,19.93,32.05,32.05,49.19,56.25,13.60,17.81
unrolled_elementwise_kernel,0.28,5.66,0.34,5.92,100,40,93.54
sm90_xmma_gemm_bf16bf16_bf16f32_f32_nn_n_tilesize128x128x64_warpgroupsize1x1x1_execute_segment_k_off_kernel__51_cublas,86.64,66.06,34.36,17.42,18.75,0,72.80
sm90_xmma_gemm_bf16f32_bf16f32_f32_nt_n_tilesize128x128x64_warpgroupsize1x1x1_execute_segment_k_off_kernel__51_cublas,65.79,59.79,49.42,18.25,18.75,0,59.54
reduce_kernel,8.58,73.04,73.04,92.53,100,0.00,3.70
vectorized_elementwise_kernel,0.01,10.14,0.05,4.75,100,33.33,99.35
vectorized_elementwise_kernel,11.60,88.20,88.20,84.06,100,42.99,51.01
cuComputePartGradGammaBeta,55.76,84.56,46.51,57.21,62.50,76.98,10.69
cuComputeGradGammaBeta,12.32,9.13,9.13,33.08,50,0,39.44
cuComputeGradInput,30.34,44.01,44.01,48.02,56.25,70.30,25.77
vectorized_elementwise_kernel,21.55,84.40,84.40,81.75,100,31.15,34.88
unrolled_elementwise_kernel,0.52,5.26,0.48,6.53,100,40,89.63
unrolled_elementwise_kernel,0.54,5.54,0.51,6.07,100,40,90.39
vectorized_elementwise_kernel,0.01,10.59,0.03,6.12,100,0,99.68
kernel5,31.60,59.62,59.62,44.16,56.25,11.47,52.12
unrolled_elementwise_kernel,0.52,5.35,0.48,6.26,100,40,87.98
sm90_xmma_gemm_bf16bf16_bf16f32_f32_nn_n_tilesize128x256x64_warpgroupsize2x1x1_execute_segment_k_off_kernel__51_cublas,65.90,43.71,16.79,15.65,18.75,0,74.61
sm90_xmma_gemm_bf16f32_bf16f32_f32_nt_n_tilesize128x128x64_warpgroupsize1x1x1_execute_segment_k_off_kernel__51_cublas,66.57,60.47,36.45,17.65,18.75,0,70.20
sm90_xmma_gemm_bf16bf16_bf16f32_f32_nt_n_tilesize128x128x64_warpgroupsize1x1x1_execute_segment_k_off_kernel__51_cublas,34.14,66.98,66.98,13.75,18.75,0,38.50
sm90_xmma_gemm_bf16bf16_bf16f32_f32_tn_n_tilesize128x128x64_warpgroupsize1x1x1_execute_segment_k_off_kernel__51_cublas,32.71,52.30,46.83,17.87,18.75,0,93.10
vectorized_elementwise_kernel,30.43,86.62,86.62,80.17,100,0,42.82
scaled_upper_triang_masked_softmax_warp_backward,18.07,46.56,46.56,16.47,18.75,22.50,51.64
sm90_xmma_gemm_bf16bf16_bf16f32_f32_nn_n_tilesize128x128x64_warpgroupsize1x1x1_execute_segment_k_off_kernel__51_cublas,33.41,65.63,65.63,13.79,18.75,0,37.00
vectorized_elementwise_kernel,14.96,28.97,27.81,59.74,100,0,55.09
sm90_xmma_gemm_bf16bf16_bf16f32_f32_nt_n_tilesize128x128x64_warpgroupsize1x1x1_execute_segment_k_off_kernel__51_cublas,34.45,67.69,67.69,13.90,18.75,0,39.58
vectorized_elementwise_kernel,15.00,28.89,27.74,60.49,100,0,53.76
CatArrayBatchedCopy,66.66,47.44,13.04,80.05,100,6.32,79.79
sm90_xmma_gemm_bf16bf16_bf16f32_f32_nn_n_tilesize128x128x64_warpgroupsize1x1x1_execute_segment_k_off_kernel__51_cublas,85.93,65.84,29.80,17.41,18.75,0,65.85
sm90_xmma_gemm_bf16f32_bf16f32_f32_nt_n_tilesize128x128x64_warpgroupsize1x1x1_execute_segment_k_off_kernel__51_cublas,67.33,61.19,47.04,18.28,18.75,0,62.04
reduce_kernel,19.53,31.20,31.20,53.01,56.25,13.25,17.07
unrolled_elementwise_kernel,0.20,5.31,0.28,6.13,100,40.00,93.79
reduce_kernel,10.39,84.03,84.03,98.65,100,0,5.19
vectorized_elementwise_kernel,0.01,9.97,0.05,4.67,100,33.33,98.31
vectorized_elementwise_kernel,11.68,87.45,87.45,83.54,100,43.27,51.47
cuComputePartGradGammaBeta,55.90,84.78,46.68,57.43,62.50,76.98,12.52
cuComputeGradGammaBeta,12.05,8.95,8.95,31.95,50,0,38.87
cuComputeGradInput,30.46,44.33,44.33,47.89,56.25,70.31,26.35
vectorized_elementwise_kernel,21.49,84.21,84.21,83.66,100,31.16,34.99
unrolled_elementwise_kernel,0.53,5.53,0.50,6.33,100,40,91.63
unrolled_elementwise_kernel,0.54,5.53,0.50,6.62,100,40,90.18
vectorized_elementwise_kernel,0.01,11.33,0.04,6.23,100,0,100.54
kernel5,31.04,58.79,58.79,43.88,56.25,11.48,51.85
unrolled_elementwise_kernel,0.54,5.63,0.50,5.70,100,40,94.36
sm90_xmma_gemm_bf16bf16_bf16f32_f32_nn_n_tilesize128x256x64_warpgroupsize2x1x1_execute_segment_k_off_kernel__51_cublas,68.33,43.09,27.98,15.65,18.75,72.12,59.41
sm90_xmma_gemm_bf16f32_bf16f32_f32_nt_n_tilesize128x128x64_warpgroupsize1x1x1_execute_segment_k_off_kernel__51_cublas,66.77,60.57,50.34,18.09,18.75,0,60.15
reduce_kernel,10.08,84.68,84.68,86.36,100,0.00,3.23
vectorized_elementwise_kernel,0.01,10.00,0.05,3.89,100,33.33,101.47
vectorized_elementwise_kernel,11.47,88.40,88.40,84.00,100,42.98,50.83
kernel6,74.01,65.61,65.61,85.74,100,21.04,37.47
reduce_kernel,19.74,31.71,31.71,47.53,56.25,13.62,17.91
unrolled_elementwise_kernel,0.27,5.56,0.33,5.90,100,40,94.76
sm90_xmma_gemm_bf16bf16_bf16f32_f32_nn_n_tilesize128x128x64_warpgroupsize1x1x1_execute_segment_k_off_kernel__51_cublas,86.60,66.02,34.24,17.43,18.75,0,68.11
sm90_xmma_gemm_bf16f32_bf16f32_f32_nt_n_tilesize128x128x64_warpgroupsize1x1x1_execute_segment_k_off_kernel__51_cublas,65.79,59.81,49.45,18.28,18.75,0,59.71
reduce_kernel,8.59,73.02,73.02,92.82,100,0.00,3.56
vectorized_elementwise_kernel,0.01,9.80,0.04,5.22,100,33.33,99.41
vectorized_elementwise_kernel,11.54,87.91,87.91,84.40,100,43.04,50.84
cuComputePartGradGammaBeta,55.74,84.54,46.50,57.50,62.50,76.97,10.94
cuComputeGradGammaBeta,12.31,9.21,9.21,33.33,50,0,40.72
cuComputeGradInput,30.36,44.21,44.21,47.76,56.25,70.30,25.80
vectorized_elementwise_kernel,21.88,85.48,85.48,83.25,100,31.17,35.10
unrolled_elementwise_kernel,0.54,5.47,0.50,6.08,100,40,87.86
unrolled_elementwise_kernel,0.55,5.65,0.51,6.27,100,40,92.46
vectorized_elementwise_kernel,0.01,11.05,0.03,6.10,100,0,98.11
kernel5,31.61,59.78,59.78,44.96,56.25,11.47,51.94
unrolled_elementwise_kernel,0.53,5.42,0.49,5.89,100,40,91.94
sm90_xmma_gemm_bf16bf16_bf16f32_f32_nn_n_tilesize128x256x64_warpgroupsize2x1x1_execute_segment_k_off_kernel__51_cublas,65.72,42.82,16.82,15.64,18.75,0,74.43
sm90_xmma_gemm_bf16f32_bf16f32_f32_nt_n_tilesize128x128x64_warpgroupsize1x1x1_execute_segment_k_off_kernel__51_cublas,66.22,60.14,35.99,17.70,18.75,0,69.59
sm90_xmma_gemm_bf16bf16_bf16f32_f32_nt_n_tilesize128x128x64_warpgroupsize1x1x1_execute_segment_k_off_kernel__51_cublas,34.90,68.31,68.31,13.84,18.75,0,39.12
sm90_xmma_gemm_bf16bf16_bf16f32_f32_tn_n_tilesize128x128x64_warpgroupsize1x1x1_execute_segment_k_off_kernel__51_cublas,32.91,53.19,47.32,17.91,18.75,0,91.63
vectorized_elementwise_kernel,30.24,85.87,85.87,80.14,100,0,42.81
scaled_upper_triang_masked_softmax_warp_backward,18.16,46.76,46.76,16.50,18.75,21.54,51.76
sm90_xmma_gemm_bf16bf16_bf16f32_f32_nn_n_tilesize128x128x64_warpgroupsize1x1x1_execute_segment_k_off_kernel__51_cublas,33.31,65.73,65.73,13.89,18.75,0,36.87
vectorized_elementwise_kernel,14.64,28.14,27.09,61.22,100,0,53.86
sm90_xmma_gemm_bf16bf16_bf16f32_f32_nt_n_tilesize128x128x64_warpgroupsize1x1x1_execute_segment_k_off_kernel__51_cublas,35.05,68.97,68.97,13.95,18.75,0,39.68
vectorized_elementwise_kernel,14.71,28.20,27.19,57.12,100,0,53.81
CatArrayBatchedCopy,67.33,47.02,13.04,80.91,100,6.42,81.39
sm90_xmma_gemm_bf16bf16_bf16f32_f32_nn_n_tilesize128x128x64_warpgroupsize1x1x1_execute_segment_k_off_kernel__51_cublas,85.75,65.69,27.37,17.43,18.75,0,69.02
sm90_xmma_gemm_bf16f32_bf16f32_f32_nt_n_tilesize128x128x64_warpgroupsize1x1x1_execute_segment_k_off_kernel__51_cublas,67.33,61.20,47.01,18.33,18.75,0,62.45
reduce_kernel,19.84,31.57,31.57,51.46,56.25,13.26,16.48
unrolled_elementwise_kernel,0.21,5.59,0.29,6.13,100,40.00,93.88
reduce_kernel,10.41,84.09,84.09,99.50,100,0,5.12
vectorized_elementwise_kernel,0.01,9.90,0.05,3.85,100,33.33,99.25
vectorized_elementwise_kernel,11.60,86.82,86.82,83.68,100,43.13,51.32
cuComputePartGradGammaBeta,55.40,84.03,46.15,57.97,62.50,76.97,12.33
cuComputeGradGammaBeta,12.42,9.27,9.24,33.04,50,0,41.03
cuComputeGradInput,30.67,44.37,44.37,48.18,56.25,70.36,25.94
vectorized_elementwise_kernel,21.78,85.27,85.27,81.46,100,31.13,34.99
unrolled_elementwise_kernel,0.55,5.63,0.51,6.36,100,40,90.94
unrolled_elementwise_kernel,0.55,5.62,0.51,6.21,100,40,92.41
vectorized_elementwise_kernel,0.01,10.40,0.03,6.91,100,0,99.40
kernel5,31.31,59.24,59.24,44.87,56.25,11.48,51.70
unrolled_elementwise_kernel,0.55,5.70,0.52,6.24,100,40,91.46
sm90_xmma_gemm_bf16bf16_bf16f32_f32_nn_n_tilesize128x256x64_warpgroupsize2x1x1_execute_segment_k_off_kernel__51_cublas,92.07,58.06,35.30,15.66,18.75,72.12,62.59
sm90_xmma_gemm_bf16f32_bf16f32_f32_nt_n_tilesize128x128x64_warpgroupsize1x1x1_execute_segment_k_off_kernel__51_cublas,67.75,61.49,50.37,18.34,18.75,0,60.16
reduce_kernel,10.06,83.70,83.70,85.45,100,0.00,4.25
vectorized_elementwise_kernel,0.01,9.84,0.05,4.48,100,33.33,99.11
vectorized_elementwise_kernel,11.55,88.94,88.94,83.94,100,42.94,50.90
kernel6,71.32,63.16,63.16,85.89,100,21.06,38.14
reduce_kernel,19.26,30.88,30.88,48.47,56.25,13.54,17.75
unrolled_elementwise_kernel,0.27,5.43,0.33,6.38,100,40,92.93
sm90_xmma_gemm_bf16bf16_bf16f32_f32_nn_n_tilesize128x128x64_warpgroupsize1x1x1_execute_segment_k_off_kernel__51_cublas,86.65,66.05,34.04,17.43,18.75,0,71.04
sm90_xmma_gemm_bf16f32_bf16f32_f32_nt_n_tilesize128x128x64_warpgroupsize1x1x1_execute_segment_k_off_kernel__51_cublas,65.52,59.57,49.56,18.39,18.75,0,59.84
reduce_kernel,8.59,72.65,72.65,91.73,100,0.00,3.53
vectorized_elementwise_kernel,0.01,10.01,0.05,5.76,100,33.33,100.87
vectorized_elementwise_kernel,11.61,88.51,88.51,84.46,100,43.07,50.94
cuComputePartGradGammaBeta,55.63,84.38,46.09,58.46,62.50,76.98,10.99
cuComputeGradGammaBeta,12.26,9.32,9.17,38.66,50,0,41.39
cuComputeGradInput,30.62,44.30,44.30,47.93,56.25,70.30,25.65
vectorized_elementwise_kernel,21.96,85.63,85.63,83.71,100,31.10,35.27
unrolled_elementwise_kernel,0.56,5.84,0.52,5.94,100,40,91.26
unrolled_elementwise_kernel,0.54,5.67,0.50,6.42,100,40,92.34
vectorized_elementwise_kernel,0.01,11.27,0.04,5.83,100,0,99.14
kernel5,31.15,58.82,58.82,44.75,56.25,11.45,51.72
unrolled_elementwise_kernel,0.53,5.57,0.49,6.55,100,40,91.08
sm90_xmma_gemm_bf16bf16_bf16f32_f32_nn_n_tilesize128x256x64_warpgroupsize2x1x1_execute_segment_k_off_kernel__51_cublas,65.57,42.82,16.84,15.65,18.75,0,74.88
sm90_xmma_gemm_bf16f32_bf16f32_f32_nt_n_tilesize128x128x64_warpgroupsize1x1x1_execute_segment_k_off_kernel__51_cublas,66.12,60.04,35.91,17.47,18.75,0,70.13
sm90_xmma_gemm_bf16bf16_bf16f32_f32_nt_n_tilesize128x128x64_warpgroupsize1x1x1_execute_segment_k_off_kernel__51_cublas,35.16,68.71,68.71,13.77,18.75,0,38.69
sm90_xmma_gemm_bf16bf16_bf16f32_f32_tn_n_tilesize128x128x64_warpgroupsize1x1x1_execute_segment_k_off_kernel__51_cublas,32.83,52.54,46.75,17.72,18.75,0,91.90
vectorized_elementwise_kernel,30.38,86.55,86.55,79.69,100,0,42.47
scaled_upper_triang_masked_softmax_warp_backward,18.09,46.57,46.57,16.54,18.75,21.26,51.74
sm90_xmma_gemm_bf16bf16_bf16f32_f32_nn_n_tilesize128x128x64_warpgroupsize1x1x1_execute_segment_k_off_kernel__51_cublas,33.82,66.42,66.42,13.66,18.75,0,36.79
vectorized_elementwise_kernel,14.35,27.54,26.50,57.84,100,0,55.33
sm90_xmma_gemm_bf16bf16_bf16f32_f32_nt_n_tilesize128x128x64_warpgroupsize1x1x1_execute_segment_k_off_kernel__51_cublas,34.38,67.50,67.50,14.31,18.75,0,40.22
vectorized_elementwise_kernel,14.35,27.67,26.69,60.20,100,0,53.83
CatArrayBatchedCopy,66.26,47.05,13.06,80.02,100,6.35,79.20
sm90_xmma_gemm_bf16bf16_bf16f32_f32_nn_n_tilesize128x128x64_warpgroupsize1x1x1_execute_segment_k_off_kernel__51_cublas,85.70,65.66,27.95,17.43,18.75,0,68.64
sm90_xmma_gemm_bf16f32_bf16f32_f32_nt_n_tilesize128x128x64_warpgroupsize1x1x1_execute_segment_k_off_kernel__51_cublas,66.28,60.23,46.82,17.96,18.75,0,62.12
reduce_kernel,19.66,31.27,31.27,52.17,56.25,13.55,17.17
unrolled_elementwise_kernel,0.21,5.64,0.30,6.22,100,40.00,94.18
reduce_kernel,10.59,85.35,85.35,97.56,100,0,4.80
vectorized_elementwise_kernel,0.01,9.71,0.04,4.65,100,33.33,99.22
vectorized_elementwise_kernel,11.70,87.69,87.69,83.65,100,43.13,51.26
cuComputePartGradGammaBeta,56.17,85.19,46.89,57.56,62.50,76.98,10.39
cuComputeGradGammaBeta,12.37,9.22,9.22,36.42,50,0,39.99
cuComputeGradInput,30.18,44.03,44.03,47.84,56.25,70.40,26.47
vectorized_elementwise_kernel,21.93,85.51,85.51,80.95,100,31.16,34.73
unrolled_elementwise_kernel,0.56,5.67,0.52,6.18,100,40,87.04
unrolled_elementwise_kernel,0.54,5.51,0.51,6.12,100,40,90.05
vectorized_elementwise_kernel,30.61,81.39,81.39,77.04,100,0,43.77
vectorized_elementwise_kernel,17.62,36.11,23.91,10.86,100,0,99.95
embedding_backward_feature_kernel,25.89,14.86,14.86,80.65,100,33.36,36.95
unrolled_elementwise_kernel,62.50,63.84,63.84,91.08,100,34.79,41.74
reduce_kernel,10.88,81.20,81.20,99.10,100,0,6.54
vectorized_elementwise_kernel,0.01,10.31,0.05,4.73,100,33.33,100.85
vectorized_elementwise_kernel,11.65,86.06,86.06,83.12,100,43.46,51.58
elementwise_kernel,62.99,29.26,29.26,91.07,100,50.42,51.20
vectorized_elementwise_kernel,18.61,41.43,41.43,9.44,100,0,100.07
vectorized_elementwise_kernel,0.09,8.68,0.22,6.13,75,50,96.89
vectorized_elementwise_kernel,0.03,8.33,0.16,5.84,100,49.51,98.63
vectorized_elementwise_kernel,0.06,8.03,0.20,5.23,100,75,96.99
elementwise_kernel_with_index,0.15,11.04,0.03,3.17,100,0,99.65
DeviceRadixSortSingleTileKernel,0.22,3.31,0.16,12.41,12.50,60,95.73
indexing_backward_kernel,2.25,1.24,0.79,3.14,100,70.42,52.97
unrolled_elementwise_kernel,62.41,68.14,68.14,92.90,100,34.09,41.18
reduce_kernel,8.75,75.19,75.19,89.11,100,0,4.28
vectorized_elementwise_kernel,0.01,9.81,0.05,4.77,100,33.33,99.27
vectorized_elementwise_kernel,11.49,88.33,88.33,83.83,100,43.02,50.92
vectorized_elementwise_kernel,0.01,11.22,0.04,8.29,100,0,99.54
multi_tensor_apply_kernel,8.28,76.02,76.02,57.67,100,0.01,4.16
multi_tensor_apply_kernel,8.17,74.74,74.74,58.17,100,0.01,6.51
multi_tensor_apply_kernel,8.32,76.10,76.10,58.31,100,0.01,8.00
multi_tensor_apply_kernel,8.40,76.95,76.95,57.40,100,0.01,8.21
multi_tensor_apply_kernel,8.32,76.14,76.14,58.43,100,0.01,12.31
multi_tensor_apply_kernel,8.19,74.87,74.87,57.80,100,0.01,12.48
multi_tensor_apply_kernel,8.23,75.42,75.42,58.47,100,0.01,14.21
multi_tensor_apply_kernel,8.23,74.79,74.79,57.70,100,0.01,14.99
multi_tensor_apply_kernel,8.31,75.74,75.74,59.27,100,0.01,16.97
multi_tensor_apply_kernel,8.05,73.82,73.82,56.75,100,0.01,14.54
multi_tensor_apply_kernel,8.49,77.71,77.71,58.76,100,0.01,15.58
multi_tensor_apply_kernel,8.20,74.90,74.90,56.32,100,0.01,14.97
multi_tensor_apply_kernel,8.23,75.51,75.51,60.30,100,0.01,15.86
multi_tensor_apply_kernel,8.28,75.95,75.95,58.06,100,0.01,15.94
multi_tensor_apply_kernel,8.40,76.30,76.30,59.61,100,0.01,15.84
multi_tensor_apply_kernel,8.12,74.23,74.23,59.25,100,0.01,15.34
multi_tensor_apply_kernel,8.30,76.30,76.30,57.93,100,0.01,16.45
multi_tensor_apply_kernel,8.09,74.12,74.12,58.72,100,0.01,15.35
multi_tensor_apply_kernel,8.43,76.92,76.92,58.44,100,0.01,15.10
multi_tensor_apply_kernel,8.40,76.74,76.74,56.53,100,0.01,15.91
multi_tensor_apply_kernel,8.36,76.72,76.72,60.87,100,0.01,15.87
multi_tensor_apply_kernel,8.39,76.94,76.94,58.73,100,0.01,15.13
multi_tensor_apply_kernel,8.29,75.68,75.68,57.21,100,0.01,16.70
multi_tensor_apply_kernel,8.40,76.80,76.80,58.05,100,0.01,15.37
multi_tensor_apply_kernel,8.05,73.88,73.88,59.29,100,0.01,14.89
multi_tensor_apply_kernel,8.26,75.64,75.64,56.77,100,0.01,14.79
multi_tensor_apply_kernel,8.50,77.60,77.60,59.75,100,0.01,16.06
multi_tensor_apply_kernel,8.11,74.38,74.38,58.47,100,0.01,16.99
multi_tensor_apply_kernel,8.48,77.77,77.77,58.42,100,0.01,14.84
multi_tensor_apply_kernel,8.50,77.19,77.19,55.97,100,0.01,15.93
multi_tensor_apply_kernel,8.28,75.68,75.68,58.27,100,0.01,15.19
multi_tensor_apply_kernel,8.24,75.73,75.73,58.44,100,0.01,15.59
multi_tensor_apply_kernel,8.08,74.19,74.19,57.29,100,0.01,15.19
multi_tensor_apply_kernel,8.25,75.03,75.03,57.68,100,0.01,15.84
multi_tensor_apply_kernel,8.45,77.12,77.12,58.28,100,0.01,15.67
multi_tensor_apply_kernel,8.10,74.39,74.39,58.14,100,0.01,17.67
multi_tensor_apply_kernel,8.36,76.66,76.66,57.97,100,0.01,14.76
multi_tensor_apply_kernel,8.33,76.10,76.10,59.40,100,0.01,13.74
multi_tensor_apply_kernel,8.39,76.49,76.49,59.06,100,0.01,15.09
multi_tensor_apply_kernel,7.98,72.92,72.92,58.07,100,0.01,15.60
multi_tensor_apply_kernel,8.25,75.34,75.34,58.11,100,0.01,15.03
multi_tensor_apply_kernel,8.12,74.14,74.14,59.85,100,0.01,17.87
multi_tensor_apply_kernel,8.27,75.72,75.72,59.72,100,0.01,15.04
multi_tensor_apply_kernel,8.33,76.48,76.48,58.33,100,0.01,15.52
multi_tensor_apply_kernel,8.19,75.15,75.15,57.11,100,0.01,16.10
multi_tensor_apply_kernel,8.48,77.39,77.39,58.43,100,0.01,14.30
multi_tensor_apply_kernel,8.27,75.62,75.62,58.99,100,0.01,15.10
multi_tensor_apply_kernel,8.08,74.17,74.17,59.79,100,0.01,14.80
multi_tensor_apply_kernel,8.36,76.66,76.66,60.09,100,0.01,16.20
multi_tensor_apply_kernel,8.56,78.16,78.16,60.17,100,0.01,16.09
multi_tensor_apply_kernel,8.16,74.30,74.30,56.59,100,0.01,16.13
multi_tensor_apply_kernel,8.10,74.39,74.39,57.63,100,0.01,16.31
multi_tensor_apply_kernel,8.12,74.28,74.28,59.34,100,0.01,15.36
multi_tensor_apply_kernel,8.45,77.30,77.30,57.27,100,0.01,15.39
multi_tensor_apply_kernel,8.40,76.66,76.66,60.39,100,0.01,15.03
multi_tensor_apply_kernel,8.20,75.04,75.04,59.71,100,0.01,16.83
multi_tensor_apply_kernel,8.33,76.54,76.54,59.23,100,0.01,15.60
multi_tensor_apply_kernel,8.18,74.86,74.86,58.45,100,0.01,14.74
multi_tensor_apply_kernel,8.40,76.69,76.69,59.02,100,0.01,15.55
multi_tensor_apply_kernel,8.27,76.00,76.00,58.05,100,0.01,15.79
multi_tensor_apply_kernel,8.17,75.08,75.08,58.25,100,0.01,16.68
multi_tensor_apply_kernel,8.21,75.28,75.28,58.11,100,0.01,14.26
multi_tensor_apply_kernel,8.18,74.90,74.90,57.66,100,0.01,16.11
multi_tensor_apply_kernel,8.33,76.23,76.23,57.56,100,0.01,14.28
multi_tensor_apply_kernel,8.38,76.85,76.85,59.02,100,0.01,15.65
multi_tensor_apply_kernel,8.45,77.31,77.31,58.81,100,0.01,14.75
multi_tensor_apply_kernel,8.31,75.87,75.87,59.00,100,0.01,16.44
multi_tensor_apply_kernel,8.30,75.93,75.93,58.03,100,0.01,15.60
multi_tensor_apply_kernel,8.44,77.41,77.41,57.22,100,0.01,15.98
multi_tensor_apply_kernel,8.16,74.42,74.42,58.47,100,0.01,15.43
multi_tensor_apply_kernel,8.21,74.98,74.98,59.28,100,0.01,16.13
multi_tensor_apply_kernel,8.13,74.39,74.39,59.24,100,0.01,15.91
multi_tensor_apply_kernel,8.29,76.10,76.10,58.56,100,0.01,15.54
multi_tensor_apply_kernel,8.40,76.93,76.93,59.28,100,0.01,16.01
multi_tensor_apply_kernel,8.38,76.65,76.65,58.40,100,0.01,16.92
multi_tensor_apply_kernel,8.13,74.74,74.74,60.16,100,0.01,14.42
multi_tensor_apply_kernel,8.43,77.41,77.41,56.55,100,0.01,15.31
multi_tensor_apply_kernel,8.47,77.50,77.50,60.15,100,0.01,16.10
multi_tensor_apply_kernel,8.37,76.77,76.77,57.88,100,0.01,15.16
multi_tensor_apply_kernel,8.12,74.48,74.48,58.00,100,0.01,16.19
multi_tensor_apply_kernel,8.31,76.22,76.22,58.85,100,0.01,15.15
multi_tensor_apply_kernel,8.15,74.53,74.53,57.10,100,0.01,15.92
multi_tensor_apply_kernel,8.21,75.05,75.05,55.71,100,0.01,14.51
multi_tensor_apply_kernel,8.25,75.67,75.67,59.75,100,0.01,15.72
multi_tensor_apply_kernel,8.11,74.32,74.32,56.46,100,0.01,15.97
multi_tensor_apply_kernel,8.53,77.91,77.91,58.20,100,0.01,15.31
multi_tensor_apply_kernel,8.44,77.44,77.44,57.02,100,0.01,15.27
multi_tensor_apply_kernel,8.28,76.10,76.10,58.44,100,0.01,15.84
multi_tensor_apply_kernel,7.91,72.64,72.64,58.10,100,0.01,15.91
multi_tensor_apply_kernel,8.27,75.52,75.52,58.76,100,0.01,16.23
multi_tensor_apply_kernel,8.37,76.46,76.46,57.81,100,0.01,15.33
multi_tensor_apply_kernel,8.35,76.40,76.40,58.00,100,0.01,16.26
multi_tensor_apply_kernel,8.41,77.08,77.08,57.16,100,0.01,16.11
multi_tensor_apply_kernel,8.47,77.09,77.09,58.85,100,0.01,15.65
multi_tensor_apply_kernel,8.28,75.77,75.77,61.12,100,0.01,15.32
multi_tensor_apply_kernel,8.36,76.56,76.56,57.84,100,0.01,16.39
multi_tensor_apply_kernel,8.43,77.23,77.23,58.78,100,0.01,14.88
multi_tensor_apply_kernel,8.42,77.05,77.05,59.01,100,0.01,15.23
multi_tensor_apply_kernel,8.45,76.94,76.94,59.20,100,0.01,15.26
multi_tensor_apply_kernel,8.39,76.51,76.51,58.58,100,0.01,15.52
multi_tensor_apply_kernel,8.19,74.95,74.95,59.29,100,0.01,15.78
multi_tensor_apply_kernel,8.48,77.59,77.59,59.30,100,0.01,16.46
multi_tensor_apply_kernel,8.51,77.83,77.83,58.48,100,0.01,15.29
multi_tensor_apply_kernel,8.17,74.87,74.87,57.90,100,0.01,15.30
multi_tensor_apply_kernel,8.16,74.64,74.64,57.76,100,0.01,15.28
multi_tensor_apply_kernel,8.23,75.27,75.27,58.44,100,0.01,15.34
multi_tensor_apply_kernel,8.08,74.04,74.04,57.85,100,0.01,15.44
multi_tensor_apply_kernel,8.33,76.32,76.32,59.27,100,0.01,16.92
multi_tensor_apply_kernel,8.43,76.83,76.83,57.49,100,0.01,14.98
multi_tensor_apply_kernel,8.27,76.06,76.06,59.34,100,0.01,15.40
multi_tensor_apply_kernel,8.36,76.44,76.44,58.13,100,0.01,16.55
multi_tensor_apply_kernel,8.31,75.97,75.97,60.12,100,0.01,14.95
multi_tensor_apply_kernel,8.44,77.26,77.26,60.41,100,0.01,15.72
multi_tensor_apply_kernel,8.09,74.16,74.16,60.98,100,0.01,16.14
multi_tensor_apply_kernel,8.22,75.34,75.34,57.25,100,0.01,15.62
multi_tensor_apply_kernel,8.45,77.26,77.26,59.93,100,0.01,14.11
multi_tensor_apply_kernel,8.18,74.77,74.77,58.16,100,0.01,15.99
multi_tensor_apply_kernel,8.32,76.20,76.20,57.71,100,0.01,15.67
multi_tensor_apply_kernel,8.05,73.55,73.55,57.96,100,0.01,15.92
multi_tensor_apply_kernel,8.37,76.62,76.62,58.87,100,0.01,15.25
multi_tensor_apply_kernel,8.48,77.36,77.36,59.91,100,0.01,15.33
multi_tensor_apply_kernel,8.40,76.92,76.92,57.40,100,0.01,15.11
multi_tensor_apply_kernel,8.37,76.79,76.79,57.60,100,0.01,15.32
multi_tensor_apply_kernel,8.49,77.37,77.37,59.92,100,0.01,15.75
multi_tensor_apply_kernel,8.44,76.96,76.96,58.26,100,0.01,16.80
multi_tensor_apply_kernel,8.45,77.45,77.45,58.34,100,0.01,16.46
multi_tensor_apply_kernel,8.32,76.37,76.37,57.76,100,0.01,16.30
multi_tensor_apply_kernel,8.28,75.70,75.70,57.22,100,0.01,15.71
multi_tensor_apply_kernel,8.30,75.85,75.85,59.14,100,0.01,15.17
multi_tensor_apply_kernel,8.12,74.36,74.36,58.77,100,0.01,14.68
multi_tensor_apply_kernel,8.39,76.68,76.68,58.07,100,0.01,16.06
multi_tensor_apply_kernel,8.41,77.10,77.10,57.22,100,0.01,16.82
multi_tensor_apply_kernel,8.29,75.55,75.55,56.89,100,0.01,14.70
multi_tensor_apply_kernel,8.27,75.71,75.71,58.83,100,0.01,16.24
multi_tensor_apply_kernel,7.37,62.33,62.33,37.84,100,0.02,18.13
cleanup,0.05,8.68,0.06,27.35,100,0,96.69
vectorized_elementwise_kernel,0.00,9.90,0.04,6.29,100,0,99.59
multi_tensor_apply_kernel,7.76,75.74,75.74,56.40,100,49.41,54.05
multi_tensor_apply_kernel,7.88,77.10,77.10,56.40,100,48.81,54.53
multi_tensor_apply_kernel,7.86,76.87,76.87,57.57,100,49.13,54.26
multi_tensor_apply_kernel,7.83,76.50,76.50,57.55,100,49.14,54.71
multi_tensor_apply_kernel,7.77,75.58,75.58,56.41,100,48.93,54.59
multi_tensor_apply_kernel,7.76,75.67,75.67,56.12,100,48.94,54.36
multi_tensor_apply_kernel,7.63,74.67,74.67,58.18,100,49.14,54.26
multi_tensor_apply_kernel,7.77,75.49,75.49,56.61,100,49.25,54.40
multi_tensor_apply_kernel,7.82,76.36,76.36,57.18,100,49.04,54.68
multi_tensor_apply_kernel,7.67,75.01,75.01,56.04,100,49.21,53.89
multi_tensor_apply_kernel,7.73,75.64,75.64,57.25,100,49.02,54.37
multi_tensor_apply_kernel,7.81,76.42,76.42,57.26,100,49.14,54.18
multi_tensor_apply_kernel,7.82,76.18,76.18,57.46,100,48.79,54.66
multi_tensor_apply_kernel,7.70,75.12,75.12,56.68,100,49.18,54.48
multi_tensor_apply_kernel,7.73,75.85,75.85,56.46,100,48.85,54.28
multi_tensor_apply_kernel,7.86,76.65,76.65,56.03,100,49.14,54.22
multi_tensor_apply_kernel,7.77,76.10,76.10,58.01,100,49.14,54.42
multi_tensor_apply_kernel,7.86,76.97,76.97,56.23,100,49.01,54.67
multi_tensor_apply_kernel,7.79,76.14,76.14,58.28,100,49.08,54.55
multi_tensor_apply_kernel,7.75,75.69,75.69,57.40,100,49.04,54.73
multi_tensor_apply_kernel,7.67,74.65,74.65,55.79,100,49.03,54.33
multi_tensor_apply_kernel,7.84,76.77,76.77,58.10,100,49.21,54.02
multi_tensor_apply_kernel,7.79,76.30,76.30,57.32,100,48.83,54.37
multi_tensor_apply_kernel,7.58,74.13,74.13,57.15,100,49.14,54.26
multi_tensor_apply_kernel,7.74,75.68,75.68,58.01,100,49.01,54.19
multi_tensor_apply_kernel,7.62,74.62,74.62,57.66,100,49.20,54.09
multi_tensor_apply_kernel,7.80,76.31,76.31,57.23,100,48.85,54.36
multi_tensor_apply_kernel,7.89,76.62,76.62,56.27,100,48.82,54.17
multi_tensor_apply_kernel,7.78,75.98,75.98,58.01,100,49.18,54.69
multi_tensor_apply_kernel,7.76,76.05,76.05,57.39,100,48.72,54.91
multi_tensor_apply_kernel,7.74,75.69,75.69,56.37,100,49.16,54.21
multi_tensor_apply_kernel,7.88,76.68,76.68,57.35,100,49.31,54.29
multi_tensor_apply_kernel,7.84,76.48,76.48,56.62,100,48.91,54.12
multi_tensor_apply_kernel,7.84,76.67,76.67,57.11,100,49.32,54.43
multi_tensor_apply_kernel,7.83,76.62,76.62,58.40,100,49.28,54.27
multi_tensor_apply_kernel,7.87,76.98,76.98,56.91,100,49.30,54.64
multi_tensor_apply_kernel,7.84,76.54,76.54,57.98,100,48.93,53.89
multi_tensor_apply_kernel,7.77,75.52,75.52,58.22,100,48.91,53.91
multi_tensor_apply_kernel,7.65,74.96,74.96,58.12,100,48.92,54.31
multi_tensor_apply_kernel,7.73,75.66,75.66,57.21,100,49.02,54.29
multi_tensor_apply_kernel,7.82,76.31,76.31,56.25,100,49.23,54.18
multi_tensor_apply_kernel,7.71,74.94,74.94,56.25,100,49.05,54.95
multi_tensor_apply_kernel,7.69,75.25,75.25,57.97,100,49.29,54.13
multi_tensor_apply_kernel,7.78,76.14,76.14,57.85,100,49.36,54.32
multi_tensor_apply_kernel,7.74,75.47,75.47,56.13,100,48.98,54.44
multi_tensor_apply_kernel,7.86,76.68,76.68,58.03,100,49.00,54.13
multi_tensor_apply_kernel,7.83,76.15,76.15,56.42,100,49.27,54.36
multi_tensor_apply_kernel,7.80,76.30,76.30,57.44,100,49.39,54.22
multi_tensor_apply_kernel,7.72,75.56,75.56,58.08,100,49.17,54.48
multi_tensor_apply_kernel,7.79,76.22,76.22,58.02,100,49.27,54.49
multi_tensor_apply_kernel,7.87,77.06,77.06,56.69,100,48.92,54.40
multi_tensor_apply_kernel,7.84,76.28,76.28,57.11,100,49.00,54.52
multi_tensor_apply_kernel,7.74,75.58,75.58,56.33,100,49.30,54.29
multi_tensor_apply_kernel,7.79,76.13,76.13,56.04,100,48.79,54.35
multi_tensor_apply_kernel,7.73,75.60,75.60,56.95,100,49.07,54.24
multi_tensor_apply_kernel,7.78,75.77,75.77,56.46,100,48.74,54.74
multi_tensor_apply_kernel,7.68,74.99,74.99,58.30,100,49.21,54.27
multi_tensor_apply_kernel,7.80,76.37,76.37,58.09,100,48.89,54.07
multi_tensor_apply_kernel,7.82,76.40,76.40,56.99,100,49.07,54.28
multi_tensor_apply_kernel,7.88,77.14,77.14,56.64,100,49.09,54.36
multi_tensor_apply_kernel,7.77,75.52,75.52,57.40,100,48.94,54.60
multi_tensor_apply_kernel,7.84,76.49,76.49,57.45,100,49.04,53.98
multi_tensor_apply_kernel,7.85,76.83,76.83,57.21,100,48.88,54.43
multi_tensor_apply_kernel,7.79,76.18,76.18,56.93,100,49.01,53.98
multi_tensor_apply_kernel,7.83,76.48,76.48,56.78,100,49.21,54.35
multi_tensor_apply_kernel,7.65,74.74,74.74,57.73,100,48.86,54.21
multi_tensor_apply_kernel,7.68,75.12,75.12,57.96,100,49.11,54.56
multi_tensor_apply_kernel,7.72,75.41,75.41,58.40,100,49.18,54.27
multi_tensor_apply_kernel,7.56,73.48,73.48,57.20,100,49.21,54.44
multi_tensor_apply_kernel,7.84,76.59,76.59,58.15,100,48.87,54.31
multi_tensor_apply_kernel,7.75,75.82,75.82,56.45,100,48.95,54.46
multi_tensor_apply_kernel,7.78,76.05,76.05,57.16,100,49.04,54.51
multi_tensor_apply_kernel,7.74,75.64,75.64,57.06,100,48.80,54.36
multi_tensor_apply_kernel,7.80,76.32,76.32,58.29,100,48.83,54.43
multi_tensor_apply_kernel,7.65,74.73,74.73,56.14,100,49.03,54.72
multi_tensor_apply_kernel,7.79,76.29,76.29,57.23,100,49.19,54.05
multi_tensor_apply_kernel,7.72,75.54,75.54,57.22,100,49.18,54.32
multi_tensor_apply_kernel,7.63,74.34,74.34,58.06,100,49.26,54.43
multi_tensor_apply_kernel,7.66,74.91,74.91,57.85,100,48.94,54.19
multi_tensor_apply_kernel,7.64,74.81,74.81,56.26,100,49.07,54.49
multi_tensor_apply_kernel,7.86,76.88,76.88,58.13,100,48.95,54.21
multi_tensor_apply_kernel,7.65,74.80,74.80,56.96,100,48.93,54.44
multi_tensor_apply_kernel,7.75,75.66,75.66,57.19,100,49.23,54.14
multi_tensor_apply_kernel,7.68,75.21,75.21,56.47,100,49.10,54.44
multi_tensor_apply_kernel,7.75,75.79,75.79,57.63,100,49.01,54.40
multi_tensor_apply_kernel,7.68,75.02,75.02,57.24,100,49.46,54.21
multi_tensor_apply_kernel,7.73,75.15,75.15,56.94,100,48.98,54.27
multi_tensor_apply_kernel,7.83,76.43,76.43,57.31,100,49.14,54.38
multi_tensor_apply_kernel,7.76,75.79,75.79,57.57,100,48.84,54.42
multi_tensor_apply_kernel,7.77,75.94,75.94,57.54,100,49.41,54.49
multi_tensor_apply_kernel,7.66,74.89,74.89,57.35,100,48.96,54.30
multi_tensor_apply_kernel,7.86,76.81,76.81,56.08,100,48.93,54.57
multi_tensor_apply_kernel,7.89,77.13,77.13,57.57,100,49.02,54.47
multi_tensor_apply_kernel,7.73,75.57,75.57,57.04,100,48.88,54.32
multi_tensor_apply_kernel,7.77,75.88,75.88,58.27,100,49.16,54.22
multi_tensor_apply_kernel,7.63,74.63,74.63,57.05,100,48.99,54.55
multi_tensor_apply_kernel,7.73,75.60,75.60,57.25,100,48.74,54.15
multi_tensor_apply_kernel,7.78,76.07,76.07,58.05,100,49.26,54.33
multi_tensor_apply_kernel,7.88,76.73,76.73,56.11,100,48.80,54.32
multi_tensor_apply_kernel,7.84,76.82,76.82,57.08,100,49.16,54.29
multi_tensor_apply_kernel,7.85,76.72,76.72,57.87,100,48.86,54.38
multi_tensor_apply_kernel,7.84,76.69,76.69,57.26,100,49.32,54.51
multi_tensor_apply_kernel,7.81,76.30,76.30,57.09,100,48.84,54.25
multi_tensor_apply_kernel,7.90,76.86,76.86,57.40,100,48.89,54.39
multi_tensor_apply_kernel,7.76,75.94,75.94,57.21,100,48.59,54.31
multi_tensor_apply_kernel,7.85,76.78,76.78,58.07,100,48.55,54.37
multi_tensor_apply_kernel,7.67,74.92,74.92,57.27,100,48.71,54.27
multi_tensor_apply_kernel,7.81,76.02,76.02,58.26,100,49.14,54.65
multi_tensor_apply_kernel,7.82,76.50,76.50,56.58,100,48.97,54.18
multi_tensor_apply_kernel,7.72,75.57,75.57,58.15,100,49.08,54.24
multi_tensor_apply_kernel,7.81,76.23,76.23,57.57,100,48.68,54.53
multi_tensor_apply_kernel,7.81,75.88,75.88,58.09,100,49.16,54.15
multi_tensor_apply_kernel,7.82,76.31,76.31,58.30,100,49.05,54.45
multi_tensor_apply_kernel,7.70,75.60,75.60,56.62,100,48.88,54.50
multi_tensor_apply_kernel,7.89,77.08,77.08,57.43,100,48.85,54.31
multi_tensor_apply_kernel,7.80,76.07,76.07,57.54,100,49.02,53.98
multi_tensor_apply_kernel,7.77,75.82,75.82,56.32,100,48.83,54.51
multi_tensor_apply_kernel,7.81,76.43,76.43,57.20,100,49.00,54.36
multi_tensor_apply_kernel,7.85,76.84,76.84,56.27,100,48.78,54.43
multi_tensor_apply_kernel,7.84,76.67,76.67,57.38,100,49.12,54.21
multi_tensor_apply_kernel,7.74,75.29,75.29,56.89,100,49.10,54.29
multi_tensor_apply_kernel,7.90,76.81,76.81,56.63,100,49.00,54.32
multi_tensor_apply_kernel,7.79,76.16,76.16,57.19,100,48.81,54.34
multi_tensor_apply_kernel,7.75,75.38,75.38,57.27,100,49.03,54.33
multi_tensor_apply_kernel,7.86,76.75,76.75,57.09,100,48.86,54.61
multi_tensor_apply_kernel,7.74,75.74,75.74,57.50,100,49.09,54.53
multi_tensor_apply_kernel,7.58,74.20,74.20,57.34,100,49.06,54.38
multi_tensor_apply_kernel,7.77,75.94,75.94,57.71,100,48.90,54.30
multi_tensor_apply_kernel,7.75,75.62,75.62,56.12,100,49.18,54.32
multi_tensor_apply_kernel,7.73,75.20,75.20,58.14,100,48.83,54.09
multi_tensor_apply_kernel,7.72,75.48,75.48,56.71,100,48.79,54.59
multi_tensor_apply_kernel,7.72,75.55,75.55,58.11,100,49.08,54.51
multi_tensor_apply_kernel,7.73,75.57,75.57,56.22,100,49.17,54.08
multi_tensor_apply_kernel,7.70,75.09,75.09,56.90,100,48.95,54.59
multi_tensor_apply_kernel,7.40,62.98,62.98,33.23,100,49.94,54.80
multi_tensor_apply_kernel,1.40,8.83,6.17,23.37,100,50,65.37
multi_tensor_apply_kernel,15.14,76.39,76.39,47.31,50,29.13,46.85
multi_tensor_apply_kernel,15.13,76.29,76.29,47.07,50,32.22,45.68
multi_tensor_apply_kernel,15.19,76.56,76.56,47.45,50,28.69,45.00
multi_tensor_apply_kernel,15.27,76.47,76.47,47.72,50,30.69,44.85
multi_tensor_apply_kernel,15.38,76.76,76.76,47.07,50,29.51,44.79
multi_tensor_apply_kernel,15.33,76.91,76.91,47.08,50,29.54,44.60
multi_tensor_apply_kernel,15.36,76.59,76.59,46.67,50,29.87,44.80
multi_tensor_apply_kernel,15.18,76.03,76.03,47.09,50,29.08,44.91
multi_tensor_apply_kernel,15.37,76.65,76.65,47.58,50,31.62,44.82
multi_tensor_apply_kernel,15.32,76.45,76.45,47.23,50,30.55,44.91
multi_tensor_apply_kernel,15.18,76.18,76.18,46.93,50,29.61,44.72
multi_tensor_apply_kernel,15.30,76.30,76.30,47.00,50,31.10,44.78
multi_tensor_apply_kernel,15.29,76.55,76.55,47.11,50,30.25,44.73
multi_tensor_apply_kernel,15.23,76.29,76.29,47.09,50,31.41,45.01
multi_tensor_apply_kernel,14.72,73.27,73.27,47.12,50,29.46,44.65
multi_tensor_apply_kernel,15.27,76.15,76.15,47.10,50,31.58,44.75
multi_tensor_apply_kernel,15.26,76.53,76.53,46.94,50,29.54,44.72
multi_tensor_apply_kernel,15.37,76.62,76.62,47.16,50,31.65,44.81
multi_tensor_apply_kernel,14.81,74.32,74.32,47.05,50,30.80,44.94
multi_tensor_apply_kernel,15.33,76.85,76.85,47.31,50,26.18,44.82
multi_tensor_apply_kernel,15.41,76.79,76.79,47.28,50,30.09,44.77
multi_tensor_apply_kernel,15.28,76.58,76.58,47.06,50,30.90,44.76
multi_tensor_apply_kernel,15.26,76.51,76.51,46.52,50,26.30,44.77
multi_tensor_apply_kernel,15.37,76.55,76.55,47.04,50,29.70,44.94
multi_tensor_apply_kernel,15.21,76.19,76.19,46.69,50,29.01,44.63
multi_tensor_apply_kernel,15.34,76.48,76.48,46.99,50,31.13,44.75
multi_tensor_apply_kernel,15.23,75.91,75.91,46.89,50,28.94,44.95
multi_tensor_apply_kernel,15.24,76.45,76.45,46.83,50,27.54,44.73
multi_tensor_apply_kernel,15.31,76.29,76.29,46.80,50,30.34,44.82
multi_tensor_apply_kernel,15.32,76.80,76.80,47.07,50,28.84,44.78
multi_tensor_apply_kernel,15.31,76.74,76.74,47.18,50,30.81,44.81
multi_tensor_apply_kernel,15.25,76.04,76.04,46.74,50,30.42,44.66
multi_tensor_apply_kernel,15.29,76.63,76.63,46.93,50,30.57,44.75
multi_tensor_apply_kernel,15.30,76.27,76.27,47.12,50,31.79,44.82
multi_tensor_apply_kernel,15.27,76.13,76.13,47.35,50,29.51,44.85
multi_tensor_apply_kernel,15.27,76.53,76.53,47.11,50,27.93,44.82
multi_tensor_apply_kernel,15.25,76.34,76.34,46.90,50,29.84,44.85
multi_tensor_apply_kernel,15.38,76.65,76.65,46.97,50,31.26,44.70
multi_tensor_apply_kernel,15.38,76.72,76.72,47.20,50,28.91,44.89
multi_tensor_apply_kernel,15.26,76.51,76.51,46.98,50,28.58,44.78
multi_tensor_apply_kernel,15.36,75.68,75.68,47.00,50,29.09,44.74
multi_tensor_apply_kernel,15.18,76.07,76.07,46.95,50,28.38,44.84
multi_tensor_apply_kernel,15.48,76.36,76.36,46.71,50,30.89,44.77
multi_tensor_apply_kernel,15.29,76.21,76.21,47.46,50,28.98,44.91
multi_tensor_apply_kernel,15.24,76.41,76.41,46.75,50,29.20,44.70
multi_tensor_apply_kernel,14.69,73.27,73.27,46.75,50,28.59,44.78
multi_tensor_apply_kernel,15.28,76.26,76.26,46.94,50,31.32,44.74
multi_tensor_apply_kernel,15.24,76.38,76.38,46.29,50,28.00,44.84
multi_tensor_apply_kernel,15.31,76.14,76.14,46.72,50,28.15,44.80
multi_tensor_apply_kernel,15.35,76.55,76.55,47.24,50,29.92,44.59
multi_tensor_apply_kernel,15.32,76.48,76.48,46.58,50,29.82,44.93
multi_tensor_apply_kernel,15.28,76.55,76.55,47.06,50,29.18,44.71
multi_tensor_apply_kernel,15.27,76.16,76.16,46.78,50,28.44,44.81
multi_tensor_apply_kernel,15.35,76.88,76.88,46.95,50,31.25,44.75
multi_tensor_apply_kernel,15.29,76.57,76.57,47.13,50,29.78,44.80
multi_tensor_apply_kernel,15.29,76.29,76.29,47.01,50,31.52,44.93
multi_tensor_apply_kernel,15.30,76.58,76.58,47.16,50,30.25,44.77
multi_tensor_apply_kernel,15.28,76.58,76.58,47.29,50,31.77,44.76
multi_tensor_apply_kernel,15.33,76.77,76.77,46.60,50,31.22,44.72
multi_tensor_apply_kernel,15.24,76.38,76.38,46.49,50,32.30,44.83
multi_tensor_apply_kernel,15.33,76.83,76.83,47.29,50,30.84,44.81
multi_tensor_apply_kernel,15.40,76.73,76.73,46.76,50,30.29,44.74
multi_tensor_apply_kernel,15.23,76.31,76.31,46.88,50,29.02,44.80
multi_tensor_apply_kernel,15.33,76.61,76.61,46.65,50,30.19,44.76
multi_tensor_apply_kernel,15.35,76.55,76.55,46.88,50,30.60,44.74
multi_tensor_apply_kernel,15.22,76.15,76.15,47.09,50,31.42,44.76
multi_tensor_apply_kernel,15.10,75.90,75.90,47.08,50,31.60,44.85
multi_tensor_apply_kernel,15.22,76.28,76.28,47.41,50,31.30,44.85
multi_tensor_apply_kernel,15.21,76.23,76.23,47.14,50,29.61,44.78
multi_tensor_apply_kernel,15.22,76.18,76.18,46.91,50,32.53,44.77
multi_tensor_apply_kernel,15.28,76.24,76.24,47.11,50,26.69,44.83
multi_tensor_apply_kernel,15.28,76.52,76.52,47.24,50,29.59,44.81
multi_tensor_apply_kernel,15.15,76.25,76.25,47.22,50,29.98,44.72
multi_tensor_apply_kernel,15.23,76.56,76.56,47.16,50,29.11,44.70
multi_tensor_apply_kernel,15.25,76.43,76.43,46.68,50,31.27,44.92
multi_tensor_apply_kernel,15.25,76.30,76.30,46.61,50,30.74,44.69
multi_tensor_apply_kernel,15.36,76.95,76.95,46.93,50,31.56,44.86
multi_tensor_apply_kernel,15.26,76.46,76.46,46.71,50,30.72,44.72
multi_tensor_apply_kernel,15.35,76.46,76.46,46.88,50,29.96,44.72
multi_tensor_apply_kernel,15.30,76.57,76.57,46.99,50,30.61,44.83
multi_tensor_apply_kernel,14.67,73.47,73.47,47.42,50,28.28,44.85
multi_tensor_apply_kernel,14.86,74.14,74.14,46.58,50,30.01,44.89
multi_tensor_apply_kernel,15.21,76.24,76.24,46.72,50,31.15,44.64
multi_tensor_apply_kernel,15.30,76.64,76.64,47.69,50,29.70,45.01
multi_tensor_apply_kernel,15.29,76.66,76.66,47.31,50,31.02,44.70
multi_tensor_apply_kernel,15.33,76.39,76.39,47.31,50,28.23,44.67
multi_tensor_apply_kernel,15.21,76.21,76.21,47.15,50,31.35,44.90
multi_tensor_apply_kernel,15.25,76.10,76.10,47.08,50,29.14,44.77
multi_tensor_apply_kernel,15.35,76.61,76.61,46.76,50,31.22,44.65
multi_tensor_apply_kernel,15.29,76.36,76.36,46.62,50,31.75,44.85
multi_tensor_apply_kernel,15.31,76.72,76.72,47.21,50,31.49,44.80
multi_tensor_apply_kernel,15.27,76.51,76.51,47.01,50,29.99,44.84
multi_tensor_apply_kernel,15.28,76.62,76.62,47.04,50,32.10,44.83
multi_tensor_apply_kernel,15.33,76.86,76.86,46.74,50,30.63,44.69
multi_tensor_apply_kernel,15.32,76.53,76.53,47.21,50,29.12,44.78
multi_tensor_apply_kernel,15.28,76.33,76.33,47.45,50,29.67,44.77
multi_tensor_apply_kernel,15.21,76.24,76.24,47.40,50,31.42,44.76
multi_tensor_apply_kernel,15.26,76.44,76.44,47.21,50,30.23,44.88
multi_tensor_apply_kernel,15.35,76.64,76.64,47.07,50,30.36,44.70
multi_tensor_apply_kernel,15.17,76.00,76.00,46.83,50,30.82,44.84
multi_tensor_apply_kernel,15.24,76.45,76.45,46.76,50,31.80,44.79
multi_tensor_apply_kernel,15.27,76.52,76.52,46.99,50,25.77,44.82
multi_tensor_apply_kernel,15.22,76.29,76.29,46.67,50,29.70,44.85
multi_tensor_apply_kernel,15.38,76.73,76.73,47.20,50,28.05,44.74
multi_tensor_apply_kernel,15.43,76.84,76.84,46.54,50,28.43,44.66
multi_tensor_apply_kernel,14.86,74.26,74.26,46.92,50,30.71,44.96
multi_tensor_apply_kernel,15.33,76.54,76.54,47.11,50,28.69,44.89
multi_tensor_apply_kernel,14.62,73.37,73.37,46.96,50,31.05,44.68
multi_tensor_apply_kernel,15.35,76.86,76.86,46.84,50,28.23,44.93
multi_tensor_apply_kernel,15.25,76.48,76.48,47.00,50,31.62,44.62
multi_tensor_apply_kernel,15.23,76.26,76.26,46.95,50,30.90,44.90
multi_tensor_apply_kernel,15.29,76.50,76.50,47.09,50,31.89,44.73
multi_tensor_apply_kernel,15.27,76.59,76.59,47.08,50,31.37,44.79
multi_tensor_apply_kernel,15.28,76.21,76.21,47.04,50,30.23,44.83
multi_tensor_apply_kernel,15.19,76.06,76.06,47.35,50,30.84,44.92
multi_tensor_apply_kernel,15.31,76.29,76.29,47.10,50,32.92,44.61
multi_tensor_apply_kernel,15.18,76.08,76.08,46.74,50,31.46,44.90
multi_tensor_apply_kernel,15.15,75.95,75.95,46.93,50,31.60,44.78
multi_tensor_apply_kernel,15.29,76.54,76.54,46.87,50,32.33,44.79
multi_tensor_apply_kernel,15.40,76.84,76.84,46.73,50,29.54,44.89
multi_tensor_apply_kernel,15.33,76.42,76.42,46.78,50,28.68,44.77
multi_tensor_apply_kernel,15.21,76.29,76.29,46.86,50,30.13,44.74
multi_tensor_apply_kernel,15.17,75.98,75.98,47.05,50,28.49,44.88
multi_tensor_apply_kernel,15.33,76.38,76.38,47.15,50,29.89,44.69
multi_tensor_apply_kernel,15.36,76.92,76.92,46.79,50,29.90,44.74
multi_tensor_apply_kernel,15.20,76.15,76.15,46.68,50,30.46,44.80
multi_tensor_apply_kernel,15.34,76.85,76.85,47.35,50,27.56,44.85
multi_tensor_apply_kernel,15.31,76.33,76.33,46.95,50,31.67,44.78
multi_tensor_apply_kernel,15.21,76.26,76.26,46.99,50,30.98,44.82
multi_tensor_apply_kernel,15.23,76.18,76.18,47.33,50,29.09,44.75
multi_tensor_apply_kernel,15.34,76.99,76.99,47.40,50,32.16,44.82
multi_tensor_apply_kernel,15.24,75.94,75.94,47.23,50,30.13,44.75
multi_tensor_apply_kernel,15.26,76.49,76.49,47.30,50,32.18,44.79
multi_tensor_apply_kernel,15.29,76.09,76.09,47.15,50,29.93,44.92
multi_tensor_apply_kernel,15.28,73.91,73.91,33.36,50,35.53,44.81
multi_tensor_apply_kernel,5.72,15.83,15.83,23.73,50,42.86,49.30
multi_tensor_apply_kernel,5.66,15.72,15.72,23.92,50,42.83,49.14
multi_tensor_apply_kernel,3.92,10.89,10.89,23.50,50,42.83,51.53
unrolled_elementwise_kernel,57.60,54.48,54.48,90.91,100,15.16,35.61
unrolled_elementwise_kernel,56.59,50.52,50.52,89.67,100,15.20,35.96
unrolled_elementwise_kernel,55.70,48.22,48.22,88.79,100,15.26,37.19
unrolled_elementwise_kernel,57.57,53.34,53.34,90.79,100,15.18,36.58
unrolled_elementwise_kernel,57.59,54.43,54.43,90.99,100,15.15,35.87
unrolled_elementwise_kernel,57.67,54.54,54.54,91.21,100,15.16,35.41
unrolled_elementwise_kernel,56.41,48.74,48.74,89.05,100,15.23,37.29
unrolled_elementwise_kernel,57.47,53.54,53.54,90.24,100,15.17,37.41
unrolled_elementwise_kernel,57.78,54.24,54.24,90.91,100,15.15,35.84
unrolled_elementwise_kernel,57.59,54.31,54.31,91.16,100,15.16,35.37
unrolled_elementwise_kernel,55.98,48.68,48.68,89.41,100,15.23,36.88
unrolled_elementwise_kernel,57.47,53.80,53.80,90.81,100,15.17,37.15
unrolled_elementwise_kernel,57.62,54.42,54.42,91.19,100,15.16,35.84
unrolled_elementwise_kernel,57.60,54.38,54.38,91.15,100,15.16,35.80
unrolled_elementwise_kernel,55.58,47.93,47.93,90.39,100,15.25,37.44
unrolled_elementwise_kernel,57.62,53.78,53.78,90.83,100,15.17,37.25
unrolled_elementwise_kernel,57.71,54.38,54.38,91.07,100,15.15,35.87
unrolled_elementwise_kernel,57.77,54.44,54.44,91.19,100,15.16,35.50
unrolled_elementwise_kernel,56.27,48.67,48.67,89.64,100,15.24,37.48
unrolled_elementwise_kernel,57.49,53.59,53.59,90.50,100,15.17,37.13
unrolled_elementwise_kernel,57.50,54.36,54.36,90.56,100,15.15,35.90
unrolled_elementwise_kernel,57.54,54.40,54.40,90.92,100,15.16,35.56
unrolled_elementwise_kernel,56.48,48.43,48.43,89.97,100,15.24,37.89
unrolled_elementwise_kernel,57.60,53.85,53.85,91.07,100,15.17,36.85
unrolled_elementwise_kernel,57.70,54.54,54.54,90.86,100,15.15,35.71
unrolled_elementwise_kernel,57.73,54.43,54.43,90.88,100,15.17,35.74
unrolled_elementwise_kernel,56.16,48.43,48.43,90.08,100,15.25,37.54
unrolled_elementwise_kernel,57.58,53.88,53.88,90.52,100,15.16,36.75
unrolled_elementwise_kernel,57.68,54.25,54.25,90.67,100,15.16,35.88
unrolled_elementwise_kernel,57.71,54.34,54.34,90.85,100,15.15,35.79
unrolled_elementwise_kernel,56.21,48.84,48.84,89.83,100,15.22,36.88
unrolled_elementwise_kernel,57.54,53.62,53.62,90.70,100,15.16,37.08
unrolled_elementwise_kernel,57.68,54.36,54.36,90.84,100,15.17,36.05
unrolled_elementwise_kernel,57.74,54.37,54.37,90.87,100,15.16,35.51
unrolled_elementwise_kernel,56.29,48.77,48.77,89.54,100,15.24,37.69
unrolled_elementwise_kernel,57.57,53.84,53.84,90.85,100,15.16,36.86
unrolled_elementwise_kernel,57.67,54.50,54.50,90.82,100,15.16,35.98
unrolled_elementwise_kernel,57.60,54.43,54.43,90.89,100,15.16,35.58
unrolled_elementwise_kernel,56.21,48.66,48.66,88.40,100,15.23,38.07
unrolled_elementwise_kernel,57.39,53.76,53.76,90.62,100,15.16,36.85
unrolled_elementwise_kernel,57.60,54.43,54.43,91.14,100,15.16,35.85
unrolled_elementwise_kernel,57.44,54.25,54.25,91.27,100,15.16,35.38
unrolled_elementwise_kernel,55.97,48.30,48.30,89.02,100,15.24,37.72
unrolled_elementwise_kernel,57.53,53.82,53.82,90.75,100,15.17,36.82
unrolled_elementwise_kernel,57.53,54.34,54.34,91.06,100,15.16,35.65
unrolled_elementwise_kernel,57.63,54.26,54.26,90.96,100,15.16,35.72
unrolled_elementwise_kernel,56.18,48.76,48.76,89.69,100,15.23,37.57
unrolled_elementwise_kernel,57.66,53.80,53.80,91.02,100,15.15,36.95
unrolled_elementwise_kernel,57.56,54.35,54.35,90.99,100,15.16,35.79
unrolled_elementwise_kernel,57.60,54.28,54.28,91.14,100,15.17,35.61
unrolled_elementwise_kernel,0.41,5.96,0.39,6.19,100,16.13,93.52
unrolled_elementwise_kernel,0.39,5.70,0.37,5.44,100,15.87,94.86
unrolled_elementwise_kernel,0.40,5.82,0.38,5.74,100,15.77,93.82
unrolled_elementwise_kernel,0.16,5.97,0.23,6.22,100,15.05,96.28
unrolled_elementwise_kernel,0.39,5.65,0.37,6.24,100,16.22,92.87
unrolled_elementwise_kernel,0.40,5.84,0.38,6.28,100,15.93,92.95
unrolled_elementwise_kernel,0.21,5.96,0.26,6.56,100,14.83,94.97
unrolled_elementwise_kernel,0.41,5.97,0.39,6.17,100,16.18,94.01
unrolled_elementwise_kernel,0.40,5.85,0.38,6.18,100,16.23,93.92
unrolled_elementwise_kernel,0.41,6.04,0.39,6.24,100,15.56,95.35
unrolled_elementwise_kernel,0.40,6.04,0.38,6.70,100,16.06,95.84
unrolled_elementwise_kernel,0.15,5.90,0.22,6.23,100,15.33,97.77
unrolled_elementwise_kernel,0.39,5.87,0.38,6.29,100,15.80,95.41
unrolled_elementwise_kernel,0.40,5.92,0.38,6.42,100,15.30,95.42
unrolled_elementwise_kernel,0.20,5.88,0.25,6.27,100,14.41,96.61
unrolled_elementwise_kernel,0.41,6.07,0.39,6.21,100,15.93,95.92
unrolled_elementwise_kernel,0.42,6.19,0.40,5.82,100,16.01,95.43
unrolled_elementwise_kernel,0.41,6.11,0.39,6.48,100,15.94,95.89
unrolled_elementwise_kernel,0.40,5.88,0.38,6.27,100,15.57,94.94
unrolled_elementwise_kernel,0.15,5.91,0.22,6.37,100,15.51,98.72
unrolled_elementwise_kernel,0.40,5.98,0.38,6.03,100,16.01,95.47
unrolled_elementwise_kernel,0.40,5.94,0.38,6.20,100,15.38,95.13
unrolled_elementwise_kernel,0.21,6.14,0.26,6.66,100,15.09,96.40
unrolled_elementwise_kernel,0.41,6.08,0.39,6.20,100,16.34,93.97
unrolled_elementwise_kernel,0.39,5.96,0.37,6.47,100,15.62,95.09
unrolled_elementwise_kernel,0.40,5.94,0.38,6.16,100,15.94,92.45
unrolled_elementwise_kernel,0.39,5.79,0.37,6.32,100,16.02,93.19
unrolled_elementwise_kernel,0.15,6.01,0.23,6.44,100,13.21,97.21
unrolled_elementwise_kernel,0.40,6.03,0.38,6.12,100,16.17,95.66
unrolled_elementwise_kernel,0.38,5.59,0.36,6.16,100,15.68,93.90
unrolled_elementwise_kernel,0.20,5.99,0.26,6.21,100,14.93,97.46
unrolled_elementwise_kernel,0.41,5.89,0.39,6.15,100,15.89,93.37
unrolled_elementwise_kernel,0.41,6.08,0.39,6.63,100,15.52,94.46
unrolled_elementwise_kernel,0.38,5.55,0.36,6.30,100,15.98,93.01
unrolled_elementwise_kernel,0.38,5.63,0.37,6.54,100,15.61,93.08
unrolled_elementwise_kernel,0.15,5.87,0.22,6.43,100,14.05,97.58
unrolled_elementwise_kernel,0.39,5.71,0.37,6.24,100,15.99,94.08
unrolled_elementwise_kernel,0.40,5.91,0.38,6.22,100,15.74,94.66
unrolled_elementwise_kernel,0.20,5.89,0.25,6.29,100,15.60,95.97
unrolled_elementwise_kernel,0.42,6.03,0.40,5.98,100,16.20,93.54
unrolled_elementwise_kernel,0.41,6.06,0.39,6.22,100,15.54,94.09
unrolled_elementwise_kernel,0.39,5.66,0.37,5.96,100,15.55,92.52
unrolled_elementwise_kernel,0.39,5.72,0.37,6.23,100,15.78,92.27
unrolled_elementwise_kernel,0.15,5.76,0.22,6.07,100,15.10,94.51
unrolled_elementwise_kernel,0.40,5.99,0.38,6.35,100,15.86,94.17
unrolled_elementwise_kernel,0.40,5.89,0.38,6.29,100,15.85,92.22
unrolled_elementwise_kernel,0.21,6.02,0.26,6.47,100,14.49,95.03
unrolled_elementwise_kernel,0.41,6.12,0.39,6.25,100,15.94,93.44
unrolled_elementwise_kernel,0.40,6.00,0.38,6.28,100,15.48,92.32
unrolled_elementwise_kernel,0.40,5.89,0.37,6.27,100,15.42,94.35
unrolled_elementwise_kernel,0.39,5.74,0.37,6.27,100,15.35,92.62
unrolled_elementwise_kernel,0.15,5.76,0.22,6.05,100,13.92,95.30
unrolled_elementwise_kernel,0.39,5.87,0.37,6.07,100,16.25,92.72
unrolled_elementwise_kernel,0.39,5.83,0.37,6.30,100,15.69,93.11
unrolled_elementwise_kernel,0.20,5.99,0.26,6.21,100,14.88,94.60
unrolled_elementwise_kernel,0.38,5.71,0.36,6.43,100,15.30,92.31
unrolled_elementwise_kernel,0.40,6.02,0.38,6.59,100,15.74,93.13
unrolled_elementwise_kernel,0.39,5.84,0.38,6.24,100,15.96,93.16
unrolled_elementwise_kernel,0.39,5.72,0.37,5.90,100,16.06,92.30
unrolled_elementwise_kernel,0.15,5.62,0.22,6.37,100,15.47,92.87
unrolled_elementwise_kernel,0.40,5.77,0.38,6.19,100,15.65,91.13
unrolled_elementwise_kernel,0.39,5.73,0.37,6.32,100,15.62,91.41
unrolled_elementwise_kernel,0.21,5.91,0.26,6.24,100,15.64,93.17
unrolled_elementwise_kernel,0.39,5.66,0.37,6.27,100,15.82,92.22
unrolled_elementwise_kernel,0.40,5.80,0.38,6.11,100,15.79,91.16
unrolled_elementwise_kernel,0.36,5.24,0.34,6.17,100,16.01,92.39
unrolled_elementwise_kernel,0.41,5.89,0.39,6.32,100,15.62,93.09
unrolled_elementwise_kernel,0.15,5.65,0.22,6.52,100,14.65,95.23
unrolled_elementwise_kernel,0.38,5.51,0.36,6.16,100,15.80,92.34
unrolled_elementwise_kernel,0.39,5.69,0.37,6.22,100,15.89,93.31
unrolled_elementwise_kernel,0.20,5.79,0.25,6.30,100,14.31,94.79
unrolled_elementwise_kernel,0.39,5.72,0.37,6.30,100,15.80,91.45
unrolled_elementwise_kernel,0.40,5.82,0.38,6.27,100,15.60,93.62
unrolled_elementwise_kernel,0.40,5.83,0.38,6.33,100,16.09,92.91
unrolled_elementwise_kernel,0.40,5.77,0.38,6.25,100,15.87,91.34
unrolled_elementwise_kernel,0.14,5.38,0.21,6.24,100,14.48,92.52
unrolled_elementwise_kernel,0.38,5.55,0.36,5.90,100,16.05,91.58
unrolled_elementwise_kernel,0.39,5.66,0.37,6.22,100,16.13,90.69
unrolled_elementwise_kernel,0.20,5.86,0.26,6.28,100,15.09,93.79
unrolled_elementwise_kernel,0.40,5.81,0.38,5.72,100,15.37,91.80
unrolled_elementwise_kernel,0.40,5.83,0.38,6.23,100,15.71,91.70
unrolled_elementwise_kernel,0.39,5.69,0.37,6.27,100,16.09,92.36
unrolled_elementwise_kernel,0.41,5.84,0.38,6.22,100,15.43,91.04
unrolled_elementwise_kernel,0.15,5.69,0.22,6.28,100,14.35,93.63
unrolled_elementwise_kernel,0.40,5.74,0.38,6.44,100,15.78,91.17
unrolled_elementwise_kernel,0.40,5.82,0.38,5.85,100,15.86,92.42
unrolled_elementwise_kernel,0.20,5.73,0.25,6.58,100,14.01,92.59
unrolled_elementwise_kernel,0.40,5.75,0.38,6.23,100,15.54,91.03
unrolled_elementwise_kernel,0.40,5.75,0.38,6.38,100,15.55,90.36
unrolled_elementwise_kernel,0.40,5.74,0.38,5.91,100,15.93,90.32
unrolled_elementwise_kernel,0.40,5.84,0.38,6.22,100,16.13,91.52
unrolled_elementwise_kernel,0.15,5.67,0.22,6.47,100,14.75,93.18
unrolled_elementwise_kernel,0.40,5.74,0.38,6.28,100,16.18,90.46
unrolled_elementwise_kernel,0.39,5.63,0.37,5.93,100,15.67,90.79
unrolled_elementwise_kernel,0.20,5.81,0.25,6.30,100,15.61,93.13
unrolled_elementwise_kernel,0.39,5.76,0.37,6.56,100,16.09,91.60
vectorized_elementwise_kernel,24.59,96.68,96.68,69.38,100,0,99.69
vectorized_elementwise_kernel,24.61,96.75,96.75,68.79,100,0,99.41
vectorized_elementwise_kernel,24.57,96.58,96.58,69.67,100,0,100.25
vectorized_elementwise_kernel,24.63,96.78,96.78,72.21,100,0,99.58
vectorized_elementwise_kernel,24.57,96.55,96.55,71.58,100,0,100.48
vectorized_elementwise_kernel,24.60,96.69,96.69,71.01,100,0,99.87
vectorized_elementwise_kernel,24.58,96.64,96.64,68.45,100,0,99.63
vectorized_elementwise_kernel,24.59,96.65,96.65,69.86,100,0,99.73
vectorized_elementwise_kernel,0.04,9.62,0.20,6.86,100,47.06,98.40
vectorized_elementwise_kernel,0.04,9.88,0.21,5.79,100,47.06,99.14
vectorized_elementwise_kernel,0.03,9.45,0.08,6.24,100,0,100.09
vectorized_elementwise_kernel,0.04,9.30,0.18,5.51,100,50,97.57
vectorized_elementwise_kernel,0.04,9.74,0.21,6.09,100,72.73,97.41
index_elementwise_kernel,83.48,14.10,7.05,69.37,75,72.75,99.45
elementwise_kernel,63.29,29.32,29.32,91.59,100,50.42,52.00
indexSelectLargeIndex,50.86,13.79,13.79,48.60,100,35.92,53.28
vectorized_elementwise_kernel,21.53,86.48,86.48,80.95,100,0,36.28
fused_dropout_kernel_vec,55.03,48.13,48.13,47.05,50,0,62.05
cuApplyLayerNorm,35.79,27.35,27.35,51.72,62.50,68.29,49.56
sm90_xmma_gemm_bf16bf16_bf16f32_f32_tn_n_tilesize128x128x64_warpgroupsize1x1x1_execute_segment_k_off_kernel__51_cublas,83.44,63.09,34.19,15.24,18.75,0,57.65
elementwise_kernel,69.64,23.12,21.34,87.37,100,46.46,53.03
elementwise_kernel,43.02,19.19,15.75,80.57,100,22.06,54.65
elementwise_kernel,43.63,19.76,15.97,84.37,100,22.04,56.20
sm90_xmma_gemm_bf16bf16_bf16f32_f32_tn_n_tilesize128x128x64_warpgroupsize1x1x1_execute_segment_k_off_kernel__51_cublas,32.48,52.56,46.84,17.76,18.75,0,92.76
scaled_upper_triang_masked_softmax_warp_forward,42.13,31.19,31.19,28.26,31.25,1.16,69.69
fused_dropout_kernel_vec,55.66,54.56,54.56,47.43,50,0,62.41
sm90_xmma_gemm_bf16bf16_bf16f32_f32_nn_n_tilesize128x128x64_warpgroupsize1x1x1_execute_segment_k_off_kernel__51_cublas,34.57,68.02,68.02,13.82,18.75,0,36.88
elementwise_kernel,50.90,18.27,14.60,81.80,100,22.36,54.25
sm90_xmma_gemm_bf16bf16_bf16f32_f32_tn_n_tilesize128x128x64_warpgroupsize1x1x1_execute_segment_k_off_kernel__51_cublas,79.80,63.62,18.07,17.45,18.75,0,84.14
kernel3,69.86,55.29,55.29,46.28,50,13.91,49.66
cuApplyLayerNorm,33.76,26.06,26.06,51.01,62.50,68.16,49.72
sm90_xmma_gemm_bf16bf16_bf16f32_f32_tn_n_tilesize128x256x64_warpgroupsize2x1x1_execute_segment_k_off_kernel__51_cublas,92.29,58.19,35.44,15.65,18.75,0,62.57
kernel4,74.27,40.22,40.22,86.73,100,28.33,53.37
sm90_xmma_gemm_bf16bf16_bf16f32_f32_tn_n_tilesize128x128x64_warpgroupsize1x1x1_execute_segment_k_off_kernel__51_cublas,86.60,66.02,34.55,17.41,18.75,0,68.38
kernel3,70.01,55.61,55.61,46.05,50,13.98,48.73
cuApplyLayerNorm,34.15,26.14,26.14,49.26,62.50,68.22,49.93
sm90_xmma_gemm_bf16bf16_bf16f32_f32_tn_n_tilesize128x128x64_warpgroupsize1x1x1_execute_segment_k_off_kernel__51_cublas,69.93,52.87,29.87,15.24,18.75,0,57.21
elementwise_kernel,69.58,23.96,21.55,88.13,100,46.44,55.29
elementwise_kernel,43.56,19.93,15.95,81.63,100,22.02,56.66
elementwise_kernel,44.13,21.28,16.18,85.60,100,21.97,60.08
sm90_xmma_gemm_bf16bf16_bf16f32_f32_tn_n_tilesize128x128x64_warpgroupsize1x1x1_execute_segment_k_off_kernel__51_cublas,32.96,53.48,47.70,17.77,18.75,0,93.14
scaled_upper_triang_masked_softmax_warp_forward,42.25,31.36,31.36,28.20,31.25,1.16,69.95
fused_dropout_kernel_vec,55.57,54.56,54.56,47.56,50,0,62.15
sm90_xmma_gemm_bf16bf16_bf16f32_f32_nn_n_tilesize128x128x64_warpgroupsize1x1x1_execute_segment_k_off_kernel__51_cublas,33.60,66.12,66.12,13.43,18.75,0,38.02
elementwise_kernel,51.72,18.87,14.84,81.40,100,22.37,54.84
sm90_xmma_gemm_bf16bf16_bf16f32_f32_tn_n_tilesize128x128x64_warpgroupsize1x1x1_execute_segment_k_off_kernel__51_cublas,80.00,63.78,18.06,17.50,18.75,0,84.20
kernel3,69.82,54.79,54.79,46.13,50,14.22,49.86
cuApplyLayerNorm,35.39,27.23,27.23,49.42,62.50,68.25,50.10
sm90_xmma_gemm_bf16bf16_bf16f32_f32_tn_n_tilesize128x256x64_warpgroupsize2x1x1_execute_segment_k_off_kernel__51_cublas,68.93,43.46,27.67,15.65,18.75,0,60.99
kernel4,74.23,40.33,40.33,86.47,100,28.44,53.96
sm90_xmma_gemm_bf16bf16_bf16f32_f32_tn_n_tilesize128x128x64_warpgroupsize1x1x1_execute_segment_k_off_kernel__51_cublas,86.85,66.20,35.51,17.42,18.75,0,65.34
kernel3,69.84,55.08,55.08,45.91,50,13.95,48.21
cuApplyLayerNorm,35.93,27.65,27.65,49.60,62.50,68.23,49.70
sm90_xmma_gemm_bf16bf16_bf16f32_f32_tn_n_tilesize128x128x64_warpgroupsize1x1x1_execute_segment_k_off_kernel__51_cublas,69.92,52.87,30.30,15.24,18.75,0,57.65
elementwise_kernel,68.90,22.83,21.39,88.53,100,46.41,52.63
elementwise_kernel,44.22,20.24,16.19,83.62,100,21.99,56.27
elementwise_kernel,43.58,19.76,15.97,81.63,100,22.05,55.76
sm90_xmma_gemm_bf16bf16_bf16f32_f32_tn_n_tilesize128x128x64_warpgroupsize1x1x1_execute_segment_k_off_kernel__51_cublas,32.65,51.69,45.85,17.86,18.75,0,92.27
scaled_upper_triang_masked_softmax_warp_forward,42.17,31.28,31.28,28.12,31.25,1.16,69.43
fused_dropout_kernel_vec,55.07,54.21,54.21,47.51,50,0,62.34
sm90_xmma_gemm_bf16bf16_bf16f32_f32_nn_n_tilesize128x128x64_warpgroupsize1x1x1_execute_segment_k_off_kernel__51_cublas,34.47,67.62,67.62,13.47,18.75,0,37.41
elementwise_kernel,50.94,18.56,14.60,82.18,100,22.38,55.63
sm90_xmma_gemm_bf16bf16_bf16f32_f32_tn_n_tilesize128x128x64_warpgroupsize1x1x1_execute_segment_k_off_kernel__51_cublas,80.07,63.82,18.31,17.43,18.75,0,84.21
kernel3,70.03,55.28,55.28,46.17,50,13.92,50.09
cuApplyLayerNorm,34.40,26.40,26.40,50.63,62.50,68.32,50.17
sm90_xmma_gemm_bf16bf16_bf16f32_f32_tn_n_tilesize128x256x64_warpgroupsize2x1x1_execute_segment_k_off_kernel__51_cublas,92.25,58.16,35.25,15.64,18.75,0,64.92
kernel4,73.53,39.99,39.99,86.77,100,28.31,52.82
sm90_xmma_gemm_bf16bf16_bf16f32_f32_tn_n_tilesize128x128x64_warpgroupsize1x1x1_execute_segment_k_off_kernel__51_cublas,86.64,66.04,34.53,17.42,18.75,0,63.60
kernel3,69.85,54.60,54.60,46.06,50,13.53,48.70
cuApplyLayerNorm,34.57,26.61,26.61,47.75,62.50,68.36,49.84
sm90_xmma_gemm_bf16bf16_bf16f32_f32_tn_n_tilesize128x128x64_warpgroupsize1x1x1_execute_segment_k_off_kernel__51_cublas,83.93,63.45,34.32,15.23,18.75,0,57.60
elementwise_kernel,69.37,23.01,21.58,88.49,100,46.50,53.06
elementwise_kernel,42.81,19.51,15.68,80.52,100,22.06,56.00
elementwise_kernel,43.55,19.91,15.94,80.54,100,21.99,55.46
sm90_xmma_gemm_bf16bf16_bf16f32_f32_tn_n_tilesize128x128x64_warpgroupsize1x1x1_execute_segment_k_off_kernel__51_cublas,32.90,52.46,46.91,17.83,18.75,0,92.62
scaled_upper_triang_masked_softmax_warp_forward,42.06,31.21,31.21,28.26,31.25,1.16,69.69
fused_dropout_kernel_vec,55.44,54.73,54.73,47.44,50,0,62.79
sm90_xmma_gemm_bf16bf16_bf16f32_f32_nn_n_tilesize128x128x64_warpgroupsize1x1x1_execute_segment_k_off_kernel__51_cublas,34.51,67.74,67.74,13.92,18.75,0,37.54
elementwise_kernel,50.51,18.34,14.47,82.20,100,22.32,54.61
sm90_xmma_gemm_bf16bf16_bf16f32_f32_tn_n_tilesize128x128x64_warpgroupsize1x1x1_execute_segment_k_off_kernel__51_cublas,80.17,63.88,18.08,17.47,18.75,0,84.32
kernel3,70.09,54.79,54.79,46.07,50,13.94,49.93
cuApplyLayerNorm,34.76,26.69,26.69,51.36,62.50,68.15,49.98
sm90_xmma_gemm_bf16bf16_bf16f32_f32_tn_n_tilesize128x256x64_warpgroupsize2x1x1_execute_segment_k_off_kernel__51_cublas,92.41,58.26,35.48,15.65,18.75,0,64.00
kernel4,74.77,40.16,40.16,86.20,100,28.28,52.86
sm90_xmma_gemm_bf16bf16_bf16f32_f32_tn_n_tilesize128x128x64_warpgroupsize1x1x1_execute_segment_k_off_kernel__51_cublas,86.66,66.05,34.79,17.42,18.75,0,73.26
kernel3,70.18,55.72,55.72,46.29,50,13.98,48.44
cuApplyLayerNorm,35.77,27.45,27.45,50.36,62.50,68.23,49.47
sm90_xmma_gemm_bf16bf16_bf16f32_f32_tn_n_tilesize128x128x64_warpgroupsize1x1x1_execute_segment_k_off_kernel__51_cublas,83.89,63.43,34.20,15.24,18.75,0,58.05
elementwise_kernel,69.22,23.33,21.39,87.56,100,46.47,53.22
elementwise_kernel,43.91,19.84,16.14,82.44,100,21.83,55.02
elementwise_kernel,43.29,19.79,15.94,84.52,100,22.03,56.16
sm90_xmma_gemm_bf16bf16_bf16f32_f32_tn_n_tilesize128x128x64_warpgroupsize1x1x1_execute_segment_k_off_kernel__51_cublas,32.51,52.24,46.55,17.78,18.75,0,92.13
scaled_upper_triang_masked_softmax_warp_forward,41.95,30.99,30.99,28.46,31.25,1.16,69.26
fused_dropout_kernel_vec,55.55,54.58,54.58,47.48,50,0,62.44
sm90_xmma_gemm_bf16bf16_bf16f32_f32_nn_n_tilesize128x128x64_warpgroupsize1x1x1_execute_segment_k_off_kernel__51_cublas,33.85,66.69,66.69,13.78,18.75,0,37.82
elementwise_kernel,51.74,18.94,14.81,81.65,100,22.33,55.24
sm90_xmma_gemm_bf16bf16_bf16f32_f32_tn_n_tilesize128x128x64_warpgroupsize1x1x1_execute_segment_k_off_kernel__51_cublas,79.81,63.61,18.03,17.44,18.75,0,84.58
kernel3,69.73,54.72,54.72,46.12,50,14.16,50.06
cuApplyLayerNorm,34.62,26.71,26.71,50.14,62.50,68.24,49.20
sm90_xmma_gemm_bf16bf16_bf16f32_f32_tn_n_tilesize128x256x64_warpgroupsize2x1x1_execute_segment_k_off_kernel__51_cublas,92.32,58.20,35.31,15.65,18.75,0,64.33
kernel4,74.51,40.68,40.68,86.36,100,28.24,53.83
sm90_xmma_gemm_bf16bf16_bf16f32_f32_tn_n_tilesize128x128x64_warpgroupsize1x1x1_execute_segment_k_off_kernel__51_cublas,86.60,66.01,34.22,17.43,18.75,0,65.73
kernel3,70.14,54.69,54.69,46.25,50,13.97,48.33
cuApplyLayerNorm,33.95,25.81,25.81,48.28,62.50,68.33,49.59
sm90_xmma_gemm_bf16bf16_bf16f32_f32_tn_n_tilesize128x128x64_warpgroupsize1x1x1_execute_segment_k_off_kernel__51_cublas,69.74,52.73,30.13,15.25,18.75,0,57.73
elementwise_kernel,69.52,23.01,21.47,87.65,100,46.42,52.63
elementwise_kernel,43.16,19.38,15.80,82.01,100,22.06,55.23
elementwise_kernel,43.19,19.22,15.80,84.72,100,22.02,54.75
sm90_xmma_gemm_bf16bf16_bf16f32_f32_tn_n_tilesize128x128x64_warpgroupsize1x1x1_execute_segment_k_off_kernel__51_cublas,33.01,53.04,47.10,17.77,18.75,0,92.13
scaled_upper_triang_masked_softmax_warp_forward,42.24,31.33,31.33,28.17,31.25,1.16,69.86
fused_dropout_kernel_vec,55.33,54.39,54.39,47.59,50,0,62.45
sm90_xmma_gemm_bf16bf16_bf16f32_f32_nn_n_tilesize128x128x64_warpgroupsize1x1x1_execute_segment_k_off_kernel__51_cublas,34.36,67.79,67.79,13.68,18.75,0,36.81
elementwise_kernel,49.55,17.90,14.21,79.32,100,22.31,54.50
sm90_xmma_gemm_bf16bf16_bf16f32_f32_tn_n_tilesize128x128x64_warpgroupsize1x1x1_execute_segment_k_off_kernel__51_cublas,79.82,63.64,17.93,17.47,18.75,0,84.40
kernel3,70.07,55.19,55.19,46.03,50,14.16,50.00
cuApplyLayerNorm,35.52,27.05,27.05,49.41,62.50,68.29,49.46
sm90_xmma_gemm_bf16bf16_bf16f32_f32_tn_n_tilesize128x256x64_warpgroupsize2x1x1_execute_segment_k_off_kernel__51_cublas,92.36,58.23,35.43,15.65,18.75,0,65.55
kernel4,74.47,40.23,40.23,86.76,100,28.34,52.97
sm90_xmma_gemm_bf16bf16_bf16f32_f32_tn_n_tilesize128x128x64_warpgroupsize1x1x1_execute_segment_k_off_kernel__51_cublas,86.69,66.08,34.66,17.42,18.75,0,61.67
kernel3,70.05,54.73,54.73,46.11,50,13.58,48.01
cuApplyLayerNorm,33.90,25.97,25.97,48.96,62.50,68.40,49.23
sm90_xmma_gemm_bf16bf16_bf16f32_f32_tn_n_tilesize128x128x64_warpgroupsize1x1x1_execute_segment_k_off_kernel__51_cublas,69.96,52.90,30.25,15.25,18.75,0,57.82
elementwise_kernel,69.55,23.37,21.47,88.89,100,46.47,53.14
elementwise_kernel,43.80,19.57,16.02,80.96,100,22.05,54.76
elementwise_kernel,43.16,19.30,15.83,81.83,100,22.00,54.98
sm90_xmma_gemm_bf16bf16_bf16f32_f32_tn_n_tilesize128x128x64_warpgroupsize1x1x1_execute_segment_k_off_kernel__51_cublas,33.15,52.83,47.48,17.73,18.75,0,92.41
scaled_upper_triang_masked_softmax_warp_forward,42.06,31.17,31.17,28.37,31.25,1.16,69.74
fused_dropout_kernel_vec,55.40,54.69,54.69,47.63,50,0,62.43
sm90_xmma_gemm_bf16bf16_bf16f32_f32_nn_n_tilesize128x128x64_warpgroupsize1x1x1_execute_segment_k_off_kernel__51_cublas,34.43,67.18,67.18,13.73,18.75,0,37.65
elementwise_kernel,50.12,18.15,14.38,81.76,100,22.40,54.30
sm90_xmma_gemm_bf16bf16_bf16f32_f32_tn_n_tilesize128x128x64_warpgroupsize1x1x1_execute_segment_k_off_kernel__51_cublas,79.98,63.75,18.19,17.48,18.75,0,84.41
kernel3,70.14,55.41,55.41,46.43,50,13.78,50.19
cuApplyLayerNorm,34.56,26.61,26.61,49.87,62.50,68.25,49.46
sm90_xmma_gemm_bf16bf16_bf16f32_f32_tn_n_tilesize128x256x64_warpgroupsize2x1x1_execute_segment_k_off_kernel__51_cublas,92.10,58.07,35.05,15.65,18.75,0,61.73
kernel4,74.63,40.61,40.61,88.75,100,28.33,53.40
sm90_xmma_gemm_bf16bf16_bf16f32_f32_tn_n_tilesize128x128x64_warpgroupsize1x1x1_execute_segment_k_off_kernel__51_cublas,86.79,66.16,35.30,17.42,18.75,0,63.35
kernel3,70.32,55.29,55.29,46.44,50,14.02,48.38
cuApplyLayerNorm,36.18,27.82,27.82,50.31,62.50,68.30,48.20
sm90_xmma_gemm_bf16bf16_bf16f32_f32_tn_n_tilesize128x128x64_warpgroupsize1x1x1_execute_segment_k_off_kernel__51_cublas,84.01,63.52,34.38,15.23,18.75,0,57.61
elementwise_kernel,69.42,23.36,21.54,87.90,100,46.45,53.01
elementwise_kernel,43.22,19.90,15.85,84.42,100,22.03,54.85
elementwise_kernel,43.73,20.44,16.00,81.85,100,21.90,56.63
sm90_xmma_gemm_bf16bf16_bf16f32_f32_tn_n_tilesize128x128x64_warpgroupsize1x1x1_execute_segment_k_off_kernel__51_cublas,32.73,52.45,46.84,17.80,18.75,0,93.11
scaled_upper_triang_masked_softmax_warp_forward,42.02,31.16,31.16,28.08,31.25,1.16,69.87
fused_dropout_kernel_vec,55.18,54.39,54.39,47.43,50,0,62.36
sm90_xmma_gemm_bf16bf16_bf16f32_f32_nn_n_tilesize128x128x64_warpgroupsize1x1x1_execute_segment_k_off_kernel__51_cublas,34.69,68.10,68.10,13.61,18.75,0,37.67
elementwise_kernel,50.65,18.25,14.38,81.72,100,22.40,54.43
sm90_xmma_gemm_bf16bf16_bf16f32_f32_tn_n_tilesize128x128x64_warpgroupsize1x1x1_execute_segment_k_off_kernel__51_cublas,80.03,63.80,18.18,17.43,18.75,0,84.14
kernel3,70.32,55.30,55.30,46.05,50,14.05,49.70
cuApplyLayerNorm,34.61,26.71,26.71,49.38,62.50,68.25,49.53
sm90_xmma_gemm_bf16bf16_bf16f32_f32_tn_n_tilesize128x256x64_warpgroupsize2x1x1_execute_segment_k_off_kernel__51_cublas,92.08,58.05,35.08,15.64,18.75,0,64.06
kernel4,74.63,40.10,40.10,87.15,100,28.36,53.28
sm90_xmma_gemm_bf16bf16_bf16f32_f32_tn_n_tilesize128x128x64_warpgroupsize1x1x1_execute_segment_k_off_kernel__51_cublas,86.59,66.01,34.16,17.44,18.75,0,66.58
kernel3,70.45,55.50,55.50,46.27,50,13.69,48.02
cuApplyLayerNorm,34.63,26.61,26.61,50.35,62.50,68.20,49.41
sm90_xmma_gemm_bf16bf16_bf16f32_f32_tn_n_tilesize128x128x64_warpgroupsize1x1x1_execute_segment_k_off_kernel__51_cublas,83.82,63.38,34.27,15.24,18.75,0,57.17
elementwise_kernel,69.19,23.20,21.23,86.96,100,46.42,53.64
elementwise_kernel,43.97,19.88,16.11,82.59,100,22.11,55.27
elementwise_kernel,43.23,19.83,15.85,82.11,100,22.00,55.78
sm90_xmma_gemm_bf16bf16_bf16f32_f32_tn_n_tilesize128x128x64_warpgroupsize1x1x1_execute_segment_k_off_kernel__51_cublas,33.05,53.42,47.43,17.79,18.75,0,93.20
scaled_upper_triang_masked_softmax_warp_forward,42.21,31.29,31.29,28.34,31.25,1.16,69.59
fused_dropout_kernel_vec,55.41,54.33,54.33,47.54,50,0,62.47
sm90_xmma_gemm_bf16bf16_bf16f32_f32_nn_n_tilesize128x128x64_warpgroupsize1x1x1_execute_segment_k_off_kernel__51_cublas,34.54,67.55,67.55,13.20,18.75,0,37.83
elementwise_kernel,51.05,18.48,14.65,80.58,100,22.39,54.39
sm90_xmma_gemm_bf16bf16_bf16f32_f32_tn_n_tilesize128x128x64_warpgroupsize1x1x1_execute_segment_k_off_kernel__51_cublas,79.73,63.58,18.05,17.47,18.75,0,84.28
kernel3,70.25,55.45,55.45,46.23,50,13.60,50.05
cuApplyLayerNorm,34.33,26.33,26.33,48.88,62.50,68.32,49.95
sm90_xmma_gemm_bf16bf16_bf16f32_f32_tn_n_tilesize128x256x64_warpgroupsize2x1x1_execute_segment_k_off_kernel__51_cublas,92.03,58.02,35.06,15.65,18.75,0,62.17
kernel4,74.26,39.85,39.85,87.00,100,28.41,53.24
sm90_xmma_gemm_bf16bf16_bf16f32_f32_tn_n_tilesize128x128x64_warpgroupsize1x1x1_execute_segment_k_off_kernel__51_cublas,86.63,66.04,34.85,17.42,18.75,0,70.51
kernel3,70.17,55.72,55.72,46.00,50,13.51,48.37
cuApplyLayerNorm,34.10,26.28,26.28,48.11,62.50,68.41,49.16
sm90_xmma_gemm_bf16bf16_bf16f32_f32_tn_n_tilesize128x128x64_warpgroupsize1x1x1_execute_segment_k_off_kernel__51_cublas,69.76,52.75,30.48,15.24,18.75,0,58.03
elementwise_kernel,68.82,23.17,21.30,88.31,100,46.48,53.19
elementwise_kernel,42.50,19.18,15.57,82.00,100,22.00,55.55
elementwise_kernel,43.81,19.89,16.03,81.96,100,21.99,56.53
sm90_xmma_gemm_bf16bf16_bf16f32_f32_tn_n_tilesize128x128x64_warpgroupsize1x1x1_execute_segment_k_off_kernel__51_cublas,33.02,53.18,47.30,17.77,18.75,0,91.97
scaled_upper_triang_masked_softmax_warp_forward,42.02,31.12,31.12,28.33,31.25,1.16,70.53
fused_dropout_kernel_vec,55.20,54.17,54.17,47.61,50,0,62.43
sm90_xmma_gemm_bf16bf16_bf16f32_f32_nn_n_tilesize128x128x64_warpgroupsize1x1x1_execute_segment_k_off_kernel__51_cublas,34.48,67.34,67.34,13.84,18.75,0,37.60
elementwise_kernel,51.44,19.03,14.74,81.34,100,22.41,55.69
sm90_xmma_gemm_bf16bf16_bf16f32_f32_tn_n_tilesize128x128x64_warpgroupsize1x1x1_execute_segment_k_off_kernel__51_cublas,79.69,63.52,18.00,17.46,18.75,0,84.37
kernel3,70.40,55.13,55.13,46.24,50,13.77,49.61
cuApplyLayerNorm,34.97,26.83,26.83,50.22,62.50,68.28,50.20
sm90_xmma_gemm_bf16bf16_bf16f32_f32_tn_n_tilesize128x256x64_warpgroupsize2x1x1_execute_segment_k_off_kernel__51_cublas,92.21,58.13,35.23,15.65,18.75,0,61.58
kernel4,73.98,40.15,40.15,87.14,100,28.34,53.26
sm90_xmma_gemm_bf16bf16_bf16f32_f32_tn_n_tilesize128x128x64_warpgroupsize1x1x1_execute_segment_k_off_kernel__51_cublas,86.69,66.09,34.95,17.42,18.75,0,75.40
kernel3,70.01,54.80,54.80,46.16,50,13.77,47.83
cuApplyLayerNorm,34.14,26.22,26.22,48.37,62.50,68.28,48.88
sm90_xmma_gemm_bf16bf16_bf16f32_f32_tn_n_tilesize128x128x64_warpgroupsize1x1x1_execute_segment_k_off_kernel__51_cublas,69.69,52.69,30.30,15.25,18.75,0,57.64
elementwise_kernel,68.49,23.57,21.34,87.35,100,46.42,53.25
elementwise_kernel,43.11,19.60,15.79,84.58,100,22.06,56.12
elementwise_kernel,43.43,20.86,15.89,81.40,100,22.06,57.03
sm90_xmma_gemm_bf16bf16_bf16f32_f32_tn_n_tilesize128x128x64_warpgroupsize1x1x1_execute_segment_k_off_kernel__51_cublas,32.66,52.08,46.56,17.76,18.75,0,93.56
scaled_upper_triang_masked_softmax_warp_forward,42.08,31.18,31.18,28.36,31.25,1.16,69.97
fused_dropout_kernel_vec,55.54,55.00,55.00,47.50,50,0,62.27
sm90_xmma_gemm_bf16bf16_bf16f32_f32_nn_n_tilesize128x128x64_warpgroupsize1x1x1_execute_segment_k_off_kernel__51_cublas,34.42,67.41,67.41,13.97,18.75,0,37.91
elementwise_kernel,51.00,18.93,14.63,81.65,100,22.47,56.17
sm90_xmma_gemm_bf16bf16_bf16f32_f32_tn_n_tilesize128x128x64_warpgroupsize1x1x1_execute_segment_k_off_kernel__51_cublas,80.08,63.85,18.30,17.49,18.75,0,84.17
kernel3,70.50,55.38,55.38,46.12,50,14.20,49.78
cuApplyLayerNorm,33.39,25.69,25.69,49.41,62.50,68.29,49.53
sm90_xmma_gemm_bf16bf16_bf16f32_f32_tn_n_tilesize128x256x64_warpgroupsize2x1x1_execute_segment_k_off_kernel__51_cublas,92.15,58.10,35.02,15.65,18.75,0,61.60
kernel4,73.91,39.69,39.69,86.20,100,28.26,53.16
sm90_xmma_gemm_bf16bf16_bf16f32_f32_tn_n_tilesize128x128x64_warpgroupsize1x1x1_execute_segment_k_off_kernel__51_cublas,86.59,66.01,34.70,17.43,18.75,0,64.13
kernel3,69.94,54.69,54.69,46.11,50,13.94,47.58
cuApplyLayerNorm,36.30,27.81,27.81,49.85,62.50,68.28,49.14
sm90_xmma_gemm_bf16bf16_bf16f32_f32_tn_n_tilesize128x128x64_warpgroupsize1x1x1_execute_segment_k_off_kernel__51_cublas,83.96,63.48,34.42,15.25,18.75,0,57.31
elementwise_kernel,69.13,23.00,21.57,88.49,100,46.47,52.78
elementwise_kernel,43.87,19.67,16.06,81.43,100,21.98,56.07
elementwise_kernel,43.45,20.15,15.93,82.31,100,22.04,59.06
sm90_xmma_gemm_bf16bf16_bf16f32_f32_tn_n_tilesize128x128x64_warpgroupsize1x1x1_execute_segment_k_off_kernel__51_cublas,32.75,52.17,46.32,17.77,18.75,0,94.08
scaled_upper_triang_masked_softmax_warp_forward,42.29,31.32,31.32,28.33,31.25,1.16,69.31
fused_dropout_kernel_vec,55.35,54.59,54.59,47.57,50,0,62.15
sm90_xmma_gemm_bf16bf16_bf16f32_f32_nn_n_tilesize128x128x64_warpgroupsize1x1x1_execute_segment_k_off_kernel__51_cublas,33.52,66.07,66.07,13.55,18.75,0,38.36
elementwise_kernel,51.29,18.24,14.59,82.01,100,22.40,54.30
sm90_xmma_gemm_bf16bf16_bf16f32_f32_tn_n_tilesize128x128x64_warpgroupsize1x1x1_execute_segment_k_off_kernel__51_cublas,80.11,63.89,18.19,17.45,18.75,0,84.17
kernel3,70.39,55.40,55.40,46.43,50,14.13,49.55
cuApplyLayerNorm,34.75,26.68,26.68,50.56,62.50,68.37,50.03
sm90_xmma_gemm_bf16bf16_bf16f32_f32_tn_n_tilesize128x256x64_warpgroupsize2x1x1_execute_segment_k_off_kernel__51_cublas,92.42,58.26,35.38,15.64,18.75,0,61.13
kernel4,74.61,39.85,39.85,87.20,100,28.30,53.33
sm90_xmma_gemm_bf16bf16_bf16f32_f32_tn_n_tilesize128x128x64_warpgroupsize1x1x1_execute_segment_k_off_kernel__51_cublas,86.53,65.96,34.29,17.41,18.75,0,75.26
kernel3,70.19,55.19,55.19,46.16,50,13.73,48.14
distribution_elementwise_grid_stride_kernel,73.28,15.75,10.88,56.70,75,45.81,100.61
vectorized_elementwise_kernel,21.93,65.89,65.89,60.31,100,49.24,51.66
vectorized_elementwise_kernel,0.01,11.50,0.04,6.15,100,0,99.55
kernel5,31.13,58.45,58.45,45.57,56.25,11.51,50.18
unrolled_elementwise_kernel,0.54,5.57,0.51,6.22,100,40,88.76
sm90_xmma_gemm_bf16bf16_bf16f32_f32_nn_n_tilesize128x256x64_warpgroupsize2x1x1_execute_segment_k_off_kernel__51_cublas,68.59,43.25,28.48,15.66,18.75,72.12,61.10
sm90_xmma_gemm_bf16f32_bf16f32_f32_nt_n_tilesize128x128x64_warpgroupsize1x1x1_execute_segment_k_off_kernel__51_cublas,67.87,61.56,50.24,18.39,18.75,0,59.66
reduce_kernel,8.53,72.63,72.63,91.43,100,0.00,3.65
vectorized_elementwise_kernel,0.01,9.57,0.04,5.08,100,33.33,98.40
vectorized_elementwise_kernel,11.61,88.43,88.43,83.28,100,43.11,51.02
kernel6,73.30,64.88,64.88,83.37,100,21.14,37.87
reduce_kernel,19.65,31.63,31.63,49.00,56.25,13.57,17.69
unrolled_elementwise_kernel,0.27,5.43,0.33,6.08,100,40,93.17
sm90_xmma_gemm_bf16bf16_bf16f32_f32_nn_n_tilesize128x128x64_warpgroupsize1x1x1_execute_segment_k_off_kernel__51_cublas,86.52,65.97,34.30,17.41,18.75,0,68.13
sm90_xmma_gemm_bf16f32_bf16f32_f32_nt_n_tilesize128x128x64_warpgroupsize1x1x1_execute_segment_k_off_kernel__51_cublas,66.13,60.12,49.43,18.29,18.75,0,59.73
reduce_kernel,8.65,72.24,72.24,93.05,100,0.00,3.57
vectorized_elementwise_kernel,0.01,9.29,0.04,4.69,100,33.33,99.31
vectorized_elementwise_kernel,11.60,88.21,88.21,83.30,100,42.99,50.93
cuComputePartGradGammaBeta,56.01,84.95,46.38,57.52,62.50,76.97,12.10
cuComputeGradGammaBeta,12.48,9.33,9.33,37.84,50,0,39.68
cuComputeGradInput,30.86,44.83,44.83,48.12,56.25,70.32,25.69
vectorized_elementwise_kernel,21.49,86.11,86.11,81.29,100,0,35.71
unrolled_elementwise_kernel,0.55,5.54,0.51,6.39,100,40,89.88
unrolled_elementwise_kernel,0.55,5.55,0.51,6.32,100,40,89.75
vectorized_elementwise_kernel,0.01,11.05,0.03,6.23,100,0,99.97
kernel5,31.19,58.80,58.80,44.45,56.25,11.49,49.79
unrolled_elementwise_kernel,0.54,5.65,0.50,6.34,100,40,89.59
sm90_xmma_gemm_bf16bf16_bf16f32_f32_nn_n_tilesize128x256x64_warpgroupsize2x1x1_execute_segment_k_off_kernel__51_cublas,65.74,42.95,16.93,15.65,18.75,0,74.36
sm90_xmma_gemm_bf16f32_bf16f32_f32_nt_n_tilesize128x128x64_warpgroupsize1x1x1_execute_segment_k_off_kernel__51_cublas,66.62,60.51,36.82,17.62,18.75,0,69.60
sm90_xmma_gemm_bf16bf16_bf16f32_f32_nt_n_tilesize128x128x64_warpgroupsize1x1x1_execute_segment_k_off_kernel__51_cublas,33.78,66.77,66.77,13.67,18.75,0,38.94
sm90_xmma_gemm_bf16bf16_bf16f32_f32_tn_n_tilesize128x128x64_warpgroupsize1x1x1_execute_segment_k_off_kernel__51_cublas,33.16,54.00,47.85,17.79,18.75,0,92.07
vectorized_elementwise_kernel,30.72,87.76,87.76,81.30,100,0,43.31
scaled_upper_triang_masked_softmax_warp_backward,18.18,46.79,46.79,16.59,18.75,22.27,50.87
sm90_xmma_gemm_bf16bf16_bf16f32_f32_nn_n_tilesize128x128x64_warpgroupsize1x1x1_execute_segment_k_off_kernel__51_cublas,33.67,66.54,66.54,13.72,18.75,0,36.35
vectorized_elementwise_kernel,14.72,28.28,27.23,62.87,100,0,54.00
sm90_xmma_gemm_bf16bf16_bf16f32_f32_nt_n_tilesize128x128x64_warpgroupsize1x1x1_execute_segment_k_off_kernel__51_cublas,34.88,68.80,68.80,13.98,18.75,0,38.33
vectorized_elementwise_kernel,14.68,28.44,27.26,59.77,100,0,53.81
CatArrayBatchedCopy,67.22,48.28,13.41,80.10,100,6.28,79.93
sm90_xmma_gemm_bf16bf16_bf16f32_f32_nn_n_tilesize128x128x64_warpgroupsize1x1x1_execute_segment_k_off_kernel__51_cublas,85.76,65.71,28.09,17.43,18.75,0,68.77
sm90_xmma_gemm_bf16f32_bf16f32_f32_nt_n_tilesize128x128x64_warpgroupsize1x1x1_execute_segment_k_off_kernel__51_cublas,67.58,61.43,46.80,18.40,18.75,0,62.52
reduce_kernel,19.00,30.36,30.36,52.76,56.25,13.25,17.32
unrolled_elementwise_kernel,0.21,5.50,0.29,6.18,100,40.00,93.77
reduce_kernel,10.63,85.71,85.71,98.36,100,0,5.43
vectorized_elementwise_kernel,0.01,9.26,0.04,4.58,100,33.33,99.10
vectorized_elementwise_kernel,11.72,87.74,87.74,84.06,100,43.25,51.65
cuComputePartGradGammaBeta,55.98,84.85,46.73,57.72,62.50,76.97,11.63
cuComputeGradGammaBeta,12.19,9.18,9.12,31.82,50,0,40.49
cuComputeGradInput,30.58,44.37,44.37,48.11,56.25,70.34,26.40
vectorized_elementwise_kernel,21.66,84.81,84.81,83.05,100,31.12,35.12
unrolled_elementwise_kernel,0.55,5.68,0.51,6.53,100,40,91.84
unrolled_elementwise_kernel,0.56,5.67,0.52,6.08,100,40,90.51
vectorized_elementwise_kernel,0.01,11.43,0.03,6.17,100,0,100.53
kernel5,31.47,59.85,59.85,44.67,56.25,11.49,51.74
unrolled_elementwise_kernel,0.54,5.50,0.50,6.20,100,40,88.63
sm90_xmma_gemm_bf16bf16_bf16f32_f32_nn_n_tilesize128x256x64_warpgroupsize2x1x1_execute_segment_k_off_kernel__51_cublas,92.11,58.08,35.23,15.65,18.75,72.12,63.01
sm90_xmma_gemm_bf16f32_bf16f32_f32_nt_n_tilesize128x128x64_warpgroupsize1x1x1_execute_segment_k_off_kernel__51_cublas,67.66,61.38,50.13,18.21,18.75,0,60.27
reduce_kernel,10.00,84.52,84.52,85.64,100,0.00,3.35
vectorized_elementwise_kernel,0.01,9.73,0.05,5.15,100,33.33,101.00
vectorized_elementwise_kernel,11.54,88.77,88.77,84.09,100,42.96,51.19
kernel6,72.30,64.88,64.88,86.56,100,21.26,37.79
reduce_kernel,19.68,31.69,31.69,48.52,56.25,13.57,18.26
unrolled_elementwise_kernel,0.27,5.55,0.32,6.46,100,40,95.11
sm90_xmma_gemm_bf16bf16_bf16f32_f32_nn_n_tilesize128x128x64_warpgroupsize1x1x1_execute_segment_k_off_kernel__51_cublas,86.64,66.05,33.95,17.42,18.75,0,68.09
sm90_xmma_gemm_bf16f32_bf16f32_f32_nt_n_tilesize128x128x64_warpgroupsize1x1x1_execute_segment_k_off_kernel__51_cublas,66.42,60.38,49.19,18.26,18.75,0,59.87
reduce_kernel,8.57,72.93,72.93,93.45,100,0.00,3.65
vectorized_elementwise_kernel,0.01,9.85,0.04,5.75,100,33.33,100.37
vectorized_elementwise_kernel,11.58,88.13,88.13,84.01,100,43.04,50.93
cuComputePartGradGammaBeta,55.97,84.88,46.68,57.48,62.50,76.97,10.95
cuComputeGradGammaBeta,12.26,9.16,9.12,37.50,50,0,41.04
cuComputeGradInput,30.85,44.31,44.31,48.07,56.25,70.35,25.53
vectorized_elementwise_kernel,21.59,84.95,84.95,79.98,100,31.13,34.92
unrolled_elementwise_kernel,0.55,5.75,0.51,6.16,100,40,92.13
unrolled_elementwise_kernel,0.53,5.38,0.49,6.32,100,40,90.90
vectorized_elementwise_kernel,0.01,11.26,0.03,6.09,100,0,100.26
kernel5,31.75,59.85,59.85,44.12,56.25,11.51,51.45
unrolled_elementwise_kernel,0.56,5.72,0.52,6.09,100,40,90.99
sm90_xmma_gemm_bf16bf16_bf16f32_f32_nn_n_tilesize128x256x64_warpgroupsize2x1x1_execute_segment_k_off_kernel__51_cublas,65.62,42.98,16.84,15.64,18.75,0,75.19
sm90_xmma_gemm_bf16f32_bf16f32_f32_nt_n_tilesize128x128x64_warpgroupsize1x1x1_execute_segment_k_off_kernel__51_cublas,66.50,60.41,36.15,17.67,18.75,0,69.53
sm90_xmma_gemm_bf16bf16_bf16f32_f32_nt_n_tilesize128x128x64_warpgroupsize1x1x1_execute_segment_k_off_kernel__51_cublas,34.86,68.53,68.53,13.59,18.75,0,39.65
sm90_xmma_gemm_bf16bf16_bf16f32_f32_tn_n_tilesize128x128x64_warpgroupsize1x1x1_execute_segment_k_off_kernel__51_cublas,32.51,52.20,46.35,17.74,18.75,0,92.35
vectorized_elementwise_kernel,30.46,86.79,86.79,80.17,100,0,42.14
scaled_upper_triang_masked_softmax_warp_backward,18.56,47.53,47.53,17.08,18.75,21.96,50.96
sm90_xmma_gemm_bf16bf16_bf16f32_f32_nn_n_tilesize128x128x64_warpgroupsize1x1x1_execute_segment_k_off_kernel__51_cublas,34.03,66.99,66.99,13.94,18.75,0,36.48
vectorized_elementwise_kernel,14.52,28.08,26.93,58.74,100,0,54.17
sm90_xmma_gemm_bf16bf16_bf16f32_f32_nt_n_tilesize128x128x64_warpgroupsize1x1x1_execute_segment_k_off_kernel__51_cublas,34.84,68.55,68.55,13.80,18.75,0,38.15
vectorized_elementwise_kernel,14.62,28.33,27.23,59.09,100,0,54.49
CatArrayBatchedCopy,66.13,46.04,13.09,80.03,100,6.37,78.97
sm90_xmma_gemm_bf16bf16_bf16f32_f32_nn_n_tilesize128x128x64_warpgroupsize1x1x1_execute_segment_k_off_kernel__51_cublas,85.75,65.70,30.31,17.44,18.75,0,66.38
sm90_xmma_gemm_bf16f32_bf16f32_f32_nt_n_tilesize128x128x64_warpgroupsize1x1x1_execute_segment_k_off_kernel__51_cublas,66.94,60.83,46.85,18.33,18.75,0,62.06
reduce_kernel,19.65,31.22,31.22,56.75,56.25,13.25,17.28
unrolled_elementwise_kernel,0.21,5.56,0.29,6.19,100,40.00,93.03
reduce_kernel,10.42,84.24,84.24,98.82,100,0,4.89
vectorized_elementwise_kernel,0.01,9.68,0.04,4.57,100,33.33,97.89
vectorized_elementwise_kernel,11.68,87.63,87.63,84.09,100,43.25,51.46
cuComputePartGradGammaBeta,55.58,84.30,46.00,57.58,62.50,76.97,12.72
cuComputeGradGammaBeta,12.32,9.52,9.21,33.49,50,0,42.83
cuComputeGradInput,30.47,44.26,44.26,48.11,56.25,70.34,25.92
vectorized_elementwise_kernel,21.41,84.26,84.26,81.30,100,31.15,34.95
unrolled_elementwise_kernel,0.55,5.58,0.51,5.93,100,40,90.25
unrolled_elementwise_kernel,0.56,5.66,0.52,6.09,100,40,90.01
vectorized_elementwise_kernel,0.01,10.92,0.03,6.33,100,0,99.63
kernel5,31.57,59.62,59.62,44.44,56.25,11.45,51.62
unrolled_elementwise_kernel,0.54,5.48,0.50,6.12,100,40,88.49
sm90_xmma_gemm_bf16bf16_bf16f32_f32_nn_n_tilesize128x256x64_warpgroupsize2x1x1_execute_segment_k_off_kernel__51_cublas,92.24,58.16,35.34,15.64,18.75,72.12,62.80
sm90_xmma_gemm_bf16f32_bf16f32_f32_nt_n_tilesize128x128x64_warpgroupsize1x1x1_execute_segment_k_off_kernel__51_cublas,66.93,60.68,50.00,18.27,18.75,0,59.86
reduce_kernel,9.83,83.70,83.70,86.03,100,0.00,4.14
vectorized_elementwise_kernel,0.01,9.98,0.05,5.60,100,33.33,98.08
vectorized_elementwise_kernel,11.52,88.67,88.67,84.28,100,43.01,51.10
kernel6,74.18,67.00,67.00,84.88,100,21.11,38.12
reduce_kernel,19.78,31.83,31.83,48.01,56.25,13.58,17.80
unrolled_elementwise_kernel,0.28,5.56,0.34,6.27,100,40,91.45
sm90_xmma_gemm_bf16bf16_bf16f32_f32_nn_n_tilesize128x128x64_warpgroupsize1x1x1_execute_segment_k_off_kernel__51_cublas,86.44,65.89,36.97,17.43,18.75,0,71.17
sm90_xmma_gemm_bf16f32_bf16f32_f32_nt_n_tilesize128x128x64_warpgroupsize1x1x1_execute_segment_k_off_kernel__51_cublas,65.73,59.75,49.63,18.49,18.75,0,59.74
reduce_kernel,8.63,73.01,73.01,92.25,100,0,3.52
vectorized_elementwise_kernel,0.01,9.67,0.05,4.65,100,33.33,98.01
vectorized_elementwise_kernel,11.56,88.21,88.21,84.23,100,43.04,50.96
cuComputePartGradGammaBeta,56.41,85.52,47.09,57.38,62.50,76.97,13.40
cuComputeGradGammaBeta,12.55,9.34,9.34,33.92,50,0,39.07
cuComputeGradInput,30.73,44.55,44.55,48.55,56.25,70.42,25.56
vectorized_elementwise_kernel,21.68,85.41,85.41,81.92,100,29.80,34.92
unrolled_elementwise_kernel,0.54,5.50,0.50,6.03,100,40,89.66
unrolled_elementwise_kernel,0.55,5.57,0.51,6.22,100,40,90.44
vectorized_elementwise_kernel,0.01,11.35,0.03,6.15,100,0,98.18
kernel5,30.92,58.49,58.49,44.59,56.25,11.52,51.47
unrolled_elementwise_kernel,0.53,5.40,0.49,5.67,100,40,90.03
sm90_xmma_gemm_bf16bf16_bf16f32_f32_nn_n_tilesize128x256x64_warpgroupsize2x1x1_execute_segment_k_off_kernel__51_cublas,65.61,42.87,16.76,15.62,18.75,0,76.29
sm90_xmma_gemm_bf16f32_bf16f32_f32_nt_n_tilesize128x128x64_warpgroupsize1x1x1_execute_segment_k_off_kernel__51_cublas,67.20,61.04,36.94,17.87,18.75,0,70.04
sm90_xmma_gemm_bf16bf16_bf16f32_f32_nt_n_tilesize128x128x64_warpgroupsize1x1x1_execute_segment_k_off_kernel__51_cublas,34.89,68.19,68.19,13.92,18.75,0,38.76
sm90_xmma_gemm_bf16bf16_bf16f32_f32_tn_n_tilesize128x128x64_warpgroupsize1x1x1_execute_segment_k_off_kernel__51_cublas,33.10,52.48,46.85,17.79,18.75,0,92.75
vectorized_elementwise_kernel,30.46,86.84,86.84,81.20,100,0,42.55
scaled_upper_triang_masked_softmax_warp_backward,18.36,47.03,47.03,16.61,18.75,22.43,50.94
sm90_xmma_gemm_bf16bf16_bf16f32_f32_nn_n_tilesize128x128x64_warpgroupsize1x1x1_execute_segment_k_off_kernel__51_cublas,34.37,67.74,67.74,13.62,18.75,0,36.37
vectorized_elementwise_kernel,14.64,28.16,27.18,62.24,100,0,54.01
sm90_xmma_gemm_bf16bf16_bf16f32_f32_nt_n_tilesize128x128x64_warpgroupsize1x1x1_execute_segment_k_off_kernel__51_cublas,34.15,67.63,67.63,13.52,18.75,0,39.12
vectorized_elementwise_kernel,14.62,28.10,27.20,57.09,100,0,53.91
CatArrayBatchedCopy,66.94,47.16,13.14,80.02,100,6.26,80.89
sm90_xmma_gemm_bf16bf16_bf16f32_f32_nn_n_tilesize128x128x64_warpgroupsize1x1x1_execute_segment_k_off_kernel__51_cublas,85.90,65.83,29.65,17.43,18.75,0,66.52
sm90_xmma_gemm_bf16f32_bf16f32_f32_nt_n_tilesize128x128x64_warpgroupsize1x1x1_execute_segment_k_off_kernel__51_cublas,67.51,61.33,46.54,18.59,18.75,0,62.07
reduce_kernel,19.45,31.13,31.13,52.13,56.25,13.26,17.33
unrolled_elementwise_kernel,0.21,5.47,0.29,6.31,100,40.00,94.03
reduce_kernel,10.46,84.03,84.03,97.60,100,0,4.72
vectorized_elementwise_kernel,0.01,9.62,0.04,4.70,100,33.33,99.34
vectorized_elementwise_kernel,11.73,87.77,87.77,83.41,100,43.06,51.52
cuComputePartGradGammaBeta,56.44,85.60,47.14,57.85,62.50,76.97,13.70
cuComputeGradGammaBeta,12.67,9.59,9.47,36.30,50,0,41.14
cuComputeGradInput,31.08,45.21,45.21,48.43,56.25,70.25,25.87
vectorized_elementwise_kernel,21.48,84.27,84.27,83.79,100,31.12,35.13
unrolled_elementwise_kernel,0.55,5.74,0.51,6.09,100,40,92.80
unrolled_elementwise_kernel,0.55,5.67,0.51,5.86,100,40,93.16
vectorized_elementwise_kernel,0.01,11.02,0.03,5.99,100,0,100.96
kernel5,31.15,58.98,58.98,44.37,56.25,11.50,51.91
unrolled_elementwise_kernel,0.55,5.62,0.51,6.48,100,40,90.09
sm90_xmma_gemm_bf16bf16_bf16f32_f32_nn_n_tilesize128x256x64_warpgroupsize2x1x1_execute_segment_k_off_kernel__51_cublas,68.43,43.15,27.78,15.66,18.75,72.12,60.08
sm90_xmma_gemm_bf16f32_bf16f32_f32_nt_n_tilesize128x128x64_warpgroupsize1x1x1_execute_segment_k_off_kernel__51_cublas,67.28,60.99,50.23,18.40,18.75,0,59.69
reduce_kernel,9.84,83.88,83.88,85.54,100,0.00,3.27
vectorized_elementwise_kernel,0.01,9.93,0.05,4.54,100,33.33,97.96
vectorized_elementwise_kernel,11.53,88.77,88.77,83.99,100,42.98,50.67
kernel6,74.87,65.94,65.94,88.17,100,21.19,37.36
reduce_kernel,19.57,31.44,31.44,45.66,56.25,13.60,17.94
unrolled_elementwise_kernel,0.28,5.60,0.33,6.35,100,40,90.95
sm90_xmma_gemm_bf16bf16_bf16f32_f32_nn_n_tilesize128x128x64_warpgroupsize1x1x1_execute_segment_k_off_kernel__51_cublas,86.45,65.91,34.03,17.43,18.75,0,67.57
sm90_xmma_gemm_bf16f32_bf16f32_f32_nt_n_tilesize128x128x64_warpgroupsize1x1x1_execute_segment_k_off_kernel__51_cublas,65.82,59.83,49.52,18.25,18.75,0,59.69
reduce_kernel,8.78,73.61,73.61,93.78,100,0,3.35
vectorized_elementwise_kernel,0.01,9.69,0.04,4.68,100,33.33,100.39
vectorized_elementwise_kernel,11.60,88.32,88.32,83.23,100,43.02,50.74
cuComputePartGradGammaBeta,56.36,85.47,47.05,57.75,62.50,76.97,9.96
cuComputeGradGammaBeta,12.25,9.29,9.16,33.49,50,0,40.98
cuComputeGradInput,30.87,44.60,44.60,48.15,56.25,70.29,25.69
vectorized_elementwise_kernel,21.80,85.65,85.65,81.48,100,31.10,34.82
unrolled_elementwise_kernel,0.53,5.50,0.50,6.13,100,40,89.35
unrolled_elementwise_kernel,0.53,5.46,0.49,6.19,100,40,89.38
vectorized_elementwise_kernel,0.01,11.28,0.04,5.99,100,0,98.29
kernel5,31.38,59.55,59.55,44.77,56.25,11.51,51.40
unrolled_elementwise_kernel,0.53,5.38,0.49,6.34,100,40,89.04
sm90_xmma_gemm_bf16bf16_bf16f32_f32_nn_n_tilesize128x256x64_warpgroupsize2x1x1_execute_segment_k_off_kernel__51_cublas,65.50,42.99,16.79,15.64,18.75,0,75.54
sm90_xmma_gemm_bf16f32_bf16f32_f32_nt_n_tilesize128x128x64_warpgroupsize1x1x1_execute_segment_k_off_kernel__51_cublas,66.22,60.15,36.22,17.44,18.75,0,70.09
sm90_xmma_gemm_bf16bf16_bf16f32_f32_nt_n_tilesize128x128x64_warpgroupsize1x1x1_execute_segment_k_off_kernel__51_cublas,35.66,69.67,69.67,13.76,18.75,0,39.91
sm90_xmma_gemm_bf16bf16_bf16f32_f32_tn_n_tilesize128x128x64_warpgroupsize1x1x1_execute_segment_k_off_kernel__51_cublas,33.17,53.64,47.55,17.79,18.75,0,92.13
vectorized_elementwise_kernel,30.35,86.22,86.22,80.94,100,0,42.80
scaled_upper_triang_masked_softmax_warp_backward,18.22,46.85,46.85,16.59,18.75,22.19,51.23
sm90_xmma_gemm_bf16bf16_bf16f32_f32_nn_n_tilesize128x128x64_warpgroupsize1x1x1_execute_segment_k_off_kernel__51_cublas,34.56,67.83,67.83,13.92,18.75,0,36.66
vectorized_elementwise_kernel,14.69,28.31,27.26,58.91,100,0,54.27
sm90_xmma_gemm_bf16bf16_bf16f32_f32_nt_n_tilesize128x128x64_warpgroupsize1x1x1_execute_segment_k_off_kernel__51_cublas,33.83,66.57,66.57,13.96,18.75,0,38.57
vectorized_elementwise_kernel,14.78,28.49,27.45,58.60,100,0,54.59
CatArrayBatchedCopy,66.70,46.14,13.24,79.67,100,6.41,77.14
sm90_xmma_gemm_bf16bf16_bf16f32_f32_nn_n_tilesize128x128x64_warpgroupsize1x1x1_execute_segment_k_off_kernel__51_cublas,85.88,65.80,29.82,17.42,18.75,0,66.46
sm90_xmma_gemm_bf16f32_bf16f32_f32_nt_n_tilesize128x128x64_warpgroupsize1x1x1_execute_segment_k_off_kernel__51_cublas,67.98,61.79,47.15,18.08,18.75,0,62.35
reduce_kernel,19.17,30.61,30.61,52.28,56.25,13.28,17.16
unrolled_elementwise_kernel,0.21,5.56,0.29,6.44,100,40.00,93.97
reduce_kernel,10.37,83.74,83.74,98.59,100,0,5.19
vectorized_elementwise_kernel,0.01,9.86,0.05,4.67,100,33.33,97.92
vectorized_elementwise_kernel,11.69,87.63,87.63,83.35,100,43.09,51.50
cuComputePartGradGammaBeta,56.11,85.10,46.73,57.72,62.50,76.97,12.02
cuComputeGradGammaBeta,12.79,9.59,9.57,34.44,50,0,40.48
cuComputeGradInput,30.45,44.32,44.32,48.19,56.25,70.23,26.04
vectorized_elementwise_kernel,21.64,85.39,85.39,80.56,100,31.11,35.07
unrolled_elementwise_kernel,0.53,5.41,0.50,6.36,100,40,89.32
unrolled_elementwise_kernel,0.53,5.51,0.50,6.09,100,40,90.45
vectorized_elementwise_kernel,0.01,11.12,0.03,5.51,100,0,99.57
kernel5,32.18,60.85,60.85,45.90,56.25,11.49,51.66
unrolled_elementwise_kernel,0.55,5.60,0.51,6.41,100,40,88.31
sm90_xmma_gemm_bf16bf16_bf16f32_f32_nn_n_tilesize128x256x64_warpgroupsize2x1x1_execute_segment_k_off_kernel__51_cublas,92.09,58.07,35.10,15.64,18.75,72.12,62.44
sm90_xmma_gemm_bf16f32_bf16f32_f32_nt_n_tilesize128x128x64_warpgroupsize1x1x1_execute_segment_k_off_kernel__51_cublas,66.97,60.75,50.16,18.07,18.75,0,60.34
reduce_kernel,9.94,84.44,84.44,84.78,100,0.00,4.09
vectorized_elementwise_kernel,0.01,9.67,0.04,4.69,100,33.33,99.20
vectorized_elementwise_kernel,11.56,88.97,88.97,84.44,100,43.00,51.17
kernel6,73.75,66.27,66.27,84.71,100,21.10,37.97
reduce_kernel,19.82,31.90,31.90,47.26,56.25,13.52,18.58
unrolled_elementwise_kernel,0.27,5.47,0.33,6.07,100,40,92.92
sm90_xmma_gemm_bf16bf16_bf16f32_f32_nn_n_tilesize128x128x64_warpgroupsize1x1x1_execute_segment_k_off_kernel__51_cublas,86.74,66.13,34.47,17.43,18.75,0,73.76
sm90_xmma_gemm_bf16f32_bf16f32_f32_nt_n_tilesize128x128x64_warpgroupsize1x1x1_execute_segment_k_off_kernel__51_cublas,65.64,59.67,49.66,18.38,18.75,0,59.80
reduce_kernel,8.57,73.01,73.01,90.69,100,0,3.67
vectorized_elementwise_kernel,0.01,10.23,0.05,4.68,100,33.33,99.41
vectorized_elementwise_kernel,11.58,88.26,88.26,83.41,100,43.03,50.89
cuComputePartGradGammaBeta,55.94,84.85,46.64,57.91,62.50,76.97,10.96
cuComputeGradGammaBeta,13.20,9.86,9.86,31.77,50,0,39.78
cuComputeGradInput,30.64,44.68,44.68,48.03,56.25,70.27,25.78
vectorized_elementwise_kernel,21.79,85.64,85.64,81.38,100,31.14,34.63
unrolled_elementwise_kernel,0.55,5.62,0.51,6.51,100,40,91.88
unrolled_elementwise_kernel,0.55,5.55,0.51,6.25,100,40,90.90
vectorized_elementwise_kernel,0.01,10.90,0.03,6.23,100,0,99.47
kernel5,31.28,59.16,59.16,45.57,56.25,11.56,51.38
unrolled_elementwise_kernel,0.55,5.60,0.51,6.11,100,40,90.77
sm90_xmma_gemm_bf16bf16_bf16f32_f32_nn_n_tilesize128x256x64_warpgroupsize2x1x1_execute_segment_k_off_kernel__51_cublas,65.76,42.91,16.78,15.64,18.75,0,75.46
sm90_xmma_gemm_bf16f32_bf16f32_f32_nt_n_tilesize128x128x64_warpgroupsize1x1x1_execute_segment_k_off_kernel__51_cublas,66.58,60.47,36.21,17.46,18.75,0,69.79
sm90_xmma_gemm_bf16bf16_bf16f32_f32_nt_n_tilesize128x128x64_warpgroupsize1x1x1_execute_segment_k_off_kernel__51_cublas,35.11,68.74,68.74,13.92,18.75,0,39.61
sm90_xmma_gemm_bf16bf16_bf16f32_f32_tn_n_tilesize128x128x64_warpgroupsize1x1x1_execute_segment_k_off_kernel__51_cublas,33.30,54.09,47.99,17.92,18.75,0,91.45
vectorized_elementwise_kernel,30.68,87.62,87.62,79.98,100,0,42.87
scaled_upper_triang_masked_softmax_warp_backward,18.36,47.02,47.02,16.75,18.75,22.32,50.80
sm90_xmma_gemm_bf16bf16_bf16f32_f32_nn_n_tilesize128x128x64_warpgroupsize1x1x1_execute_segment_k_off_kernel__51_cublas,34.62,67.91,67.91,13.56,18.75,0,35.91
vectorized_elementwise_kernel,14.14,27.26,26.28,59.44,100,0,54.36
sm90_xmma_gemm_bf16bf16_bf16f32_f32_nt_n_tilesize128x128x64_warpgroupsize1x1x1_execute_segment_k_off_kernel__51_cublas,34.77,68.34,68.34,13.72,18.75,0,38.85
vectorized_elementwise_kernel,14.75,28.47,27.42,59.31,100,0,53.68
CatArrayBatchedCopy,67.50,47.42,13.17,80.16,100,6.40,78.52
sm90_xmma_gemm_bf16bf16_bf16f32_f32_nn_n_tilesize128x128x64_warpgroupsize1x1x1_execute_segment_k_off_kernel__51_cublas,85.69,65.66,27.64,17.41,18.75,0,68.54
sm90_xmma_gemm_bf16f32_bf16f32_f32_nt_n_tilesize128x128x64_warpgroupsize1x1x1_execute_segment_k_off_kernel__51_cublas,67.03,60.92,46.90,18.10,18.75,0,62.28
reduce_kernel,19.56,31.08,31.08,54.23,56.25,13.26,17.14
unrolled_elementwise_kernel,0.20,5.35,0.28,6.25,100,40.00,92.93
reduce_kernel,10.40,83.92,83.92,97.57,100,0,5.01
vectorized_elementwise_kernel,0.01,10.05,0.05,4.31,100,33.33,97.99
vectorized_elementwise_kernel,11.65,87.38,87.38,83.82,100,43.20,51.45
cuComputePartGradGammaBeta,55.90,84.76,46.25,57.99,62.50,76.97,12.93
cuComputeGradGammaBeta,12.47,9.30,9.30,32.39,50,0,38.65
cuComputeGradInput,30.35,43.86,43.86,47.61,56.25,70.31,26.37
vectorized_elementwise_kernel,21.44,84.25,84.25,81.64,100,31.13,35.08
unrolled_elementwise_kernel,0.55,5.61,0.51,6.10,100,40,89.68
unrolled_elementwise_kernel,0.54,5.46,0.50,6.30,100,40,89.26
vectorized_elementwise_kernel,0.01,11.66,0.04,6.18,100,0,100.01
kernel5,31.37,59.30,59.30,44.29,56.25,11.56,51.56
unrolled_elementwise_kernel,0.56,5.81,0.52,6.40,100,40,89.22
sm90_xmma_gemm_bf16bf16_bf16f32_f32_nn_n_tilesize128x256x64_warpgroupsize2x1x1_execute_segment_k_off_kernel__51_cublas,92.18,58.13,35.36,15.65,18.75,72.12,59.77
sm90_xmma_gemm_bf16f32_bf16f32_f32_nt_n_tilesize128x128x64_warpgroupsize1x1x1_execute_segment_k_off_kernel__51_cublas,67.43,61.13,50.36,18.21,18.75,0,60.25
reduce_kernel,9.95,84.32,84.32,84.62,100,0.00,3.70
vectorized_elementwise_kernel,0.01,9.58,0.04,5.64,100,33.33,100.66
vectorized_elementwise_kernel,11.56,88.97,88.97,83.70,100,42.91,50.83
kernel6,74.33,66.74,66.74,86.54,100,21.17,38.09
reduce_kernel,19.78,31.66,31.66,48.54,56.25,13.58,18.07
unrolled_elementwise_kernel,0.28,5.72,0.33,6.30,100,40,94.25
sm90_xmma_gemm_bf16bf16_bf16f32_f32_nn_n_tilesize128x128x64_warpgroupsize1x1x1_execute_segment_k_off_kernel__51_cublas,86.58,66.01,33.85,17.43,18.75,0,69.36
sm90_xmma_gemm_bf16f32_bf16f32_f32_nt_n_tilesize128x128x64_warpgroupsize1x1x1_execute_segment_k_off_kernel__51_cublas,65.65,59.68,49.53,18.20,18.75,0,59.90
reduce_kernel,8.60,72.89,72.89,91.55,100,0.00,3.39
vectorized_elementwise_kernel,0.01,9.58,0.05,5.51,100,33.33,99.24
vectorized_elementwise_kernel,11.65,88.80,88.80,83.65,100,43.07,50.90
cuComputePartGradGammaBeta,56.40,85.54,47.06,57.84,62.50,76.97,12.26
cuComputeGradGammaBeta,13.00,9.75,9.75,33.98,50,0,39.33
cuComputeGradInput,30.56,44.49,44.49,48.42,56.25,70.45,25.69
vectorized_elementwise_kernel,21.39,84.23,84.23,79.98,100,31.17,34.64
unrolled_elementwise_kernel,0.54,5.71,0.50,6.06,100,40,93.94
unrolled_elementwise_kernel,0.53,5.61,0.50,6.41,100,40,92.17
vectorized_elementwise_kernel,0.01,11.08,0.03,5.16,100,0,100.32
kernel5,31.16,58.93,58.93,45.59,56.25,11.56,51.31
unrolled_elementwise_kernel,0.54,5.62,0.50,6.46,100,40,92.12
sm90_xmma_gemm_bf16bf16_bf16f32_f32_nn_n_tilesize128x256x64_warpgroupsize2x1x1_execute_segment_k_off_kernel__51_cublas,65.58,42.74,16.86,15.64,18.75,0,74.97
sm90_xmma_gemm_bf16f32_bf16f32_f32_nt_n_tilesize128x128x64_warpgroupsize1x1x1_execute_segment_k_off_kernel__51_cublas,66.49,60.39,35.82,17.82,18.75,0,70.41
sm90_xmma_gemm_bf16bf16_bf16f32_f32_nt_n_tilesize128x128x64_warpgroupsize1x1x1_execute_segment_k_off_kernel__51_cublas,35.00,68.15,68.15,13.81,18.75,0,38.28
sm90_xmma_gemm_bf16bf16_bf16f32_f32_tn_n_tilesize128x128x64_warpgroupsize1x1x1_execute_segment_k_off_kernel__51_cublas,32.67,52.49,46.45,17.73,18.75,0,91.98
vectorized_elementwise_kernel,30.44,86.90,86.90,80.05,100,0,42.69
scaled_upper_triang_masked_softmax_warp_backward,18.20,46.76,46.76,16.51,18.75,22.09,50.85
sm90_xmma_gemm_bf16bf16_bf16f32_f32_nn_n_tilesize128x128x64_warpgroupsize1x1x1_execute_segment_k_off_kernel__51_cublas,35.05,68.54,68.54,13.92,18.75,0,37.27
vectorized_elementwise_kernel,14.71,28.28,27.33,66.53,100,0,53.42
sm90_xmma_gemm_bf16bf16_bf16f32_f32_nt_n_tilesize128x128x64_warpgroupsize1x1x1_execute_segment_k_off_kernel__51_cublas,34.76,68.28,68.28,13.70,18.75,0,38.80
vectorized_elementwise_kernel,14.61,27.91,26.98,65.41,100,0,53.35
CatArrayBatchedCopy,67.18,47.04,13.15,80.82,100,6.30,80.66
sm90_xmma_gemm_bf16bf16_bf16f32_f32_nn_n_tilesize128x128x64_warpgroupsize1x1x1_execute_segment_k_off_kernel__51_cublas,85.81,65.75,27.66,17.43,18.75,0,68.61
sm90_xmma_gemm_bf16f32_bf16f32_f32_nt_n_tilesize128x128x64_warpgroupsize1x1x1_execute_segment_k_off_kernel__51_cublas,66.81,60.72,46.65,18.22,18.75,0,62.06
reduce_kernel,19.01,30.28,30.28,50.61,56.25,13.41,17.14
unrolled_elementwise_kernel,0.21,5.59,0.29,6.02,100,40.00,93.60
reduce_kernel,10.43,84.14,84.14,97.83,100,0,4.98
vectorized_elementwise_kernel,0.01,9.37,0.05,4.76,100,33.33,99.19
vectorized_elementwise_kernel,11.62,86.94,86.94,84.51,100,43.29,51.52
cuComputePartGradGammaBeta,56.13,85.12,46.92,57.25,62.50,76.97,12.09
cuComputeGradGammaBeta,12.65,9.43,9.43,33.25,50,0,39.83
cuComputeGradInput,30.83,44.69,44.69,48.10,56.25,70.31,26.27
vectorized_elementwise_kernel,21.88,85.93,85.93,81.98,100,31.05,35.38
unrolled_elementwise_kernel,0.53,5.50,0.50,6.34,100,40,91.72
unrolled_elementwise_kernel,0.56,5.63,0.52,6.05,100,40,90.46
vectorized_elementwise_kernel,0.01,11.10,0.03,6.31,100,0,99.51
kernel5,31.64,59.78,59.78,44.15,56.25,11.53,52.14
unrolled_elementwise_kernel,0.55,5.56,0.51,6.09,100,40,91.08
sm90_xmma_gemm_bf16bf16_bf16f32_f32_nn_n_tilesize128x256x64_warpgroupsize2x1x1_execute_segment_k_off_kernel__51_cublas,92.21,58.15,35.55,15.65,18.75,72.12,60.87
sm90_xmma_gemm_bf16f32_bf16f32_f32_nt_n_tilesize128x128x64_warpgroupsize1x1x1_execute_segment_k_off_kernel__51_cublas,67.60,61.27,50.13,18.61,18.75,0,60.05
reduce_kernel,9.99,83.61,83.61,85.28,100,0.00,4.24
vectorized_elementwise_kernel,0.01,10.00,0.05,4.60,100,33.33,99.25
vectorized_elementwise_kernel,11.52,88.65,88.65,83.57,100,43.08,50.78
kernel6,73.82,66.23,66.23,87.05,100,21.10,37.69
reduce_kernel,19.80,31.72,31.72,47.51,56.25,13.81,17.67
unrolled_elementwise_kernel,0.28,5.56,0.33,6.34,100,40,94.19
sm90_xmma_gemm_bf16bf16_bf16f32_f32_nn_n_tilesize128x128x64_warpgroupsize1x1x1_execute_segment_k_off_kernel__51_cublas,86.62,66.03,33.97,17.42,18.75,0,71.85
sm90_xmma_gemm_bf16f32_bf16f32_f32_nt_n_tilesize128x128x64_warpgroupsize1x1x1_execute_segment_k_off_kernel__51_cublas,65.39,59.45,49.83,18.31,18.75,0,59.60
reduce_kernel,8.72,72.57,72.57,93.42,100,0.00,3.79
vectorized_elementwise_kernel,0.01,9.94,0.05,4.36,100,33.33,99.22
vectorized_elementwise_kernel,11.65,88.75,88.75,84.37,100,43.05,50.82
cuComputePartGradGammaBeta,55.79,84.62,46.60,57.48,62.50,76.98,12.36
cuComputeGradGammaBeta,12.56,9.51,9.51,32.59,50,0,39.80
cuComputeGradInput,30.46,44.12,44.12,48.09,56.25,70.29,25.41
vectorized_elementwise_kernel,21.55,84.76,84.76,81.49,100,31.12,34.93
unrolled_elementwise_kernel,0.54,5.72,0.50,6.26,100,40,93.00
unrolled_elementwise_kernel,0.53,5.58,0.49,6.31,100,40,93.69
vectorized_elementwise_kernel,0.01,10.86,0.03,6.26,100,0,101.02
kernel5,31.62,59.51,59.51,45.42,56.25,11.54,51.29
unrolled_elementwise_kernel,0.52,5.42,0.49,6.35,100,40,92.25
sm90_xmma_gemm_bf16bf16_bf16f32_f32_nn_n_tilesize128x256x64_warpgroupsize2x1x1_execute_segment_k_off_kernel__51_cublas,65.63,42.78,16.74,15.64,18.75,0,74.36
sm90_xmma_gemm_bf16f32_bf16f32_f32_nt_n_tilesize128x128x64_warpgroupsize1x1x1_execute_segment_k_off_kernel__51_cublas,66.93,60.78,35.94,17.73,18.75,0,70.77
sm90_xmma_gemm_bf16bf16_bf16f32_f32_nt_n_tilesize128x128x64_warpgroupsize1x1x1_execute_segment_k_off_kernel__51_cublas,34.53,67.38,67.38,14.07,18.75,0,39.04
sm90_xmma_gemm_bf16bf16_bf16f32_f32_tn_n_tilesize128x128x64_warpgroupsize1x1x1_execute_segment_k_off_kernel__51_cublas,33.02,53.12,47.07,17.77,18.75,0,92.33
vectorized_elementwise_kernel,30.70,87.64,87.64,80.05,100,0,43.20
scaled_upper_triang_masked_softmax_warp_backward,18.46,47.32,47.32,17.08,18.75,21.63,50.91
sm90_xmma_gemm_bf16bf16_bf16f32_f32_nn_n_tilesize128x128x64_warpgroupsize1x1x1_execute_segment_k_off_kernel__51_cublas,33.89,66.69,66.69,13.86,18.75,0,36.14
vectorized_elementwise_kernel,14.80,28.53,27.37,65.06,100,0,54.05
sm90_xmma_gemm_bf16bf16_bf16f32_f32_nt_n_tilesize128x128x64_warpgroupsize1x1x1_execute_segment_k_off_kernel__51_cublas,34.16,67.27,67.27,14.13,18.75,0,38.72
vectorized_elementwise_kernel,14.65,28.35,27.17,60.09,100,0,53.53
CatArrayBatchedCopy,66.08,47.08,12.76,80.51,100,6.37,80.75
sm90_xmma_gemm_bf16bf16_bf16f32_f32_nn_n_tilesize128x128x64_warpgroupsize1x1x1_execute_segment_k_off_kernel__51_cublas,85.71,65.67,29.68,17.42,18.75,0,66.13
sm90_xmma_gemm_bf16f32_bf16f32_f32_nt_n_tilesize128x128x64_warpgroupsize1x1x1_execute_segment_k_off_kernel__51_cublas,66.92,60.81,46.83,18.12,18.75,0,62.25
reduce_kernel,19.29,30.85,30.85,52.92,56.25,13.26,17.53
unrolled_elementwise_kernel,0.21,5.73,0.30,6.26,100,40.00,94.83
reduce_kernel,10.43,84.02,84.02,98.21,100,0,5.46
vectorized_elementwise_kernel,0.01,10.03,0.05,4.31,100,33.33,99.64
vectorized_elementwise_kernel,11.65,87.14,87.14,83.44,100,43.07,51.37
cuComputePartGradGammaBeta,56.52,85.74,47.14,57.79,62.50,76.97,12.86
cuComputeGradGammaBeta,12.18,9.10,9.10,34.96,50,0,39.63
cuComputeGradInput,30.83,45.10,45.10,47.95,56.25,70.34,25.66
vectorized_elementwise_kernel,21.58,84.14,84.14,79.31,100,31.14,35.09
unrolled_elementwise_kernel,0.55,5.82,0.52,6.00,100,40,90.88
unrolled_elementwise_kernel,0.54,5.64,0.50,6.57,100,40,91.11
vectorized_elementwise_kernel,0.01,11.30,0.04,6.13,100,0,99.66
kernel5,31.51,59.54,59.54,45.67,56.25,11.52,51.92
unrolled_elementwise_kernel,0.53,5.50,0.49,6.09,100,40,91.35
sm90_xmma_gemm_bf16bf16_bf16f32_f32_nn_n_tilesize128x256x64_warpgroupsize2x1x1_execute_segment_k_off_kernel__51_cublas,92.26,58.18,35.45,15.65,18.75,72.12,61.57
sm90_xmma_gemm_bf16f32_bf16f32_f32_nt_n_tilesize128x128x64_warpgroupsize1x1x1_execute_segment_k_off_kernel__51_cublas,67.39,61.11,50.36,18.09,18.75,0,60.05
reduce_kernel,9.88,83.66,83.66,85.06,100,0,3.71
vectorized_elementwise_kernel,0.01,10.19,0.05,4.06,100,33.33,99.39
vectorized_elementwise_kernel,11.55,88.86,88.86,83.83,100,42.94,50.79
kernel6,74.76,66.46,66.46,86.25,100,21.14,37.07
reduce_kernel,19.91,32.04,32.04,49.28,56.25,13.84,18.03
unrolled_elementwise_kernel,0.28,5.78,0.34,6.23,100,40,93.31
sm90_xmma_gemm_bf16bf16_bf16f32_f32_nn_n_tilesize128x128x64_warpgroupsize1x1x1_execute_segment_k_off_kernel__51_cublas,86.76,66.14,34.48,17.41,18.75,0,68.89
sm90_xmma_gemm_bf16f32_bf16f32_f32_nt_n_tilesize128x128x64_warpgroupsize1x1x1_execute_segment_k_off_kernel__51_cublas,65.91,59.92,49.38,18.22,18.75,0,59.45
reduce_kernel,8.57,72.62,72.62,92.66,100,0,3.47
vectorized_elementwise_kernel,0.01,10.30,0.05,4.66,100,33.33,101.36
vectorized_elementwise_kernel,11.68,88.98,88.98,83.93,100,43.02,50.87
cuComputePartGradGammaBeta,56.83,86.18,47.44,57.53,62.50,76.97,11.69
cuComputeGradGammaBeta,12.19,9.12,9.12,39.57,50,0,39.08
cuComputeGradInput,30.76,44.65,44.65,48.21,56.25,70.32,25.82
vectorized_elementwise_kernel,21.77,85.46,85.46,81.02,100,31.15,35.01
unrolled_elementwise_kernel,0.53,5.41,0.49,5.95,100,40,89.27
unrolled_elementwise_kernel,0.53,5.40,0.49,6.34,100,40,89.04
vectorized_elementwise_kernel,0.01,11.54,0.04,5.86,100,0,98.35
kernel5,31.37,59.39,59.39,45.13,56.25,11.48,51.33
unrolled_elementwise_kernel,0.55,5.70,0.51,6.18,100,40,89.73
sm90_xmma_gemm_bf16bf16_bf16f32_f32_nn_n_tilesize128x256x64_warpgroupsize2x1x1_execute_segment_k_off_kernel__51_cublas,65.70,43.27,16.87,15.65,18.75,0,74.77
sm90_xmma_gemm_bf16f32_bf16f32_f32_nt_n_tilesize128x128x64_warpgroupsize1x1x1_execute_segment_k_off_kernel__51_cublas,66.96,60.82,36.86,17.52,18.75,0,69.62
sm90_xmma_gemm_bf16bf16_bf16f32_f32_nt_n_tilesize128x128x64_warpgroupsize1x1x1_execute_segment_k_off_kernel__51_cublas,35.08,68.61,68.61,14.32,18.75,0,38.84
sm90_xmma_gemm_bf16bf16_bf16f32_f32_tn_n_tilesize128x128x64_warpgroupsize1x1x1_execute_segment_k_off_kernel__51_cublas,32.57,52.82,46.81,17.80,18.75,0,92.43
vectorized_elementwise_kernel,30.44,86.67,86.67,80.26,100,0,43.37
scaled_upper_triang_masked_softmax_warp_backward,18.44,47.27,47.27,16.86,18.75,22.28,50.86
sm90_xmma_gemm_bf16bf16_bf16f32_f32_nn_n_tilesize128x128x64_warpgroupsize1x1x1_execute_segment_k_off_kernel__51_cublas,33.46,66.09,66.09,13.85,18.75,0,35.90
vectorized_elementwise_kernel,14.80,28.44,27.54,59.13,100,0,53.72
sm90_xmma_gemm_bf16bf16_bf16f32_f32_nt_n_tilesize128x128x64_warpgroupsize1x1x1_execute_segment_k_off_kernel__51_cublas,34.01,67.13,67.13,13.48,18.75,0,38.36
vectorized_elementwise_kernel,14.46,27.86,26.87,59.14,100,0,53.85
CatArrayBatchedCopy,66.92,46.88,13.38,80.43,100,6.34,79.94
sm90_xmma_gemm_bf16bf16_bf16f32_f32_nn_n_tilesize128x128x64_warpgroupsize1x1x1_execute_segment_k_off_kernel__51_cublas,85.79,65.74,29.87,17.42,18.75,0,66.42
sm90_xmma_gemm_bf16f32_bf16f32_f32_nt_n_tilesize128x128x64_warpgroupsize1x1x1_execute_segment_k_off_kernel__51_cublas,67.86,61.67,46.82,18.10,18.75,0,62.44
reduce_kernel,19.69,31.55,31.55,52.30,56.25,13.29,17.29
unrolled_elementwise_kernel,0.21,5.54,0.29,6.32,100,40.00,93.90
reduce_kernel,10.51,84.92,84.92,98.23,100,0,4.97
vectorized_elementwise_kernel,0.01,9.97,0.04,4.71,100,33.33,99.31
vectorized_elementwise_kernel,11.61,86.85,86.85,82.79,100,43.16,51.65
cuComputePartGradGammaBeta,56.47,85.63,47.11,57.46,62.50,76.97,13.34
cuComputeGradGammaBeta,12.71,9.56,9.49,34.07,50,0,40.96
cuComputeGradInput,30.36,43.95,43.95,48.03,56.25,70.30,25.90
vectorized_elementwise_kernel,21.53,84.64,84.64,80.67,100,31.11,35.14
unrolled_elementwise_kernel,0.54,5.44,0.51,6.07,100,40,89.86
unrolled_elementwise_kernel,0.55,5.60,0.51,5.86,100,40,90.18
vectorized_elementwise_kernel,0.01,11.34,0.04,6.22,100,0,98.28
kernel5,31.15,59.04,59.04,45.65,56.25,11.52,51.60
unrolled_elementwise_kernel,0.55,5.75,0.51,5.99,100,40,92.89
sm90_xmma_gemm_bf16bf16_bf16f32_f32_nn_n_tilesize128x256x64_warpgroupsize2x1x1_execute_segment_k_off_kernel__51_cublas,92.02,58.03,35.19,15.66,18.75,72.12,62.50
sm90_xmma_gemm_bf16f32_bf16f32_f32_nt_n_tilesize128x128x64_warpgroupsize1x1x1_execute_segment_k_off_kernel__51_cublas,67.46,61.20,50.59,18.18,18.75,0,60.34
reduce_kernel,10.05,84.23,84.23,85.34,100,0.00,3.87
vectorized_elementwise_kernel,0.01,9.56,0.04,3.97,100,33.33,100.38
vectorized_elementwise_kernel,11.56,89.03,89.03,83.17,100,42.98,51.00
kernel6,74.34,66.74,66.74,85.73,100,21.13,37.82
reduce_kernel,19.41,31.28,31.28,48.02,56.25,13.54,17.75
unrolled_elementwise_kernel,0.28,5.68,0.33,6.12,100,40,95.42
sm90_xmma_gemm_bf16bf16_bf16f32_f32_nn_n_tilesize128x128x64_warpgroupsize1x1x1_execute_segment_k_off_kernel__51_cublas,86.69,66.09,34.54,17.42,18.75,0,72.73
sm90_xmma_gemm_bf16f32_bf16f32_f32_nt_n_tilesize128x128x64_warpgroupsize1x1x1_execute_segment_k_off_kernel__51_cublas,66.18,60.16,49.67,18.04,18.75,0,60.04
reduce_kernel,8.69,72.78,72.78,92.76,100,0.00,3.80
vectorized_elementwise_kernel,0.01,9.75,0.04,4.83,100,33.33,97.97
vectorized_elementwise_kernel,11.53,87.87,87.87,83.60,100,42.97,50.94
cuComputePartGradGammaBeta,55.42,84.06,45.84,57.68,62.50,76.97,12.25
cuComputeGradGammaBeta,12.39,9.32,9.25,36.01,50,0,40.27
cuComputeGradInput,30.31,44.19,44.19,48.29,56.25,70.40,25.62
vectorized_elementwise_kernel,21.56,85.36,85.36,83.26,100,31.13,34.76
unrolled_elementwise_kernel,0.55,5.58,0.51,6.26,100,40,91.16
unrolled_elementwise_kernel,0.55,5.55,0.51,5.78,100,40,90.42
vectorized_elementwise_kernel,0.01,11.07,0.03,6.11,100,0,99.49
kernel5,31.54,59.86,59.86,45.64,56.25,11.50,51.04
unrolled_elementwise_kernel,0.55,5.64,0.51,5.94,100,40,90.28
sm90_xmma_gemm_bf16bf16_bf16f32_f32_nn_n_tilesize128x256x64_warpgroupsize2x1x1_execute_segment_k_off_kernel__51_cublas,65.77,42.72,16.64,15.64,18.75,0,75.58
sm90_xmma_gemm_bf16f32_bf16f32_f32_nt_n_tilesize128x128x64_warpgroupsize1x1x1_execute_segment_k_off_kernel__51_cublas,66.26,60.18,36.29,17.87,18.75,0,69.42
sm90_xmma_gemm_bf16bf16_bf16f32_f32_nt_n_tilesize128x128x64_warpgroupsize1x1x1_execute_segment_k_off_kernel__51_cublas,34.05,67.01,67.01,14.07,18.75,0,39.42
sm90_xmma_gemm_bf16bf16_bf16f32_f32_tn_n_tilesize128x128x64_warpgroupsize1x1x1_execute_segment_k_off_kernel__51_cublas,33.08,52.71,46.97,17.76,18.75,0,92.49
vectorized_elementwise_kernel,30.53,86.41,86.41,80.29,100,0,42.27
scaled_upper_triang_masked_softmax_warp_backward,18.26,46.95,46.95,16.76,18.75,22.46,50.86
sm90_xmma_gemm_bf16bf16_bf16f32_f32_nn_n_tilesize128x128x64_warpgroupsize1x1x1_execute_segment_k_off_kernel__51_cublas,34.22,67.10,67.10,13.66,18.75,0,36.33
vectorized_elementwise_kernel,14.63,28.11,27.23,60.22,100,0,53.97
sm90_xmma_gemm_bf16bf16_bf16f32_f32_nt_n_tilesize128x128x64_warpgroupsize1x1x1_execute_segment_k_off_kernel__51_cublas,34.09,67.61,67.61,13.86,18.75,0,38.30
vectorized_elementwise_kernel,14.64,28.19,27.24,64.21,100,0,54.54
CatArrayBatchedCopy,67.29,47.53,13.08,80.41,100,6.37,81.56
sm90_xmma_gemm_bf16bf16_bf16f32_f32_nn_n_tilesize128x128x64_warpgroupsize1x1x1_execute_segment_k_off_kernel__51_cublas,85.66,65.63,30.09,17.43,18.75,0,68.23
sm90_xmma_gemm_bf16f32_bf16f32_f32_nt_n_tilesize128x128x64_warpgroupsize1x1x1_execute_segment_k_off_kernel__51_cublas,67.25,61.11,47.00,18.27,18.75,0,62.26
reduce_kernel,19.58,31.31,31.31,51.23,56.25,13.23,17.47
unrolled_elementwise_kernel,0.21,5.75,0.30,6.47,100,40.00,95.66
reduce_kernel,10.44,84.07,84.07,99.25,100,0,5.31
vectorized_elementwise_kernel,0.01,9.67,0.06,4.68,100,33.33,101.38
vectorized_elementwise_kernel,11.72,87.65,87.65,84.13,100,43.12,51.58
cuComputePartGradGammaBeta,55.95,84.86,46.27,57.75,62.50,76.98,12.74
cuComputeGradGammaBeta,11.90,8.89,8.89,35.89,50,0,39.71
cuComputeGradInput,30.40,44.36,44.36,48.45,56.25,70.38,25.91
vectorized_elementwise_kernel,21.42,84.61,84.61,82.40,100,31.10,34.95
unrolled_elementwise_kernel,0.55,5.75,0.51,6.28,100,40,91.71
unrolled_elementwise_kernel,0.56,5.68,0.52,6.54,100,40,89.95
vectorized_elementwise_kernel,0.01,10.79,0.03,6.28,100,0,99.56
kernel5,31.98,60.49,60.49,44.74,56.25,11.49,51.31
unrolled_elementwise_kernel,0.52,5.30,0.49,5.66,100,40,89.36
sm90_xmma_gemm_bf16bf16_bf16f32_f32_nn_n_tilesize128x256x64_warpgroupsize2x1x1_execute_segment_k_off_kernel__51_cublas,92.29,58.20,35.57,15.65,18.75,72.12,61.58
sm90_xmma_gemm_bf16f32_bf16f32_f32_nt_n_tilesize128x128x64_warpgroupsize1x1x1_execute_segment_k_off_kernel__51_cublas,66.92,60.70,50.15,18.36,18.75,0,60.19
reduce_kernel,9.95,84.00,84.00,85.65,100,0.00,3.78
vectorized_elementwise_kernel,0.01,9.64,0.05,4.72,100,33.33,98.56
vectorized_elementwise_kernel,11.54,88.84,88.84,83.73,100,42.94,50.98
kernel6,74.14,66.46,66.46,85.73,100,21.05,38.03
reduce_kernel,19.62,31.60,31.60,47.29,56.25,13.58,17.82
unrolled_elementwise_kernel,0.26,5.28,0.32,6.09,100,40,91.79
sm90_xmma_gemm_bf16bf16_bf16f32_f32_nn_n_tilesize128x128x64_warpgroupsize1x1x1_execute_segment_k_off_kernel__51_cublas,86.54,65.97,33.50,17.42,18.75,0,71.86
sm90_xmma_gemm_bf16f32_bf16f32_f32_nt_n_tilesize128x128x64_warpgroupsize1x1x1_execute_segment_k_off_kernel__51_cublas,65.42,59.48,49.29,18.26,18.75,0,59.90
reduce_kernel,8.57,72.44,72.44,91.48,100,0.00,3.64
vectorized_elementwise_kernel,0.01,9.83,0.05,4.85,100,33.33,99.32
vectorized_elementwise_kernel,11.56,88.35,88.35,84.37,100,43.03,50.86
cuComputePartGradGammaBeta,55.58,84.29,46.43,57.64,62.50,76.98,10.37
cuComputeGradGammaBeta,12.31,9.18,9.18,34.13,50,0,39.65
cuComputeGradInput,30.62,44.58,44.58,48.44,56.25,70.28,25.93
vectorized_elementwise_kernel,21.48,84.45,84.45,81.53,100,30.31,34.85
unrolled_elementwise_kernel,0.52,5.26,0.48,6.35,100,40,90.15
unrolled_elementwise_kernel,0.54,5.45,0.50,6.25,100,40,90.42
vectorized_elementwise_kernel,0.01,11.17,0.04,6.21,100,0,99.47
kernel5,31.41,59.23,59.23,44.14,56.25,11.49,51.34
unrolled_elementwise_kernel,0.54,5.53,0.50,6.12,100,40,90.44
sm90_xmma_gemm_bf16bf16_bf16f32_f32_nn_n_tilesize128x256x64_warpgroupsize2x1x1_execute_segment_k_off_kernel__51_cublas,65.39,42.85,16.59,15.63,18.75,0,74.88
sm90_xmma_gemm_bf16f32_bf16f32_f32_nt_n_tilesize128x128x64_warpgroupsize1x1x1_execute_segment_k_off_kernel__51_cublas,65.71,59.68,36.64,17.75,18.75,0,69.56
sm90_xmma_gemm_bf16bf16_bf16f32_f32_nt_n_tilesize128x128x64_warpgroupsize1x1x1_execute_segment_k_off_kernel__51_cublas,33.91,67.01,67.01,13.72,18.75,0,39.04
sm90_xmma_gemm_bf16bf16_bf16f32_f32_tn_n_tilesize128x128x64_warpgroupsize1x1x1_execute_segment_k_off_kernel__51_cublas,32.64,52.37,46.71,17.85,18.75,0,92.05
vectorized_elementwise_kernel,30.41,86.93,86.93,80.29,100,0,42.62
scaled_upper_triang_masked_softmax_warp_backward,18.14,46.69,46.69,16.40,18.75,22.41,50.85
sm90_xmma_gemm_bf16bf16_bf16f32_f32_nn_n_tilesize128x128x64_warpgroupsize1x1x1_execute_segment_k_off_kernel__51_cublas,34.35,67.46,67.46,13.53,18.75,0,36.36
vectorized_elementwise_kernel,14.62,28.19,27.05,65.82,100,0,53.86
sm90_xmma_gemm_bf16bf16_bf16f32_f32_nt_n_tilesize128x128x64_warpgroupsize1x1x1_execute_segment_k_off_kernel__51_cublas,34.46,67.99,67.99,13.46,18.75,0,38.96
vectorized_elementwise_kernel,14.58,28.30,27.20,60.53,100,0,54.51
CatArrayBatchedCopy,66.90,47.23,13.19,79.83,100,6.29,77.88
sm90_xmma_gemm_bf16bf16_bf16f32_f32_nn_n_tilesize128x128x64_warpgroupsize1x1x1_execute_segment_k_off_kernel__51_cublas,85.87,65.79,31.01,17.42,18.75,0,68.38
sm90_xmma_gemm_bf16f32_bf16f32_f32_nt_n_tilesize128x128x64_warpgroupsize1x1x1_execute_segment_k_off_kernel__51_cublas,66.93,60.82,46.98,18.32,18.75,0,62.08
reduce_kernel,19.55,31.27,31.27,52.54,56.25,13.28,17.20
unrolled_elementwise_kernel,0.21,5.43,0.28,6.25,100,40.00,93.58
reduce_kernel,10.60,85.57,85.57,98.69,100,0,5.50
vectorized_elementwise_kernel,0.01,9.68,0.04,4.79,100,33.33,99.19
vectorized_elementwise_kernel,11.63,87.22,87.22,83.77,100,43.13,51.40
cuComputePartGradGammaBeta,56.12,85.14,46.43,57.80,62.50,76.97,12.33
cuComputeGradGammaBeta,12.49,9.33,9.33,36.21,50,0,40.04
cuComputeGradInput,30.68,44.53,44.53,48.67,56.25,70.33,26.12
vectorized_elementwise_kernel,21.50,84.12,84.12,82.03,100,31.15,35.33
unrolled_elementwise_kernel,0.54,5.66,0.50,6.10,100,40,94.43
unrolled_elementwise_kernel,0.54,5.64,0.50,6.07,100,40,92.29
vectorized_elementwise_kernel,0.01,11.06,0.03,6.14,100,0,100.41
kernel5,31.05,58.82,58.82,45.45,56.25,11.47,51.64
unrolled_elementwise_kernel,0.54,5.60,0.51,6.13,100,40,90.81
sm90_xmma_gemm_bf16bf16_bf16f32_f32_nn_n_tilesize128x256x64_warpgroupsize2x1x1_execute_segment_k_off_kernel__51_cublas,92.23,58.16,35.64,15.66,18.75,72.12,62.48
sm90_xmma_gemm_bf16f32_bf16f32_f32_nt_n_tilesize128x128x64_warpgroupsize1x1x1_execute_segment_k_off_kernel__51_cublas,67.02,60.79,50.44,18.27,18.75,0,59.65
reduce_kernel,9.87,84.03,84.03,86.51,100,0.00,4.31
vectorized_elementwise_kernel,0.01,9.97,0.05,5.90,100,33.33,99.20
vectorized_elementwise_kernel,11.53,88.60,88.60,84.08,100,42.99,50.88
kernel6,74.64,66.90,66.90,85.70,100,21.05,37.83
reduce_kernel,19.55,31.43,31.43,49.20,56.25,13.62,17.76
unrolled_elementwise_kernel,0.28,5.65,0.34,6.05,100,40,92.00
sm90_xmma_gemm_bf16bf16_bf16f32_f32_nn_n_tilesize128x128x64_warpgroupsize1x1x1_execute_segment_k_off_kernel__51_cublas,86.58,66.00,33.97,17.42,18.75,0,71.57
sm90_xmma_gemm_bf16f32_bf16f32_f32_nt_n_tilesize128x128x64_warpgroupsize1x1x1_execute_segment_k_off_kernel__51_cublas,65.71,59.73,49.50,18.25,18.75,0,59.71
reduce_kernel,8.55,73.25,73.25,93.26,100,0.00,3.64
vectorized_elementwise_kernel,0.01,10.40,0.05,4.12,100,33.33,98.02
vectorized_elementwise_kernel,11.53,87.86,87.86,83.66,100,43.05,50.96
cuComputePartGradGammaBeta,56.63,85.89,47.19,57.65,62.50,76.97,11.81
cuComputeGradGammaBeta,12.75,9.51,9.51,32.49,50,0,39.88
cuComputeGradInput,30.95,44.61,44.61,48.23,56.25,70.19,25.69
vectorized_elementwise_kernel,21.71,85.23,85.23,81.38,100,31.15,34.61
unrolled_elementwise_kernel,0.55,5.73,0.51,6.10,100,40,93.84
unrolled_elementwise_kernel,0.55,5.74,0.51,6.25,100,40,94.52
vectorized_elementwise_kernel,0.01,11.42,0.03,6.10,100,0,100.52
kernel5,31.62,59.66,59.66,44.45,56.25,11.52,50.88
unrolled_elementwise_kernel,0.54,5.69,0.50,6.24,100,40,93.13
sm90_xmma_gemm_bf16bf16_bf16f32_f32_nn_n_tilesize128x256x64_warpgroupsize2x1x1_execute_segment_k_off_kernel__51_cublas,65.48,42.64,16.70,15.63,18.75,0,74.41
sm90_xmma_gemm_bf16f32_bf16f32_f32_nt_n_tilesize128x128x64_warpgroupsize1x1x1_execute_segment_k_off_kernel__51_cublas,66.62,60.53,36.76,17.68,18.75,0,70.29
sm90_xmma_gemm_bf16bf16_bf16f32_f32_nt_n_tilesize128x128x64_warpgroupsize1x1x1_execute_segment_k_off_kernel__51_cublas,35.23,68.67,68.67,13.87,18.75,0,40.10
sm90_xmma_gemm_bf16bf16_bf16f32_f32_tn_n_tilesize128x128x64_warpgroupsize1x1x1_execute_segment_k_off_kernel__51_cublas,32.99,52.79,47.07,17.79,18.75,0,92.32
vectorized_elementwise_kernel,30.53,87.29,87.29,80.95,100,0,43.27
scaled_upper_triang_masked_softmax_warp_backward,18.42,47.31,47.31,16.84,18.75,22.32,50.83
sm90_xmma_gemm_bf16bf16_bf16f32_f32_nn_n_tilesize128x128x64_warpgroupsize1x1x1_execute_segment_k_off_kernel__51_cublas,34.35,67.33,67.33,13.37,18.75,0,36.72
vectorized_elementwise_kernel,14.70,28.28,27.18,67.59,100,0,53.73
sm90_xmma_gemm_bf16bf16_bf16f32_f32_nt_n_tilesize128x128x64_warpgroupsize1x1x1_execute_segment_k_off_kernel__51_cublas,34.25,67.35,67.35,14.11,18.75,0,39.14
vectorized_elementwise_kernel,14.37,27.81,26.71,58.14,100,0,54.36
CatArrayBatchedCopy,66.98,46.85,13.06,80.05,100,6.39,80.40
sm90_xmma_gemm_bf16bf16_bf16f32_f32_nn_n_tilesize128x128x64_warpgroupsize1x1x1_execute_segment_k_off_kernel__51_cublas,85.83,65.76,29.69,17.43,18.75,0,65.83
sm90_xmma_gemm_bf16f32_bf16f32_f32_nt_n_tilesize128x128x64_warpgroupsize1x1x1_execute_segment_k_off_kernel__51_cublas,66.54,60.49,46.72,18.33,18.75,0,61.83
reduce_kernel,19.40,31.01,31.01,51.21,56.25,13.29,17.25
unrolled_elementwise_kernel,0.20,5.39,0.28,6.09,100,40.00,92.33
reduce_kernel,10.56,85.18,85.18,99.46,100,0,5.08
vectorized_elementwise_kernel,0.01,9.57,0.04,4.70,100,33.33,99.14
vectorized_elementwise_kernel,11.74,87.38,87.38,83.80,100,43.23,51.56
cuComputePartGradGammaBeta,56.09,85.07,46.96,57.99,62.50,76.97,14.84
cuComputeGradGammaBeta,12.68,9.46,9.46,33.50,50,0,38.96
cuComputeGradInput,30.74,44.39,44.39,48.23,56.25,70.41,25.54
vectorized_elementwise_kernel,21.76,85.33,85.33,81.53,100,27.91,35.00
unrolled_elementwise_kernel,0.56,5.65,0.52,6.07,100,40,90.06
unrolled_elementwise_kernel,0.54,5.52,0.50,6.63,100,40,90.55
vectorized_elementwise_kernel,0.01,10.52,0.03,6.22,100,0,99.43
kernel5,31.49,59.46,59.46,44.71,56.25,11.53,51.14
unrolled_elementwise_kernel,0.55,5.64,0.51,6.69,100,40,91.80
sm90_xmma_gemm_bf16bf16_bf16f32_f32_nn_n_tilesize128x256x64_warpgroupsize2x1x1_execute_segment_k_off_kernel__51_cublas,92.29,58.20,35.59,15.65,18.75,72.12,60.71
sm90_xmma_gemm_bf16f32_bf16f32_f32_nt_n_tilesize128x128x64_warpgroupsize1x1x1_execute_segment_k_off_kernel__51_cublas,66.78,60.56,50.10,18.17,18.75,0,59.91
reduce_kernel,9.89,83.47,83.47,84.68,100,0.00,3.61
vectorized_elementwise_kernel,0.01,10.00,0.05,4.62,100,33.33,99.40
vectorized_elementwise_kernel,11.47,88.40,88.40,84.25,100,43.04,51.15
kernel6,74.29,66.64,66.64,85.85,100,21.15,38.85
reduce_kernel,19.52,31.27,31.27,49.02,56.25,13.65,17.62
unrolled_elementwise_kernel,0.28,5.68,0.35,6.55,100,40,93.35
sm90_xmma_gemm_bf16bf16_bf16f32_f32_nn_n_tilesize128x128x64_warpgroupsize1x1x1_execute_segment_k_off_kernel__51_cublas,86.60,66.02,34.09,17.41,18.75,0,65.20
sm90_xmma_gemm_bf16f32_bf16f32_f32_nt_n_tilesize128x128x64_warpgroupsize1x1x1_execute_segment_k_off_kernel__51_cublas,66.02,60.02,49.49,18.14,18.75,0,59.67
reduce_kernel,8.57,72.95,72.95,92.23,100,0.00,3.45
vectorized_elementwise_kernel,0.01,9.34,0.04,4.62,100,33.33,99.22
vectorized_elementwise_kernel,11.57,88.03,88.03,83.58,100,43.10,51.07
cuComputePartGradGammaBeta,55.81,84.62,46.67,58.04,62.50,76.97,11.55
cuComputeGradGammaBeta,12.09,9.43,9.04,33.05,50,0,43.58
cuComputeGradInput,30.63,44.24,44.24,48.32,56.25,70.31,25.75
vectorized_elementwise_kernel,21.97,85.73,85.73,82.15,100,31.14,34.81
unrolled_elementwise_kernel,0.54,5.49,0.50,6.22,100,40,90.47
unrolled_elementwise_kernel,0.55,5.55,0.51,6.26,100,40,90.45
vectorized_elementwise_kernel,0.01,11.22,0.04,6.04,100,0,99.31
kernel5,31.90,60.45,60.45,44.37,56.25,11.52,50.86
unrolled_elementwise_kernel,0.53,5.42,0.49,6.11,100,40,91.53
sm90_xmma_gemm_bf16bf16_bf16f32_f32_nn_n_tilesize128x256x64_warpgroupsize2x1x1_execute_segment_k_off_kernel__51_cublas,65.79,42.95,16.77,15.63,18.75,0,74.98
sm90_xmma_gemm_bf16f32_bf16f32_f32_nt_n_tilesize128x128x64_warpgroupsize1x1x1_execute_segment_k_off_kernel__51_cublas,66.43,60.31,35.85,17.70,18.75,0,70.78
sm90_xmma_gemm_bf16bf16_bf16f32_f32_nt_n_tilesize128x128x64_warpgroupsize1x1x1_execute_segment_k_off_kernel__51_cublas,34.51,68.02,68.02,13.86,18.75,0,38.98
sm90_xmma_gemm_bf16bf16_bf16f32_f32_tn_n_tilesize128x128x64_warpgroupsize1x1x1_execute_segment_k_off_kernel__51_cublas,32.80,53.55,47.43,17.70,18.75,0,92.98
vectorized_elementwise_kernel,30.73,87.75,87.75,81.07,100,0,43.15
scaled_upper_triang_masked_softmax_warp_backward,18.22,46.84,46.84,16.77,18.75,22.14,50.97
sm90_xmma_gemm_bf16bf16_bf16f32_f32_nn_n_tilesize128x128x64_warpgroupsize1x1x1_execute_segment_k_off_kernel__51_cublas,33.75,66.44,66.44,13.62,18.75,0,36.87
vectorized_elementwise_kernel,14.54,28.20,27.01,65.68,100,0,53.89
sm90_xmma_gemm_bf16bf16_bf16f32_f32_nt_n_tilesize128x128x64_warpgroupsize1x1x1_execute_segment_k_off_kernel__51_cublas,34.73,68.61,68.61,13.71,18.75,0,38.81
vectorized_elementwise_kernel,14.74,28.48,27.37,63.37,100,0,54.02
CatArrayBatchedCopy,66.46,47.75,13.16,80.04,100,6.32,81.55
sm90_xmma_gemm_bf16bf16_bf16f32_f32_nn_n_tilesize128x128x64_warpgroupsize1x1x1_execute_segment_k_off_kernel__51_cublas,85.89,65.81,30.44,17.44,18.75,0,65.65
sm90_xmma_gemm_bf16f32_bf16f32_f32_nt_n_tilesize128x128x64_warpgroupsize1x1x1_execute_segment_k_off_kernel__51_cublas,66.95,60.83,47.26,17.90,18.75,0,62.53
reduce_kernel,19.33,30.77,30.77,51.81,56.25,13.23,17.40
unrolled_elementwise_kernel,0.21,5.67,0.29,6.29,100,40.00,93.19
reduce_kernel,10.40,83.98,83.98,97.84,100,0,5.08
vectorized_elementwise_kernel,0.01,9.97,0.05,4.62,100,33.33,97.56
vectorized_elementwise_kernel,11.62,87.08,87.08,84.18,100,43.10,51.69
cuComputePartGradGammaBeta,56.25,85.31,46.54,57.56,62.50,76.97,12.95
cuComputeGradGammaBeta,12.64,9.49,9.47,33.67,50,0,40.73
cuComputeGradInput,30.36,44.29,44.29,48.59,56.25,70.48,26.34
vectorized_elementwise_kernel,21.56,85.01,85.01,81.92,100,31.10,34.90
unrolled_elementwise_kernel,0.54,5.56,0.50,5.97,100,40,88.71
unrolled_elementwise_kernel,0.54,5.64,0.50,6.43,100,40,91.18
vectorized_elementwise_kernel,30.71,81.34,81.34,78.79,100,0,43.44
vectorized_elementwise_kernel,17.65,36.16,24.04,10.94,100,0,100.01
embedding_backward_feature_kernel,26.89,15.48,15.48,83.98,100,33.41,35.66
unrolled_elementwise_kernel,62.47,63.48,63.48,91.71,100,34.74,41.01
reduce_kernel,11.11,82.48,82.48,97.53,100,0,6.33
vectorized_elementwise_kernel,0.01,9.46,0.04,4.62,100,33.33,99.07
vectorized_elementwise_kernel,11.69,86.25,86.25,83.39,100,43.35,51.70
elementwise_kernel,62.91,29.26,29.26,91.85,100,50.43,51.47
vectorized_elementwise_kernel,18.57,41.51,41.51,9.52,100,0,100.32
vectorized_elementwise_kernel,0.09,8.85,0.22,5.14,75,49.90,97.82
vectorized_elementwise_kernel,0.03,9.54,0.18,6.04,100,49.42,99.86
vectorized_elementwise_kernel,0.06,8.31,0.20,6.01,100,75,97.08
elementwise_kernel_with_index,0.15,11.22,0.03,2.93,100,0,98.10
DeviceRadixSortSingleTileKernel,0.22,3.32,0.16,12.34,12.50,60,94.27
indexing_backward_kernel,3.47,1.91,1.22,3.82,100,70.44,52.03
unrolled_elementwise_kernel,62.40,68.11,68.11,92.75,100,34.08,41.07
reduce_kernel,8.74,75.11,75.11,89.67,100,0.00,4.23
vectorized_elementwise_kernel,0.01,10.09,0.04,5.71,100,33.33,99.75
vectorized_elementwise_kernel,11.46,88.05,88.05,84.69,100,43.00,51.12
vectorized_elementwise_kernel,0.01,11.02,0.03,6.24,100,0,101.38
multi_tensor_apply_kernel,8.17,74.67,74.67,56.91,100,0.01,4.10
multi_tensor_apply_kernel,8.35,76.46,76.46,59.54,100,0.01,6.30
multi_tensor_apply_kernel,8.18,75.15,75.15,59.34,100,0.01,7.67
multi_tensor_apply_kernel,8.38,76.83,76.83,59.94,100,0.01,9.38
multi_tensor_apply_kernel,8.13,74.37,74.37,59.96,100,0.01,11.12
multi_tensor_apply_kernel,8.09,73.92,73.92,58.72,100,0.01,14.06
multi_tensor_apply_kernel,8.13,74.14,74.14,60.30,100,0.01,13.99
multi_tensor_apply_kernel,8.25,75.22,75.22,57.19,100,0.01,14.65
multi_tensor_apply_kernel,8.45,77.20,77.20,59.85,100,0.01,16.52
multi_tensor_apply_kernel,8.15,74.49,74.49,58.69,100,0.01,14.47
multi_tensor_apply_kernel,8.26,75.69,75.69,58.66,100,0.01,15.55
multi_tensor_apply_kernel,8.35,76.57,76.57,58.39,100,0.01,15.00
multi_tensor_apply_kernel,8.47,77.04,77.04,58.97,100,0.01,16.29
multi_tensor_apply_kernel,8.40,76.85,76.85,57.69,100,0.01,16.21
multi_tensor_apply_kernel,8.28,76.03,76.03,57.60,100,0.01,15.48
multi_tensor_apply_kernel,8.32,76.20,76.20,56.77,100,0.01,15.26
multi_tensor_apply_kernel,8.29,75.90,75.90,58.82,100,0.01,16.08
multi_tensor_apply_kernel,8.40,76.89,76.89,56.67,100,0.01,16.22
multi_tensor_apply_kernel,8.17,74.89,74.89,59.65,100,0.01,15.79
multi_tensor_apply_kernel,8.36,76.64,76.64,57.77,100,0.01,16.42
multi_tensor_apply_kernel,8.43,77.01,77.01,58.33,100,0.01,15.76
multi_tensor_apply_kernel,8.41,77.02,77.02,56.85,100,0.01,14.72
multi_tensor_apply_kernel,8.33,76.17,76.17,59.96,100,0.01,15.84
multi_tensor_apply_kernel,8.38,76.83,76.83,58.38,100,0.01,15.37
multi_tensor_apply_kernel,8.28,75.31,75.31,58.46,100,0.01,14.97
multi_tensor_apply_kernel,8.35,76.49,76.49,59.66,100,0.01,14.50
multi_tensor_apply_kernel,8.34,76.40,76.40,60.54,100,0.01,15.89
multi_tensor_apply_kernel,8.45,77.45,77.45,56.59,100,0.01,16.03
multi_tensor_apply_kernel,8.31,76.01,76.01,58.57,100,0.01,15.90
multi_tensor_apply_kernel,8.24,75.12,75.12,58.50,100,0.01,17.08
multi_tensor_apply_kernel,8.40,76.93,76.93,55.93,100,0.01,14.94
multi_tensor_apply_kernel,8.31,76.20,76.20,57.24,100,0.01,15.02
multi_tensor_apply_kernel,8.22,74.93,74.93,59.47,100,0.01,15.21
multi_tensor_apply_kernel,8.50,77.61,77.61,56.76,100,0.01,16.41
multi_tensor_apply_kernel,8.08,74.07,74.07,58.51,100,0.01,16.23
multi_tensor_apply_kernel,8.39,76.75,76.75,57.33,100,0.01,16.83
multi_tensor_apply_kernel,8.41,76.95,76.95,57.98,100,0.01,15.14
multi_tensor_apply_kernel,8.18,74.98,74.98,58.91,100,0.01,13.78
multi_tensor_apply_kernel,8.11,74.34,74.34,59.05,100,0.01,15.40
multi_tensor_apply_kernel,8.01,73.51,73.51,56.56,100,0.01,15.01
multi_tensor_apply_kernel,8.31,75.97,75.97,57.96,100,0.01,15.08
multi_tensor_apply_kernel,8.27,75.56,75.56,59.15,100,0.01,16.61
multi_tensor_apply_kernel,8.30,75.97,75.97,58.20,100,0.01,15.32
multi_tensor_apply_kernel,8.41,76.75,76.75,56.06,100,0.01,15.81
multi_tensor_apply_kernel,8.45,77.38,77.38,59.86,100,0.01,15.94
multi_tensor_apply_kernel,8.38,76.64,76.64,56.48,100,0.01,14.43
multi_tensor_apply_kernel,8.28,75.91,75.91,59.74,100,0.01,15.78
multi_tensor_apply_kernel,8.23,75.52,75.52,55.57,100,0.01,14.91
multi_tensor_apply_kernel,8.41,76.57,76.57,59.01,100,0.01,16.09
multi_tensor_apply_kernel,8.43,77.12,77.12,57.99,100,0.01,16.72
multi_tensor_apply_kernel,8.23,75.43,75.43,58.49,100,0.01,16.47
multi_tensor_apply_kernel,8.15,74.61,74.61,58.85,100,0.01,17.48
multi_tensor_apply_kernel,8.30,75.82,75.82,59.39,100,0.01,15.50
multi_tensor_apply_kernel,8.24,75.48,75.48,57.74,100,0.01,15.85
multi_tensor_apply_kernel,8.11,74.45,74.45,57.43,100,0.01,14.67
multi_tensor_apply_kernel,8.34,76.24,76.24,57.68,100,0.01,16.27
multi_tensor_apply_kernel,8.38,76.15,76.15,58.36,100,0.01,15.52
multi_tensor_apply_kernel,8.33,75.95,75.95,57.98,100,0.01,15.00
multi_tensor_apply_kernel,8.18,74.99,74.99,61.33,100,0.01,14.95
multi_tensor_apply_kernel,8.45,77.33,77.33,56.28,100,0.01,16.00
multi_tensor_apply_kernel,8.41,76.82,76.82,58.91,100,0.01,15.33
multi_tensor_apply_kernel,8.31,76.24,76.24,60.02,100,0.01,14.46
multi_tensor_apply_kernel,8.23,75.08,75.08,59.02,100,0.01,16.36
multi_tensor_apply_kernel,8.37,76.40,76.40,59.32,100,0.01,14.15
multi_tensor_apply_kernel,8.38,76.82,76.82,59.12,100,0.01,15.58
multi_tensor_apply_kernel,8.39,76.97,76.97,60.67,100,0.01,14.72
multi_tensor_apply_kernel,8.44,77.27,77.27,58.14,100,0.01,17.07
multi_tensor_apply_kernel,8.34,75.87,75.87,59.29,100,0.01,15.77
multi_tensor_apply_kernel,8.28,75.71,75.71,57.05,100,0.01,15.61
multi_tensor_apply_kernel,8.34,76.51,76.51,57.38,100,0.01,15.63
multi_tensor_apply_kernel,8.58,78.18,78.18,58.57,100,0.01,15.81
multi_tensor_apply_kernel,8.23,75.17,75.17,58.69,100,0.01,15.96
multi_tensor_apply_kernel,8.05,73.86,73.86,59.84,100,0.01,15.83
multi_tensor_apply_kernel,8.39,76.58,76.58,58.14,100,0.01,16.01
multi_tensor_apply_kernel,8.19,74.95,74.95,58.93,100,0.01,16.87
multi_tensor_apply_kernel,8.31,76.01,76.01,57.49,100,0.01,14.92
multi_tensor_apply_kernel,8.26,75.83,75.83,59.30,100,0.01,15.09
multi_tensor_apply_kernel,8.33,76.12,76.12,59.59,100,0.01,14.98
multi_tensor_apply_kernel,8.49,77.51,77.51,58.05,100,0.01,14.41
multi_tensor_apply_kernel,8.41,76.59,76.59,58.07,100,0.01,16.11
multi_tensor_apply_kernel,8.32,75.90,75.90,59.02,100,0.01,15.25
multi_tensor_apply_kernel,8.29,75.92,75.92,57.98,100,0.01,16.28
multi_tensor_apply_kernel,8.51,77.65,77.65,57.16,100,0.01,15.56
multi_tensor_apply_kernel,8.08,74.22,74.22,56.56,100,0.01,16.05
multi_tensor_apply_kernel,8.22,75.43,75.43,57.48,100,0.01,15.80
multi_tensor_apply_kernel,8.24,75.25,75.25,58.94,100,0.01,15.51
multi_tensor_apply_kernel,8.35,76.78,76.78,59.63,100,0.01,15.10
multi_tensor_apply_kernel,8.29,76.00,76.00,58.43,100,0.01,15.84
multi_tensor_apply_kernel,8.04,73.84,73.84,57.83,100,0.01,16.44
multi_tensor_apply_kernel,8.14,74.31,74.31,58.36,100,0.01,16.71
multi_tensor_apply_kernel,8.32,75.98,75.98,57.64,100,0.01,14.89
multi_tensor_apply_kernel,8.40,76.69,76.69,58.62,100,0.01,14.98
multi_tensor_apply_kernel,8.43,76.91,76.91,59.51,100,0.01,15.52
multi_tensor_apply_kernel,8.28,75.60,75.60,59.22,100,0.01,15.34
multi_tensor_apply_kernel,8.13,74.26,74.26,58.41,100,0.01,15.15
multi_tensor_apply_kernel,8.35,76.24,76.24,58.23,100,0.01,16.05
multi_tensor_apply_kernel,8.41,76.81,76.81,57.89,100,0.01,15.30
multi_tensor_apply_kernel,8.38,76.49,76.49,60.24,100,0.01,15.98
multi_tensor_apply_kernel,8.35,76.71,76.71,57.97,100,0.01,15.37
multi_tensor_apply_kernel,8.36,76.55,76.55,59.10,100,0.01,14.97
multi_tensor_apply_kernel,8.26,75.91,75.91,58.21,100,0.01,16.30
multi_tensor_apply_kernel,8.36,76.49,76.49,60.39,100,0.01,15.02
multi_tensor_apply_kernel,8.48,77.34,77.34,56.89,100,0.01,14.98
multi_tensor_apply_kernel,8.36,76.30,76.30,56.92,100,0.01,16.70
multi_tensor_apply_kernel,8.18,74.61,74.61,58.45,100,0.01,15.59
multi_tensor_apply_kernel,8.32,76.20,76.20,61.09,100,0.01,16.05
multi_tensor_apply_kernel,8.43,76.95,76.95,56.19,100,0.01,16.28
multi_tensor_apply_kernel,8.22,75.44,75.44,58.81,100,0.01,17.13
multi_tensor_apply_kernel,8.17,74.94,74.94,58.76,100,0.01,14.74
multi_tensor_apply_kernel,8.05,73.60,73.60,58.24,100,0.01,15.67
multi_tensor_apply_kernel,8.53,77.92,77.92,57.86,100,0.01,15.78
multi_tensor_apply_kernel,8.05,73.91,73.91,59.22,100,0.01,15.01
multi_tensor_apply_kernel,8.30,75.96,75.96,58.42,100,0.01,15.31
multi_tensor_apply_kernel,8.53,77.92,77.92,59.05,100,0.01,15.80
multi_tensor_apply_kernel,8.23,75.32,75.32,58.76,100,0.01,15.41
multi_tensor_apply_kernel,8.16,74.97,74.97,60.32,100,0.01,15.27
multi_tensor_apply_kernel,8.29,76.05,76.05,57.23,100,0.01,15.62
multi_tensor_apply_kernel,8.33,76.16,76.16,58.22,100,0.01,15.41
multi_tensor_apply_kernel,8.49,77.60,77.60,58.73,100,0.01,15.91
multi_tensor_apply_kernel,8.40,76.95,76.95,57.30,100,0.01,14.93
multi_tensor_apply_kernel,8.10,74.29,74.29,57.46,100,0.01,16.26
multi_tensor_apply_kernel,8.33,76.36,76.36,57.02,100,0.01,16.32
multi_tensor_apply_kernel,8.44,77.32,77.32,59.27,100,0.01,15.31
multi_tensor_apply_kernel,8.46,77.31,77.31,57.84,100,0.01,15.33
multi_tensor_apply_kernel,8.23,74.98,74.98,58.38,100,0.01,16.07
multi_tensor_apply_kernel,8.14,74.66,74.66,58.01,100,0.01,16.22
multi_tensor_apply_kernel,8.32,76.31,76.31,58.22,100,0.01,16.06
multi_tensor_apply_kernel,8.28,75.66,75.66,57.95,100,0.01,16.10
multi_tensor_apply_kernel,8.17,74.74,74.74,59.67,100,0.01,14.91
multi_tensor_apply_kernel,8.27,75.50,75.50,58.08,100,0.01,14.97
multi_tensor_apply_kernel,8.36,76.19,76.19,58.99,100,0.01,15.72
multi_tensor_apply_kernel,8.44,77.12,77.12,59.08,100,0.01,16.34
multi_tensor_apply_kernel,8.31,76.05,76.05,57.51,100,0.01,15.18
multi_tensor_apply_kernel,8.29,75.89,75.89,60.49,100,0.01,16.87
multi_tensor_apply_kernel,7.36,61.96,61.96,38.21,100,0.02,16.40
cleanup,0.05,8.70,0.06,29.36,100,0,99.16
vectorized_elementwise_kernel,0.00,10.20,0.04,5.46,100,0,99.21
multi_tensor_apply_kernel,7.74,75.58,75.58,57.28,100,49.20,54.92
multi_tensor_apply_kernel,7.70,75.20,75.20,58.27,100,48.92,54.72
multi_tensor_apply_kernel,7.75,75.86,75.86,58.19,100,48.95,54.39
multi_tensor_apply_kernel,7.77,75.95,75.95,56.47,100,49.13,54.63
multi_tensor_apply_kernel,7.75,75.64,75.64,56.55,100,49.04,54.57
multi_tensor_apply_kernel,7.77,75.68,75.68,58.19,100,48.97,54.47
multi_tensor_apply_kernel,7.58,74.10,74.10,57.49,100,49.20,54.28
multi_tensor_apply_kernel,7.83,76.55,76.55,57.25,100,49.29,54.29
multi_tensor_apply_kernel,7.86,76.79,76.79,56.65,100,48.98,54.65
multi_tensor_apply_kernel,7.79,76.10,76.10,57.05,100,49.19,54.11
multi_tensor_apply_kernel,7.69,75.12,75.12,56.30,100,49.00,54.40
multi_tensor_apply_kernel,7.68,75.06,75.06,56.63,100,49.10,54.17
multi_tensor_apply_kernel,7.90,76.88,76.88,56.70,100,48.84,54.50
multi_tensor_apply_kernel,7.63,74.58,74.58,57.08,100,49.16,54.44
multi_tensor_apply_kernel,7.81,76.36,76.36,56.88,100,48.90,54.32
multi_tensor_apply_kernel,7.73,75.56,75.56,58.25,100,49.03,54.28
multi_tensor_apply_kernel,7.71,75.01,75.01,56.20,100,49.21,54.49
multi_tensor_apply_kernel,7.72,75.59,75.59,58.25,100,49.00,54.44
multi_tensor_apply_kernel,7.78,76.11,76.11,57.35,100,49.18,54.35
multi_tensor_apply_kernel,7.78,76.12,76.12,57.68,100,48.97,54.53
multi_tensor_apply_kernel,7.78,76.08,76.08,56.41,100,49.05,54.31
multi_tensor_apply_kernel,7.80,76.18,76.18,58.22,100,49.25,54.08
multi_tensor_apply_kernel,7.77,75.89,75.89,57.08,100,48.88,54.54
multi_tensor_apply_kernel,7.79,75.81,75.81,57.92,100,49.11,54.24
multi_tensor_apply_kernel,7.78,76.12,76.12,57.27,100,48.96,54.12
multi_tensor_apply_kernel,7.84,76.64,76.64,57.25,100,49.25,54.12
multi_tensor_apply_kernel,7.77,76.00,76.00,57.17,100,48.88,54.42
multi_tensor_apply_kernel,7.79,76.33,76.33,56.83,100,48.85,54.39
multi_tensor_apply_kernel,7.83,76.51,76.51,57.45,100,49.01,54.37
multi_tensor_apply_kernel,7.73,75.20,75.20,57.17,100,48.64,54.69
multi_tensor_apply_kernel,7.75,75.40,75.40,56.15,100,49.19,54.12
multi_tensor_apply_kernel,7.83,76.67,76.67,57.46,100,49.28,54.26
multi_tensor_apply_kernel,7.80,76.22,76.22,57.50,100,48.97,54.31
multi_tensor_apply_kernel,7.69,75.00,75.00,57.15,100,49.22,54.53
multi_tensor_apply_kernel,7.76,75.87,75.87,56.68,100,49.26,54.47
multi_tensor_apply_kernel,7.81,76.17,76.17,58.28,100,49.28,54.70
multi_tensor_apply_kernel,7.89,77.08,77.08,57.37,100,48.94,54.15
multi_tensor_apply_kernel,7.80,76.17,76.17,57.28,100,48.91,53.94
multi_tensor_apply_kernel,7.74,75.62,75.62,57.21,100,48.87,54.30
multi_tensor_apply_kernel,7.82,76.49,76.49,57.18,100,49.08,54.18
multi_tensor_apply_kernel,7.74,75.38,75.38,57.37,100,49.14,54.23
multi_tensor_apply_kernel,7.73,75.51,75.51,57.01,100,49.13,54.67
multi_tensor_apply_kernel,7.81,76.44,76.44,57.14,100,49.30,54.17
multi_tensor_apply_kernel,7.76,75.92,75.92,56.94,100,49.33,54.34
multi_tensor_apply_kernel,7.85,76.44,76.44,56.29,100,49.00,54.48
multi_tensor_apply_kernel,7.85,76.70,76.70,57.85,100,48.83,54.00
multi_tensor_apply_kernel,7.70,75.29,75.29,57.11,100,49.28,54.40
multi_tensor_apply_kernel,7.78,75.61,75.61,58.21,100,49.32,54.24
multi_tensor_apply_kernel,7.86,76.57,76.57,57.43,100,49.15,54.46
multi_tensor_apply_kernel,7.87,76.99,76.99,57.36,100,49.23,54.57
multi_tensor_apply_kernel,7.77,76.06,76.06,57.23,100,49.06,54.48
multi_tensor_apply_kernel,7.76,75.77,75.77,57.78,100,49.11,54.72
multi_tensor_apply_kernel,7.79,75.97,75.97,57.58,100,49.23,54.28
multi_tensor_apply_kernel,7.89,76.82,76.82,57.02,100,48.61,54.39
multi_tensor_apply_kernel,7.87,76.76,76.76,57.43,100,49.12,54.04
multi_tensor_apply_kernel,7.73,75.53,75.53,57.08,100,48.76,54.64
multi_tensor_apply_kernel,7.82,76.41,76.41,57.47,100,49.18,54.19
multi_tensor_apply_kernel,7.86,76.86,76.86,57.37,100,48.83,54.12
multi_tensor_apply_kernel,7.88,76.73,76.73,57.26,100,49.09,54.12
multi_tensor_apply_kernel,7.69,75.20,75.20,56.18,100,49.08,54.42
multi_tensor_apply_kernel,7.71,75.18,75.18,56.98,100,48.86,54.31
multi_tensor_apply_kernel,7.70,75.36,75.36,57.51,100,49.06,54.02
multi_tensor_apply_kernel,7.79,75.88,75.88,56.51,100,48.94,54.51
multi_tensor_apply_kernel,7.77,75.83,75.83,57.96,100,48.89,53.95
multi_tensor_apply_kernel,7.87,76.80,76.80,57.22,100,49.15,54.35
multi_tensor_apply_kernel,7.84,76.73,76.73,57.10,100,49.10,54.10
multi_tensor_apply_kernel,7.78,76.13,76.13,57.08,100,49.10,54.71
multi_tensor_apply_kernel,7.75,75.37,75.37,57.21,100,49.00,54.37
multi_tensor_apply_kernel,7.84,76.58,76.58,56.37,100,49.19,54.39
multi_tensor_apply_kernel,7.81,76.45,76.45,56.99,100,48.80,54.30
multi_tensor_apply_kernel,7.72,75.44,75.44,57.18,100,48.90,54.31
multi_tensor_apply_kernel,7.86,76.74,76.74,57.36,100,48.97,54.43
multi_tensor_apply_kernel,7.72,75.54,75.54,57.30,100,48.83,54.35
multi_tensor_apply_kernel,7.83,76.68,76.68,56.35,100,48.94,54.45
multi_tensor_apply_kernel,7.70,75.04,75.04,56.75,100,49.13,54.78
multi_tensor_apply_kernel,7.87,76.47,76.47,57.95,100,48.91,54.05
multi_tensor_apply_kernel,7.85,76.51,76.51,56.56,100,49.24,54.17
multi_tensor_apply_kernel,7.76,76.00,76.00,57.15,100,49.11,54.24
multi_tensor_apply_kernel,7.80,76.17,76.17,57.78,100,49.00,54.23
multi_tensor_apply_kernel,7.85,76.38,76.38,57.22,100,48.88,54.41
multi_tensor_apply_kernel,7.81,76.57,76.57,58.16,100,48.96,54.26
multi_tensor_apply_kernel,7.73,75.74,75.74,58.29,100,48.90,54.40
multi_tensor_apply_kernel,7.81,76.20,76.20,56.59,100,49.25,53.87
multi_tensor_apply_kernel,7.81,75.97,75.97,57.16,100,49.10,54.38
multi_tensor_apply_kernel,7.87,76.70,76.70,57.39,100,48.90,54.39
multi_tensor_apply_kernel,7.90,77.25,77.25,58.50,100,49.21,54.18
multi_tensor_apply_kernel,7.83,76.41,76.41,57.30,100,49.08,54.35
multi_tensor_apply_kernel,7.61,74.20,74.20,57.27,100,49.00,54.35
multi_tensor_apply_kernel,7.73,75.69,75.69,56.84,100,48.78,54.24
multi_tensor_apply_kernel,7.70,75.36,75.36,56.56,100,49.17,54.31
multi_tensor_apply_kernel,7.84,76.20,76.20,56.49,100,49.06,54.37
multi_tensor_apply_kernel,7.76,75.75,75.75,57.44,100,48.90,54.84
multi_tensor_apply_kernel,7.80,76.35,76.35,58.21,100,49.09,54.55
multi_tensor_apply_kernel,7.72,75.53,75.53,56.99,100,48.87,54.28
multi_tensor_apply_kernel,7.86,76.78,76.78,56.18,100,49.20,54.22
multi_tensor_apply_kernel,7.77,75.94,75.94,57.85,100,48.79,54.64
multi_tensor_apply_kernel,7.86,76.98,76.98,57.58,100,48.72,54.06
multi_tensor_apply_kernel,7.72,75.53,75.53,56.50,100,49.06,54.18
multi_tensor_apply_kernel,7.68,74.69,74.69,56.49,100,48.95,54.13
multi_tensor_apply_kernel,7.81,76.22,76.22,57.02,100,48.93,54.44
multi_tensor_apply_kernel,7.88,76.71,76.71,57.19,100,48.81,54.24
multi_tensor_apply_kernel,7.80,76.31,76.31,57.26,100,49.17,54.86
multi_tensor_apply_kernel,7.83,76.63,76.63,57.39,100,49.03,54.30
multi_tensor_apply_kernel,7.83,76.44,76.44,56.29,100,48.88,54.00
multi_tensor_apply_kernel,7.87,76.61,76.61,57.07,100,48.93,54.29
multi_tensor_apply_kernel,7.81,76.28,76.28,56.67,100,48.70,54.13
multi_tensor_apply_kernel,7.88,76.91,76.91,57.37,100,48.99,54.24
multi_tensor_apply_kernel,7.76,75.75,75.75,57.89,100,48.91,54.57
multi_tensor_apply_kernel,7.85,76.97,76.97,56.48,100,48.89,54.27
multi_tensor_apply_kernel,7.74,75.63,75.63,57.17,100,48.93,54.20
multi_tensor_apply_kernel,7.70,75.37,75.37,57.67,100,48.96,54.75
multi_tensor_apply_kernel,7.80,76.46,76.46,56.21,100,48.91,54.10
multi_tensor_apply_kernel,7.82,76.37,76.37,57.09,100,48.87,54.64
multi_tensor_apply_kernel,7.84,76.71,76.71,57.10,100,48.85,54.44
multi_tensor_apply_kernel,7.80,76.58,76.58,57.16,100,48.82,54.32
multi_tensor_apply_kernel,7.77,75.94,75.94,57.26,100,48.97,53.75
multi_tensor_apply_kernel,7.76,75.78,75.78,57.28,100,48.98,54.63
multi_tensor_apply_kernel,7.81,76.46,76.46,57.82,100,48.99,54.41
multi_tensor_apply_kernel,7.84,76.45,76.45,57.31,100,48.97,54.37
multi_tensor_apply_kernel,7.75,75.97,75.97,57.08,100,48.95,54.30
multi_tensor_apply_kernel,7.75,75.67,75.67,56.40,100,49.15,53.96
multi_tensor_apply_kernel,7.71,75.46,75.46,57.10,100,49.01,54.04
multi_tensor_apply_kernel,7.76,75.70,75.70,57.77,100,48.98,54.41
multi_tensor_apply_kernel,7.76,75.77,75.77,57.44,100,48.92,54.46
multi_tensor_apply_kernel,7.72,75.68,75.68,58.32,100,48.86,54.85
multi_tensor_apply_kernel,7.75,75.74,75.74,58.21,100,49.28,54.63
multi_tensor_apply_kernel,7.75,75.87,75.87,56.52,100,48.88,54.52
multi_tensor_apply_kernel,7.73,75.89,75.89,57.08,100,48.98,54.28
multi_tensor_apply_kernel,7.65,74.78,74.78,56.72,100,49.15,54.41
multi_tensor_apply_kernel,7.75,75.39,75.39,56.99,100,48.71,53.99
multi_tensor_apply_kernel,7.76,75.54,75.54,56.43,100,48.98,54.53
multi_tensor_apply_kernel,7.74,75.71,75.71,56.85,100,49.01,54.57
multi_tensor_apply_kernel,7.67,75.05,75.05,57.87,100,49.14,53.94
multi_tensor_apply_kernel,7.71,75.01,75.01,57.19,100,48.88,54.42
multi_tensor_apply_kernel,7.32,61.92,61.92,33.91,100,49.93,54.92
multi_tensor_apply_kernel,1.34,8.46,5.92,23.31,100,50,64.26
multi_tensor_apply_kernel,15.14,76.35,76.35,47.31,50,29.19,46.86
multi_tensor_apply_kernel,15.27,77.02,77.02,47.25,50,32.20,45.77
multi_tensor_apply_kernel,15.25,76.94,76.94,47.23,50,28.67,44.95
multi_tensor_apply_kernel,15.11,76.18,76.18,47.29,50,30.62,44.80
multi_tensor_apply_kernel,15.31,76.70,76.70,46.77,50,29.61,44.57
multi_tensor_apply_kernel,15.39,76.85,76.85,46.77,50,29.40,44.85
multi_tensor_apply_kernel,15.38,76.71,76.71,46.76,50,29.94,44.80
multi_tensor_apply_kernel,15.31,76.36,76.36,47.10,50,29.12,44.89
multi_tensor_apply_kernel,15.20,75.88,75.88,47.10,50,31.67,44.78
multi_tensor_apply_kernel,15.28,76.48,76.48,46.41,50,30.42,44.78
multi_tensor_apply_kernel,15.18,76.10,76.10,46.80,50,29.53,44.74
multi_tensor_apply_kernel,15.25,76.11,76.11,46.83,50,31.17,44.87
multi_tensor_apply_kernel,15.24,76.35,76.35,46.87,50,30.19,44.77
multi_tensor_apply_kernel,15.38,76.60,76.60,46.96,50,31.41,44.96
multi_tensor_apply_kernel,15.25,76.47,76.47,47.26,50,29.22,44.68
multi_tensor_apply_kernel,15.26,76.40,76.40,46.71,50,31.51,44.89
multi_tensor_apply_kernel,15.41,76.63,76.63,46.81,50,29.75,44.65
multi_tensor_apply_kernel,15.30,76.59,76.59,46.16,50,31.62,44.76
multi_tensor_apply_kernel,14.95,74.61,74.61,47.10,50,30.93,44.85
multi_tensor_apply_kernel,15.29,76.64,76.64,47.29,50,26.49,44.93
multi_tensor_apply_kernel,15.30,76.32,76.32,46.93,50,30.18,44.78
multi_tensor_apply_kernel,15.29,76.61,76.61,47.09,50,30.90,44.70
multi_tensor_apply_kernel,15.45,76.53,76.53,47.10,50,26.16,44.84
multi_tensor_apply_kernel,15.17,76.15,76.15,47.52,50,29.80,44.84
multi_tensor_apply_kernel,15.23,76.29,76.29,46.99,50,28.99,44.75
multi_tensor_apply_kernel,15.34,76.49,76.49,47.01,50,31.06,44.81
multi_tensor_apply_kernel,15.28,76.55,76.55,46.78,50,29.26,44.78
multi_tensor_apply_kernel,15.36,76.52,76.52,47.01,50,27.68,44.88
multi_tensor_apply_kernel,15.35,76.60,76.60,46.29,50,30.43,44.84
multi_tensor_apply_kernel,15.45,76.68,76.68,46.58,50,29.23,44.71
multi_tensor_apply_kernel,15.36,76.54,76.54,47.30,50,30.59,44.80
multi_tensor_apply_kernel,15.28,76.65,76.65,46.15,50,30.42,44.72
multi_tensor_apply_kernel,14.91,74.74,74.74,46.84,50,30.42,44.72
multi_tensor_apply_kernel,15.29,76.12,76.12,47.32,50,31.83,44.86
multi_tensor_apply_kernel,15.35,76.19,76.19,47.03,50,29.63,44.85
multi_tensor_apply_kernel,15.36,76.48,76.48,46.97,50,27.85,44.70
multi_tensor_apply_kernel,15.18,76.11,76.11,47.04,50,29.68,44.88
multi_tensor_apply_kernel,15.21,76.23,76.23,46.78,50,31.17,44.76
multi_tensor_apply_kernel,15.39,76.79,76.79,47.34,50,29.01,44.77
multi_tensor_apply_kernel,15.28,76.57,76.57,46.92,50,28.54,44.87
multi_tensor_apply_kernel,15.34,76.87,76.87,46.34,50,29.26,44.81
multi_tensor_apply_kernel,15.20,76.27,76.27,47.38,50,28.25,44.83
multi_tensor_apply_kernel,15.35,76.62,76.62,47.13,50,30.98,44.80
multi_tensor_apply_kernel,15.15,75.87,75.87,46.98,50,29.19,44.76
multi_tensor_apply_kernel,15.38,76.50,76.50,46.27,50,29.43,44.63
multi_tensor_apply_kernel,15.27,76.50,76.50,46.97,50,28.64,44.92
multi_tensor_apply_kernel,14.56,72.93,72.93,46.89,50,31.30,44.70
multi_tensor_apply_kernel,14.88,74.23,74.23,46.61,50,27.89,44.98
multi_tensor_apply_kernel,15.20,75.84,75.84,46.87,50,28.16,44.78
multi_tensor_apply_kernel,15.35,76.32,76.32,47.05,50,29.79,44.69
multi_tensor_apply_kernel,15.16,75.74,75.74,47.28,50,29.91,44.87
multi_tensor_apply_kernel,15.22,76.25,76.25,45.94,50,28.96,44.77
multi_tensor_apply_kernel,15.34,76.50,76.50,47.12,50,28.43,44.97
multi_tensor_apply_kernel,15.37,76.65,76.65,47.42,50,31.21,44.67
multi_tensor_apply_kernel,15.23,76.30,76.30,47.16,50,29.85,44.78
multi_tensor_apply_kernel,15.29,76.22,76.22,47.12,50,31.40,44.96
multi_tensor_apply_kernel,15.50,76.75,76.75,47.36,50,30.25,44.67
multi_tensor_apply_kernel,15.20,76.14,76.14,47.57,50,31.71,44.84
multi_tensor_apply_kernel,15.31,75.62,75.62,47.38,50,31.03,44.77
multi_tensor_apply_kernel,15.26,76.39,76.39,46.73,50,32.07,44.73
multi_tensor_apply_kernel,15.37,76.39,76.39,47.07,50,30.72,44.76
multi_tensor_apply_kernel,15.36,76.57,76.57,46.07,50,30.38,44.71
multi_tensor_apply_kernel,15.32,76.71,76.71,46.62,50,29.30,44.72
multi_tensor_apply_kernel,15.25,76.10,76.10,46.51,50,29.96,44.70
multi_tensor_apply_kernel,15.22,76.23,76.23,46.59,50,30.47,44.85
multi_tensor_apply_kernel,15.46,76.69,76.69,46.74,50,31.47,44.78
multi_tensor_apply_kernel,15.08,75.28,75.28,47.10,50,31.52,44.86
multi_tensor_apply_kernel,15.24,76.32,76.32,47.17,50,31.15,44.90
multi_tensor_apply_kernel,15.19,76.09,76.09,47.06,50,29.68,44.85
multi_tensor_apply_kernel,15.19,76.15,76.15,46.92,50,32.36,44.81
multi_tensor_apply_kernel,15.14,75.57,75.57,47.02,50,26.62,44.64
multi_tensor_apply_kernel,15.28,76.56,76.56,46.79,50,29.64,44.87
multi_tensor_apply_kernel,14.75,73.60,73.60,47.07,50,30.06,44.83
multi_tensor_apply_kernel,15.29,76.36,76.36,46.75,50,29.07,44.79
multi_tensor_apply_kernel,15.24,76.37,76.37,46.33,50,31.40,44.80
multi_tensor_apply_kernel,15.43,76.77,76.77,47.19,50,30.51,44.77
multi_tensor_apply_kernel,15.27,76.47,76.47,46.54,50,31.53,44.64
multi_tensor_apply_kernel,15.29,76.66,76.66,46.83,50,30.59,44.83
multi_tensor_apply_kernel,15.18,75.83,75.83,47.12,50,30.26,44.82
multi_tensor_apply_kernel,15.24,76.18,76.18,46.88,50,30.50,44.89
multi_tensor_apply_kernel,15.26,76.48,76.48,47.26,50,28.08,44.84
multi_tensor_apply_kernel,15.37,76.92,76.92,46.78,50,30.08,44.77
multi_tensor_apply_kernel,15.29,76.23,76.23,46.62,50,31.14,44.89
multi_tensor_apply_kernel,15.21,76.24,76.24,46.94,50,29.80,44.89
multi_tensor_apply_kernel,15.27,76.47,76.47,47.36,50,31.03,44.62
multi_tensor_apply_kernel,15.20,76.20,76.20,47.06,50,28.32,44.73
multi_tensor_apply_kernel,15.32,76.40,76.40,47.10,50,31.50,44.90
multi_tensor_apply_kernel,15.30,76.22,76.22,46.45,50,29.19,44.86
multi_tensor_apply_kernel,15.18,76.04,76.04,46.81,50,31.08,44.75
multi_tensor_apply_kernel,15.27,76.15,76.15,46.99,50,31.86,44.82
multi_tensor_apply_kernel,15.29,76.52,76.52,46.35,50,31.53,44.77
multi_tensor_apply_kernel,15.13,75.82,75.82,46.30,50,30.00,44.84
multi_tensor_apply_kernel,15.29,76.59,76.59,46.76,50,32.12,44.78
multi_tensor_apply_kernel,15.40,76.88,76.88,46.84,50,30.62,44.75
multi_tensor_apply_kernel,15.30,76.70,76.70,47.26,50,28.82,44.73
multi_tensor_apply_kernel,15.23,76.38,76.38,47.12,50,29.43,44.83
multi_tensor_apply_kernel,15.33,76.73,76.73,47.34,50,31.37,44.74
multi_tensor_apply_kernel,15.38,76.66,76.66,46.69,50,30.20,44.89
multi_tensor_apply_kernel,15.21,76.14,76.14,46.79,50,30.23,44.70
multi_tensor_apply_kernel,15.26,76.48,76.48,47.16,50,30.76,44.77
multi_tensor_apply_kernel,15.28,76.61,76.61,46.65,50,31.55,44.93
multi_tensor_apply_kernel,15.17,76.14,76.14,46.97,50,25.54,44.76
multi_tensor_apply_kernel,14.69,73.65,73.65,47.36,50,30.00,44.76
multi_tensor_apply_kernel,15.11,75.27,75.27,46.76,50,28.36,44.80
multi_tensor_apply_kernel,15.35,76.89,76.89,46.73,50,28.44,44.77
multi_tensor_apply_kernel,15.35,76.87,76.87,46.92,50,30.68,44.87
multi_tensor_apply_kernel,15.36,76.58,76.58,47.52,50,28.82,44.83
multi_tensor_apply_kernel,15.16,76.02,76.02,47.03,50,31.19,44.82
multi_tensor_apply_kernel,15.44,76.57,76.57,47.29,50,28.10,44.90
multi_tensor_apply_kernel,15.29,76.30,76.30,47.25,50,31.57,44.68
multi_tensor_apply_kernel,15.15,75.90,75.90,46.85,50,30.84,44.84
multi_tensor_apply_kernel,15.33,76.47,76.47,47.20,50,31.88,44.83
multi_tensor_apply_kernel,15.17,76.01,76.01,46.70,50,31.40,44.82
multi_tensor_apply_kernel,15.16,76.00,76.00,46.72,50,30.22,44.73
multi_tensor_apply_kernel,15.32,76.76,76.76,46.58,50,31.05,44.92
multi_tensor_apply_kernel,15.34,76.47,76.47,46.92,50,32.94,44.68
multi_tensor_apply_kernel,15.18,76.06,76.06,46.92,50,31.44,44.94
multi_tensor_apply_kernel,15.24,76.36,76.36,47.05,50,31.65,44.69
multi_tensor_apply_kernel,15.44,76.56,76.56,47.04,50,32.28,44.68
multi_tensor_apply_kernel,15.35,76.89,76.89,47.17,50,29.59,44.81
multi_tensor_apply_kernel,15.28,76.17,76.17,46.65,50,28.73,44.79
multi_tensor_apply_kernel,15.21,75.96,75.96,46.77,50,30.14,44.90
multi_tensor_apply_kernel,15.32,76.70,76.70,46.77,50,28.58,44.71
multi_tensor_apply_kernel,15.40,76.41,76.41,47.18,50,30.07,44.84
multi_tensor_apply_kernel,15.37,76.70,76.70,47.23,50,29.98,44.60
multi_tensor_apply_kernel,15.26,76.51,76.51,46.96,50,30.54,45.05
multi_tensor_apply_kernel,15.24,76.35,76.35,47.14,50,27.59,44.63
multi_tensor_apply_kernel,15.46,76.44,76.44,47.17,50,31.62,44.81
multi_tensor_apply_kernel,15.28,76.58,76.58,46.20,50,31.13,44.71
multi_tensor_apply_kernel,15.18,76.02,76.02,46.89,50,29.36,44.83
multi_tensor_apply_kernel,15.34,76.66,76.66,46.38,50,32.02,44.76
multi_tensor_apply_kernel,15.24,76.26,76.26,46.85,50,30.14,44.92
multi_tensor_apply_kernel,15.30,76.57,76.57,47.06,50,32.14,44.74
multi_tensor_apply_kernel,15.40,76.50,76.50,46.80,50,29.93,44.85
multi_tensor_apply_kernel,15.67,74.99,74.99,32.88,50,35.73,44.90
multi_tensor_apply_kernel,5.67,15.72,15.72,23.29,50,42.86,49.39
multi_tensor_apply_kernel,5.83,16.20,16.20,23.31,50,42.84,48.81
multi_tensor_apply_kernel,3.86,10.70,10.70,23.89,50,42.84,51.37
unrolled_elementwise_kernel,57.66,54.55,54.55,90.99,100,15.15,35.69
unrolled_elementwise_kernel,56.34,50.15,50.15,89.93,100,15.22,35.80
unrolled_elementwise_kernel,56.06,48.19,48.19,90.06,100,15.24,37.22
unrolled_elementwise_kernel,57.35,53.47,53.47,90.72,100,15.16,36.63
unrolled_elementwise_kernel,57.56,54.41,54.41,91.06,100,15.16,35.87
unrolled_elementwise_kernel,57.75,54.44,54.44,91.19,100,15.16,35.44
unrolled_elementwise_kernel,55.66,48.05,48.05,89.46,100,15.23,37.23
unrolled_elementwise_kernel,57.58,53.47,53.47,90.98,100,15.16,37.29
unrolled_elementwise_kernel,57.83,54.23,54.23,91.19,100,15.16,35.78
unrolled_elementwise_kernel,57.74,54.34,54.34,90.70,100,15.16,35.37
unrolled_elementwise_kernel,55.58,48.19,48.19,89.11,100,15.23,36.98
unrolled_elementwise_kernel,57.41,53.51,53.51,90.47,100,15.17,37.15
unrolled_elementwise_kernel,57.78,54.43,54.43,91.07,100,15.16,35.85
unrolled_elementwise_kernel,57.73,54.37,54.37,90.97,100,15.15,35.65
unrolled_elementwise_kernel,55.82,48.46,48.46,88.75,100,15.24,37.28
unrolled_elementwise_kernel,57.59,53.87,53.87,90.92,100,15.17,37.17
unrolled_elementwise_kernel,57.63,54.45,54.45,91.15,100,15.15,35.86
unrolled_elementwise_kernel,57.57,54.27,54.27,90.87,100,15.16,35.43
unrolled_elementwise_kernel,56.17,48.66,48.66,90.24,100,15.22,37.44
unrolled_elementwise_kernel,57.46,53.65,53.65,90.56,100,15.17,37.01
unrolled_elementwise_kernel,57.74,54.39,54.39,90.68,100,15.16,35.85
unrolled_elementwise_kernel,57.66,54.45,54.45,90.98,100,15.15,35.69
unrolled_elementwise_kernel,56.16,48.54,48.54,87.94,100,15.25,37.90
unrolled_elementwise_kernel,57.56,53.68,53.68,91.15,100,15.18,36.85
unrolled_elementwise_kernel,57.63,54.34,54.34,91.20,100,15.15,35.76
unrolled_elementwise_kernel,57.66,54.37,54.37,90.92,100,15.15,35.68
unrolled_elementwise_kernel,55.96,48.28,48.28,89.07,100,15.25,37.53
unrolled_elementwise_kernel,57.47,53.64,53.64,90.67,100,15.17,36.80
unrolled_elementwise_kernel,57.83,54.27,54.27,90.85,100,15.15,36.01
unrolled_elementwise_kernel,57.77,54.45,54.45,91.10,100,15.15,35.82
unrolled_elementwise_kernel,56.06,48.63,48.63,89.78,100,15.24,36.96
unrolled_elementwise_kernel,57.48,53.74,53.74,90.78,100,15.17,37.08
unrolled_elementwise_kernel,57.74,54.39,54.39,90.87,100,15.15,35.98
unrolled_elementwise_kernel,57.51,54.36,54.36,90.99,100,15.16,35.57
unrolled_elementwise_kernel,55.66,48.40,48.40,89.23,100,15.23,37.48
unrolled_elementwise_kernel,57.55,53.67,53.67,90.99,100,15.16,37.04
unrolled_elementwise_kernel,57.73,54.38,54.38,90.95,100,15.16,35.95
unrolled_elementwise_kernel,57.74,54.36,54.36,90.85,100,15.16,35.64
unrolled_elementwise_kernel,55.95,48.56,48.56,89.29,100,15.24,38.35
unrolled_elementwise_kernel,57.50,53.84,53.84,90.92,100,15.16,36.94
unrolled_elementwise_kernel,57.63,54.48,54.48,90.96,100,15.17,35.82
unrolled_elementwise_kernel,57.65,54.39,54.39,90.81,100,15.15,35.34
unrolled_elementwise_kernel,56.16,48.38,48.38,89.93,100,15.22,37.80
unrolled_elementwise_kernel,57.37,53.52,53.52,90.77,100,15.17,37.11
unrolled_elementwise_kernel,57.84,54.30,54.30,91.09,100,15.15,35.79
unrolled_elementwise_kernel,57.69,54.38,54.38,91.16,100,15.16,35.67
unrolled_elementwise_kernel,56.36,48.72,48.72,89.86,100,15.23,37.78
unrolled_elementwise_kernel,57.55,53.67,53.67,90.75,100,15.18,36.91
unrolled_elementwise_kernel,57.63,54.49,54.49,90.80,100,15.17,35.72
unrolled_elementwise_kernel,57.77,54.42,54.42,90.89,100,15.15,35.62
unrolled_elementwise_kernel,0.39,5.67,0.37,6.20,100,15.94,93.39
unrolled_elementwise_kernel,0.41,5.92,0.39,6.25,100,16.17,92.96
unrolled_elementwise_kernel,0.41,5.91,0.39,6.26,100,16.28,92.99
unrolled_elementwise_kernel,0.16,5.91,0.23,6.16,100,15.63,95.57
unrolled_elementwise_kernel,0.40,5.87,0.38,6.20,100,15.91,92.95
unrolled_elementwise_kernel,0.39,5.72,0.37,6.39,100,16.22,91.81
unrolled_elementwise_kernel,0.20,5.85,0.26,6.33,100,15.22,93.18
unrolled_elementwise_kernel,0.40,5.83,0.38,6.26,100,16.00,91.09
unrolled_elementwise_kernel,0.39,5.76,0.37,6.27,100,16.34,92.60
unrolled_elementwise_kernel,0.40,5.76,0.38,6.24,100,15.83,92.62
unrolled_elementwise_kernel,0.39,5.63,0.37,6.12,100,15.61,91.87
unrolled_elementwise_kernel,0.15,5.59,0.22,6.53,100,14.49,94.53
unrolled_elementwise_kernel,0.40,5.91,0.38,6.15,100,15.72,92.77
unrolled_elementwise_kernel,0.40,5.77,0.38,5.71,100,15.67,92.25
unrolled_elementwise_kernel,0.20,5.88,0.25,6.35,100,15.58,94.68
unrolled_elementwise_kernel,0.39,5.62,0.37,5.91,100,15.75,92.04
unrolled_elementwise_kernel,0.41,5.94,0.39,6.18,100,15.90,92.67
unrolled_elementwise_kernel,0.39,5.78,0.37,6.29,100,16.22,92.80
unrolled_elementwise_kernel,0.41,5.96,0.39,6.51,100,16.13,92.61
unrolled_elementwise_kernel,0.15,5.73,0.22,5.80,100,14.15,94.34
unrolled_elementwise_kernel,0.41,5.93,0.39,6.25,100,15.71,92.51
unrolled_elementwise_kernel,0.40,5.82,0.38,6.62,100,15.77,93.06
unrolled_elementwise_kernel,0.21,5.92,0.26,6.29,100,14.36,95.05
unrolled_elementwise_kernel,0.39,5.69,0.37,6.15,100,15.62,91.47
unrolled_elementwise_kernel,0.40,5.83,0.38,6.24,100,15.51,91.74
unrolled_elementwise_kernel,0.40,5.79,0.38,6.43,100,15.68,92.74
unrolled_elementwise_kernel,0.41,5.88,0.38,6.30,100,15.63,91.55
unrolled_elementwise_kernel,0.16,5.89,0.23,6.46,100,14.16,93.92
unrolled_elementwise_kernel,0.41,5.87,0.38,6.17,100,15.62,92.45
unrolled_elementwise_kernel,0.40,5.87,0.38,6.11,100,15.87,93.60
unrolled_elementwise_kernel,0.21,6.08,0.26,6.13,100,14.26,97.10
unrolled_elementwise_kernel,0.40,6.00,0.38,6.27,100,15.58,93.77
unrolled_elementwise_kernel,0.39,5.80,0.37,6.25,100,15.86,93.83
unrolled_elementwise_kernel,0.39,5.82,0.37,6.14,100,15.64,92.80
unrolled_elementwise_kernel,0.39,5.71,0.37,6.24,100,15.63,94.22
unrolled_elementwise_kernel,0.15,5.93,0.22,6.23,100,14.52,97.79
unrolled_elementwise_kernel,0.41,6.06,0.39,5.80,100,15.71,94.43
unrolled_elementwise_kernel,0.40,5.96,0.38,6.44,100,15.58,95.65
unrolled_elementwise_kernel,0.20,5.84,0.25,5.95,100,15.21,94.75
unrolled_elementwise_kernel,0.41,5.93,0.38,6.19,100,15.78,92.57
unrolled_elementwise_kernel,0.38,5.60,0.36,6.54,100,15.26,93.26
unrolled_elementwise_kernel,0.41,6.01,0.39,6.26,100,15.52,95.48
unrolled_elementwise_kernel,0.39,5.69,0.37,6.36,100,15.63,90.71
unrolled_elementwise_kernel,0.15,5.77,0.22,6.07,100,14.75,97.31
unrolled_elementwise_kernel,0.39,5.83,0.37,5.79,100,16.10,94.29
unrolled_elementwise_kernel,0.40,5.95,0.38,6.15,100,16.05,94.13
unrolled_elementwise_kernel,0.20,5.90,0.25,6.25,100,14.16,97.11
unrolled_elementwise_kernel,0.41,6.04,0.39,6.27,100,15.58,95.27
unrolled_elementwise_kernel,0.39,5.82,0.37,6.24,100,15.99,93.08
unrolled_elementwise_kernel,0.39,5.89,0.37,6.33,100,15.71,95.43
unrolled_elementwise_kernel,0.41,6.07,0.39,6.10,100,15.63,92.89
unrolled_elementwise_kernel,0.15,5.80,0.22,6.21,100,13.41,96.22
unrolled_elementwise_kernel,0.39,5.80,0.37,6.22,100,15.86,94.20
unrolled_elementwise_kernel,0.40,5.85,0.38,6.19,100,15.84,93.43
unrolled_elementwise_kernel,0.20,5.88,0.25,6.07,100,15.53,96.07
unrolled_elementwise_kernel,0.40,5.84,0.38,6.22,100,15.86,93.23
unrolled_elementwise_kernel,0.40,5.95,0.38,6.17,100,16.07,94.63
unrolled_elementwise_kernel,0.40,5.90,0.38,6.21,100,16.13,95.80
unrolled_elementwise_kernel,0.39,5.81,0.37,6.47,100,15.27,94.45
unrolled_elementwise_kernel,0.15,5.61,0.22,6.14,100,14.35,95.42
unrolled_elementwise_kernel,0.41,5.97,0.39,6.43,100,15.81,94.12
unrolled_elementwise_kernel,0.41,5.94,0.39,6.50,100,15.99,92.87
unrolled_elementwise_kernel,0.21,5.96,0.26,6.43,100,15.28,94.83
unrolled_elementwise_kernel,0.40,5.76,0.38,6.20,100,15.68,92.29
unrolled_elementwise_kernel,0.39,5.63,0.37,6.18,100,15.84,92.35
unrolled_elementwise_kernel,0.39,5.68,0.37,6.79,100,15.64,92.37
unrolled_elementwise_kernel,0.39,5.63,0.37,6.00,100,16.00,93.18
unrolled_elementwise_kernel,0.15,5.72,0.22,6.25,100,14.68,95.29
unrolled_elementwise_kernel,0.40,5.79,0.38,6.19,100,15.88,92.15
unrolled_elementwise_kernel,0.40,5.91,0.38,6.75,100,15.56,94.32
unrolled_elementwise_kernel,0.20,5.80,0.25,6.13,100,15.69,95.77
unrolled_elementwise_kernel,0.40,5.90,0.38,6.35,100,15.95,94.69
unrolled_elementwise_kernel,0.39,5.79,0.37,6.20,100,15.68,93.46
unrolled_elementwise_kernel,0.39,5.83,0.37,6.21,100,15.53,96.08
unrolled_elementwise_kernel,0.40,5.90,0.38,6.27,100,15.71,93.62
unrolled_elementwise_kernel,0.15,5.85,0.22,6.40,100,13.86,97.33
unrolled_elementwise_kernel,0.41,6.03,0.39,6.20,100,15.83,93.56
unrolled_elementwise_kernel,0.40,5.85,0.37,5.97,100,15.71,92.54
unrolled_elementwise_kernel,0.20,6.01,0.26,6.25,100,14.92,96.74
unrolled_elementwise_kernel,0.38,5.64,0.36,6.31,100,15.75,93.67
unrolled_elementwise_kernel,0.39,5.85,0.37,6.18,100,15.68,93.39
unrolled_elementwise_kernel,0.41,5.95,0.39,6.20,100,15.94,94.35
unrolled_elementwise_kernel,0.39,5.85,0.37,6.15,100,15.93,95.35
unrolled_elementwise_kernel,0.15,5.92,0.22,6.50,100,14.52,97.63
unrolled_elementwise_kernel,0.40,5.99,0.38,6.07,100,15.90,95.09
unrolled_elementwise_kernel,0.39,5.79,0.37,6.16,100,15.67,95.59
unrolled_elementwise_kernel,0.21,6.04,0.26,6.27,100,15.06,95.81
unrolled_elementwise_kernel,0.39,5.60,0.37,6.47,100,15.32,91.62
unrolled_elementwise_kernel,0.39,5.86,0.37,6.29,100,16,94.51
unrolled_elementwise_kernel,0.40,5.90,0.38,6.18,100,15.53,93.77
unrolled_elementwise_kernel,0.38,5.69,0.36,6.02,100,15.52,95.14
unrolled_elementwise_kernel,0.15,5.92,0.22,5.80,100,14.75,95.33
unrolled_elementwise_kernel,0.39,5.79,0.37,6.60,100,15.87,92.11
unrolled_elementwise_kernel,0.39,5.70,0.37,6.01,100,15.70,91.37
unrolled_elementwise_kernel,0.20,5.92,0.26,6.22,100,14.78,94.64
unrolled_elementwise_kernel,0.39,5.69,0.37,6.30,100,15.78,91.69
vectorized_elementwise_kernel,24.54,96.45,96.45,69.03,100,0,100.72
vectorized_elementwise_kernel,24.56,96.52,96.52,73.76,100,0,99.83
vectorized_elementwise_kernel,24.52,96.39,96.39,71.05,100,0,100.64
vectorized_elementwise_kernel,24.61,96.70,96.70,72.72,100,0,99.74
vectorized_elementwise_kernel,24.45,96.11,96.11,72.90,100,0,100.57
vectorized_elementwise_kernel,24.55,96.49,96.49,69.96,100,0,100.98
vectorized_elementwise_kernel,24.54,96.45,96.45,70.44,100,0,100.72
vectorized_elementwise_kernel,24.47,96.18,96.18,70.13,100,0,100.21
vectorized_elementwise_kernel,24.55,96.48,96.48,71.42,100,0,99.84
vectorized_elementwise_kernel,24.48,96.25,96.25,71.01,100,0,101.05
vectorized_elementwise_kernel,24.58,96.63,96.63,73.15,100,0,99.52
vectorized_elementwise_kernel,24.44,96.03,96.03,69.08,100,0,99.64
vectorized_elementwise_kernel,24.57,96.55,96.55,69.64,100,0,99.98
vectorized_elementwise_kernel,24.52,96.40,96.40,67.47,100,0,100.66
vectorized_elementwise_kernel,24.51,96.34,96.34,68.69,100,0,99.87
vectorized_elementwise_kernel,24.55,96.47,96.47,67.83,100,0,100.10
vectorized_elementwise_kernel,0.03,8.51,0.18,5.71,100,47.06,96.40
vectorized_elementwise_kernel,0.03,8.92,0.19,5.33,100,47.06,96.28
vectorized_elementwise_kernel,0.03,8.10,0.07,5.80,100,0,97.60
vectorized_elementwise_kernel,0.04,8.55,0.17,5.98,100,50,97.60
vectorized_elementwise_kernel,0.04,9.60,0.21,5.94,100,72.73,96.52
index_elementwise_kernel,83.05,14.03,6.95,69.22,75,74.61,99.29
elementwise_kernel,63.13,29.27,29.27,91.76,100,50.42,51.97
indexSelectLargeIndex,50.98,13.91,13.91,48.12,100,35.94,53.61
vectorized_elementwise_kernel,20.73,84.49,84.49,79.70,100,0,36.24
fused_dropout_kernel_vec,54.85,48.31,48.31,47.35,50,0,61.92
cuApplyLayerNorm,34.87,26.77,26.77,48.97,62.50,68.44,49.32
sm90_xmma_gemm_bf16bf16_bf16f32_f32_tn_n_tilesize128x128x64_warpgroupsize1x1x1_execute_segment_k_off_kernel__51_cublas,69.83,52.80,30.11,15.25,18.75,0,57.72
elementwise_kernel,69.73,23.01,21.37,87.01,100,46.40,52.31
elementwise_kernel,43.79,19.60,16.04,81.72,100,22.04,54.59
elementwise_kernel,42.86,19.34,15.78,82.40,100,21.89,55.45
sm90_xmma_gemm_bf16bf16_bf16f32_f32_tn_n_tilesize128x128x64_warpgroupsize1x1x1_execute_segment_k_off_kernel__51_cublas,32.73,52.78,46.94,17.83,18.75,0,91.61
scaled_upper_triang_masked_softmax_warp_forward,41.78,30.97,30.97,28.14,31.25,1.16,69.38
fused_dropout_kernel_vec,55.47,54.86,54.86,47.65,50,0,62.46
sm90_xmma_gemm_bf16bf16_bf16f32_f32_nn_n_tilesize128x128x64_warpgroupsize1x1x1_execute_segment_k_off_kernel__51_cublas,33.18,65.99,65.99,13.64,18.75,0,37.24
elementwise_kernel,50.20,18.24,14.38,82.67,100,22.42,55.50
sm90_xmma_gemm_bf16bf16_bf16f32_f32_tn_n_tilesize128x128x64_warpgroupsize1x1x1_execute_segment_k_off_kernel__51_cublas,80.12,63.87,18.23,17.45,18.75,0,84.42
kernel3,69.91,55.14,55.14,45.77,50,14.13,50.62
cuApplyLayerNorm,33.68,25.90,25.90,49.65,62.50,68.43,49.19
sm90_xmma_gemm_bf16bf16_bf16f32_f32_tn_n_tilesize128x256x64_warpgroupsize2x1x1_execute_segment_k_off_kernel__51_cublas,91.84,57.90,35.02,15.65,18.75,0,65.19
kernel4,74.70,40.94,40.94,86.69,100,28.31,53.64
sm90_xmma_gemm_bf16bf16_bf16f32_f32_tn_n_tilesize128x128x64_warpgroupsize1x1x1_execute_segment_k_off_kernel__51_cublas,86.76,66.13,35.47,17.41,18.75,0,75.46
kernel3,70.39,55.85,55.85,46.18,50,13.83,48.60
cuApplyLayerNorm,34.04,26.38,26.38,50.01,62.50,68.34,49.12
sm90_xmma_gemm_bf16bf16_bf16f32_f32_tn_n_tilesize128x128x64_warpgroupsize1x1x1_execute_segment_k_off_kernel__51_cublas,83.63,63.23,34.34,15.24,18.75,0,57.05
elementwise_kernel,69.59,23.29,21.85,87.46,100,46.44,53.40
elementwise_kernel,43.21,19.53,15.83,81.66,100,22.08,56.02
elementwise_kernel,42.61,19.82,15.60,87.78,100,22.05,57.57
sm90_xmma_gemm_bf16bf16_bf16f32_f32_tn_n_tilesize128x128x64_warpgroupsize1x1x1_execute_segment_k_off_kernel__51_cublas,32.12,51.47,45.76,17.22,18.75,0,91.48
scaled_upper_triang_masked_softmax_warp_forward,42.14,31.08,31.08,28.27,31.25,1.16,69.72
fused_dropout_kernel_vec,55.45,54.52,54.52,47.48,50,0,62.67
sm90_xmma_gemm_bf16bf16_bf16f32_f32_nn_n_tilesize128x128x64_warpgroupsize1x1x1_execute_segment_k_off_kernel__51_cublas,35.00,68.71,68.71,13.74,18.75,0,37.49
elementwise_kernel,50.63,18.52,14.52,80.21,100,22.32,55.08
sm90_xmma_gemm_bf16bf16_bf16f32_f32_tn_n_tilesize128x128x64_warpgroupsize1x1x1_execute_segment_k_off_kernel__51_cublas,80.09,63.85,18.13,17.48,18.75,0,84.43
kernel3,70.13,54.98,54.98,45.80,50,13.99,49.97
cuApplyLayerNorm,35.55,27.39,27.39,49.67,62.50,68.17,49.43
sm90_xmma_gemm_bf16bf16_bf16f32_f32_tn_n_tilesize128x256x64_warpgroupsize2x1x1_execute_segment_k_off_kernel__51_cublas,92.10,58.06,35.32,15.65,18.75,0,65.31
kernel4,74.16,40.08,40.08,86.59,100,28.35,53.18
sm90_xmma_gemm_bf16bf16_bf16f32_f32_tn_n_tilesize128x128x64_warpgroupsize1x1x1_execute_segment_k_off_kernel__51_cublas,86.68,66.07,34.77,17.41,18.75,0,70.47
kernel3,69.98,54.90,54.90,46.09,50,13.67,47.84
cuApplyLayerNorm,36.36,28.01,28.01,49.87,62.50,68.40,49.47
sm90_xmma_gemm_bf16bf16_bf16f32_f32_tn_n_tilesize128x128x64_warpgroupsize1x1x1_execute_segment_k_off_kernel__51_cublas,83.58,63.20,34.34,15.25,18.75,0,56.90
elementwise_kernel,68.62,23.07,21.23,87.48,100,46.41,53.37
elementwise_kernel,43.78,19.88,16.01,81.76,100,22.07,56.43
elementwise_kernel,43.00,19.77,15.76,82.14,100,21.95,56.54
sm90_xmma_gemm_bf16bf16_bf16f32_f32_tn_n_tilesize128x128x64_warpgroupsize1x1x1_execute_segment_k_off_kernel__51_cublas,32.85,52.42,46.55,17.79,18.75,0,92.68
scaled_upper_triang_masked_softmax_warp_forward,41.95,31.12,31.12,28.41,31.25,1.16,69.55
fused_dropout_kernel_vec,55.35,54.61,54.61,47.84,50,0,62.62
sm90_xmma_gemm_bf16bf16_bf16f32_f32_nn_n_tilesize128x128x64_warpgroupsize1x1x1_execute_segment_k_off_kernel__51_cublas,34.27,67.66,67.66,14.22,18.75,0,37.49
elementwise_kernel,51.41,18.41,14.74,81.56,100,22.37,54.60
sm90_xmma_gemm_bf16bf16_bf16f32_f32_tn_n_tilesize128x128x64_warpgroupsize1x1x1_execute_segment_k_off_kernel__51_cublas,79.91,63.70,18.10,17.46,18.75,0,84.33
kernel3,69.89,55.26,55.26,46.69,50,14.16,49.39
cuApplyLayerNorm,34.71,26.69,26.69,50.02,62.50,68.19,49.56
sm90_xmma_gemm_bf16bf16_bf16f32_f32_tn_n_tilesize128x256x64_warpgroupsize2x1x1_execute_segment_k_off_kernel__51_cublas,92.17,58.11,35.48,15.66,18.75,0,65.73
kernel4,74.53,40.46,40.46,87.06,100,28.28,53.20
sm90_xmma_gemm_bf16bf16_bf16f32_f32_tn_n_tilesize128x128x64_warpgroupsize1x1x1_execute_segment_k_off_kernel__51_cublas,86.60,66.02,34.28,17.42,18.75,0,66.98
kernel3,70.17,55.43,55.43,45.96,50,14.06,48.02
cuApplyLayerNorm,34.43,26.48,26.48,49.36,62.50,68.28,47.59
sm90_xmma_gemm_bf16bf16_bf16f32_f32_tn_n_tilesize128x128x64_warpgroupsize1x1x1_execute_segment_k_off_kernel__51_cublas,69.67,52.68,30.21,15.25,18.75,0,57.39
elementwise_kernel,68.71,22.71,20.88,88.47,100,46.43,53.40
elementwise_kernel,43.36,19.57,15.88,82.09,100,22.06,55.91
elementwise_kernel,43.40,19.79,15.88,82.36,100,22.00,56.66
sm90_xmma_gemm_bf16bf16_bf16f32_f32_tn_n_tilesize128x128x64_warpgroupsize1x1x1_execute_segment_k_off_kernel__51_cublas,32.51,52.15,46.73,17.71,18.75,0,93.98
scaled_upper_triang_masked_softmax_warp_forward,42.10,31.26,31.26,28.13,31.25,1.16,69.60
fused_dropout_kernel_vec,55.04,54.02,54.02,47.47,50,0,62.57
sm90_xmma_gemm_bf16bf16_bf16f32_f32_nn_n_tilesize128x128x64_warpgroupsize1x1x1_execute_segment_k_off_kernel__51_cublas,33.47,65.94,65.94,13.44,18.75,0,37.82
elementwise_kernel,51.40,18.65,14.76,82.32,100,22.35,54.98
sm90_xmma_gemm_bf16bf16_bf16f32_f32_tn_n_tilesize128x128x64_warpgroupsize1x1x1_execute_segment_k_off_kernel__51_cublas,79.75,63.58,18.06,17.50,18.75,0,84.27
kernel3,69.83,55.21,55.21,46.24,50,14.12,49.46
cuApplyLayerNorm,33.27,25.81,25.81,48.12,62.50,68.24,49.09
sm90_xmma_gemm_bf16bf16_bf16f32_f32_tn_n_tilesize128x256x64_warpgroupsize2x1x1_execute_segment_k_off_kernel__51_cublas,92.15,58.09,35.33,15.65,18.75,0,64.29
kernel4,74.59,40.67,40.67,86.63,100,28.46,53.53
sm90_xmma_gemm_bf16bf16_bf16f32_f32_tn_n_tilesize128x128x64_warpgroupsize1x1x1_execute_segment_k_off_kernel__51_cublas,86.70,66.08,35.17,17.42,18.75,0,71.67
kernel3,70.49,55.53,55.53,46.14,50,13.88,47.95
cuApplyLayerNorm,35.08,27.17,27.17,50.01,62.50,68.31,49.05
sm90_xmma_gemm_bf16bf16_bf16f32_f32_tn_n_tilesize128x128x64_warpgroupsize1x1x1_execute_segment_k_off_kernel__51_cublas,69.56,52.60,30.26,15.25,18.75,0,57.63
elementwise_kernel,68.73,22.58,21.33,89.14,100,46.41,52.74
elementwise_kernel,43.29,19.16,15.83,81.43,100,22.05,54.96
elementwise_kernel,43.35,19.80,15.89,81.36,100,22.02,55.90
sm90_xmma_gemm_bf16bf16_bf16f32_f32_tn_n_tilesize128x128x64_warpgroupsize1x1x1_execute_segment_k_off_kernel__51_cublas,32.62,52.52,46.73,17.76,18.75,0,93.90
scaled_upper_triang_masked_softmax_warp_forward,42.29,31.32,31.32,28.25,31.25,1.16,70.53
fused_dropout_kernel_vec,55.13,54.09,54.09,47.49,50,0,62.46
sm90_xmma_gemm_bf16bf16_bf16f32_f32_nn_n_tilesize128x128x64_warpgroupsize1x1x1_execute_segment_k_off_kernel__51_cublas,34.72,67.66,67.66,13.66,18.75,0,37.34
elementwise_kernel,50.79,18.65,14.58,79.47,100,22.27,55.25
sm90_xmma_gemm_bf16bf16_bf16f32_f32_tn_n_tilesize128x128x64_warpgroupsize1x1x1_execute_segment_k_off_kernel__51_cublas,79.78,63.61,18.12,17.45,18.75,0,84.50
kernel3,69.75,55.20,55.20,46.16,50,13.55,49.52
cuApplyLayerNorm,35.04,26.81,26.81,49.26,62.50,68.35,49.41
sm90_xmma_gemm_bf16bf16_bf16f32_f32_tn_n_tilesize128x256x64_warpgroupsize2x1x1_execute_segment_k_off_kernel__51_cublas,91.99,58.00,35.16,15.65,18.75,0,63.81
kernel4,74.41,40.19,40.19,86.76,100,28.34,53.22
sm90_xmma_gemm_bf16bf16_bf16f32_f32_tn_n_tilesize128x128x64_warpgroupsize1x1x1_execute_segment_k_off_kernel__51_cublas,86.69,66.09,35.24,17.42,18.75,0,72.80
kernel3,69.86,54.78,54.78,45.91,50,14.03,47.87
cuApplyLayerNorm,34.46,26.58,26.58,50.06,62.50,68.23,49.86
sm90_xmma_gemm_bf16bf16_bf16f32_f32_tn_n_tilesize128x128x64_warpgroupsize1x1x1_execute_segment_k_off_kernel__51_cublas,69.62,52.64,29.93,15.26,18.75,0,57.32
elementwise_kernel,68.16,22.74,21.07,88.68,100,46.40,53.95
elementwise_kernel,42.72,19.62,15.66,81.89,100,22.02,58.55
elementwise_kernel,43.23,20.01,15.83,81.93,100,21.90,59.80
sm90_xmma_gemm_bf16bf16_bf16f32_f32_tn_n_tilesize128x128x64_warpgroupsize1x1x1_execute_segment_k_off_kernel__51_cublas,33.00,52.91,47.46,17.75,18.75,0,93.41
scaled_upper_triang_masked_softmax_warp_forward,42.10,31.22,31.22,28.16,31.25,1.16,70.59
fused_dropout_kernel_vec,55.05,54.33,54.33,47.57,50,0,62.21
sm90_xmma_gemm_bf16bf16_bf16f32_f32_nn_n_tilesize128x128x64_warpgroupsize1x1x1_execute_segment_k_off_kernel__51_cublas,34.02,67.03,67.03,13.44,18.75,0,37.17
elementwise_kernel,50.34,18.04,14.31,81.46,100,22.29,55.42
sm90_xmma_gemm_bf16bf16_bf16f32_f32_tn_n_tilesize128x128x64_warpgroupsize1x1x1_execute_segment_k_off_kernel__51_cublas,79.98,63.76,18.12,17.46,18.75,0,84.24
kernel3,70.16,55.52,55.52,46.15,50,13.72,49.79
cuApplyLayerNorm,34.90,26.90,26.90,49.05,62.50,68.18,48.91
sm90_xmma_gemm_bf16bf16_bf16f32_f32_tn_n_tilesize128x256x64_warpgroupsize2x1x1_execute_segment_k_off_kernel__51_cublas,91.89,57.93,34.98,15.65,18.75,0,63.37
kernel4,74.11,39.23,39.23,86.71,100,28.30,53.25
sm90_xmma_gemm_bf16bf16_bf16f32_f32_tn_n_tilesize128x128x64_warpgroupsize1x1x1_execute_segment_k_off_kernel__51_cublas,86.66,66.05,34.77,17.41,18.75,0,68.07
kernel3,70.24,55.48,55.48,46.17,50,13.79,47.89
cuApplyLayerNorm,33.92,26.12,26.12,49.09,62.50,68.35,49.00
sm90_xmma_gemm_bf16bf16_bf16f32_f32_tn_n_tilesize128x128x64_warpgroupsize1x1x1_execute_segment_k_off_kernel__51_cublas,83.82,63.37,34.24,15.24,18.75,0,57.78
elementwise_kernel,69.20,23.11,21.80,88.58,100,46.42,52.80
elementwise_kernel,43.21,19.57,15.82,81.90,100,21.99,54.80
elementwise_kernel,44.16,20.44,16.17,81.81,100,21.96,55.85
sm90_xmma_gemm_bf16bf16_bf16f32_f32_tn_n_tilesize128x128x64_warpgroupsize1x1x1_execute_segment_k_off_kernel__51_cublas,32.85,52.13,46.46,17.59,18.75,0,92.27
scaled_upper_triang_masked_softmax_warp_forward,42.36,31.34,31.34,28.11,31.25,1.16,68.82
fused_dropout_kernel_vec,55.70,55.02,55.02,47.51,50,0,62.45
sm90_xmma_gemm_bf16bf16_bf16f32_f32_nn_n_tilesize128x128x64_warpgroupsize1x1x1_execute_segment_k_off_kernel__51_cublas,34.31,67.46,67.46,13.52,18.75,0,37.49
elementwise_kernel,51.16,18.24,14.65,79.90,100,22.31,54.56
sm90_xmma_gemm_bf16bf16_bf16f32_f32_tn_n_tilesize128x128x64_warpgroupsize1x1x1_execute_segment_k_off_kernel__51_cublas,79.61,63.45,18.05,17.44,18.75,0,84.45
kernel3,70.37,55.01,55.01,46.30,50,13.71,49.79
cuApplyLayerNorm,35.08,26.98,26.98,50.18,62.50,68.51,49.71
sm90_xmma_gemm_bf16bf16_bf16f32_f32_tn_n_tilesize128x256x64_warpgroupsize2x1x1_execute_segment_k_off_kernel__51_cublas,91.89,57.93,35.04,15.66,18.75,0,64.68
kernel4,74.12,40.07,40.07,86.85,100,28.29,53.05
sm90_xmma_gemm_bf16bf16_bf16f32_f32_tn_n_tilesize128x128x64_warpgroupsize1x1x1_execute_segment_k_off_kernel__51_cublas,86.71,66.10,34.90,17.43,18.75,0,71.42
kernel3,69.83,55.14,55.14,46.06,50,13.60,48.21
cuApplyLayerNorm,36.00,27.65,27.65,49.39,62.50,68.35,48.89
sm90_xmma_gemm_bf16bf16_bf16f32_f32_tn_n_tilesize128x128x64_warpgroupsize1x1x1_execute_segment_k_off_kernel__51_cublas,69.84,52.80,29.93,15.24,18.75,0,57.55
elementwise_kernel,68.67,23.43,21.89,87.08,100,46.40,53.63
elementwise_kernel,43.74,19.87,16.00,82.29,100,22.04,56.05
elementwise_kernel,44.01,20.87,16.13,82.91,100,21.98,57.40
sm90_xmma_gemm_bf16bf16_bf16f32_f32_tn_n_tilesize128x128x64_warpgroupsize1x1x1_execute_segment_k_off_kernel__51_cublas,32.69,52.02,46.31,17.62,18.75,0,92.17
scaled_upper_triang_masked_softmax_warp_forward,42.17,31.20,31.20,28.29,31.25,1.16,70.13
fused_dropout_kernel_vec,54.90,54.20,54.20,47.41,50,0,62.46
sm90_xmma_gemm_bf16bf16_bf16f32_f32_nn_n_tilesize128x128x64_warpgroupsize1x1x1_execute_segment_k_off_kernel__51_cublas,34.40,67.51,67.51,13.74,18.75,0,37.88
elementwise_kernel,50.44,18.25,14.36,82.07,100,22.42,55.41
sm90_xmma_gemm_bf16bf16_bf16f32_f32_tn_n_tilesize128x128x64_warpgroupsize1x1x1_execute_segment_k_off_kernel__51_cublas,79.83,63.63,17.95,17.45,18.75,0,84.37
kernel3,69.28,54.84,54.84,46.17,50,14.23,50.26
cuApplyLayerNorm,34.89,27.04,27.04,49.00,62.50,68.24,48.39
sm90_xmma_gemm_bf16bf16_bf16f32_f32_tn_n_tilesize128x256x64_warpgroupsize2x1x1_execute_segment_k_off_kernel__51_cublas,91.87,57.92,35.03,15.64,18.75,0,65.52
kernel4,73.87,39.45,39.45,87.26,100,28.28,53.21
sm90_xmma_gemm_bf16bf16_bf16f32_f32_tn_n_tilesize128x128x64_warpgroupsize1x1x1_execute_segment_k_off_kernel__51_cublas,86.70,66.09,35.20,17.42,18.75,0,75.62
kernel3,69.70,55.18,55.18,46.28,50,14.05,48.12
cuApplyLayerNorm,34.46,26.46,26.46,49.83,62.50,68.41,48.91
sm90_xmma_gemm_bf16bf16_bf16f32_f32_tn_n_tilesize128x128x64_warpgroupsize1x1x1_execute_segment_k_off_kernel__51_cublas,69.60,52.63,30.26,15.24,18.75,0,58.32
elementwise_kernel,68.74,22.72,20.93,87.20,100,46.47,52.89
elementwise_kernel,43.79,20.25,16.00,82.28,100,22.04,56.77
elementwise_kernel,43.14,20.21,15.82,82.31,100,22.01,55.93
sm90_xmma_gemm_bf16bf16_bf16f32_f32_tn_n_tilesize128x128x64_warpgroupsize1x1x1_execute_segment_k_off_kernel__51_cublas,32.74,52.52,46.77,18.72,18.75,0,92.60
scaled_upper_triang_masked_softmax_warp_forward,41.91,31.01,31.01,28.41,31.25,1.16,69.53
fused_dropout_kernel_vec,54.98,54.07,54.07,47.76,50,0,62.31
sm90_xmma_gemm_bf16bf16_bf16f32_f32_nn_n_tilesize128x128x64_warpgroupsize1x1x1_execute_segment_k_off_kernel__51_cublas,33.36,65.97,65.97,13.72,18.75,0,37.47
elementwise_kernel,51.68,18.87,14.82,82.04,100,22.32,55.01
sm90_xmma_gemm_bf16bf16_bf16f32_f32_tn_n_tilesize128x128x64_warpgroupsize1x1x1_execute_segment_k_off_kernel__51_cublas,79.74,63.59,18.12,17.46,18.75,0,84.19
kernel3,69.66,54.60,54.60,45.84,50,13.96,50.01
cuApplyLayerNorm,33.73,25.81,25.81,49.94,62.50,68.32,49.14
sm90_xmma_gemm_bf16bf16_bf16f32_f32_tn_n_tilesize128x256x64_warpgroupsize2x1x1_execute_segment_k_off_kernel__51_cublas,92.03,58.02,35.09,15.64,18.75,0,62.06
kernel4,74.27,39.72,39.72,88.27,100,28.23,52.72
sm90_xmma_gemm_bf16bf16_bf16f32_f32_tn_n_tilesize128x128x64_warpgroupsize1x1x1_execute_segment_k_off_kernel__51_cublas,86.52,65.96,34.97,17.42,18.75,0,63.68
kernel3,70.19,55.50,55.50,45.83,50,13.81,47.93
cuApplyLayerNorm,34.65,26.51,26.51,49.32,62.50,68.36,48.87
sm90_xmma_gemm_bf16bf16_bf16f32_f32_tn_n_tilesize128x128x64_warpgroupsize1x1x1_execute_segment_k_off_kernel__51_cublas,83.28,62.97,33.88,15.24,18.75,0,57.58
elementwise_kernel,69.61,23.44,21.26,88.27,100,46.44,53.82
elementwise_kernel,43.90,20.30,16.08,81.71,100,21.97,57.01
elementwise_kernel,42.52,19.31,15.58,82.22,100,21.99,54.91
sm90_xmma_gemm_bf16bf16_bf16f32_f32_tn_n_tilesize128x128x64_warpgroupsize1x1x1_execute_segment_k_off_kernel__51_cublas,32.79,52.37,46.81,18.56,18.75,0,94.03
scaled_upper_triang_masked_softmax_warp_forward,41.89,30.94,30.94,28.52,31.25,1.16,69.11
fused_dropout_kernel_vec,55.37,54.56,54.56,47.66,50,0,62.21
sm90_xmma_gemm_bf16bf16_bf16f32_f32_nn_n_tilesize128x128x64_warpgroupsize1x1x1_execute_segment_k_off_kernel__51_cublas,33.33,65.46,65.46,13.56,18.75,0,37.19
elementwise_kernel,51.31,18.85,14.71,84.14,100,22.39,55.76
sm90_xmma_gemm_bf16bf16_bf16f32_f32_tn_n_tilesize128x128x64_warpgroupsize1x1x1_execute_segment_k_off_kernel__51_cublas,79.91,63.70,18.15,17.46,18.75,0,84.26
kernel3,69.98,55.39,55.39,46.12,50,13.70,49.29
cuApplyLayerNorm,35.28,27.26,27.26,50.00,62.50,68.38,48.91
sm90_xmma_gemm_bf16bf16_bf16f32_f32_tn_n_tilesize128x256x64_warpgroupsize2x1x1_execute_segment_k_off_kernel__51_cublas,92.14,58.09,35.27,15.66,18.75,0,65.23
kernel4,75.00,40.65,40.65,86.71,100,28.34,53.40
sm90_xmma_gemm_bf16bf16_bf16f32_f32_tn_n_tilesize128x128x64_warpgroupsize1x1x1_execute_segment_k_off_kernel__51_cublas,86.64,66.05,34.37,17.42,18.75,0,72.99
kernel3,70.13,54.91,54.91,45.83,50,13.78,47.93
cuApplyLayerNorm,34.85,26.79,26.79,49.34,62.50,68.28,48.72
sm90_xmma_gemm_bf16bf16_bf16f32_f32_tn_n_tilesize128x128x64_warpgroupsize1x1x1_execute_segment_k_off_kernel__51_cublas,83.91,63.44,34.12,15.25,18.75,0,57.48
elementwise_kernel,68.93,23.38,21.95,87.87,100,46.43,53.36
elementwise_kernel,43.50,19.96,16.00,82.07,100,22.00,57.04
elementwise_kernel,43.26,19.76,15.93,78.85,100,21.97,54.90
sm90_xmma_gemm_bf16bf16_bf16f32_f32_tn_n_tilesize128x128x64_warpgroupsize1x1x1_execute_segment_k_off_kernel__51_cublas,32.98,52.48,46.86,17.82,18.75,0,91.31
scaled_upper_triang_masked_softmax_warp_forward,42.19,31.38,31.38,28.42,31.25,1.16,69.65
fused_dropout_kernel_vec,55.25,54.64,54.64,47.23,50,0,62.32
sm90_xmma_gemm_bf16bf16_bf16f32_f32_nn_n_tilesize128x128x64_warpgroupsize1x1x1_execute_segment_k_off_kernel__51_cublas,33.91,66.75,66.75,13.81,18.75,0,36.63
elementwise_kernel,51.46,18.73,14.74,81.50,100,22.35,54.93
sm90_xmma_gemm_bf16bf16_bf16f32_f32_tn_n_tilesize128x128x64_warpgroupsize1x1x1_execute_segment_k_off_kernel__51_cublas,79.91,63.70,17.96,17.46,18.75,0,84.42
kernel3,70.46,55.26,55.26,45.87,50,14.21,49.77
cuApplyLayerNorm,34.26,26.19,26.19,48.43,62.50,68.27,49.10
sm90_xmma_gemm_bf16bf16_bf16f32_f32_tn_n_tilesize128x256x64_warpgroupsize2x1x1_execute_segment_k_off_kernel__51_cublas,91.94,57.96,35.05,15.64,18.75,0,64.38
kernel4,74.39,39.72,39.72,86.71,100,28.28,53.70
sm90_xmma_gemm_bf16bf16_bf16f32_f32_tn_n_tilesize128x128x64_warpgroupsize1x1x1_execute_segment_k_off_kernel__51_cublas,86.40,65.86,34.73,17.41,18.75,0,73.91
kernel3,69.68,54.88,54.88,46.44,50,13.85,48.12
cuApplyLayerNorm,35.54,27.23,27.23,49.22,62.50,68.29,49.42
sm90_xmma_gemm_bf16bf16_bf16f32_f32_tn_n_tilesize128x128x64_warpgroupsize1x1x1_execute_segment_k_off_kernel__51_cublas,69.68,52.68,29.96,15.25,18.75,0,55.83
elementwise_kernel,68.17,22.72,21.32,88.60,100,46.43,52.75
elementwise_kernel,41.35,18.50,15.17,84.18,100,22.00,54.34
elementwise_kernel,43.39,19.94,15.87,82.15,100,22.03,55.56
sm90_xmma_gemm_bf16bf16_bf16f32_f32_tn_n_tilesize128x128x64_warpgroupsize1x1x1_execute_segment_k_off_kernel__51_cublas,32.79,52.93,47.06,17.63,18.75,0,92.90
scaled_upper_triang_masked_softmax_warp_forward,42.26,31.28,31.28,28.34,31.25,1.16,69.35
fused_dropout_kernel_vec,55.53,54.88,54.88,47.59,50,0,62.37
sm90_xmma_gemm_bf16bf16_bf16f32_f32_nn_n_tilesize128x128x64_warpgroupsize1x1x1_execute_segment_k_off_kernel__51_cublas,35.11,68.42,68.42,13.48,18.75,0,36.53
elementwise_kernel,51.04,18.74,14.63,80.40,100,22.37,55.49
sm90_xmma_gemm_bf16bf16_bf16f32_f32_tn_n_tilesize128x128x64_warpgroupsize1x1x1_execute_segment_k_off_kernel__51_cublas,79.82,63.63,18.06,17.45,18.75,0,84.33
kernel3,70.03,54.91,54.91,45.98,50,13.98,49.51
cuApplyLayerNorm,35.45,27.15,27.15,49.41,62.50,68.29,49.76
sm90_xmma_gemm_bf16bf16_bf16f32_f32_tn_n_tilesize128x256x64_warpgroupsize2x1x1_execute_segment_k_off_kernel__51_cublas,92.10,58.07,35.33,15.66,18.75,0,65.55
kernel4,74.44,39.85,39.85,86.90,100,28.38,53.12
sm90_xmma_gemm_bf16bf16_bf16f32_f32_tn_n_tilesize128x128x64_warpgroupsize1x1x1_execute_segment_k_off_kernel__51_cublas,86.29,65.78,34.95,17.42,18.75,0,63.65
kernel3,69.50,55.16,55.16,46.03,50,13.98,47.84
distribution_elementwise_grid_stride_kernel,72.93,15.74,10.76,56.97,75,45.79,99.97
vectorized_elementwise_kernel,21.52,64.52,64.52,59.68,100,49.21,51.18
vectorized_elementwise_kernel,0.01,10.33,0.04,6.11,100,0,99.78
kernel5,30.79,58.36,58.36,47.01,56.25,11.50,50.77
unrolled_elementwise_kernel,0.51,5.20,0.47,6.11,100,40,90.60
sm90_xmma_gemm_bf16bf16_bf16f32_f32_nn_n_tilesize128x256x64_warpgroupsize2x1x1_execute_segment_k_off_kernel__51_cublas,92.35,58.23,35.68,15.64,18.75,72.12,62.15
sm90_xmma_gemm_bf16f32_bf16f32_f32_nt_n_tilesize128x128x64_warpgroupsize1x1x1_execute_segment_k_off_kernel__51_cublas,66.88,60.64,50.19,18.31,18.75,0,59.76
reduce_kernel,8.58,72.31,72.31,91.18,100,0,3.79
vectorized_elementwise_kernel,0.01,9.98,0.05,3.81,100,33.33,99.14
vectorized_elementwise_kernel,11.64,88.67,88.67,84.53,100,43.04,51.01
kernel6,74.03,66.57,66.57,84.29,100,21.14,37.79
reduce_kernel,19.38,31.14,31.14,49.63,56.25,13.17,18.96
unrolled_elementwise_kernel,0.28,5.62,0.33,6.07,100,40,94.08
sm90_xmma_gemm_bf16bf16_bf16f32_f32_nn_n_tilesize128x128x64_warpgroupsize1x1x1_execute_segment_k_off_kernel__51_cublas,86.54,65.98,36.93,17.42,18.75,0,69.42
sm90_xmma_gemm_bf16f32_bf16f32_f32_nt_n_tilesize128x128x64_warpgroupsize1x1x1_execute_segment_k_off_kernel__51_cublas,65.89,59.89,49.08,18.46,18.75,0,59.76
reduce_kernel,8.66,72.95,72.95,92.95,100,0.00,3.54
vectorized_elementwise_kernel,0.01,9.77,0.04,4.74,100,33.33,100.64
vectorized_elementwise_kernel,11.49,87.64,87.64,83.98,100,43.00,50.91
cuComputePartGradGammaBeta,56.11,85.08,46.72,57.63,62.50,76.97,11.88
cuComputeGradGammaBeta,11.98,8.94,8.94,36.01,50,0,39.71
cuComputeGradInput,30.45,44.09,44.09,48.25,56.25,70.23,25.59
vectorized_elementwise_kernel,21.37,85.77,85.77,78.97,100,0,35.60
unrolled_elementwise_kernel,0.54,5.58,0.51,6.30,100,40,90.20
unrolled_elementwise_kernel,0.55,5.63,0.51,6.42,100,40,90.08
vectorized_elementwise_kernel,0.01,11.44,0.04,6.27,100,0,99.22
kernel5,31.36,59.34,59.34,44.58,56.25,11.48,50.64
unrolled_elementwise_kernel,0.51,5.35,0.47,6.24,100,40,91.21
sm90_xmma_gemm_bf16bf16_bf16f32_f32_nn_n_tilesize128x256x64_warpgroupsize2x1x1_execute_segment_k_off_kernel__51_cublas,65.44,43.03,16.86,15.63,18.75,0,73.90
sm90_xmma_gemm_bf16f32_bf16f32_f32_nt_n_tilesize128x128x64_warpgroupsize1x1x1_execute_segment_k_off_kernel__51_cublas,66.53,60.43,35.63,17.71,18.75,0,70.64
sm90_xmma_gemm_bf16bf16_bf16f32_f32_nt_n_tilesize128x128x64_warpgroupsize1x1x1_execute_segment_k_off_kernel__51_cublas,34.63,68.13,68.13,13.92,18.75,0,38.88
sm90_xmma_gemm_bf16bf16_bf16f32_f32_tn_n_tilesize128x128x64_warpgroupsize1x1x1_execute_segment_k_off_kernel__51_cublas,32.91,53.09,47.25,17.80,18.75,0,91.61
vectorized_elementwise_kernel,30.34,86.56,86.56,79.60,100,0,41.90
scaled_upper_triang_masked_softmax_warp_backward,18.23,46.88,46.88,16.81,18.75,21.42,50.67
sm90_xmma_gemm_bf16bf16_bf16f32_f32_nn_n_tilesize128x128x64_warpgroupsize1x1x1_execute_segment_k_off_kernel__51_cublas,33.97,66.70,66.70,13.89,18.75,0,35.74
vectorized_elementwise_kernel,14.65,28.32,27.25,65.07,100,0,53.99
sm90_xmma_gemm_bf16bf16_bf16f32_f32_nt_n_tilesize128x128x64_warpgroupsize1x1x1_execute_segment_k_off_kernel__51_cublas,34.29,67.68,67.68,13.64,18.75,0,38.75
vectorized_elementwise_kernel,14.75,28.07,27.23,59.26,100,0,53.48
CatArrayBatchedCopy,66.63,46.95,13.35,80.42,100,6.31,79.42
sm90_xmma_gemm_bf16bf16_bf16f32_f32_nn_n_tilesize128x128x64_warpgroupsize1x1x1_execute_segment_k_off_kernel__51_cublas,85.90,65.82,29.56,17.43,18.75,0,66.24
sm90_xmma_gemm_bf16f32_bf16f32_f32_nt_n_tilesize128x128x64_warpgroupsize1x1x1_execute_segment_k_off_kernel__51_cublas,66.15,60.11,47.02,18.41,18.75,0,62.01
reduce_kernel,19.47,30.96,30.96,50.81,56.25,13.25,16.40
unrolled_elementwise_kernel,0.20,5.46,0.28,6.22,100,40.00,93.34
reduce_kernel,10.36,83.88,83.88,98.96,100,0,5.05
vectorized_elementwise_kernel,0.01,9.59,0.04,4.83,100,33.33,99.15
vectorized_elementwise_kernel,11.61,87.41,87.41,82.68,100,43.08,51.57
cuComputePartGradGammaBeta,56.17,85.22,47.03,57.83,62.50,76.97,11.54
cuComputeGradGammaBeta,12.41,9.29,9.29,36.12,50,0,40.63
cuComputeGradInput,30.12,43.95,43.95,48.28,56.25,70.27,26.43
vectorized_elementwise_kernel,21.35,84.14,84.14,83.43,100,31.18,35.40
unrolled_elementwise_kernel,0.54,5.55,0.51,6.56,100,40,90.24
unrolled_elementwise_kernel,0.53,5.34,0.49,6.31,100,40,89.27
vectorized_elementwise_kernel,0.01,10.85,0.03,5.92,100,0,99.63
kernel5,31.36,59.65,59.65,45.12,56.25,11.49,51.69
unrolled_elementwise_kernel,0.56,5.73,0.52,6.17,100,40,90.88
sm90_xmma_gemm_bf16bf16_bf16f32_f32_nn_n_tilesize128x256x64_warpgroupsize2x1x1_execute_segment_k_off_kernel__51_cublas,92.18,58.13,35.57,15.66,18.75,72.12,60.30
sm90_xmma_gemm_bf16f32_bf16f32_f32_nt_n_tilesize128x128x64_warpgroupsize1x1x1_execute_segment_k_off_kernel__51_cublas,66.58,60.37,50.31,18.05,18.75,0,59.71
reduce_kernel,9.99,83.65,83.65,84.16,100,0.00,4.02
vectorized_elementwise_kernel,0.01,9.96,0.05,4.34,100,33.33,99.44
vectorized_elementwise_kernel,11.50,88.65,88.65,84.06,100,43.03,51.06
kernel6,73.78,65.95,65.95,88.53,100,20.97,38.18
reduce_kernel,19.36,30.94,30.94,45.97,56.25,13.60,19.00
unrolled_elementwise_kernel,0.28,5.62,0.34,5.82,100,40,93.24
sm90_xmma_gemm_bf16bf16_bf16f32_f32_nn_n_tilesize128x128x64_warpgroupsize1x1x1_execute_segment_k_off_kernel__51_cublas,86.72,66.11,34.53,17.42,18.75,0,66.76
sm90_xmma_gemm_bf16f32_bf16f32_f32_nt_n_tilesize128x128x64_warpgroupsize1x1x1_execute_segment_k_off_kernel__51_cublas,65.27,59.34,49.34,18.16,18.75,0,59.66
reduce_kernel,8.62,72.57,72.57,92.87,100,0.00,3.40
vectorized_elementwise_kernel,0.01,9.85,0.04,4.29,100,33.33,99.23
vectorized_elementwise_kernel,11.58,88.24,88.24,84.17,100,43.00,50.93
cuComputePartGradGammaBeta,56.30,85.39,46.90,57.90,62.50,76.97,10.99
cuComputeGradGammaBeta,12.33,9.23,9.23,34.87,50,0,39.69
cuComputeGradInput,30.60,44.19,44.19,48.42,56.25,70.26,25.97
vectorized_elementwise_kernel,21.41,84.02,84.02,83.83,100,31.14,34.74
unrolled_elementwise_kernel,0.55,5.56,0.51,6.13,100,40,89.82
unrolled_elementwise_kernel,0.55,5.62,0.52,6.00,100,40,91.18
vectorized_elementwise_kernel,0.01,10.62,0.03,6.23,100,0,99.55
kernel5,31.69,60.07,60.07,45.03,56.25,11.44,51.49
unrolled_elementwise_kernel,0.52,5.30,0.48,5.96,100,40,90.91
sm90_xmma_gemm_bf16bf16_bf16f32_f32_nn_n_tilesize128x256x64_warpgroupsize2x1x1_execute_segment_k_off_kernel__51_cublas,65.85,42.97,16.82,15.63,18.75,0,74.42
sm90_xmma_gemm_bf16f32_bf16f32_f32_nt_n_tilesize128x128x64_warpgroupsize1x1x1_execute_segment_k_off_kernel__51_cublas,67.28,61.10,36.94,17.88,18.75,0,70.27
sm90_xmma_gemm_bf16bf16_bf16f32_f32_nt_n_tilesize128x128x64_warpgroupsize1x1x1_execute_segment_k_off_kernel__51_cublas,34.79,68.69,68.69,13.92,18.75,0,39.04
sm90_xmma_gemm_bf16bf16_bf16f32_f32_tn_n_tilesize128x128x64_warpgroupsize1x1x1_execute_segment_k_off_kernel__51_cublas,32.99,52.78,46.73,17.89,18.75,0,92.96
vectorized_elementwise_kernel,30.38,86.41,86.41,78.58,100,0,43.10
scaled_upper_triang_masked_softmax_warp_backward,18.18,46.81,46.81,16.70,18.75,22.12,51.75
sm90_xmma_gemm_bf16bf16_bf16f32_f32_nn_n_tilesize128x128x64_warpgroupsize1x1x1_execute_segment_k_off_kernel__51_cublas,34.53,67.86,67.86,14.07,18.75,0,37.00
vectorized_elementwise_kernel,14.66,28.30,27.26,58.26,100,0,54.42
sm90_xmma_gemm_bf16bf16_bf16f32_f32_nt_n_tilesize128x128x64_warpgroupsize1x1x1_execute_segment_k_off_kernel__51_cublas,34.82,68.60,68.60,13.65,18.75,0,39.63
vectorized_elementwise_kernel,14.75,28.29,27.43,56.94,100,0,54.10
CatArrayBatchedCopy,67.56,48.36,13.17,80.22,100,6.40,81.49
sm90_xmma_gemm_bf16bf16_bf16f32_f32_nn_n_tilesize128x128x64_warpgroupsize1x1x1_execute_segment_k_off_kernel__51_cublas,85.73,65.69,29.30,17.42,18.75,0,65.92
sm90_xmma_gemm_bf16f32_bf16f32_f32_nt_n_tilesize128x128x64_warpgroupsize1x1x1_execute_segment_k_off_kernel__51_cublas,66.85,60.76,46.63,18.14,18.75,0,62.27
reduce_kernel,19.58,31.16,31.16,51.26,56.25,13.23,17.17
unrolled_elementwise_kernel,0.21,5.65,0.29,6.20,100,40.00,94.65
reduce_kernel,10.35,83.49,83.49,96.83,100,0,5.07
vectorized_elementwise_kernel,0.01,10.15,0.05,5.33,100,33.33,100.68
vectorized_elementwise_kernel,11.70,87.72,87.72,83.31,100,43.13,51.62
cuComputePartGradGammaBeta,56.04,84.99,46.81,57.75,62.50,76.98,13.02
cuComputeGradGammaBeta,12.16,9.11,9.09,36.72,50,0,40.55
cuComputeGradInput,30.50,44.50,44.50,47.92,56.25,70.30,26.36
vectorized_elementwise_kernel,21.82,84.95,84.95,83.44,100,31.20,34.99
unrolled_elementwise_kernel,0.51,5.15,0.47,6.52,100,40,90.47
unrolled_elementwise_kernel,0.54,5.45,0.50,6.30,100,40,90.80
vectorized_elementwise_kernel,0.01,11.38,0.04,5.94,100,0,99.57
kernel5,31.70,60.19,60.19,44.11,56.25,11.45,51.65
unrolled_elementwise_kernel,0.55,5.69,0.51,6.20,100,40,89.93
sm90_xmma_gemm_bf16bf16_bf16f32_f32_nn_n_tilesize128x256x64_warpgroupsize2x1x1_execute_segment_k_off_kernel__51_cublas,68.26,43.04,31.12,15.64,18.75,72.12,59.50
sm90_xmma_gemm_bf16f32_bf16f32_f32_nt_n_tilesize128x128x64_warpgroupsize1x1x1_execute_segment_k_off_kernel__51_cublas,67.26,61.02,50.17,18.40,18.75,0,60.11
reduce_kernel,10.05,83.85,83.85,84.06,100,0.00,4.13
vectorized_elementwise_kernel,0.01,9.61,0.04,4.38,100,33.33,97.04
vectorized_elementwise_kernel,11.50,88.51,88.51,83.87,100,42.94,51.21
kernel6,74.10,65.89,65.89,86.59,100,21.09,38.01
reduce_kernel,19.67,31.54,31.54,48.84,56.25,13.70,19.43
unrolled_elementwise_kernel,0.27,5.47,0.33,5.80,100,40,92.74
sm90_xmma_gemm_bf16bf16_bf16f32_f32_nn_n_tilesize128x128x64_warpgroupsize1x1x1_execute_segment_k_off_kernel__51_cublas,86.75,66.14,34.54,17.41,18.75,0,71.33
sm90_xmma_gemm_bf16f32_bf16f32_f32_nt_n_tilesize128x128x64_warpgroupsize1x1x1_execute_segment_k_off_kernel__51_cublas,65.70,59.73,49.58,18.47,18.75,0,59.75
reduce_kernel,8.51,72.55,72.55,92.30,100,0,3.45
vectorized_elementwise_kernel,0.01,9.66,0.05,4.30,100,33.33,99.16
vectorized_elementwise_kernel,11.54,88.09,88.09,83.85,100,43.05,50.82
cuComputePartGradGammaBeta,56.48,85.66,47.13,58.36,62.50,76.97,12.24
cuComputeGradGammaBeta,12.18,9.07,9.07,34.96,50,0,39.44
cuComputeGradInput,30.56,44.40,44.40,48.25,56.25,70.32,25.48
vectorized_elementwise_kernel,21.98,86.02,86.02,81.44,100,31.13,34.80
unrolled_elementwise_kernel,0.55,5.57,0.51,6.85,100,40,88.28
unrolled_elementwise_kernel,0.56,5.65,0.52,6.04,100,40,89.24
vectorized_elementwise_kernel,0.01,10.83,0.03,4.78,100,0,98.54
kernel5,31.56,59.84,59.84,45.27,56.25,11.48,51.56
unrolled_elementwise_kernel,0.50,5.17,0.46,6.44,100,40,91.71
sm90_xmma_gemm_bf16bf16_bf16f32_f32_nn_n_tilesize128x256x64_warpgroupsize2x1x1_execute_segment_k_off_kernel__51_cublas,65.92,42.95,16.83,15.65,18.75,0,73.36
sm90_xmma_gemm_bf16f32_bf16f32_f32_nt_n_tilesize128x128x64_warpgroupsize1x1x1_execute_segment_k_off_kernel__51_cublas,65.67,59.63,35.95,17.51,18.75,0,69.92
sm90_xmma_gemm_bf16bf16_bf16f32_f32_nt_n_tilesize128x128x64_warpgroupsize1x1x1_execute_segment_k_off_kernel__51_cublas,35.01,68.33,68.33,14.20,18.75,0,38.17
sm90_xmma_gemm_bf16bf16_bf16f32_f32_tn_n_tilesize128x128x64_warpgroupsize1x1x1_execute_segment_k_off_kernel__51_cublas,32.74,52.17,46.66,17.71,18.75,0,91.66
vectorized_elementwise_kernel,30.23,86.08,86.08,80.03,100,0,42.79
scaled_upper_triang_masked_softmax_warp_backward,18.23,46.74,46.74,16.84,18.75,22.36,52.02
sm90_xmma_gemm_bf16bf16_bf16f32_f32_nn_n_tilesize128x128x64_warpgroupsize1x1x1_execute_segment_k_off_kernel__51_cublas,33.98,67.12,67.12,13.43,18.75,0,37.11
vectorized_elementwise_kernel,14.17,27.30,26.35,59.83,100,0,53.83
sm90_xmma_gemm_bf16bf16_bf16f32_f32_nt_n_tilesize128x128x64_warpgroupsize1x1x1_execute_segment_k_off_kernel__51_cublas,34.81,68.51,68.51,13.67,18.75,0,39.70
vectorized_elementwise_kernel,14.37,27.72,26.73,64.38,100,0,53.90
CatArrayBatchedCopy,66.65,46.72,13.32,80.50,100,6.30,79.81
sm90_xmma_gemm_bf16bf16_bf16f32_f32_nn_n_tilesize128x128x64_warpgroupsize1x1x1_execute_segment_k_off_kernel__51_cublas,85.73,65.68,27.98,17.42,18.75,0,68.56
sm90_xmma_gemm_bf16f32_bf16f32_f32_nt_n_tilesize128x128x64_warpgroupsize1x1x1_execute_segment_k_off_kernel__51_cublas,67.65,61.47,46.89,18.28,18.75,0,62.26
reduce_kernel,19.27,30.69,30.69,51.17,56.25,13.26,17.19
unrolled_elementwise_kernel,0.21,5.44,0.28,6.12,100,40.00,93.54
reduce_kernel,10.52,84.87,84.87,97.63,100,0,5.09
vectorized_elementwise_kernel,0.01,10.15,0.05,4.51,100,33.33,97.91
vectorized_elementwise_kernel,11.69,87.57,87.57,83.97,100,43.24,51.66
cuComputePartGradGammaBeta,56.14,85.15,46.88,57.95,62.50,76.97,11.69
cuComputeGradGammaBeta,12.43,9.33,9.23,34.22,50,0,41.07
cuComputeGradInput,30.52,44.41,44.41,48.06,56.25,70.26,26.40
vectorized_elementwise_kernel,21.81,85.38,85.38,83.69,100,31.19,35.00
unrolled_elementwise_kernel,0.53,5.41,0.49,5.89,100,40,87.93
unrolled_elementwise_kernel,0.54,5.52,0.50,6.40,100,40,89.61
vectorized_elementwise_kernel,0.01,11.48,0.04,6.17,100,0,98.59
kernel5,31.65,59.82,59.82,45.90,56.25,11.43,52.22
unrolled_elementwise_kernel,0.55,5.61,0.51,6.14,100,40,90.89
sm90_xmma_gemm_bf16bf16_bf16f32_f32_nn_n_tilesize128x256x64_warpgroupsize2x1x1_execute_segment_k_off_kernel__51_cublas,92.16,58.12,35.42,15.64,18.75,72.12,58.81
sm90_xmma_gemm_bf16f32_bf16f32_f32_nt_n_tilesize128x128x64_warpgroupsize1x1x1_execute_segment_k_off_kernel__51_cublas,67.18,60.94,50.46,18.41,18.75,0,59.97
reduce_kernel,9.91,83.91,83.91,85.12,100,0.00,4.21
vectorized_elementwise_kernel,0.01,9.63,0.04,4.79,100,33.33,99.22
vectorized_elementwise_kernel,11.51,88.58,88.58,84.17,100,43.03,51.01
kernel6,73.63,65.93,65.93,83.54,100,21.21,37.48
reduce_kernel,19.78,31.73,31.73,48.02,56.25,13.59,18.61
unrolled_elementwise_kernel,0.27,5.36,0.32,6.32,100,40,92.85
sm90_xmma_gemm_bf16bf16_bf16f32_f32_nn_n_tilesize128x128x64_warpgroupsize1x1x1_execute_segment_k_off_kernel__51_cublas,86.62,66.04,33.66,17.42,18.75,0,66.15
sm90_xmma_gemm_bf16f32_bf16f32_f32_nt_n_tilesize128x128x64_warpgroupsize1x1x1_execute_segment_k_off_kernel__51_cublas,65.21,59.28,49.65,18.10,18.75,0,60.10
reduce_kernel,8.58,72.22,72.22,91.79,100,0.00,3.80
vectorized_elementwise_kernel,0.01,9.64,0.04,4.76,100,33.33,99.44
vectorized_elementwise_kernel,11.64,88.70,88.70,83.22,100,43.13,50.89
cuComputePartGradGammaBeta,55.77,84.60,46.47,57.63,62.50,76.98,10.42
cuComputeGradGammaBeta,11.60,8.69,8.68,33.06,50,0,40.38
cuComputeGradInput,30.49,44.39,44.39,48.12,56.25,70.25,25.84
vectorized_elementwise_kernel,21.91,85.50,85.50,82.28,100,31.15,34.73
unrolled_elementwise_kernel,0.55,5.56,0.51,6.16,100,40,89.94
unrolled_elementwise_kernel,0.51,5.22,0.47,5.92,100,40,91.46
vectorized_elementwise_kernel,0.01,11.01,0.03,6.21,100,0,101.07
kernel5,31.11,58.90,58.90,45.72,56.25,11.47,51.76
unrolled_elementwise_kernel,0.52,5.33,0.49,6.05,100,40,90.17
sm90_xmma_gemm_bf16bf16_bf16f32_f32_nn_n_tilesize128x256x64_warpgroupsize2x1x1_execute_segment_k_off_kernel__51_cublas,65.54,43.14,16.89,15.64,18.75,0,75.01
sm90_xmma_gemm_bf16f32_bf16f32_f32_nt_n_tilesize128x128x64_warpgroupsize1x1x1_execute_segment_k_off_kernel__51_cublas,65.78,59.74,36.23,17.85,18.75,0,69.58
sm90_xmma_gemm_bf16bf16_bf16f32_f32_nt_n_tilesize128x128x64_warpgroupsize1x1x1_execute_segment_k_off_kernel__51_cublas,34.04,66.83,66.83,13.82,18.75,0,37.64
sm90_xmma_gemm_bf16bf16_bf16f32_f32_tn_n_tilesize128x128x64_warpgroupsize1x1x1_execute_segment_k_off_kernel__51_cublas,32.40,52.33,46.75,17.85,18.75,0,92.73
vectorized_elementwise_kernel,30.29,86.07,86.07,78.68,100,0,42.79
scaled_upper_triang_masked_softmax_warp_backward,18.24,46.78,46.78,16.75,18.75,22.01,51.78
sm90_xmma_gemm_bf16bf16_bf16f32_f32_nn_n_tilesize128x128x64_warpgroupsize1x1x1_execute_segment_k_off_kernel__51_cublas,34.65,67.86,67.86,14.13,18.75,0,36.84
vectorized_elementwise_kernel,14.84,28.37,27.40,60.32,100,0,53.76
sm90_xmma_gemm_bf16bf16_bf16f32_f32_nt_n_tilesize128x128x64_warpgroupsize1x1x1_execute_segment_k_off_kernel__51_cublas,34.36,67.53,67.53,13.82,18.75,0,39.28
vectorized_elementwise_kernel,14.81,28.49,27.54,60.00,100,0,54.15
CatArrayBatchedCopy,67.44,46.73,13.33,80.00,100,6.40,77.48
sm90_xmma_gemm_bf16bf16_bf16f32_f32_nn_n_tilesize128x128x64_warpgroupsize1x1x1_execute_segment_k_off_kernel__51_cublas,85.62,65.60,30.24,17.43,18.75,0,68.31
sm90_xmma_gemm_bf16f32_bf16f32_f32_nt_n_tilesize128x128x64_warpgroupsize1x1x1_execute_segment_k_off_kernel__51_cublas,67.11,60.99,46.72,18.15,18.75,0,62.22
reduce_kernel,19.79,31.46,31.46,51.33,56.25,13.26,16.96
unrolled_elementwise_kernel,0.21,5.57,0.29,5.94,100,40.00,93.76
reduce_kernel,10.64,85.72,85.72,98.77,100,0,5.29
vectorized_elementwise_kernel,0.01,9.74,0.04,5.09,100,33.33,99.18
vectorized_elementwise_kernel,11.62,87.17,87.17,85.32,100,43.07,51.72
cuComputePartGradGammaBeta,56.68,85.96,47.35,57.82,62.50,76.98,12.01
cuComputeGradGammaBeta,12.46,9.33,9.33,32.42,50,0,39.90
cuComputeGradInput,30.27,44.15,44.15,48.61,56.25,70.50,26.02
vectorized_elementwise_kernel,22.03,85.73,85.73,81.65,100,31.14,34.90
unrolled_elementwise_kernel,0.55,5.64,0.51,6.24,100,40,92.69
unrolled_elementwise_kernel,0.56,5.73,0.52,6.20,100,40,92.11
vectorized_elementwise_kernel,0.01,11.25,0.03,7.28,100,0,99.79
kernel5,31.17,59.08,59.08,44.45,56.25,11.50,51.91
unrolled_elementwise_kernel,0.55,5.79,0.51,6.31,100,40,91.92
sm90_xmma_gemm_bf16bf16_bf16f32_f32_nn_n_tilesize128x256x64_warpgroupsize2x1x1_execute_segment_k_off_kernel__51_cublas,92.34,58.23,35.62,15.65,18.75,72.12,60.92
sm90_xmma_gemm_bf16f32_bf16f32_f32_nt_n_tilesize128x128x64_warpgroupsize1x1x1_execute_segment_k_off_kernel__51_cublas,66.63,60.42,49.85,18.49,18.75,0,59.99
reduce_kernel,9.98,83.89,83.89,84.41,100,0.00,4.16
vectorized_elementwise_kernel,0.01,9.92,0.05,4.90,100,33.33,96.96
vectorized_elementwise_kernel,11.55,88.85,88.85,84.04,100,42.99,51.06
kernel6,73.88,66.32,66.32,86.69,100,20.99,38.04
reduce_kernel,20.12,32.24,32.24,48.08,56.25,13.59,19.05
unrolled_elementwise_kernel,0.28,5.78,0.34,6.27,100,40,93.02
sm90_xmma_gemm_bf16bf16_bf16f32_f32_nn_n_tilesize128x128x64_warpgroupsize1x1x1_execute_segment_k_off_kernel__51_cublas,86.64,66.06,34.00,17.42,18.75,0,65.61
sm90_xmma_gemm_bf16f32_bf16f32_f32_nt_n_tilesize128x128x64_warpgroupsize1x1x1_execute_segment_k_off_kernel__51_cublas,65.01,59.10,49.60,18.45,18.75,0,59.59
reduce_kernel,8.66,72.73,72.73,92.56,100,0,3.46
vectorized_elementwise_kernel,0.01,9.58,0.04,4.65,100,33.33,98.28
vectorized_elementwise_kernel,11.58,88.09,88.09,83.72,100,43.10,50.83
cuComputePartGradGammaBeta,56.37,85.48,47.00,57.91,62.50,76.97,9.93
cuComputeGradGammaBeta,12.20,9.10,9.10,33.49,50,0,39.63
cuComputeGradInput,30.33,44.13,44.13,48.60,56.25,70.29,25.86
vectorized_elementwise_kernel,21.55,84.42,84.42,80.83,100,31.10,34.66
unrolled_elementwise_kernel,0.54,5.54,0.51,5.66,100,40,91.71
unrolled_elementwise_kernel,0.55,5.57,0.51,6.21,100,40,90.27
vectorized_elementwise_kernel,0.01,11.03,0.03,7.19,100,0,99.60
kernel5,31.31,59.36,59.36,43.47,56.25,11.46,51.83
unrolled_elementwise_kernel,0.53,5.36,0.49,6.07,100,40,89.27
sm90_xmma_gemm_bf16bf16_bf16f32_f32_nn_n_tilesize128x256x64_warpgroupsize2x1x1_execute_segment_k_off_kernel__51_cublas,65.47,42.79,16.75,15.63,18.75,0,75.93
sm90_xmma_gemm_bf16f32_bf16f32_f32_nt_n_tilesize128x128x64_warpgroupsize1x1x1_execute_segment_k_off_kernel__51_cublas,66.62,60.50,36.72,17.64,18.75,0,69.95
sm90_xmma_gemm_bf16bf16_bf16f32_f32_nt_n_tilesize128x128x64_warpgroupsize1x1x1_execute_segment_k_off_kernel__51_cublas,33.84,66.80,66.80,13.78,18.75,0,39.00
sm90_xmma_gemm_bf16bf16_bf16f32_f32_tn_n_tilesize128x128x64_warpgroupsize1x1x1_execute_segment_k_off_kernel__51_cublas,32.76,52.65,46.89,17.85,18.75,0,91.52
vectorized_elementwise_kernel,30.11,86.01,86.01,78.05,100,0,43.23
scaled_upper_triang_masked_softmax_warp_backward,18.22,46.78,46.78,16.72,18.75,21.54,51.48
sm90_xmma_gemm_bf16bf16_bf16f32_f32_nn_n_tilesize128x128x64_warpgroupsize1x1x1_execute_segment_k_off_kernel__51_cublas,34.50,67.63,67.63,13.80,18.75,0,36.61
vectorized_elementwise_kernel,14.78,28.39,27.50,60.35,100,0,54.39
sm90_xmma_gemm_bf16bf16_bf16f32_f32_nt_n_tilesize128x128x64_warpgroupsize1x1x1_execute_segment_k_off_kernel__51_cublas,34.42,67.94,67.94,13.70,18.75,0,39.55
vectorized_elementwise_kernel,14.88,28.61,27.65,60.23,100,0,54.05
CatArrayBatchedCopy,61.20,42.77,12.02,80.02,100,6.37,78.29
sm90_xmma_gemm_bf16bf16_bf16f32_f32_nn_n_tilesize128x128x64_warpgroupsize1x1x1_execute_segment_k_off_kernel__51_cublas,85.91,65.83,29.86,17.42,18.75,0,66.29
sm90_xmma_gemm_bf16f32_bf16f32_f32_nt_n_tilesize128x128x64_warpgroupsize1x1x1_execute_segment_k_off_kernel__51_cublas,66.10,60.06,46.78,18.24,18.75,0,62.28
reduce_kernel,19.49,31.03,31.03,50.52,56.25,13.57,17.16
unrolled_elementwise_kernel,0.22,5.68,0.30,5.99,100,40.00,93.91
reduce_kernel,10.36,83.56,83.56,100.17,100,0,5.02
vectorized_elementwise_kernel,0.01,9.87,0.04,4.77,100,33.33,99.43
vectorized_elementwise_kernel,11.64,87.00,87.00,83.62,100,43.30,51.53
cuComputePartGradGammaBeta,56.34,85.46,47.00,57.74,62.50,76.97,13.08
cuComputeGradGammaBeta,12.48,9.29,9.29,36.26,50,0,39.35
cuComputeGradInput,30.61,44.31,44.31,48.50,56.25,70.35,25.67
vectorized_elementwise_kernel,21.35,83.71,83.71,81.75,100,31.14,34.87
unrolled_elementwise_kernel,0.56,5.73,0.52,5.85,100,40,88.95
unrolled_elementwise_kernel,0.52,5.33,0.49,5.93,100,40,91.12
vectorized_elementwise_kernel,0.01,11.30,0.04,6.18,100,0,100.81
kernel5,30.79,58.30,58.30,44.71,56.25,11.44,52.15
unrolled_elementwise_kernel,0.55,5.55,0.51,6.40,100,40,90.44
sm90_xmma_gemm_bf16bf16_bf16f32_f32_nn_n_tilesize128x256x64_warpgroupsize2x1x1_execute_segment_k_off_kernel__51_cublas,92.22,58.15,35.48,15.66,18.75,72.12,58.21
sm90_xmma_gemm_bf16f32_bf16f32_f32_nt_n_tilesize128x128x64_warpgroupsize1x1x1_execute_segment_k_off_kernel__51_cublas,66.47,60.25,50.05,18.15,18.75,0,59.80
reduce_kernel,9.88,84.14,84.14,84.36,100,0.00,3.93
vectorized_elementwise_kernel,0.01,10.27,0.05,4.58,100,33.33,100.56
vectorized_elementwise_kernel,11.48,88.50,88.50,84.09,100,42.97,50.98
kernel6,74.46,66.75,66.75,86.21,100,21.22,37.97
reduce_kernel,19.49,31.40,31.40,48.20,56.25,13.60,19.04
unrolled_elementwise_kernel,0.28,5.74,0.34,6.11,100,40,94.21
sm90_xmma_gemm_bf16bf16_bf16f32_f32_nn_n_tilesize128x128x64_warpgroupsize1x1x1_execute_segment_k_off_kernel__51_cublas,86.69,66.08,34.43,17.41,18.75,0,67.55
sm90_xmma_gemm_bf16f32_bf16f32_f32_nt_n_tilesize128x128x64_warpgroupsize1x1x1_execute_segment_k_off_kernel__51_cublas,65.60,59.65,49.16,18.32,18.75,0,59.55
reduce_kernel,8.64,72.72,72.72,92.37,100,0.00,3.25
vectorized_elementwise_kernel,0.01,10.12,0.05,5.60,100,33.33,99.12
vectorized_elementwise_kernel,11.55,88.10,88.10,83.51,100,43.09,50.77
cuComputePartGradGammaBeta,56.13,85.14,46.81,57.98,62.50,76.97,10.43
cuComputeGradGammaBeta,12.10,9.12,9.07,31.55,50,0,40.89
cuComputeGradInput,30.52,44.39,44.39,48.08,56.25,70.30,26.11
vectorized_elementwise_kernel,21.42,83.87,83.87,82.36,100,31.24,34.78
unrolled_elementwise_kernel,0.52,5.51,0.49,6.16,100,40,93.85
unrolled_elementwise_kernel,0.53,5.65,0.50,6.32,100,40,94.46
vectorized_elementwise_kernel,0.01,11.50,0.04,6.02,100,0,99.54
kernel5,31.15,58.89,58.89,43.99,56.25,11.48,52.03
unrolled_elementwise_kernel,0.51,5.31,0.48,6.33,100,40,93.82
sm90_xmma_gemm_bf16bf16_bf16f32_f32_nn_n_tilesize128x256x64_warpgroupsize2x1x1_execute_segment_k_off_kernel__51_cublas,65.87,42.99,16.86,15.62,18.75,0,76.11
sm90_xmma_gemm_bf16f32_bf16f32_f32_nt_n_tilesize128x128x64_warpgroupsize1x1x1_execute_segment_k_off_kernel__51_cublas,67.22,61.02,35.90,17.94,18.75,0,70.12
sm90_xmma_gemm_bf16bf16_bf16f32_f32_nt_n_tilesize128x128x64_warpgroupsize1x1x1_execute_segment_k_off_kernel__51_cublas,34.19,67.30,67.30,13.96,18.75,0,38.40
sm90_xmma_gemm_bf16bf16_bf16f32_f32_tn_n_tilesize128x128x64_warpgroupsize1x1x1_execute_segment_k_off_kernel__51_cublas,32.25,51.21,45.16,17.82,18.75,0,93.28
vectorized_elementwise_kernel,30.23,86.06,86.06,79.64,100,0,43.24
scaled_upper_triang_masked_softmax_warp_backward,18.25,46.94,46.94,16.83,18.75,20.90,52.07
sm90_xmma_gemm_bf16bf16_bf16f32_f32_nn_n_tilesize128x128x64_warpgroupsize1x1x1_execute_segment_k_off_kernel__51_cublas,34.49,67.65,67.65,14.30,18.75,0,37.31
vectorized_elementwise_kernel,14.82,28.54,27.57,60.04,100,0,53.65
sm90_xmma_gemm_bf16bf16_bf16f32_f32_nt_n_tilesize128x128x64_warpgroupsize1x1x1_execute_segment_k_off_kernel__51_cublas,34.86,68.63,68.63,13.71,18.75,0,39.81
vectorized_elementwise_kernel,14.65,28.06,27.22,58.27,100,0,54.26
CatArrayBatchedCopy,67.17,48.81,13.17,80.47,100,6.29,82.20
sm90_xmma_gemm_bf16bf16_bf16f32_f32_nn_n_tilesize128x128x64_warpgroupsize1x1x1_execute_segment_k_off_kernel__51_cublas,85.79,65.74,29.44,17.42,18.75,0,66.18
sm90_xmma_gemm_bf16f32_bf16f32_f32_nt_n_tilesize128x128x64_warpgroupsize1x1x1_execute_segment_k_off_kernel__51_cublas,66.74,60.65,47.02,18.17,18.75,0,62.40
reduce_kernel,19.34,30.77,30.77,52.82,56.25,13.28,16.96
unrolled_elementwise_kernel,0.20,5.51,0.44,6.15,100,40.00,91.61
reduce_kernel,10.46,84.37,84.37,98.31,100,0,5.03
vectorized_elementwise_kernel,0.01,9.69,0.04,4.74,100,33.33,97.75
vectorized_elementwise_kernel,11.61,86.99,86.99,82.30,100,43.11,51.49
cuComputePartGradGammaBeta,56.52,85.71,47.10,57.59,62.50,76.98,12.71
cuComputeGradGammaBeta,12.10,9.15,9.04,35.85,50,0,40.77
cuComputeGradInput,30.47,44.15,44.15,48.25,56.25,70.24,26.01
vectorized_elementwise_kernel,21.39,84.07,84.07,81.97,100,31.11,34.81
unrolled_elementwise_kernel,0.53,5.48,0.49,6.35,100,40,92.52
unrolled_elementwise_kernel,0.53,5.48,0.49,6.31,100,40,93.31
vectorized_elementwise_kernel,0.01,11.33,0.04,6.19,100,0,98.06
kernel5,31.37,59.42,59.42,45.25,56.25,11.43,51.54
unrolled_elementwise_kernel,0.53,5.47,0.49,6.14,100,40,90.30
sm90_xmma_gemm_bf16bf16_bf16f32_f32_nn_n_tilesize128x256x64_warpgroupsize2x1x1_execute_segment_k_off_kernel__51_cublas,92.24,58.16,35.53,15.64,18.75,72.12,57.77
sm90_xmma_gemm_bf16f32_bf16f32_f32_nt_n_tilesize128x128x64_warpgroupsize1x1x1_execute_segment_k_off_kernel__51_cublas,67.35,61.10,50.14,18.65,18.75,0,59.97
reduce_kernel,9.89,83.75,83.75,82.13,100,0.00,3.88
vectorized_elementwise_kernel,0.01,9.77,0.04,5.33,100,33.33,99.42
vectorized_elementwise_kernel,11.49,88.49,88.49,83.13,100,43.07,50.69
kernel6,73.10,65.80,65.80,84.14,100,21.15,37.68
reduce_kernel,19.57,31.47,31.47,47.74,56.25,13.61,19.16
unrolled_elementwise_kernel,0.28,5.56,0.33,6.30,100,40,91.17
sm90_xmma_gemm_bf16bf16_bf16f32_f32_nn_n_tilesize128x128x64_warpgroupsize1x1x1_execute_segment_k_off_kernel__51_cublas,86.61,66.02,34.20,17.43,18.75,0,69.23
sm90_xmma_gemm_bf16f32_bf16f32_f32_nt_n_tilesize128x128x64_warpgroupsize1x1x1_execute_segment_k_off_kernel__51_cublas,65.57,59.62,49.03,18.42,18.75,0,59.86
reduce_kernel,8.56,72.99,72.99,91.75,100,0,3.11
vectorized_elementwise_kernel,0.01,9.20,0.04,4.67,100,33.33,97.99
vectorized_elementwise_kernel,11.57,88.26,88.26,83.95,100,43.00,50.92
cuComputePartGradGammaBeta,56.17,85.19,46.43,57.50,62.50,76.97,12.07
cuComputeGradGammaBeta,12.63,9.45,9.45,33.26,50,0,39.58
cuComputeGradInput,30.20,44.09,44.09,48.37,56.25,70.37,25.55
vectorized_elementwise_kernel,21.83,85.67,85.67,81.46,100,31.12,34.85
unrolled_elementwise_kernel,0.54,5.49,0.50,6.25,100,40,87.67
unrolled_elementwise_kernel,0.53,5.43,0.50,6.91,100,40,89.32
vectorized_elementwise_kernel,0.01,11.06,0.03,6.23,100,0,99.64
kernel5,30.90,58.78,58.78,44.61,56.25,11.48,51.43
unrolled_elementwise_kernel,0.52,5.31,0.49,6.40,100,40,89.96
sm90_xmma_gemm_bf16bf16_bf16f32_f32_nn_n_tilesize128x256x64_warpgroupsize2x1x1_execute_segment_k_off_kernel__51_cublas,65.81,42.71,16.69,15.63,18.75,0,74.99
sm90_xmma_gemm_bf16f32_bf16f32_f32_nt_n_tilesize128x128x64_warpgroupsize1x1x1_execute_segment_k_off_kernel__51_cublas,65.32,59.31,35.86,17.44,18.75,0,69.70
sm90_xmma_gemm_bf16bf16_bf16f32_f32_nt_n_tilesize128x128x64_warpgroupsize1x1x1_execute_segment_k_off_kernel__51_cublas,35.31,68.92,68.92,13.73,18.75,0,38.47
sm90_xmma_gemm_bf16bf16_bf16f32_f32_tn_n_tilesize128x128x64_warpgroupsize1x1x1_execute_segment_k_off_kernel__51_cublas,32.36,52.98,47.10,17.74,18.75,0,92.05
vectorized_elementwise_kernel,30.12,85.97,85.97,79.49,100,0,43.00
scaled_upper_triang_masked_softmax_warp_backward,18.23,46.90,46.90,16.74,18.75,22.37,51.66
sm90_xmma_gemm_bf16bf16_bf16f32_f32_nn_n_tilesize128x128x64_warpgroupsize1x1x1_execute_segment_k_off_kernel__51_cublas,34.26,67.58,67.58,13.64,18.75,0,37.16
vectorized_elementwise_kernel,14.60,28.16,27.17,60.26,100,0,54.85
sm90_xmma_gemm_bf16bf16_bf16f32_f32_nt_n_tilesize128x128x64_warpgroupsize1x1x1_execute_segment_k_off_kernel__51_cublas,34.11,67.52,67.52,13.79,18.75,0,39.71
vectorized_elementwise_kernel,14.64,28.17,27.29,56.62,100,0,53.66
CatArrayBatchedCopy,66.62,47.36,13.23,80.02,100,6.27,80.51
sm90_xmma_gemm_bf16bf16_bf16f32_f32_nn_n_tilesize128x128x64_warpgroupsize1x1x1_execute_segment_k_off_kernel__51_cublas,85.81,65.75,27.71,17.43,18.75,0,69.35
sm90_xmma_gemm_bf16f32_bf16f32_f32_nt_n_tilesize128x128x64_warpgroupsize1x1x1_execute_segment_k_off_kernel__51_cublas,67.16,61.04,47.17,18.28,18.75,0,62.32
reduce_kernel,19.21,30.76,30.76,53.02,56.25,13.25,17.06
unrolled_elementwise_kernel,0.21,5.47,0.29,6.30,100,40.00,93.61
reduce_kernel,10.56,85.25,85.25,98.23,100,0,5.20
vectorized_elementwise_kernel,0.01,9.95,0.05,3.87,100,33.33,99.49
vectorized_elementwise_kernel,11.68,87.36,87.36,83.63,100,43.15,51.62
cuComputePartGradGammaBeta,55.68,84.44,46.52,57.83,62.50,76.98,12.41
cuComputeGradGammaBeta,12.09,9.16,8.97,33.25,50,0,42.24
cuComputeGradInput,30.60,44.47,44.47,48.44,56.25,70.31,25.96
vectorized_elementwise_kernel,21.49,84.15,84.15,81.46,100,31.11,35.12
unrolled_elementwise_kernel,0.55,5.63,0.51,6.18,100,40,91.12
unrolled_elementwise_kernel,0.55,5.70,0.51,5.68,100,40,93.33
vectorized_elementwise_kernel,0.01,11.28,0.04,6.33,100,0,99.51
kernel5,31.45,59.53,59.53,46.28,56.25,11.42,52.15
unrolled_elementwise_kernel,0.53,5.47,0.49,6.13,100,40,92.23
sm90_xmma_gemm_bf16bf16_bf16f32_f32_nn_n_tilesize128x256x64_warpgroupsize2x1x1_execute_segment_k_off_kernel__51_cublas,92.18,58.13,35.52,15.64,18.75,72.12,61.85
sm90_xmma_gemm_bf16f32_bf16f32_f32_nt_n_tilesize128x128x64_warpgroupsize1x1x1_execute_segment_k_off_kernel__51_cublas,66.93,60.71,50.04,18.34,18.75,0,60.13
reduce_kernel,9.95,84.05,84.05,85.05,100,0.00,3.74
vectorized_elementwise_kernel,0.01,9.98,0.05,3.84,100,33.33,100.19
vectorized_elementwise_kernel,11.47,88.38,88.38,83.63,100,42.97,50.93
kernel6,74.28,66.12,66.12,87.92,100,21.13,38.36
reduce_kernel,19.84,31.99,31.99,48.28,56.25,13.65,19.71
unrolled_elementwise_kernel,0.27,5.47,0.33,6.24,100,40,93.06
sm90_xmma_gemm_bf16bf16_bf16f32_f32_nn_n_tilesize128x128x64_warpgroupsize1x1x1_execute_segment_k_off_kernel__51_cublas,86.62,66.04,34.09,17.42,18.75,0,66.53
sm90_xmma_gemm_bf16f32_bf16f32_f32_nt_n_tilesize128x128x64_warpgroupsize1x1x1_execute_segment_k_off_kernel__51_cublas,65.95,59.96,49.35,18.23,18.75,0,59.64
reduce_kernel,8.68,73.08,73.08,91.49,100,0.00,3.48
vectorized_elementwise_kernel,0.01,10.02,0.05,4.99,100,33.33,99.27
vectorized_elementwise_kernel,11.62,88.66,88.66,84.00,100,43.12,51.04
cuComputePartGradGammaBeta,55.94,84.87,46.65,57.24,62.50,76.97,11.51
cuComputeGradGammaBeta,12.06,9.12,8.99,35.49,50,0,40.95
cuComputeGradInput,30.44,44.19,44.19,48.76,56.25,70.33,25.64
vectorized_elementwise_kernel,22.04,85.76,85.76,79.77,100,31.05,34.73
unrolled_elementwise_kernel,0.56,5.72,0.52,6.79,100,40,89.24
unrolled_elementwise_kernel,0.54,5.48,0.50,6.24,100,40,87.81
vectorized_elementwise_kernel,0.01,11.21,0.03,6.13,100,0,98.48
kernel5,31.39,59.29,59.29,44.96,56.25,11.45,51.51
unrolled_elementwise_kernel,0.52,5.42,0.49,6.11,100,40,88.89
sm90_xmma_gemm_bf16bf16_bf16f32_f32_nn_n_tilesize128x256x64_warpgroupsize2x1x1_execute_segment_k_off_kernel__51_cublas,65.61,42.57,16.69,15.64,18.75,0,74.88
sm90_xmma_gemm_bf16f32_bf16f32_f32_nt_n_tilesize128x128x64_warpgroupsize1x1x1_execute_segment_k_off_kernel__51_cublas,65.92,59.89,35.94,17.72,18.75,0,69.57
sm90_xmma_gemm_bf16bf16_bf16f32_f32_nt_n_tilesize128x128x64_warpgroupsize1x1x1_execute_segment_k_off_kernel__51_cublas,34.60,67.59,67.59,13.97,18.75,0,38.64
sm90_xmma_gemm_bf16bf16_bf16f32_f32_tn_n_tilesize128x128x64_warpgroupsize1x1x1_execute_segment_k_off_kernel__51_cublas,32.93,52.53,46.60,17.77,18.75,0,93.01
vectorized_elementwise_kernel,30.74,87.51,87.51,79.89,100,0,43.15
scaled_upper_triang_masked_softmax_warp_backward,18.31,47.03,47.03,16.77,18.75,22.35,51.89
sm90_xmma_gemm_bf16bf16_bf16f32_f32_nn_n_tilesize128x128x64_warpgroupsize1x1x1_execute_segment_k_off_kernel__51_cublas,34.23,67.06,67.06,13.92,18.75,0,37.31
vectorized_elementwise_kernel,14.60,28.00,26.95,58.50,100,0,56.10
sm90_xmma_gemm_bf16bf16_bf16f32_f32_nt_n_tilesize128x128x64_warpgroupsize1x1x1_execute_segment_k_off_kernel__51_cublas,34.12,67.11,67.11,13.86,18.75,0,39.79
vectorized_elementwise_kernel,14.61,28.15,27.20,57.55,100,0,54.06
CatArrayBatchedCopy,66.78,47.25,13.10,80.81,100,6.20,80.18
sm90_xmma_gemm_bf16bf16_bf16f32_f32_nn_n_tilesize128x128x64_warpgroupsize1x1x1_execute_segment_k_off_kernel__51_cublas,85.65,65.63,27.13,17.42,18.75,0,68.97
sm90_xmma_gemm_bf16f32_bf16f32_f32_nt_n_tilesize128x128x64_warpgroupsize1x1x1_execute_segment_k_off_kernel__51_cublas,66.55,60.46,46.70,18.14,18.75,0,61.88
reduce_kernel,19.41,30.85,30.85,52.13,56.25,13.48,17.23
unrolled_elementwise_kernel,0.21,5.61,0.29,6.25,100,40.00,94.95
reduce_kernel,10.52,84.85,84.85,98.82,100,0,5.04
vectorized_elementwise_kernel,0.01,9.79,0.04,4.04,100,33.33,99.42
vectorized_elementwise_kernel,11.73,87.66,87.66,84.07,100,43.11,51.69
cuComputePartGradGammaBeta,55.67,84.45,46.51,57.85,62.50,76.98,12.67
cuComputeGradGammaBeta,12.03,9.21,8.98,33.44,50,0,42.01
cuComputeGradInput,30.59,44.09,44.09,47.88,56.25,70.37,25.88
vectorized_elementwise_kernel,21.82,85.36,85.36,81.58,100,31.12,34.71
unrolled_elementwise_kernel,0.56,5.68,0.52,6.27,100,40,89.41
unrolled_elementwise_kernel,0.55,5.63,0.51,6.32,100,40,90.94
vectorized_elementwise_kernel,0.01,10.58,0.03,6.22,100,0,98.63
kernel5,31.26,59.27,59.27,45.18,56.25,11.44,52.02
unrolled_elementwise_kernel,0.55,5.59,0.51,6.15,100,40,90.28
sm90_xmma_gemm_bf16bf16_bf16f32_f32_nn_n_tilesize128x256x64_warpgroupsize2x1x1_execute_segment_k_off_kernel__51_cublas,92.10,58.07,35.24,15.65,18.75,72.12,63.43
sm90_xmma_gemm_bf16f32_bf16f32_f32_nt_n_tilesize128x128x64_warpgroupsize1x1x1_execute_segment_k_off_kernel__51_cublas,67.29,61.00,49.70,18.40,18.75,0,59.91
reduce_kernel,9.92,84.46,84.46,88.28,100,0.00,4.17
vectorized_elementwise_kernel,0.01,9.76,0.05,4.68,100,33.33,98.35
vectorized_elementwise_kernel,11.50,88.59,88.59,83.61,100,42.97,50.93
kernel6,73.33,65.73,65.73,85.80,100,21.14,38.10
reduce_kernel,19.57,31.45,31.45,50.12,56.25,13.63,19.30
unrolled_elementwise_kernel,0.28,5.54,0.33,6.21,100,40,91.42
sm90_xmma_gemm_bf16bf16_bf16f32_f32_nn_n_tilesize128x128x64_warpgroupsize1x1x1_execute_segment_k_off_kernel__51_cublas,86.54,65.97,36.78,17.42,18.75,0,68.26
sm90_xmma_gemm_bf16f32_bf16f32_f32_nt_n_tilesize128x128x64_warpgroupsize1x1x1_execute_segment_k_off_kernel__51_cublas,65.73,59.75,49.67,18.18,18.75,0,59.72
reduce_kernel,8.65,73.16,73.16,92.45,100,0.00,3.52
vectorized_elementwise_kernel,0.01,10.01,0.05,4.97,100,33.33,99.47
vectorized_elementwise_kernel,11.54,88.11,88.11,84.69,100,43.04,50.99
cuComputePartGradGammaBeta,55.97,84.89,46.80,57.80,62.50,76.97,11.47
cuComputeGradGammaBeta,12.19,9.12,9.11,35.56,50,0,40.65
cuComputeGradInput,30.51,44.11,44.11,48.16,56.25,70.29,25.69
vectorized_elementwise_kernel,21.63,84.36,84.36,82.40,100,31.08,35.06
unrolled_elementwise_kernel,0.56,5.66,0.52,6.24,100,40,91.21
unrolled_elementwise_kernel,0.54,5.52,0.50,6.33,100,40,90.02
vectorized_elementwise_kernel,0.01,11.14,0.04,6.16,100,0,99.53
kernel5,31.61,59.81,59.81,45.25,56.25,11.44,51.82
unrolled_elementwise_kernel,0.53,5.46,0.50,6.22,100,40,91.69
sm90_xmma_gemm_bf16bf16_bf16f32_f32_nn_n_tilesize128x256x64_warpgroupsize2x1x1_execute_segment_k_off_kernel__51_cublas,65.51,42.92,16.79,15.62,18.75,0,75.41
sm90_xmma_gemm_bf16f32_bf16f32_f32_nt_n_tilesize128x128x64_warpgroupsize1x1x1_execute_segment_k_off_kernel__51_cublas,66.71,60.58,36.76,17.56,18.75,0,70.38
sm90_xmma_gemm_bf16bf16_bf16f32_f32_nt_n_tilesize128x128x64_warpgroupsize1x1x1_execute_segment_k_off_kernel__51_cublas,34.79,67.89,67.89,13.51,18.75,0,39.34
sm90_xmma_gemm_bf16bf16_bf16f32_f32_tn_n_tilesize128x128x64_warpgroupsize1x1x1_execute_segment_k_off_kernel__51_cublas,32.78,53.10,46.76,17.75,18.75,0,92.43
vectorized_elementwise_kernel,30.66,87.50,87.50,79.40,100,0,43.52
scaled_upper_triang_masked_softmax_warp_backward,18.19,46.82,46.82,16.75,18.75,22.09,51.89
sm90_xmma_gemm_bf16bf16_bf16f32_f32_nn_n_tilesize128x128x64_warpgroupsize1x1x1_execute_segment_k_off_kernel__51_cublas,34.35,67.28,67.28,14.12,18.75,0,37.01
vectorized_elementwise_kernel,14.59,28.19,27.09,59.84,100,0,54.98
sm90_xmma_gemm_bf16bf16_bf16f32_f32_nt_n_tilesize128x128x64_warpgroupsize1x1x1_execute_segment_k_off_kernel__51_cublas,33.88,66.92,66.92,13.83,18.75,0,40.04
vectorized_elementwise_kernel,14.61,28.20,27.10,61.36,100,0,53.77
CatArrayBatchedCopy,67.37,46.48,13.32,79.60,100,6.35,79.67
sm90_xmma_gemm_bf16bf16_bf16f32_f32_nn_n_tilesize128x128x64_warpgroupsize1x1x1_execute_segment_k_off_kernel__51_cublas,85.82,65.76,27.63,17.42,18.75,0,67.67
sm90_xmma_gemm_bf16f32_bf16f32_f32_nt_n_tilesize128x128x64_warpgroupsize1x1x1_execute_segment_k_off_kernel__51_cublas,66.48,60.42,46.99,18.08,18.75,0,61.76
reduce_kernel,18.67,29.69,29.69,52.59,56.25,13.32,17.09
unrolled_elementwise_kernel,0.21,5.68,0.30,6.22,100,40.00,93.68
reduce_kernel,10.47,84.55,84.55,98.94,100,0,5.15
vectorized_elementwise_kernel,0.01,9.62,0.05,4.70,100,33.33,99.05
vectorized_elementwise_kernel,11.59,87.06,87.06,83.07,100,43.15,51.54
cuComputePartGradGammaBeta,56.01,84.96,46.63,57.54,62.50,76.98,11.93
cuComputeGradGammaBeta,11.83,8.89,8.86,34.07,50,0,41.03
cuComputeGradInput,30.39,44.16,44.16,47.68,56.25,70.32,26.01
vectorized_elementwise_kernel,21.89,85.54,85.54,81.42,100,31.15,35.11
unrolled_elementwise_kernel,0.56,5.78,0.52,6.27,100,40,93.10
unrolled_elementwise_kernel,0.53,5.47,0.49,6.20,100,40,92.58
vectorized_elementwise_kernel,0.01,10.60,0.03,6.18,100,0,99.20
kernel5,31.61,59.76,59.76,44.64,56.25,11.50,52.15
unrolled_elementwise_kernel,0.54,5.51,0.51,6.20,100,40,90.83
sm90_xmma_gemm_bf16bf16_bf16f32_f32_nn_n_tilesize128x256x64_warpgroupsize2x1x1_execute_segment_k_off_kernel__51_cublas,92.16,58.11,35.18,15.65,18.75,72.12,62.31
sm90_xmma_gemm_bf16f32_bf16f32_f32_nt_n_tilesize128x128x64_warpgroupsize1x1x1_execute_segment_k_off_kernel__51_cublas,66.86,60.60,50.12,18.18,18.75,0,59.92
reduce_kernel,10.01,83.91,83.91,83.85,100,0.00,3.42
vectorized_elementwise_kernel,0.01,9.51,0.04,4.65,100,33.33,100.62
vectorized_elementwise_kernel,11.52,88.84,88.84,83.97,100,43.02,50.69
kernel6,71.93,63.83,63.83,86.56,100,21.21,38.30
reduce_kernel,19.78,31.77,31.77,48.09,56.25,13.60,19.71
unrolled_elementwise_kernel,0.28,5.78,0.34,6.13,100,40,95.77
sm90_xmma_gemm_bf16bf16_bf16f32_f32_nn_n_tilesize128x128x64_warpgroupsize1x1x1_execute_segment_k_off_kernel__51_cublas,86.74,66.14,34.62,17.42,18.75,0,67.28
sm90_xmma_gemm_bf16f32_bf16f32_f32_nt_n_tilesize128x128x64_warpgroupsize1x1x1_execute_segment_k_off_kernel__51_cublas,65.62,59.65,49.43,18.39,18.75,0,59.42
reduce_kernel,8.59,73.09,73.09,91.84,100,0.00,3.25
vectorized_elementwise_kernel,0.01,10.08,0.05,4.62,100,33.33,99.67
vectorized_elementwise_kernel,11.58,88.23,88.23,83.42,100,43.04,50.76
cuComputePartGradGammaBeta,56.15,85.18,46.82,57.88,62.50,76.97,11.63
cuComputeGradGammaBeta,12.23,9.20,9.15,34.39,50,0,40.85
cuComputeGradInput,30.33,44.01,44.01,48.22,56.25,70.27,25.67
vectorized_elementwise_kernel,21.69,84.86,84.86,80.07,100,31.09,34.69
unrolled_elementwise_kernel,0.55,5.64,0.51,6.04,100,40,89.77
unrolled_elementwise_kernel,0.54,5.45,0.50,6.01,100,40,89.30
vectorized_elementwise_kernel,0.01,10.46,0.03,6.26,100,0,98.60
kernel5,31.39,59.48,59.48,43.66,56.25,11.48,51.38
unrolled_elementwise_kernel,0.50,5.17,0.47,6.23,100,40,91.45
sm90_xmma_gemm_bf16bf16_bf16f32_f32_nn_n_tilesize128x256x64_warpgroupsize2x1x1_execute_segment_k_off_kernel__51_cublas,65.93,42.66,16.74,15.64,18.75,0,74.95
sm90_xmma_gemm_bf16f32_bf16f32_f32_nt_n_tilesize128x128x64_warpgroupsize1x1x1_execute_segment_k_off_kernel__51_cublas,66.84,60.73,36.29,17.87,18.75,0,69.53
sm90_xmma_gemm_bf16bf16_bf16f32_f32_nt_n_tilesize128x128x64_warpgroupsize1x1x1_execute_segment_k_off_kernel__51_cublas,33.65,66.32,66.32,13.96,18.75,0,38.30
sm90_xmma_gemm_bf16bf16_bf16f32_f32_tn_n_tilesize128x128x64_warpgroupsize1x1x1_execute_segment_k_off_kernel__51_cublas,33.20,53.00,47.40,17.79,18.75,0,91.42
vectorized_elementwise_kernel,30.13,86.02,86.02,80.21,100,0,43.04
scaled_upper_triang_masked_softmax_warp_backward,18.15,46.62,46.62,16.71,18.75,21.19,51.90
sm90_xmma_gemm_bf16bf16_bf16f32_f32_nn_n_tilesize128x128x64_warpgroupsize1x1x1_execute_segment_k_off_kernel__51_cublas,34.59,67.94,67.94,13.88,18.75,0,37.13
vectorized_elementwise_kernel,14.62,28.28,27.19,61.86,100,0,54.58
sm90_xmma_gemm_bf16bf16_bf16f32_f32_nt_n_tilesize128x128x64_warpgroupsize1x1x1_execute_segment_k_off_kernel__51_cublas,33.68,66.61,66.61,13.79,18.75,0,40.45
vectorized_elementwise_kernel,14.70,28.26,27.28,61.10,100,0,54.20
CatArrayBatchedCopy,67.78,48.99,13.28,80.40,100,6.36,82.13
sm90_xmma_gemm_bf16bf16_bf16f32_f32_nn_n_tilesize128x128x64_warpgroupsize1x1x1_execute_segment_k_off_kernel__51_cublas,85.77,65.72,30.38,17.42,18.75,0,65.21
sm90_xmma_gemm_bf16f32_bf16f32_f32_nt_n_tilesize128x128x64_warpgroupsize1x1x1_execute_segment_k_off_kernel__51_cublas,67.43,61.29,47.00,18.49,18.75,0,62.30
reduce_kernel,18.87,30.20,30.20,51.47,56.25,13.25,17.21
unrolled_elementwise_kernel,0.21,5.65,0.29,6.35,100,40.00,94.33
reduce_kernel,10.40,83.35,83.35,99.68,100,0,4.95
vectorized_elementwise_kernel,0.01,10.11,0.05,5.31,100,33.33,100.77
vectorized_elementwise_kernel,11.73,87.91,87.91,84.87,100,43.12,51.62
cuComputePartGradGammaBeta,56.19,85.20,46.50,57.97,62.50,76.97,12.20
cuComputeGradGammaBeta,12.12,9.26,9.08,33.34,50,0,41.74
cuComputeGradInput,30.16,43.80,43.80,48.32,56.25,70.33,26.28
vectorized_elementwise_kernel,21.90,85.87,85.87,84.04,100,31.13,35.05
unrolled_elementwise_kernel,0.55,5.64,0.51,6.42,100,40,89.71
unrolled_elementwise_kernel,0.54,5.50,0.50,6.46,100,40,88.83
vectorized_elementwise_kernel,0.01,11.32,0.04,6.12,100,0,98.22
kernel5,31.08,58.70,58.70,44.37,56.25,11.45,52.12
unrolled_elementwise_kernel,0.56,5.72,0.52,6.27,100,40,91.23
sm90_xmma_gemm_bf16bf16_bf16f32_f32_nn_n_tilesize128x256x64_warpgroupsize2x1x1_execute_segment_k_off_kernel__51_cublas,92.01,58.02,35.23,15.64,18.75,72.12,60.15
sm90_xmma_gemm_bf16f32_bf16f32_f32_nt_n_tilesize128x128x64_warpgroupsize1x1x1_execute_segment_k_off_kernel__51_cublas,66.85,60.65,50.51,18.22,18.75,0,60.13
reduce_kernel,9.89,83.78,83.78,83.64,100,0.00,4.05
vectorized_elementwise_kernel,0.01,9.68,0.04,5.13,100,33.33,99.35
vectorized_elementwise_kernel,11.55,88.85,88.85,83.75,100,42.88,50.91
kernel6,73.29,64.96,64.96,87.02,100,21.28,38.03
reduce_kernel,19.53,31.49,31.49,47.28,56.25,13.81,19.33
unrolled_elementwise_kernel,0.28,5.55,0.33,6.33,100,40,93.34
sm90_xmma_gemm_bf16bf16_bf16f32_f32_nn_n_tilesize128x128x64_warpgroupsize1x1x1_execute_segment_k_off_kernel__51_cublas,86.46,65.91,34.16,17.42,18.75,0,71.13
sm90_xmma_gemm_bf16f32_bf16f32_f32_nt_n_tilesize128x128x64_warpgroupsize1x1x1_execute_segment_k_off_kernel__51_cublas,66.03,60.03,49.33,18.32,18.75,0,59.83
reduce_kernel,8.58,72.58,72.58,90.78,100,0.00,3.35
vectorized_elementwise_kernel,0.01,9.51,0.04,4.74,100,33.33,99.48
vectorized_elementwise_kernel,11.58,88.27,88.27,84.40,100,43.01,50.92
cuComputePartGradGammaBeta,56.29,85.40,47.01,57.97,62.50,76.97,11.20
cuComputeGradGammaBeta,12.30,9.19,9.19,35.38,50,0,39.16
cuComputeGradInput,30.50,44.03,44.03,48.24,56.25,70.31,25.91
vectorized_elementwise_kernel,21.81,85.47,85.47,82.44,100,31.17,34.62
unrolled_elementwise_kernel,0.55,5.66,0.51,6.71,100,40,91.03
unrolled_elementwise_kernel,0.54,5.64,0.51,6.51,100,40,91.10
vectorized_elementwise_kernel,0.01,10.93,0.03,6.24,100,0,99.58
kernel5,31.36,59.27,59.27,45.43,56.25,11.46,51.51
unrolled_elementwise_kernel,0.52,5.34,0.48,6.54,100,40,90.88
sm90_xmma_gemm_bf16bf16_bf16f32_f32_nn_n_tilesize128x256x64_warpgroupsize2x1x1_execute_segment_k_off_kernel__51_cublas,65.87,43.11,16.89,15.64,18.75,0,75.82
sm90_xmma_gemm_bf16f32_bf16f32_f32_nt_n_tilesize128x128x64_warpgroupsize1x1x1_execute_segment_k_off_kernel__51_cublas,66.65,60.54,35.70,17.83,18.75,0,70.16
sm90_xmma_gemm_bf16bf16_bf16f32_f32_nt_n_tilesize128x128x64_warpgroupsize1x1x1_execute_segment_k_off_kernel__51_cublas,34.60,68.24,68.24,13.47,18.75,0,38.76
sm90_xmma_gemm_bf16bf16_bf16f32_f32_tn_n_tilesize128x128x64_warpgroupsize1x1x1_execute_segment_k_off_kernel__51_cublas,32.47,52.62,46.50,17.73,18.75,0,92.82
vectorized_elementwise_kernel,30.35,86.03,86.03,78.45,100,0,42.97
scaled_upper_triang_masked_softmax_warp_backward,18.18,46.58,46.58,16.70,18.75,22.51,51.78
sm90_xmma_gemm_bf16bf16_bf16f32_f32_nn_n_tilesize128x128x64_warpgroupsize1x1x1_execute_segment_k_off_kernel__51_cublas,33.78,66.74,66.74,13.92,18.75,0,37.22
vectorized_elementwise_kernel,14.60,28.06,27.08,59.02,100,0,54.28
sm90_xmma_gemm_bf16bf16_bf16f32_f32_nt_n_tilesize128x128x64_warpgroupsize1x1x1_execute_segment_k_off_kernel__51_cublas,34.09,67.13,67.13,14.08,18.75,0,39.87
vectorized_elementwise_kernel,14.77,28.53,27.53,59.22,100,0,53.94
CatArrayBatchedCopy,67.73,47.62,13.39,79.93,100,6.32,80.11
sm90_xmma_gemm_bf16bf16_bf16f32_f32_nn_n_tilesize128x128x64_warpgroupsize1x1x1_execute_segment_k_off_kernel__51_cublas,85.78,65.72,27.86,17.42,18.75,0,68.89
sm90_xmma_gemm_bf16f32_bf16f32_f32_nt_n_tilesize128x128x64_warpgroupsize1x1x1_execute_segment_k_off_kernel__51_cublas,67.72,61.54,47.01,18.29,18.75,0,62.29
reduce_kernel,19.68,31.27,31.27,53.17,56.25,13.33,17.14
unrolled_elementwise_kernel,0.20,5.37,0.28,6.07,100,40.00,93.52
reduce_kernel,10.46,84.39,84.39,96.73,100,0,5.29
vectorized_elementwise_kernel,0.01,10.15,0.05,4.68,100,33.33,99.22
vectorized_elementwise_kernel,11.70,87.80,87.80,83.28,100,43.08,51.53
cuComputePartGradGammaBeta,56.51,85.70,47.12,57.34,62.50,76.97,12.27
cuComputeGradGammaBeta,12.20,9.13,9.12,32.48,50,0,40.13
cuComputeGradInput,30.57,43.99,43.99,47.51,56.25,70.36,26.36
vectorized_elementwise_kernel,21.80,85.52,85.52,81.36,100,31.09,35.02
unrolled_elementwise_kernel,0.53,5.58,0.49,6.41,100,40,91.69
unrolled_elementwise_kernel,0.54,5.65,0.50,6.82,100,40,91.43
vectorized_elementwise_kernel,0.01,11.10,0.03,6.42,100,0,99.26
kernel5,30.98,58.71,58.71,44.48,56.25,11.47,51.72
unrolled_elementwise_kernel,0.54,5.54,0.50,6.22,100,40,88.69
sm90_xmma_gemm_bf16bf16_bf16f32_f32_nn_n_tilesize128x256x64_warpgroupsize2x1x1_execute_segment_k_off_kernel__51_cublas,92.32,58.21,35.55,15.65,18.75,72.12,62.35
sm90_xmma_gemm_bf16f32_bf16f32_f32_nt_n_tilesize128x128x64_warpgroupsize1x1x1_execute_segment_k_off_kernel__51_cublas,67.29,61.03,50.59,18.26,18.75,0,60.09
reduce_kernel,9.97,84.28,84.28,85.46,100,0.00,4.47
vectorized_elementwise_kernel,0.01,9.66,0.04,4.75,100,33.33,98.28
vectorized_elementwise_kernel,11.50,88.50,88.50,83.91,100,43.00,51.11
kernel6,73.99,66.12,66.12,85.27,100,21.16,38.59
reduce_kernel,19.73,31.69,31.69,48.23,56.25,13.82,19.37
unrolled_elementwise_kernel,0.27,5.68,0.33,6.39,100,40,93.66
sm90_xmma_gemm_bf16bf16_bf16f32_f32_nn_n_tilesize128x128x64_warpgroupsize1x1x1_execute_segment_k_off_kernel__51_cublas,86.62,66.03,33.93,17.42,18.75,0,71.54
sm90_xmma_gemm_bf16f32_bf16f32_f32_nt_n_tilesize128x128x64_warpgroupsize1x1x1_execute_segment_k_off_kernel__51_cublas,66.21,60.18,49.55,18.27,18.75,0,59.82
reduce_kernel,8.53,72.17,72.17,93.20,100,0.00,3.36
vectorized_elementwise_kernel,0.01,9.65,0.04,4.67,100,33.33,97.95
vectorized_elementwise_kernel,11.58,88.21,88.21,83.55,100,43.06,50.93
cuComputePartGradGammaBeta,55.92,84.82,46.52,57.77,62.50,76.98,11.16
cuComputeGradGammaBeta,12.20,9.12,9.12,36.38,50,0,39.15
cuComputeGradInput,30.46,44.32,44.32,48.22,56.25,70.35,25.78
vectorized_elementwise_kernel,21.92,85.76,85.76,81.54,100,31.10,34.66
unrolled_elementwise_kernel,0.55,5.90,0.51,6.64,100,40,95.39
unrolled_elementwise_kernel,0.55,5.81,0.51,6.18,100,40,93.01
vectorized_elementwise_kernel,0.01,10.94,0.03,7.41,100,0,99.54
kernel5,31.19,59.16,59.16,44.74,56.25,11.49,51.60
unrolled_elementwise_kernel,0.51,5.32,0.48,6.08,100,40,92.58
sm90_xmma_gemm_bf16bf16_bf16f32_f32_nn_n_tilesize128x256x64_warpgroupsize2x1x1_execute_segment_k_off_kernel__51_cublas,65.56,43.48,16.88,15.64,18.75,0,75.69
sm90_xmma_gemm_bf16f32_bf16f32_f32_nt_n_tilesize128x128x64_warpgroupsize1x1x1_execute_segment_k_off_kernel__51_cublas,66.10,60.03,36.21,17.54,18.75,0,69.21
sm90_xmma_gemm_bf16bf16_bf16f32_f32_nt_n_tilesize128x128x64_warpgroupsize1x1x1_execute_segment_k_off_kernel__51_cublas,34.26,67.43,67.43,13.69,18.75,0,38.94
sm90_xmma_gemm_bf16bf16_bf16f32_f32_tn_n_tilesize128x128x64_warpgroupsize1x1x1_execute_segment_k_off_kernel__51_cublas,32.60,52.77,46.72,17.73,18.75,0,92.08
vectorized_elementwise_kernel,30.27,86.12,86.12,80.41,100,0,43.24
scaled_upper_triang_masked_softmax_warp_backward,18.26,46.93,46.93,16.79,18.75,22.46,51.77
sm90_xmma_gemm_bf16bf16_bf16f32_f32_nn_n_tilesize128x128x64_warpgroupsize1x1x1_execute_segment_k_off_kernel__51_cublas,35.19,69.00,69.00,13.79,18.75,0,37.34
vectorized_elementwise_kernel,14.74,28.29,27.37,59.03,100,0,55.83
sm90_xmma_gemm_bf16bf16_bf16f32_f32_nt_n_tilesize128x128x64_warpgroupsize1x1x1_execute_segment_k_off_kernel__51_cublas,35.06,68.90,68.90,13.78,18.75,0,40.33
vectorized_elementwise_kernel,14.85,28.62,27.45,58.64,100,0,54.98
CatArrayBatchedCopy,66.59,45.98,13.21,79.91,100,6.34,78.65
sm90_xmma_gemm_bf16bf16_bf16f32_f32_nn_n_tilesize128x128x64_warpgroupsize1x1x1_execute_segment_k_off_kernel__51_cublas,85.64,65.62,27.82,17.42,18.75,0,68.63
sm90_xmma_gemm_bf16f32_bf16f32_f32_nt_n_tilesize128x128x64_warpgroupsize1x1x1_execute_segment_k_off_kernel__51_cublas,66.73,60.64,46.93,18.20,18.75,0,62.15
reduce_kernel,18.99,30.21,30.21,51.94,56.25,13.24,16.59
unrolled_elementwise_kernel,0.21,5.67,0.30,6.21,100,40.00,91.69
reduce_kernel,10.45,84.41,84.41,99.18,100,0,5.12
vectorized_elementwise_kernel,0.01,9.79,0.04,4.80,100,33.33,99.20
vectorized_elementwise_kernel,11.61,86.93,86.93,83.60,100,43.15,51.47
cuComputePartGradGammaBeta,55.91,84.81,46.72,57.65,62.50,76.97,11.49
cuComputeGradGammaBeta,11.93,8.93,8.93,34.89,50,0,39.24
cuComputeGradInput,30.71,44.37,44.37,48.37,56.25,70.22,26.35
vectorized_elementwise_kernel,21.86,85.51,85.51,82.86,100,31.13,34.86
unrolled_elementwise_kernel,0.54,5.55,0.51,6.27,100,40,89.56
unrolled_elementwise_kernel,0.55,5.56,0.51,6.25,100,40,89.45
vectorized_elementwise_kernel,30.46,81.50,81.50,77.17,100,0,43.27
vectorized_elementwise_kernel,17.55,35.97,23.77,10.87,100,0,99.75
embedding_backward_feature_kernel,27.56,15.79,15.79,77.95,100,33.38,37.53
unrolled_elementwise_kernel,62.30,63.52,63.52,91.12,100,34.77,41.79
reduce_kernel,10.93,81.39,81.39,97.40,100,0,6.89
vectorized_elementwise_kernel,0.01,9.66,0.04,6.05,100,33.33,99.35
vectorized_elementwise_kernel,11.72,86.45,86.45,83.82,100,43.27,51.61
elementwise_kernel,63.04,29.32,29.32,92.25,100,50.41,51.40
vectorized_elementwise_kernel,18.60,41.97,41.97,10.75,100,0,100.16
vectorized_elementwise_kernel,0.09,8.77,0.22,10.80,75,49.51,97.16
vectorized_elementwise_kernel,0.03,10.42,0.20,8.53,100,49.04,97.98
vectorized_elementwise_kernel,0.07,8.58,0.21,6.25,100,75,98.08
elementwise_kernel_with_index,0.16,11.57,0.03,5.58,100,0,99.38
DeviceRadixSortSingleTileKernel,0.22,3.35,0.16,13.03,12.50,60,95.15
indexing_backward_kernel,1.95,1.07,0.69,2.93,100,70.37,52.20
unrolled_elementwise_kernel,62.45,68.16,68.16,93.19,100,34.04,41.13
reduce_kernel,8.77,75.35,75.35,89.62,100,0.00,3.95
vectorized_elementwise_kernel,0.01,9.63,0.04,4.85,100,33.33,99.30
vectorized_elementwise_kernel,11.51,88.43,88.43,84.35,100,42.97,50.93
vectorized_elementwise_kernel,0.01,11.44,0.04,6.33,100,0,99.47
multi_tensor_apply_kernel,8.34,76.51,76.51,56.76,100,0.01,4.47
multi_tensor_apply_kernel,8.39,76.89,76.89,56.63,100,0.01,6.73
multi_tensor_apply_kernel,8.29,75.69,75.69,58.13,100,0.01,8.47
multi_tensor_apply_kernel,8.20,75.28,75.28,58.17,100,0.01,10.00
multi_tensor_apply_kernel,8.32,76.24,76.24,60.24,100,0.01,11.14
multi_tensor_apply_kernel,8.45,77.13,77.13,57.36,100,0.01,12.41
multi_tensor_apply_kernel,8.05,73.76,73.76,60.06,100,0.01,13.77
multi_tensor_apply_kernel,8.21,75.37,75.37,58.33,100,0.01,14.67
multi_tensor_apply_kernel,8.45,77.17,77.17,60.08,100,0.01,17.17
multi_tensor_apply_kernel,8.26,75.55,75.55,58.29,100,0.01,14.61
multi_tensor_apply_kernel,8.32,76.37,76.37,58.79,100,0.01,15.71
multi_tensor_apply_kernel,8.13,74.51,74.51,57.50,100,0.01,14.94
multi_tensor_apply_kernel,8.23,75.17,75.17,60.18,100,0.01,15.70
multi_tensor_apply_kernel,8.27,75.38,75.38,57.35,100,0.01,15.86
multi_tensor_apply_kernel,8.09,73.93,73.93,59.16,100,0.01,15.84
multi_tensor_apply_kernel,8.26,75.65,75.65,59.96,100,0.01,15.33
multi_tensor_apply_kernel,8.44,77.30,77.30,58.15,100,0.01,16.46
multi_tensor_apply_kernel,8.26,75.30,75.30,58.96,100,0.01,15.45
multi_tensor_apply_kernel,8.17,74.67,74.67,58.33,100,0.01,15.13
multi_tensor_apply_kernel,8.40,76.98,76.98,58.87,100,0.01,15.82
multi_tensor_apply_kernel,7.96,72.98,72.98,57.56,100,0.01,15.95
multi_tensor_apply_kernel,8.39,76.83,76.83,58.92,100,0.01,15.10
multi_tensor_apply_kernel,8.30,76.09,76.09,57.76,100,0.01,16.25
multi_tensor_apply_kernel,8.40,76.41,76.41,58.76,100,0.01,15.54
multi_tensor_apply_kernel,8.50,77.69,77.69,59.26,100,0.01,14.90
multi_tensor_apply_kernel,8.22,75.45,75.45,58.21,100,0.01,14.86
multi_tensor_apply_kernel,8.38,76.81,76.81,58.63,100,0.01,16.19
multi_tensor_apply_kernel,8.32,75.52,75.52,58.75,100,0.01,16.99
multi_tensor_apply_kernel,8.15,74.52,74.52,59.01,100,0.01,15.00
multi_tensor_apply_kernel,8.34,76.49,76.49,58.18,100,0.01,16.04
multi_tensor_apply_kernel,8.21,75.28,75.28,60.66,100,0.01,15.19
multi_tensor_apply_kernel,8.16,74.72,74.72,58.72,100,0.01,15.57
multi_tensor_apply_kernel,8.34,75.87,75.87,59.38,100,0.01,15.21
multi_tensor_apply_kernel,8.43,77.39,77.39,58.77,100,0.01,15.99
multi_tensor_apply_kernel,8.31,76.10,76.10,59.49,100,0.01,15.75
multi_tensor_apply_kernel,8.37,76.57,76.57,56.93,100,0.01,17.42
multi_tensor_apply_kernel,8.40,76.46,76.46,59.56,100,0.01,14.85
multi_tensor_apply_kernel,8.37,76.78,76.78,57.38,100,0.01,13.82
multi_tensor_apply_kernel,8.42,77.07,77.07,59.27,100,0.01,15.16
multi_tensor_apply_kernel,8.14,74.49,74.49,59.14,100,0.01,15.51
multi_tensor_apply_kernel,8.28,75.65,75.65,59.61,100,0.01,15.11
multi_tensor_apply_kernel,8.29,75.46,75.46,58.52,100,0.01,17.73
multi_tensor_apply_kernel,8.13,74.07,74.07,59.68,100,0.01,15.12
multi_tensor_apply_kernel,8.23,75.27,75.27,60.83,100,0.01,15.50
multi_tensor_apply_kernel,8.31,76.13,76.13,59.80,100,0.01,16.29
multi_tensor_apply_kernel,8.21,75.18,75.18,58.83,100,0.01,14.71
multi_tensor_apply_kernel,8.37,76.69,76.69,58.46,100,0.01,15.15
multi_tensor_apply_kernel,8.24,74.95,74.95,58.01,100,0.01,14.91
multi_tensor_apply_kernel,8.07,73.82,73.82,57.68,100,0.01,16.14
multi_tensor_apply_kernel,8.34,76.39,76.39,59.97,100,0.01,16.07
multi_tensor_apply_kernel,8.28,76.01,76.01,58.42,100,0.01,16.08
multi_tensor_apply_kernel,8.43,77.09,77.09,58.41,100,0.01,16.16
multi_tensor_apply_kernel,8.26,75.75,75.75,57.41,100,0.01,15.55
multi_tensor_apply_kernel,8.30,76.03,76.03,57.21,100,0.01,15.43
multi_tensor_apply_kernel,7.80,71.55,71.55,57.80,100,0.01,15.06
multi_tensor_apply_kernel,8.16,74.27,74.27,59.85,100,0.01,16.76
multi_tensor_apply_kernel,8.29,75.66,75.66,58.30,100,0.01,15.58
multi_tensor_apply_kernel,8.34,76.35,76.35,59.22,100,0.01,14.55
multi_tensor_apply_kernel,8.43,77.24,77.24,59.20,100,0.01,15.43
multi_tensor_apply_kernel,8.32,76.03,76.03,58.43,100,0.01,15.90
multi_tensor_apply_kernel,8.31,76.22,76.22,58.37,100,0.01,16.46
multi_tensor_apply_kernel,8.44,77.29,77.29,58.30,100,0.01,14.36
multi_tensor_apply_kernel,8.34,76.24,76.24,59.65,100,0.01,16.31
multi_tensor_apply_kernel,8.26,75.34,75.34,57.04,100,0.01,14.32
multi_tensor_apply_kernel,8.30,76.03,76.03,59.21,100,0.01,15.55
multi_tensor_apply_kernel,8.11,74.48,74.48,59.68,100,0.01,14.73
multi_tensor_apply_kernel,8.31,75.62,75.62,60.49,100,0.01,16.34
multi_tensor_apply_kernel,8.12,74.07,74.07,57.73,100,0.01,15.46
multi_tensor_apply_kernel,8.29,75.87,75.87,60.47,100,0.01,15.94
multi_tensor_apply_kernel,8.41,77.10,77.10,57.07,100,0.01,15.37
multi_tensor_apply_kernel,8.49,77.34,77.34,60.42,100,0.01,16.13
multi_tensor_apply_kernel,8.29,75.90,75.90,58.90,100,0.01,16.09
multi_tensor_apply_kernel,8.29,75.95,75.95,57.07,100,0.01,15.54
multi_tensor_apply_kernel,8.36,76.64,76.64,59.91,100,0.01,16.01
multi_tensor_apply_kernel,8.27,75.58,75.58,59.85,100,0.01,16.52
multi_tensor_apply_kernel,8.05,73.56,73.56,58.81,100,0.01,14.28
multi_tensor_apply_kernel,8.46,76.90,76.90,59.77,100,0.01,15.31
multi_tensor_apply_kernel,8.39,76.43,76.43,59.28,100,0.01,16.10
multi_tensor_apply_kernel,8.15,74.75,74.75,57.70,100,0.01,14.94
multi_tensor_apply_kernel,8.36,76.21,76.21,57.91,100,0.01,16.11
multi_tensor_apply_kernel,8.39,76.78,76.78,59.40,100,0.01,15.26
multi_tensor_apply_kernel,8.41,77.00,77.00,58.94,100,0.01,15.88
multi_tensor_apply_kernel,8.18,75.03,75.03,57.91,100,0.01,14.53
multi_tensor_apply_kernel,8.36,76.43,76.43,57.37,100,0.01,15.60
multi_tensor_apply_kernel,8.37,76.49,76.49,60.63,100,0.01,15.75
multi_tensor_apply_kernel,8.11,74.33,74.33,60.49,100,0.01,15.35
multi_tensor_apply_kernel,8.38,76.95,76.95,59.45,100,0.01,15.33
multi_tensor_apply_kernel,8.27,75.40,75.40,59.60,100,0.01,15.80
multi_tensor_apply_kernel,8.42,76.57,76.57,57.79,100,0.01,15.88
multi_tensor_apply_kernel,8.19,74.82,74.82,59.12,100,0.01,16.05
multi_tensor_apply_kernel,8.25,75.62,75.62,57.75,100,0.01,15.40
multi_tensor_apply_kernel,8.28,75.60,75.60,59.05,100,0.01,16.24
multi_tensor_apply_kernel,8.33,76.30,76.30,58.77,100,0.01,16.09
multi_tensor_apply_kernel,8.33,76.43,76.43,58.89,100,0.01,15.55
multi_tensor_apply_kernel,8.11,74.27,74.27,58.19,100,0.01,15.18
multi_tensor_apply_kernel,8.44,77.04,77.04,60.95,100,0.01,16.62
multi_tensor_apply_kernel,8.38,76.31,76.31,57.64,100,0.01,14.77
multi_tensor_apply_kernel,8.34,76.16,76.16,57.48,100,0.01,14.78
multi_tensor_apply_kernel,8.38,76.99,76.99,59.57,100,0.01,15.25
multi_tensor_apply_kernel,8.30,75.84,75.84,59.41,100,0.01,15.41
multi_tensor_apply_kernel,8.40,76.82,76.82,58.52,100,0.01,15.85
multi_tensor_apply_kernel,8.41,77.12,77.12,57.49,100,0.01,16.51
multi_tensor_apply_kernel,8.18,75.02,75.02,58.73,100,0.01,15.19
multi_tensor_apply_kernel,8.26,75.38,75.38,59.08,100,0.01,15.37
multi_tensor_apply_kernel,8.12,74.07,74.07,59.44,100,0.01,15.31
multi_tensor_apply_kernel,8.44,77.48,77.48,60.25,100,0.01,15.38
multi_tensor_apply_kernel,8.13,74.56,74.56,57.21,100,0.01,15.40
multi_tensor_apply_kernel,8.40,76.71,76.71,61.59,100,0.01,16.69
multi_tensor_apply_kernel,8.34,76.25,76.25,57.85,100,0.01,14.90
multi_tensor_apply_kernel,8.29,76.00,76.00,57.49,100,0.01,15.43
multi_tensor_apply_kernel,8.42,76.81,76.81,58.72,100,0.01,16.51
multi_tensor_apply_kernel,8.01,73.10,73.10,58.52,100,0.01,14.81
multi_tensor_apply_kernel,8.45,77.09,77.09,56.49,100,0.01,15.83
multi_tensor_apply_kernel,8.23,75.20,75.20,59.91,100,0.01,16.22
multi_tensor_apply_kernel,8.44,77.09,77.09,56.66,100,0.01,15.60
multi_tensor_apply_kernel,8.22,75.02,75.02,58.33,100,0.01,13.96
multi_tensor_apply_kernel,8.14,74.75,74.75,57.45,100,0.01,16.08
multi_tensor_apply_kernel,8.34,76.50,76.50,59.40,100,0.01,15.51
multi_tensor_apply_kernel,8.37,76.42,76.42,57.55,100,0.01,15.89
multi_tensor_apply_kernel,8.24,75.30,75.30,57.90,100,0.01,15.14
multi_tensor_apply_kernel,8.35,76.63,76.63,59.42,100,0.01,15.17
multi_tensor_apply_kernel,8.17,74.96,74.96,57.93,100,0.01,15.09
multi_tensor_apply_kernel,8.44,77.14,77.14,59.00,100,0.01,15.33
multi_tensor_apply_kernel,8.05,73.77,73.77,60.60,100,0.01,15.66
multi_tensor_apply_kernel,8.36,76.74,76.74,59.74,100,0.01,16.60
multi_tensor_apply_kernel,8.18,74.88,74.88,59.55,100,0.01,16.59
multi_tensor_apply_kernel,8.36,76.36,76.36,59.03,100,0.01,16.43
multi_tensor_apply_kernel,8.26,75.42,75.42,59.30,100,0.01,15.70
multi_tensor_apply_kernel,8.38,76.51,76.51,57.98,100,0.01,15.23
multi_tensor_apply_kernel,8.36,76.31,76.31,57.46,100,0.01,14.74
multi_tensor_apply_kernel,8.31,76.00,76.00,58.89,100,0.01,16.04
multi_tensor_apply_kernel,8.31,76.22,76.22,59.56,100,0.01,16.72
multi_tensor_apply_kernel,7.95,72.73,72.73,57.78,100,0.01,14.72
multi_tensor_apply_kernel,8.24,75.29,75.29,58.14,100,0.01,16.29
multi_tensor_apply_kernel,7.36,61.79,61.79,39.01,100,0.02,18.03
cleanup,0.06,9.46,0.06,21.36,100,0,99.21
vectorized_elementwise_kernel,0.00,10.00,0.03,4.68,100,0,98.23
multi_tensor_apply_kernel,7.79,76.27,76.27,57.88,100,49.14,54.43
multi_tensor_apply_kernel,7.80,76.25,76.25,57.41,100,48.85,54.53
multi_tensor_apply_kernel,7.83,76.47,76.47,58.29,100,48.98,54.48
multi_tensor_apply_kernel,7.82,76.54,76.54,57.21,100,49.13,54.84
multi_tensor_apply_kernel,7.73,75.51,75.51,56.36,100,48.98,54.46
multi_tensor_apply_kernel,7.71,75.34,75.34,56.27,100,49.00,54.50
multi_tensor_apply_kernel,7.77,75.92,75.92,58.16,100,49.16,54.35
multi_tensor_apply_kernel,7.77,75.97,75.97,56.60,100,49.17,54.29
multi_tensor_apply_kernel,7.81,76.39,76.39,57.64,100,49.06,54.58
multi_tensor_apply_kernel,7.84,76.21,76.21,56.95,100,49.17,54.08
multi_tensor_apply_kernel,7.85,76.70,76.70,56.32,100,48.98,54.32
multi_tensor_apply_kernel,7.67,75.07,75.07,57.32,100,49.16,54.21
multi_tensor_apply_kernel,7.85,76.82,76.82,57.38,100,48.89,54.52
multi_tensor_apply_kernel,7.79,75.69,75.69,56.20,100,49.19,54.42
multi_tensor_apply_kernel,7.73,75.60,75.60,58.33,100,48.90,54.30
multi_tensor_apply_kernel,7.62,74.49,74.49,58.24,100,48.99,54.33
multi_tensor_apply_kernel,7.83,76.59,76.59,55.88,100,49.17,54.48
multi_tensor_apply_kernel,7.68,74.99,74.99,56.98,100,49.10,54.44
multi_tensor_apply_kernel,7.78,76.05,76.05,57.17,100,49.09,54.38
multi_tensor_apply_kernel,7.63,74.58,74.58,57.47,100,49.07,54.49
multi_tensor_apply_kernel,7.69,75.20,75.20,57.09,100,48.97,54.40
multi_tensor_apply_kernel,7.77,75.60,75.60,57.11,100,49.17,54.10
multi_tensor_apply_kernel,7.74,75.65,75.65,57.25,100,48.75,54.53
multi_tensor_apply_kernel,7.80,76.31,76.31,56.25,100,49.08,54.21
multi_tensor_apply_kernel,7.66,74.80,74.80,55.91,100,48.93,54.10
multi_tensor_apply_kernel,7.87,76.60,76.60,58.17,100,49.21,54.07
multi_tensor_apply_kernel,7.88,77.05,77.05,56.39,100,48.84,54.47
multi_tensor_apply_kernel,7.82,76.42,76.42,57.55,100,48.92,54.41
multi_tensor_apply_kernel,7.84,76.65,76.65,57.02,100,49.12,54.31
multi_tensor_apply_kernel,7.70,75.23,75.23,56.42,100,48.78,54.66
multi_tensor_apply_kernel,7.85,76.44,76.44,56.31,100,49.10,54.17
multi_tensor_apply_kernel,7.74,75.31,75.31,57.47,100,49.31,54.28
multi_tensor_apply_kernel,7.68,75.08,75.08,56.81,100,48.94,54.27
multi_tensor_apply_kernel,7.74,75.61,75.61,57.22,100,49.17,54.54
multi_tensor_apply_kernel,7.81,76.32,76.32,56.40,100,49.30,54.56
multi_tensor_apply_kernel,7.83,76.52,76.52,56.52,100,49.28,54.64
multi_tensor_apply_kernel,7.77,75.95,75.95,57.28,100,48.94,54.21
multi_tensor_apply_kernel,7.71,75.01,75.01,57.52,100,48.85,53.94
multi_tensor_apply_kernel,7.82,76.34,76.34,58.07,100,48.86,54.30
multi_tensor_apply_kernel,7.85,76.72,76.72,56.80,100,48.99,54.21
multi_tensor_apply_kernel,7.69,75.18,75.18,57.16,100,49.15,54.26
multi_tensor_apply_kernel,7.82,76.47,76.47,56.51,100,49.07,54.66
multi_tensor_apply_kernel,7.74,75.34,75.34,57.09,100,49.32,54.17
multi_tensor_apply_kernel,7.63,74.72,74.72,57.16,100,49.34,54.55
multi_tensor_apply_kernel,7.72,75.56,75.56,56.32,100,48.96,54.42
multi_tensor_apply_kernel,7.88,76.78,76.78,57.30,100,48.82,54.05
multi_tensor_apply_kernel,7.69,75.06,75.06,56.33,100,49.31,54.42
multi_tensor_apply_kernel,7.78,75.97,75.97,56.12,100,49.33,54.20
multi_tensor_apply_kernel,7.75,75.38,75.38,57.62,100,49.14,54.52
multi_tensor_apply_kernel,7.85,76.71,76.71,56.75,100,49.23,54.52
multi_tensor_apply_kernel,7.66,74.85,74.85,58.23,100,48.91,54.47
multi_tensor_apply_kernel,7.75,75.90,75.90,57.38,100,49.08,54.77
multi_tensor_apply_kernel,7.74,75.64,75.64,57.99,100,49.25,54.31
multi_tensor_apply_kernel,7.81,75.96,75.96,57.67,100,48.65,54.43
multi_tensor_apply_kernel,7.77,76.01,76.01,58.09,100,49.19,54.10
multi_tensor_apply_kernel,7.71,75.45,75.45,56.53,100,48.72,54.70
multi_tensor_apply_kernel,7.81,76.48,76.48,57.09,100,49.21,54.23
multi_tensor_apply_kernel,7.71,75.29,75.29,57.75,100,48.88,54.20
multi_tensor_apply_kernel,7.76,75.91,75.91,56.61,100,49.13,54.18
multi_tensor_apply_kernel,7.78,76.15,76.15,57.54,100,49.16,54.43
multi_tensor_apply_kernel,7.71,75.28,75.28,57.19,100,48.92,54.38
multi_tensor_apply_kernel,7.82,76.21,76.21,57.50,100,49.10,54.07
multi_tensor_apply_kernel,7.74,75.73,75.73,57.36,100,48.87,54.52
multi_tensor_apply_kernel,7.77,76.04,76.04,57.28,100,48.85,54.02
multi_tensor_apply_kernel,7.83,76.15,76.15,57.80,100,49.18,54.35
multi_tensor_apply_kernel,7.85,76.55,76.55,56.43,100,49.00,54.13
multi_tensor_apply_kernel,7.79,76.09,76.09,57.20,100,49.14,54.66
multi_tensor_apply_kernel,7.86,77.01,77.01,57.30,100,48.97,54.31
multi_tensor_apply_kernel,7.64,74.65,74.65,56.42,100,49.20,54.36
multi_tensor_apply_kernel,7.83,76.00,76.00,57.29,100,48.82,54.28
multi_tensor_apply_kernel,7.78,76.04,76.04,57.28,100,48.88,54.35
multi_tensor_apply_kernel,7.87,77.00,77.00,56.85,100,49.01,54.44
multi_tensor_apply_kernel,7.76,75.94,75.94,56.97,100,48.85,54.43
multi_tensor_apply_kernel,7.71,75.28,75.28,56.95,100,48.96,54.46
multi_tensor_apply_kernel,7.86,76.41,76.41,58.15,100,49.15,54.75
multi_tensor_apply_kernel,7.69,74.99,74.99,57.95,100,49.01,54.09
multi_tensor_apply_kernel,7.73,75.68,75.68,57.13,100,49.21,54.29
multi_tensor_apply_kernel,7.65,74.68,74.68,56.94,100,49.16,54.20
multi_tensor_apply_kernel,7.71,75.44,75.44,56.15,100,48.88,54.10
multi_tensor_apply_kernel,7.81,76.46,76.46,56.77,100,48.90,54.51
multi_tensor_apply_kernel,7.84,76.61,76.61,57.41,100,48.92,54.25
multi_tensor_apply_kernel,7.89,76.84,76.84,57.17,100,48.91,54.43
multi_tensor_apply_kernel,7.89,76.96,76.96,56.83,100,49.23,54.23
multi_tensor_apply_kernel,7.62,74.55,74.55,56.69,100,49.13,54.40
multi_tensor_apply_kernel,7.89,76.89,76.89,57.27,100,48.81,54.38
multi_tensor_apply_kernel,7.78,75.90,75.90,56.61,100,49.17,54.40
multi_tensor_apply_kernel,7.86,76.95,76.95,57.26,100,49.08,54.22
multi_tensor_apply_kernel,7.77,75.65,75.65,56.17,100,48.96,54.40
multi_tensor_apply_kernel,7.81,76.30,76.30,57.04,100,48.75,54.58
multi_tensor_apply_kernel,7.80,76.31,76.31,57.33,100,49.18,54.52
multi_tensor_apply_kernel,7.80,76.58,76.58,57.52,100,49.03,54.17
multi_tensor_apply_kernel,7.77,76.09,76.09,57.47,100,48.85,54.27
multi_tensor_apply_kernel,7.84,76.74,76.74,57.38,100,49.05,54.37
multi_tensor_apply_kernel,7.75,75.66,75.66,58.07,100,48.94,54.32
multi_tensor_apply_kernel,7.88,76.98,76.98,57.42,100,49.20,54.25
multi_tensor_apply_kernel,7.80,76.46,76.46,56.91,100,48.77,54.51
multi_tensor_apply_kernel,7.82,76.63,76.63,56.23,100,48.72,54.15
multi_tensor_apply_kernel,7.64,74.68,74.68,57.61,100,49.07,54.36
multi_tensor_apply_kernel,7.73,75.46,75.46,57.16,100,48.95,54.23
multi_tensor_apply_kernel,7.80,76.33,76.33,57.59,100,48.89,54.16
multi_tensor_apply_kernel,7.69,75.08,75.08,56.71,100,48.80,54.48
multi_tensor_apply_kernel,7.85,76.75,76.75,57.16,100,49.16,54.26
multi_tensor_apply_kernel,7.89,77.30,77.30,57.06,100,49.08,54.23
multi_tensor_apply_kernel,7.75,75.95,75.95,57.41,100,48.87,54.67
multi_tensor_apply_kernel,7.83,76.38,76.38,57.63,100,48.80,54.29
multi_tensor_apply_kernel,7.80,76.11,76.11,57.62,100,48.70,54.49
multi_tensor_apply_kernel,7.80,76.21,76.21,57.42,100,48.94,54.43
multi_tensor_apply_kernel,7.65,74.89,74.89,57.06,100,48.87,54.69
multi_tensor_apply_kernel,7.74,75.72,75.72,57.17,100,48.88,54.10
multi_tensor_apply_kernel,7.68,74.92,74.92,58.17,100,48.97,54.35
multi_tensor_apply_kernel,7.69,75.23,75.23,57.43,100,48.95,54.42
multi_tensor_apply_kernel,7.72,75.54,75.54,58.10,100,48.88,54.21
multi_tensor_apply_kernel,7.74,75.50,75.50,56.59,100,48.87,54.31
multi_tensor_apply_kernel,7.80,76.17,76.17,57.04,100,48.88,54.45
multi_tensor_apply_kernel,7.85,76.46,76.46,57.20,100,48.82,54.36
multi_tensor_apply_kernel,7.78,75.71,75.71,57.20,100,49.03,54.24
multi_tensor_apply_kernel,7.84,76.46,76.46,57.11,100,48.88,54.32
multi_tensor_apply_kernel,7.73,75.60,75.60,57.51,100,48.92,54.28
multi_tensor_apply_kernel,7.85,76.86,76.86,57.12,100,49.03,54.38
multi_tensor_apply_kernel,7.89,76.84,76.84,57.44,100,48.95,54.19
multi_tensor_apply_kernel,7.88,76.85,76.85,56.64,100,49.14,54.52
multi_tensor_apply_kernel,7.78,76.00,76.00,57.36,100,48.99,54.40
multi_tensor_apply_kernel,7.68,75.11,75.11,57.42,100,49.00,54.27
multi_tensor_apply_kernel,7.89,76.75,76.75,57.06,100,48.91,54.29
multi_tensor_apply_kernel,7.88,76.92,76.92,56.08,100,48.85,54.47
multi_tensor_apply_kernel,7.73,75.62,75.62,58.30,100,49.22,54.48
multi_tensor_apply_kernel,7.78,76.07,76.07,56.60,100,48.96,54.46
multi_tensor_apply_kernel,7.69,75.04,75.04,58.25,100,48.92,54.45
multi_tensor_apply_kernel,7.75,75.34,75.34,56.89,100,49.19,54.19
multi_tensor_apply_kernel,7.63,74.77,74.77,57.29,100,48.75,54.12
multi_tensor_apply_kernel,7.86,76.90,76.90,56.21,100,49.01,54.45
multi_tensor_apply_kernel,7.65,74.82,74.82,57.17,100,48.97,54.60
multi_tensor_apply_kernel,7.70,75.32,75.32,57.07,100,49.04,54.20
multi_tensor_apply_kernel,7.66,74.76,74.76,56.85,100,48.87,54.71
multi_tensor_apply_kernel,7.28,61.83,61.83,33.94,100,49.92,54.70
multi_tensor_apply_kernel,1.40,8.82,6.19,23.24,100,50,64.68
multi_tensor_apply_kernel,15.13,76.28,76.28,47.44,50,29.08,46.91
multi_tensor_apply_kernel,15.18,76.55,76.55,47.06,50,32.08,45.55
multi_tensor_apply_kernel,15.24,76.58,76.58,47.76,50,29.00,44.90
multi_tensor_apply_kernel,15.25,76.66,76.66,47.17,50,30.69,44.99
multi_tensor_apply_kernel,15.10,75.63,75.63,47.19,50,29.72,44.63
multi_tensor_apply_kernel,15.26,76.52,76.52,46.63,50,29.25,44.79
multi_tensor_apply_kernel,15.35,76.54,76.54,47.00,50,29.78,44.81
multi_tensor_apply_kernel,15.27,76.51,76.51,47.06,50,29.11,44.81
multi_tensor_apply_kernel,15.24,76.40,76.40,46.92,50,31.68,44.82
multi_tensor_apply_kernel,15.23,76.21,76.21,46.87,50,30.37,44.73
multi_tensor_apply_kernel,15.17,76.34,76.34,47.12,50,29.53,44.81
multi_tensor_apply_kernel,15.24,76.38,76.38,47.62,50,31.36,44.76
multi_tensor_apply_kernel,15.28,76.50,76.50,46.88,50,30.46,44.79
multi_tensor_apply_kernel,15.23,76.35,76.35,46.63,50,31.40,44.92
multi_tensor_apply_kernel,15.23,76.28,76.28,46.90,50,29.21,44.73
multi_tensor_apply_kernel,15.07,75.00,75.00,46.97,50,31.69,44.84
multi_tensor_apply_kernel,15.54,76.77,76.77,46.94,50,29.67,44.82
multi_tensor_apply_kernel,15.16,75.98,75.98,47.10,50,31.55,44.72
multi_tensor_apply_kernel,15.32,76.99,76.99,46.93,50,30.79,44.92
multi_tensor_apply_kernel,15.33,76.89,76.89,46.48,50,26.33,44.61
multi_tensor_apply_kernel,15.29,76.62,76.62,47.31,50,30.24,44.95
multi_tensor_apply_kernel,15.18,76.05,76.05,46.94,50,31.04,44.73
multi_tensor_apply_kernel,15.44,76.56,76.56,46.95,50,26.39,44.85
multi_tensor_apply_kernel,15.29,76.62,76.62,47.50,50,29.79,44.85
multi_tensor_apply_kernel,15.18,76.34,76.34,47.07,50,29.10,44.74
multi_tensor_apply_kernel,15.18,76.27,76.27,47.01,50,31.03,44.78
multi_tensor_apply_kernel,15.28,76.57,76.57,46.93,50,29.10,44.78
multi_tensor_apply_kernel,15.33,76.83,76.83,46.81,50,27.69,44.82
multi_tensor_apply_kernel,15.27,76.11,76.11,46.77,50,30.34,44.92
multi_tensor_apply_kernel,14.97,74.74,74.74,46.50,50,29.01,44.63
multi_tensor_apply_kernel,15.32,76.76,76.76,47.01,50,30.60,44.77
multi_tensor_apply_kernel,15.31,76.31,76.31,47.00,50,30.38,44.77
multi_tensor_apply_kernel,15.26,76.38,76.38,46.84,50,30.53,44.86
multi_tensor_apply_kernel,15.42,76.02,76.02,46.59,50,31.90,44.78
multi_tensor_apply_kernel,15.14,75.51,75.51,47.27,50,29.57,44.80
multi_tensor_apply_kernel,15.27,76.58,76.58,47.25,50,27.80,44.83
multi_tensor_apply_kernel,15.25,76.37,76.37,47.03,50,30.30,44.72
multi_tensor_apply_kernel,14.89,74.29,74.29,47.26,50,31.32,44.88
multi_tensor_apply_kernel,15.32,76.37,76.37,46.72,50,28.80,44.73
multi_tensor_apply_kernel,15.23,76.36,76.36,46.86,50,28.72,44.82
multi_tensor_apply_kernel,15.10,75.34,75.34,46.99,50,29.23,44.85
multi_tensor_apply_kernel,15.28,76.59,76.59,47.03,50,28.46,44.75
multi_tensor_apply_kernel,15.16,75.97,75.97,47.67,50,30.98,44.84
multi_tensor_apply_kernel,15.26,76.44,76.44,47.31,50,29.03,44.82
multi_tensor_apply_kernel,15.33,76.46,76.46,46.81,50,29.27,44.64
multi_tensor_apply_kernel,15.24,76.29,76.29,46.57,50,28.43,44.78
multi_tensor_apply_kernel,15.27,76.21,76.21,46.63,50,31.21,44.85
multi_tensor_apply_kernel,15.28,76.27,76.27,47.00,50,27.91,44.75
multi_tensor_apply_kernel,15.22,76.39,76.39,47.13,50,28.07,44.88
multi_tensor_apply_kernel,15.20,75.83,75.83,47.35,50,29.60,44.72
multi_tensor_apply_kernel,15.22,76.25,76.25,47.10,50,29.79,44.76
multi_tensor_apply_kernel,15.10,75.64,75.64,46.98,50,28.97,44.75
multi_tensor_apply_kernel,15.27,76.55,76.55,46.90,50,28.55,44.82
multi_tensor_apply_kernel,15.42,76.32,76.32,47.51,50,31.20,44.78
multi_tensor_apply_kernel,15.33,76.63,76.63,46.95,50,29.88,44.77
multi_tensor_apply_kernel,15.30,76.63,76.63,47.30,50,31.42,44.94
multi_tensor_apply_kernel,15.32,76.76,76.76,46.79,50,30.35,44.76
multi_tensor_apply_kernel,15.28,76.27,76.27,47.11,50,31.72,44.88
multi_tensor_apply_kernel,15.25,76.37,76.37,46.41,50,31.26,44.69
multi_tensor_apply_kernel,15.22,76.26,76.26,46.95,50,32.22,44.84
multi_tensor_apply_kernel,15.27,76.64,76.64,47.39,50,30.61,44.75
multi_tensor_apply_kernel,15.40,76.85,76.85,46.97,50,30.34,44.66
multi_tensor_apply_kernel,15.27,76.55,76.55,47.28,50,29.03,44.93
multi_tensor_apply_kernel,15.41,76.23,76.23,46.91,50,30.08,44.67
multi_tensor_apply_kernel,15.40,76.81,76.81,46.92,50,30.69,44.79
multi_tensor_apply_kernel,15.34,76.86,76.86,47.04,50,31.43,44.81
multi_tensor_apply_kernel,15.34,76.10,76.10,47.07,50,31.73,44.96
multi_tensor_apply_kernel,15.20,76.15,76.15,46.95,50,31.16,44.87
multi_tensor_apply_kernel,15.22,76.29,76.29,47.43,50,29.67,44.84
multi_tensor_apply_kernel,14.70,73.12,73.12,46.77,50,32.32,44.77
multi_tensor_apply_kernel,15.25,76.42,76.42,46.77,50,26.54,44.76
multi_tensor_apply_kernel,15.22,76.34,76.34,46.91,50,29.58,44.77
multi_tensor_apply_kernel,15.10,75.68,75.68,47.25,50,30.10,44.87
multi_tensor_apply_kernel,15.30,76.36,76.36,47.30,50,29.36,44.80
multi_tensor_apply_kernel,15.11,75.70,75.70,46.97,50,31.22,44.78
multi_tensor_apply_kernel,15.20,76.21,76.21,46.96,50,30.47,44.82
multi_tensor_apply_kernel,15.33,76.85,76.85,47.02,50,31.62,44.68
multi_tensor_apply_kernel,15.41,76.69,76.69,46.74,50,30.65,44.75
multi_tensor_apply_kernel,15.32,76.75,76.75,46.75,50,30.10,44.80
multi_tensor_apply_kernel,15.41,76.75,76.75,47.31,50,30.65,44.84
multi_tensor_apply_kernel,15.38,76.79,76.79,47.02,50,28.01,44.86
multi_tensor_apply_kernel,14.91,74.67,74.67,46.53,50,29.98,44.76
multi_tensor_apply_kernel,15.35,76.54,76.54,46.28,50,31.35,44.75
multi_tensor_apply_kernel,15.23,76.33,76.33,47.19,50,29.75,44.93
multi_tensor_apply_kernel,15.18,76.20,76.20,46.98,50,31.09,44.63
multi_tensor_apply_kernel,15.49,76.69,76.69,47.16,50,28.45,44.76
multi_tensor_apply_kernel,15.22,76.14,76.14,47.12,50,31.39,44.89
multi_tensor_apply_kernel,15.26,76.00,76.00,46.75,50,29.37,44.73
multi_tensor_apply_kernel,15.25,76.15,76.15,46.87,50,31.26,44.79
multi_tensor_apply_kernel,15.09,75.69,75.69,46.69,50,31.70,44.79
multi_tensor_apply_kernel,15.30,76.30,76.30,46.67,50,31.50,44.86
multi_tensor_apply_kernel,15.11,75.73,75.73,47.44,50,29.99,44.80
multi_tensor_apply_kernel,15.24,76.40,76.40,47.00,50,32.15,44.78
multi_tensor_apply_kernel,15.27,76.51,76.51,46.58,50,30.70,44.82
multi_tensor_apply_kernel,15.20,76.16,76.16,47.22,50,28.64,44.80
multi_tensor_apply_kernel,15.30,76.33,76.33,46.86,50,29.26,44.75
multi_tensor_apply_kernel,15.41,76.46,76.46,46.94,50,31.54,44.79
multi_tensor_apply_kernel,15.28,76.56,76.56,46.86,50,30.11,44.89
multi_tensor_apply_kernel,15.34,75.95,75.95,47.12,50,30.21,44.65
multi_tensor_apply_kernel,15.19,76.10,76.10,47.05,50,30.81,44.81
multi_tensor_apply_kernel,14.59,73.46,73.46,46.54,50,31.82,44.83
multi_tensor_apply_kernel,15.22,76.57,76.57,46.75,50,25.92,44.79
multi_tensor_apply_kernel,14.78,74.12,74.12,47.30,50,29.86,44.72
multi_tensor_apply_kernel,15.33,76.71,76.71,47.18,50,28.22,44.86
multi_tensor_apply_kernel,15.06,75.43,75.43,46.71,50,28.54,44.90
multi_tensor_apply_kernel,15.21,76.30,76.30,47.10,50,30.76,44.78
multi_tensor_apply_kernel,15.37,76.58,76.58,47.39,50,28.77,44.81
multi_tensor_apply_kernel,14.68,73.64,73.64,46.52,50,31.34,44.74
multi_tensor_apply_kernel,15.27,76.51,76.51,47.08,50,28.44,44.81
multi_tensor_apply_kernel,15.29,76.64,76.64,47.21,50,31.38,44.59
multi_tensor_apply_kernel,15.30,76.39,76.39,46.94,50,30.82,44.84
multi_tensor_apply_kernel,15.24,76.33,76.33,46.82,50,31.82,44.79
multi_tensor_apply_kernel,15.34,76.82,76.82,46.62,50,31.26,44.91
multi_tensor_apply_kernel,15.19,76.08,76.08,47.00,50,30.02,44.81
multi_tensor_apply_kernel,15.27,76.13,76.13,47.08,50,30.68,44.84
multi_tensor_apply_kernel,15.30,76.70,76.70,46.48,50,33.00,44.66
multi_tensor_apply_kernel,15.22,76.17,76.17,46.66,50,31.60,44.84
multi_tensor_apply_kernel,15.29,76.63,76.63,47.13,50,31.69,44.96
multi_tensor_apply_kernel,15.35,76.39,76.39,47.41,50,32.20,44.61
multi_tensor_apply_kernel,15.34,76.26,76.26,47.22,50,29.74,44.80
multi_tensor_apply_kernel,15.40,76.70,76.70,46.84,50,28.99,44.84
multi_tensor_apply_kernel,15.22,76.32,76.32,46.80,50,30.05,44.74
multi_tensor_apply_kernel,15.31,76.73,76.73,46.18,50,28.63,44.71
multi_tensor_apply_kernel,15.36,76.57,76.57,46.82,50,29.92,44.89
multi_tensor_apply_kernel,15.24,76.26,76.26,47.13,50,29.92,44.79
multi_tensor_apply_kernel,15.40,76.80,76.80,47.14,50,30.47,44.92
multi_tensor_apply_kernel,15.35,76.52,76.52,47.28,50,27.41,44.62
multi_tensor_apply_kernel,15.14,75.82,75.82,46.81,50,31.70,44.80
multi_tensor_apply_kernel,15.35,76.61,76.61,46.93,50,31.05,44.82
multi_tensor_apply_kernel,15.35,76.34,76.34,47.17,50,29.18,44.82
multi_tensor_apply_kernel,15.34,76.44,76.44,46.91,50,32.09,44.78
multi_tensor_apply_kernel,15.35,76.52,76.52,47.14,50,30.19,44.90
multi_tensor_apply_kernel,15.22,76.38,76.38,46.99,50,32.16,44.83
multi_tensor_apply_kernel,15.17,75.90,75.90,46.22,50,29.89,44.76
multi_tensor_apply_kernel,15.41,74.21,74.21,33.36,50,35.60,44.97
multi_tensor_apply_kernel,5.85,16.23,16.23,24.29,50,42.86,49.27
multi_tensor_apply_kernel,5.65,15.71,15.71,23.15,50,42.84,49.21
multi_tensor_apply_kernel,3.94,10.93,10.93,24.02,50,42.84,51.02
unrolled_elementwise_kernel,57.71,54.61,54.61,91.03,100,15.16,35.66
unrolled_elementwise_kernel,56.94,50.70,50.70,90.45,100,15.20,35.99
unrolled_elementwise_kernel,56.11,48.34,48.34,89.14,100,15.24,37.09
unrolled_elementwise_kernel,57.46,53.60,53.60,90.66,100,15.17,36.57
unrolled_elementwise_kernel,57.50,54.37,54.37,90.99,100,15.16,35.83
unrolled_elementwise_kernel,57.74,54.46,54.46,90.88,100,15.15,35.35
unrolled_elementwise_kernel,56.41,48.54,48.54,89.39,100,15.24,37.53
unrolled_elementwise_kernel,57.35,53.49,53.49,90.64,100,15.17,37.23
unrolled_elementwise_kernel,57.74,54.37,54.37,90.69,100,15.16,35.84
unrolled_elementwise_kernel,57.76,54.37,54.37,90.95,100,15.16,35.53
unrolled_elementwise_kernel,56.10,48.67,48.67,89.77,100,15.23,36.85
unrolled_elementwise_kernel,57.50,53.80,53.80,90.88,100,15.17,37.20
unrolled_elementwise_kernel,57.77,54.25,54.25,90.94,100,15.16,35.87
unrolled_elementwise_kernel,57.56,54.40,54.40,91.01,100,15.15,35.60
unrolled_elementwise_kernel,56.15,48.57,48.57,88.92,100,15.22,37.07
unrolled_elementwise_kernel,57.55,53.69,53.69,90.95,100,15.17,37.24
unrolled_elementwise_kernel,57.74,54.41,54.41,91.05,100,15.15,35.93
unrolled_elementwise_kernel,57.66,54.47,54.47,91.20,100,15.16,35.49
unrolled_elementwise_kernel,55.83,48.28,48.28,90.00,100,15.23,37.40
unrolled_elementwise_kernel,57.53,53.69,53.69,90.43,100,15.16,37.07
unrolled_elementwise_kernel,57.65,54.48,54.48,90.58,100,15.16,35.87
unrolled_elementwise_kernel,57.66,54.48,54.48,90.98,100,15.16,35.76
unrolled_elementwise_kernel,56.23,48.70,48.70,89.26,100,15.24,37.92
unrolled_elementwise_kernel,57.42,53.51,53.51,90.97,100,15.17,36.92
unrolled_elementwise_kernel,57.67,54.44,54.44,90.98,100,15.16,35.81
unrolled_elementwise_kernel,57.64,54.25,54.25,91.07,100,15.16,35.74
unrolled_elementwise_kernel,55.91,48.11,48.11,90.93,100,15.24,37.42
unrolled_elementwise_kernel,57.46,53.60,53.60,90.59,100,15.16,36.78
unrolled_elementwise_kernel,57.56,54.22,54.22,91.15,100,15.17,35.96
unrolled_elementwise_kernel,57.86,54.35,54.35,90.81,100,15.16,35.76
unrolled_elementwise_kernel,55.89,48.57,48.57,89.14,100,15.23,37.00
unrolled_elementwise_kernel,57.58,53.72,53.72,90.55,100,15.16,36.94
unrolled_elementwise_kernel,57.47,54.32,54.32,91.11,100,15.15,35.96
unrolled_elementwise_kernel,57.76,54.37,54.37,91.21,100,15.16,35.64
unrolled_elementwise_kernel,56.41,48.55,48.55,89.39,100,15.24,37.84
unrolled_elementwise_kernel,57.47,53.80,53.80,90.70,100,15.17,36.93
unrolled_elementwise_kernel,57.76,54.40,54.40,91.12,100,15.15,36.07
unrolled_elementwise_kernel,57.76,54.38,54.38,90.92,100,15.15,35.56
unrolled_elementwise_kernel,55.64,47.90,47.90,88.76,100,15.25,38.40
unrolled_elementwise_kernel,57.60,53.70,53.70,90.50,100,15.16,36.83
unrolled_elementwise_kernel,57.64,54.49,54.49,91.01,100,15.16,35.86
unrolled_elementwise_kernel,57.75,54.40,54.40,90.99,100,15.16,35.42
unrolled_elementwise_kernel,56.41,48.40,48.40,90.00,100,15.25,37.58
unrolled_elementwise_kernel,57.32,53.62,53.62,90.86,100,15.17,36.98
unrolled_elementwise_kernel,57.67,54.48,54.48,91.16,100,15.16,35.82
unrolled_elementwise_kernel,57.71,54.44,54.44,90.87,100,15.16,35.69
unrolled_elementwise_kernel,56.18,48.77,48.77,89.35,100,15.24,37.85
unrolled_elementwise_kernel,57.59,53.47,53.47,91.10,100,15.16,36.83
unrolled_elementwise_kernel,57.65,54.23,54.23,90.98,100,15.16,35.92
unrolled_elementwise_kernel,57.69,54.35,54.35,91.19,100,15.15,35.62
unrolled_elementwise_kernel,0.40,5.96,0.38,6.01,100,16.26,92.71
unrolled_elementwise_kernel,0.40,5.99,0.38,6.17,100,15.80,93.29
unrolled_elementwise_kernel,0.41,6.06,0.39,6.18,100,16.07,92.79
unrolled_elementwise_kernel,0.15,5.81,0.22,6.28,100,15.94,95.43
unrolled_elementwise_kernel,0.40,6.00,0.38,6.17,100,15.87,93.36
unrolled_elementwise_kernel,0.37,5.55,0.36,7.03,100,16.15,92.04
unrolled_elementwise_kernel,0.21,6.01,0.26,6.24,100,14.73,94.75
unrolled_elementwise_kernel,0.40,6.01,0.38,6.96,100,16.36,93.48
unrolled_elementwise_kernel,0.39,5.81,0.37,5.88,100,15.89,92.78
unrolled_elementwise_kernel,0.39,5.80,0.37,6.40,100,15.71,93.12
unrolled_elementwise_kernel,0.41,6.09,0.39,6.27,100,15.88,93.52
unrolled_elementwise_kernel,0.15,5.79,0.22,6.33,100,14.88,95.81
unrolled_elementwise_kernel,0.40,5.95,0.38,6.32,100,15.77,92.86
unrolled_elementwise_kernel,0.40,6.01,0.38,6.24,100,15.73,94.51
unrolled_elementwise_kernel,0.20,5.83,0.25,6.33,100,14.39,95.86
unrolled_elementwise_kernel,0.40,5.83,0.38,6.32,100,16.16,94.11
unrolled_elementwise_kernel,0.41,6.08,0.39,5.53,100,15.77,94.84
unrolled_elementwise_kernel,0.40,5.97,0.38,6.22,100,16.09,95.38
unrolled_elementwise_kernel,0.39,5.87,0.37,6.17,100,15.73,95.31
unrolled_elementwise_kernel,0.15,5.73,0.22,5.80,100,15.51,97.47
unrolled_elementwise_kernel,0.40,6.00,0.38,6.19,100,16.16,95.26
unrolled_elementwise_kernel,0.40,5.83,0.38,5.92,100,15.86,91.80
unrolled_elementwise_kernel,0.20,5.92,0.25,6.32,100,14.98,97.29
unrolled_elementwise_kernel,0.39,5.80,0.37,6.78,100,15.72,94.48
unrolled_elementwise_kernel,0.38,5.75,0.36,6.33,100,16.10,95.56
unrolled_elementwise_kernel,0.41,5.90,0.39,5.92,100,15.35,92.58
unrolled_elementwise_kernel,0.41,6.08,0.39,6.40,100,15.92,95.01
unrolled_elementwise_kernel,0.15,5.95,0.22,6.11,100,15.53,96.67
unrolled_elementwise_kernel,0.39,5.85,0.37,6.33,100,15.93,95.49
unrolled_elementwise_kernel,0.40,5.90,0.38,6.09,100,16.16,94.99
unrolled_elementwise_kernel,0.20,5.99,0.26,6.23,100,14.16,97.07
unrolled_elementwise_kernel,0.39,5.80,0.37,6.18,100,15.64,94.70
unrolled_elementwise_kernel,0.40,5.93,0.38,6.29,100,16.03,95.56
unrolled_elementwise_kernel,0.39,5.88,0.37,6.14,100,15.73,94.65
unrolled_elementwise_kernel,0.40,5.86,0.38,6.19,100,15.68,94.27
unrolled_elementwise_kernel,0.15,5.81,0.22,6.20,100,15.33,97.00
unrolled_elementwise_kernel,0.40,6.05,0.38,6.40,100,15.05,95.47
unrolled_elementwise_kernel,0.40,5.96,0.38,6.30,100,15.57,95.39
unrolled_elementwise_kernel,0.20,5.81,0.25,6.35,100,14.36,96.65
unrolled_elementwise_kernel,0.40,5.82,0.38,6.17,100,16.09,94.29
unrolled_elementwise_kernel,0.40,5.93,0.38,6.23,100,15.36,95.65
unrolled_elementwise_kernel,0.40,6.00,0.38,6.41,100,15.77,95.65
unrolled_elementwise_kernel,0.41,6.07,0.39,6.51,100,16.06,94.37
unrolled_elementwise_kernel,0.15,5.90,0.22,6.17,100,14.85,98.13
unrolled_elementwise_kernel,0.40,5.94,0.38,6.28,100,15.64,95.35
unrolled_elementwise_kernel,0.38,5.64,0.36,6.29,100,15.76,94.28
unrolled_elementwise_kernel,0.20,5.82,0.26,6.27,100,15.03,95.02
unrolled_elementwise_kernel,0.40,5.92,0.38,6.01,100,15.93,94.24
unrolled_elementwise_kernel,0.39,5.81,0.37,6.33,100,15.64,92.56
unrolled_elementwise_kernel,0.40,5.96,0.38,6.25,100,15.74,95.14
unrolled_elementwise_kernel,0.39,5.86,0.37,6.04,100,15.89,93.40
unrolled_elementwise_kernel,0.15,5.81,0.22,6.09,100,14.51,97.39
unrolled_elementwise_kernel,0.40,5.95,0.38,6.26,100,16.26,94.60
unrolled_elementwise_kernel,0.39,5.88,0.38,6.22,100,15.53,94.71
unrolled_elementwise_kernel,0.20,5.69,0.25,6.17,100,15.28,95.72
unrolled_elementwise_kernel,0.38,5.53,0.36,6.23,100,16.29,93.09
unrolled_elementwise_kernel,0.40,5.78,0.38,6.29,100,15.91,93.19
unrolled_elementwise_kernel,0.40,5.80,0.38,6.16,100,15.99,94.12
unrolled_elementwise_kernel,0.39,5.61,0.49,6.16,100,15.59,91.40
unrolled_elementwise_kernel,0.15,5.86,0.22,6.36,100,15.12,95.40
unrolled_elementwise_kernel,0.41,5.94,0.39,6.35,100,15.52,93.58
unrolled_elementwise_kernel,0.40,5.75,0.38,6.17,100,15.99,92.75
unrolled_elementwise_kernel,0.20,5.81,0.26,6.31,100,14.76,94.76
unrolled_elementwise_kernel,0.38,5.47,0.36,6.32,100,16.12,90.14
unrolled_elementwise_kernel,0.39,5.64,0.37,6.26,100,15.96,92.43
unrolled_elementwise_kernel,0.39,5.66,0.37,6.33,100,15.45,91.64
unrolled_elementwise_kernel,0.41,6.00,0.39,6.31,100,15.74,92.30
unrolled_elementwise_kernel,0.15,5.67,0.22,5.98,100,14.29,94.18
unrolled_elementwise_kernel,0.40,5.79,0.38,6.22,100,15.94,92.33
unrolled_elementwise_kernel,0.38,5.49,0.36,6.35,100,15.57,92.21
unrolled_elementwise_kernel,0.20,5.68,0.25,6.20,100,14.97,92.78
unrolled_elementwise_kernel,0.39,5.59,0.37,6.89,100,16.05,90.66
unrolled_elementwise_kernel,0.41,5.94,0.39,6.55,100,15.79,93.41
unrolled_elementwise_kernel,0.40,5.93,0.38,6.08,100,15.87,91.98
unrolled_elementwise_kernel,0.39,5.73,0.37,6.19,100,15.32,92.56
unrolled_elementwise_kernel,0.15,5.60,0.21,6.35,100,14.94,96.26
unrolled_elementwise_kernel,0.39,5.71,0.37,6.03,100,15.79,91.43
unrolled_elementwise_kernel,0.38,5.55,0.36,6.49,100,16.13,91.77
unrolled_elementwise_kernel,0.20,5.87,0.26,6.23,100,15.36,93.95
unrolled_elementwise_kernel,0.39,5.71,0.37,6.20,100,15.62,90.76
unrolled_elementwise_kernel,0.39,5.71,0.37,6.20,100,15.85,89.81
unrolled_elementwise_kernel,0.40,5.85,0.38,6.46,100,15.67,92.38
unrolled_elementwise_kernel,0.40,5.81,0.38,6.63,100,15.34,93.15
unrolled_elementwise_kernel,0.15,5.72,0.22,6.17,100,14.45,94.29
unrolled_elementwise_kernel,0.41,5.88,0.39,6.11,100,14.90,91.91
unrolled_elementwise_kernel,0.41,5.85,0.38,6.24,100,16.03,92.39
unrolled_elementwise_kernel,0.20,5.85,0.25,6.21,100,15.33,93.73
unrolled_elementwise_kernel,0.40,5.77,0.38,6.31,100,15.44,92.03
unrolled_elementwise_kernel,0.40,5.96,0.38,6.19,100,15.71,94.13
unrolled_elementwise_kernel,0.41,5.85,0.38,6.07,100,15.51,92.19
unrolled_elementwise_kernel,0.40,5.84,0.38,6.17,100,15.45,93.38
unrolled_elementwise_kernel,0.15,5.65,0.22,5.82,100,13.79,95.18
unrolled_elementwise_kernel,0.37,5.41,0.35,5.90,100,15.97,92.35
unrolled_elementwise_kernel,0.37,5.36,0.35,6.98,100,15.65,91.83
unrolled_elementwise_kernel,0.20,5.70,0.25,6.13,100,14.85,95.53
unrolled_elementwise_kernel,0.39,5.75,0.37,6.17,100,16.02,91.74
vectorized_elementwise_kernel,24.53,96.42,96.42,68.95,100,0,99.02
vectorized_elementwise_kernel,24.51,96.33,96.33,69.97,100,0,99.93
vectorized_elementwise_kernel,24.52,96.39,96.39,72.21,100,0,100.62
vectorized_elementwise_kernel,24.55,96.45,96.45,72.11,100,0,100.11
vectorized_elementwise_kernel,24.45,96.12,96.12,69.21,100,0,99.99
vectorized_elementwise_kernel,24.55,96.50,96.50,71.38,100,0,100.04
vectorized_elementwise_kernel,24.59,96.65,96.65,72.57,100,0,99.51
vectorized_elementwise_kernel,24.58,96.62,96.62,73.23,100,0,99.10
